title,company,location,source,url,salary,scraped_at,posted_at,description,job_id
Cloud & AI Solution Engineer – Data Platform,Microsoft,"Baden-Württemberg, Deutschland",LinkedIn,https://de.linkedin.com/jobs/view/cloud-ai-solution-engineer-%E2%80%93-data-platform-at-microsoft-4304379172?position=4&pageNum=0&refId=zLnhAwTbcp9G6rY4%2B3Ub4g%3D%3D&trackingId=1tfUzohIwg%2Bvwg4Jmsi4tw%3D%3D,Not specified,2025-09-24 17:30:58.883784,2025-09-24,,de.linkedin.com/jobs/view/cloud-ai-solution-engineer-%E2%80%93-data-platform-at-microsoft-4304379172
Data Engineering Consultant (w/m/x) - Germany,Avanade,Stuttgart,LinkedIn,https://de.linkedin.com/jobs/view/data-engineering-consultant-w-m-x-germany-at-avanade-4299003416?position=8&pageNum=0&refId=zLnhAwTbcp9G6rY4%2B3Ub4g%3D%3D&trackingId=ArHRxl64D1PDpq0Yi5jVUA%3D%3D,Not specified,2025-09-24 17:30:58.884435,2025-09-24,,de.linkedin.com/jobs/view/data-engineering-consultant-w-m-x-germany-at-avanade-4299003416
(Senior) Consultant Management Advisory mit Schwerpunkt AI Engineer (w/m/d),BDO Germany,Stuttgart,LinkedIn,https://de.linkedin.com/jobs/view/senior-consultant-management-advisory-mit-schwerpunkt-ai-engineer-w-m-d-at-bdo-germany-4304359769?position=11&pageNum=0&refId=zLnhAwTbcp9G6rY4%2B3Ub4g%3D%3D&trackingId=Yd8%2FbuYr5mIn%2B69rc6ZL%2BQ%3D%3D,Not specified,2025-09-24 17:30:58.884895,2025-09-24,,de.linkedin.com/jobs/view/senior-consultant-management-advisory-mit-schwerpunkt-ai-engineer-w-m-d-at-bdo-germany-4304359769
Data Engineer & Scientist (f/d/m),CEEZER,Berlin,LinkedIn,https://de.linkedin.com/jobs/view/data-engineer-scientist-f-d-m-at-ceezer-4302938793?position=2&pageNum=0&refId=sJseO8PNl8NI1%2BsQ4UOdDw%3D%3D&trackingId=C%2BnbQY5elLrApz13QYxpOg%3D%3D,Not specified,2025-09-24 17:31:01.709193,2025-09-24,,de.linkedin.com/jobs/view/data-engineer-scientist-f-d-m-at-ceezer-4302938793
Staff Data Scientist - Economics,Delivery Hero SE,Berlin,LinkedIn,https://de.linkedin.com/jobs/view/staff-data-scientist-economics-at-delivery-hero-4304524285?position=3&pageNum=0&refId=sJseO8PNl8NI1%2BsQ4UOdDw%3D%3D&trackingId=wtukY2oJPjEL%2Fxam0M9LcQ%3D%3D,Not specified,2025-09-24 17:31:01.709356,2025-09-24,,de.linkedin.com/jobs/view/staff-data-scientist-economics-at-delivery-hero-4304524285
Senior Data Scientist,Prestatech,Berlin,LinkedIn,https://de.linkedin.com/jobs/view/senior-data-scientist-at-prestatech-4304525905?position=4&pageNum=0&refId=sJseO8PNl8NI1%2BsQ4UOdDw%3D%3D&trackingId=46mxTKx0FXxFQqWSvuLfBA%3D%3D,Not specified,2025-09-24 17:31:01.709516,2025-09-24,,de.linkedin.com/jobs/view/senior-data-scientist-at-prestatech-4304525905
Data Analyst/ Google Ads (m/f/d),Pflegia,Berlin,LinkedIn,https://de.linkedin.com/jobs/view/data-analyst-google-ads-m-f-d-at-pflegia-4304383858?position=5&pageNum=0&refId=sJseO8PNl8NI1%2BsQ4UOdDw%3D%3D&trackingId=rQHVMF4C7GrWeCxtaqPa4Q%3D%3D,Not specified,2025-09-24 17:31:01.709676,2025-09-24,,de.linkedin.com/jobs/view/data-analyst-google-ads-m-f-d-at-pflegia-4304383858
Lead Machine Learning Engineer,SGI,"Berlin, Deutschland",LinkedIn,https://de.linkedin.com/jobs/view/lead-machine-learning-engineer-at-sgi-4302963158?position=6&pageNum=0&refId=sJseO8PNl8NI1%2BsQ4UOdDw%3D%3D&trackingId=nQHjt7aXFA4OgeulCm%2F8MA%3D%3D,Not specified,2025-09-24 17:31:01.709837,2025-09-24,,de.linkedin.com/jobs/view/lead-machine-learning-engineer-at-sgi-4302963158
Tech Lead - AI-Powered Team,Cozero,Berlin,LinkedIn,https://de.linkedin.com/jobs/view/tech-lead-ai-powered-team-at-cozero-4304085076?position=7&pageNum=0&refId=sJseO8PNl8NI1%2BsQ4UOdDw%3D%3D&trackingId=PpFLYxIeiPSpIw3h1aVpbA%3D%3D,Not specified,2025-09-24 17:31:01.709998,2025-09-23,,de.linkedin.com/jobs/view/tech-lead-ai-powered-team-at-cozero-4304085076
Junior Research Analyst (w/m/d),Strategy&,Berlin,LinkedIn,https://de.linkedin.com/jobs/view/junior-research-analyst-w-m-d-at-strategy-4304509911?position=8&pageNum=0&refId=sJseO8PNl8NI1%2BsQ4UOdDw%3D%3D&trackingId=WOQ5aEK7lRInH%2FwcZwK17Q%3D%3D,Not specified,2025-09-24 17:31:01.710150,2025-09-24,,de.linkedin.com/jobs/view/junior-research-analyst-w-m-d-at-strategy-4304509911
Wissenschaftlichen Mitarbeiter (m/w/d),IGES Institut GmbH,Berlin,LinkedIn,https://de.linkedin.com/jobs/view/wissenschaftlichen-mitarbeiter-m-w-d-at-iges-institut-gmbh-4302938872?position=9&pageNum=0&refId=sJseO8PNl8NI1%2BsQ4UOdDw%3D%3D&trackingId=bmblLS5Hij1ERtSGBzI77Q%3D%3D,Not specified,2025-09-24 17:31:01.710309,2025-09-24,,de.linkedin.com/jobs/view/wissenschaftlichen-mitarbeiter-m-w-d-at-iges-institut-gmbh-4302938872
Junior Digital Analyst- Feature Performance (m/w/d),Schwarz Digits,Berlin,LinkedIn,https://de.linkedin.com/jobs/view/junior-digital-analyst-feature-performance-m-w-d-at-schwarz-digits-4304329571?position=11&pageNum=0&refId=sJseO8PNl8NI1%2BsQ4UOdDw%3D%3D&trackingId=iHk%2FMOtUZZlkWiMS2sV8TQ%3D%3D,Not specified,2025-09-24 17:31:01.710634,2025-09-23,,de.linkedin.com/jobs/view/junior-digital-analyst-feature-performance-m-w-d-at-schwarz-digits-4304329571
(Junior) Java Developer (d/f/m),4flow,Berlin,LinkedIn,https://de.linkedin.com/jobs/view/junior-java-developer-d-f-m-at-4flow-4304099342?position=16&pageNum=0&refId=sJseO8PNl8NI1%2BsQ4UOdDw%3D%3D&trackingId=GMDF6xV9CbIIbb9I1d4PQw%3D%3D,Not specified,2025-09-24 17:31:01.711420,2025-09-23,,de.linkedin.com/jobs/view/junior-java-developer-d-f-m-at-4flow-4304099342
Systems Architect AI,Cisco,Berlin,LinkedIn,https://de.linkedin.com/jobs/view/systems-architect-ai-at-cisco-4243672180?position=18&pageNum=0&refId=sJseO8PNl8NI1%2BsQ4UOdDw%3D%3D&trackingId=cwFOzJK1hTU%2FcZgHqwvC7w%3D%3D,Not specified,2025-09-24 17:31:01.711733,2025-09-24,,de.linkedin.com/jobs/view/systems-architect-ai-at-cisco-4243672180
Digital Analyst E-Commerce,Instaffo,Berlin,LinkedIn,https://de.linkedin.com/jobs/view/digital-analyst-e-commerce-at-instaffo-4264100098?position=20&pageNum=0&refId=sJseO8PNl8NI1%2BsQ4UOdDw%3D%3D&trackingId=PPFGNA6%2F%2B7PT9%2F5uyEFuSg%3D%3D,Not specified,2025-09-24 17:31:01.712047,2025-09-24,,de.linkedin.com/jobs/view/digital-analyst-e-commerce-at-instaffo-4264100098
Senior Web Analyst,On,"Berlin, Deutschland",LinkedIn,https://de.linkedin.com/jobs/view/senior-web-analyst-at-on-4305133004?position=26&pageNum=0&refId=sJseO8PNl8NI1%2BsQ4UOdDw%3D%3D&trackingId=mfFx5uYwtzOGwJooFwWzWg%3D%3D,Not specified,2025-09-24 17:31:01.712991,2025-09-23,,de.linkedin.com/jobs/view/senior-web-analyst-at-on-4305133004
Senior Back-end Engineer - Team Decide,Taktile,Berlin,LinkedIn,https://de.linkedin.com/jobs/view/senior-back-end-engineer-team-decide-at-taktile-4305568356?position=30&pageNum=0&refId=sJseO8PNl8NI1%2BsQ4UOdDw%3D%3D&trackingId=0YOtcukg%2FPYuvicgniOiAw%3D%3D,Not specified,2025-09-24 17:31:01.713626,2025-09-24,,de.linkedin.com/jobs/view/senior-back-end-engineer-team-decide-at-taktile-4305568356
Senior GenAI Engineer,myGwork - LGBTQ+ Business Community,Berlin,LinkedIn,https://de.linkedin.com/jobs/view/senior-genai-engineer-at-mygwork-lgbtq%2B-business-community-4302949572?position=32&pageNum=0&refId=sJseO8PNl8NI1%2BsQ4UOdDw%3D%3D&trackingId=lHayNXp1KadTA38T3WgQUA%3D%3D,Not specified,2025-09-24 17:31:01.713958,2025-09-24,,de.linkedin.com/jobs/view/senior-genai-engineer-at-mygwork-lgbtq%2B-business-community-4302949572
Lead Consultant / Technical Lead (mwd),HMS | Data Science & Software Engineering Solutions,Berlin,LinkedIn,https://de.linkedin.com/jobs/view/lead-consultant-technical-lead-mwd-at-hms-analytical-software-consulting-end-to-end-solutions-for-data-science-analytics-4304980189?position=36&pageNum=0&refId=sJseO8PNl8NI1%2BsQ4UOdDw%3D%3D&trackingId=ZjY0vuABpO5yrjU4tmklsg%3D%3D,Not specified,2025-09-24 17:31:01.715000,2025-09-23,,de.linkedin.com/jobs/view/lead-consultant-technical-lead-mwd-at-hms-analytical-software-consulting-end-to-end-solutions-for-data-science-analytics-4304980189
(Senior) Consultant Management Advisory mit Schwerpunkt AI Engineer (w/m/d),BDO Germany,Berlin,LinkedIn,https://de.linkedin.com/jobs/view/senior-consultant-management-advisory-mit-schwerpunkt-ai-engineer-w-m-d-at-bdo-germany-4304359770?position=39&pageNum=0&refId=sJseO8PNl8NI1%2BsQ4UOdDw%3D%3D&trackingId=%2Flrtb5fVnaEWUxgN3IM4wQ%3D%3D,Not specified,2025-09-24 17:31:01.715646,2025-09-24,,de.linkedin.com/jobs/view/senior-consultant-management-advisory-mit-schwerpunkt-ai-engineer-w-m-d-at-bdo-germany-4304359770
AI Engineer (f/m/d),Allianz Global Investors,Frankfurt,LinkedIn,https://de.linkedin.com/jobs/view/ai-engineer-f-m-d-at-allianz-global-investors-4305594190?position=1&pageNum=0&refId=mvdYZX0twl1EowfYzYoAKg%3D%3D&trackingId=x58Zu5DFd8mUOVod4y4yew%3D%3D,Not specified,2025-09-24 17:31:04.545661,2025-09-24,,de.linkedin.com/jobs/view/ai-engineer-f-m-d-at-allianz-global-investors-4305594190
"Python Developer
18/09/2025",Global Market Solutions - Germany,Frankfurt,LinkedIn,https://de.linkedin.com/jobs/view/python-developer%0A18-09-2025-at-global-market-solutions-germany-4305557568?position=2&pageNum=0&refId=mvdYZX0twl1EowfYzYoAKg%3D%3D&trackingId=iC2mr8O1QmtqvxiJNRZjyg%3D%3D,Not specified,2025-09-24 17:31:04.545873,2025-09-24,,de.linkedin.com/jobs/view/python-developer%0A18-09-2025-at-global-market-solutions-germany-4305557568
AI Consultant,Agile Heroes,Frankfurt/Rhein-Main,LinkedIn,https://de.linkedin.com/jobs/view/ai-consultant-at-agile-heroes-4305581974?position=4&pageNum=0&refId=mvdYZX0twl1EowfYzYoAKg%3D%3D&trackingId=5bDs065YTawlaCRevnG3XA%3D%3D,Not specified,2025-09-24 17:31:04.546197,2025-09-24,,de.linkedin.com/jobs/view/ai-consultant-at-agile-heroes-4305581974
Traineeship in the Directorate General Monetary Policy,Europäische Zentralbank,Frankfurt am Main,LinkedIn,https://de.linkedin.com/jobs/view/traineeship-in-the-directorate-general-monetary-policy-at-european-central-bank-4295974139?position=5&pageNum=0&refId=mvdYZX0twl1EowfYzYoAKg%3D%3D&trackingId=nE7VLdyMhilb99xR9%2BK12A%3D%3D,Not specified,2025-09-24 17:31:04.546350,2025-09-24,,de.linkedin.com/jobs/view/traineeship-in-the-directorate-general-monetary-policy-at-european-central-bank-4295974139
Data Engineering Consultant (w/m/x) - Germany,Avanade,Frankfurt,LinkedIn,https://de.linkedin.com/jobs/view/data-engineering-consultant-w-m-x-germany-at-avanade-4298897606?position=11&pageNum=0&refId=mvdYZX0twl1EowfYzYoAKg%3D%3D&trackingId=Yq6aQCWbVdvvHDpq58ZDeA%3D%3D,Not specified,2025-09-24 17:31:04.547304,2025-09-24,,de.linkedin.com/jobs/view/data-engineering-consultant-w-m-x-germany-at-avanade-4298897606
Senior Statistical Programmer,IQVIA,Frankfurt,LinkedIn,https://de.linkedin.com/jobs/view/senior-statistical-programmer-at-iqvia-4288601307?position=17&pageNum=0&refId=mvdYZX0twl1EowfYzYoAKg%3D%3D&trackingId=7mQU%2Bh7q8tOlxURbD9iiWA%3D%3D,Not specified,2025-09-24 17:31:04.548251,2025-09-24,,de.linkedin.com/jobs/view/senior-statistical-programmer-at-iqvia-4288601307
AI Engineer (m/w/d),NetCologne,Köln,LinkedIn,https://de.linkedin.com/jobs/view/ai-engineer-m-w-d-at-netcologne-4302556185?position=2&pageNum=0&refId=OJgQ11tegBctIpQw1WkulA%3D%3D&trackingId=8PIuL6d9U5KdD3%2FrRAmNJg%3D%3D,Not specified,2025-09-24 17:31:07.377033,2025-09-24,,de.linkedin.com/jobs/view/ai-engineer-m-w-d-at-netcologne-4302556185
Data Scientist (m/w/d) - Performance Steuerung Facility Services,Deutsche Telekom,Köln,LinkedIn,https://de.linkedin.com/jobs/view/data-scientist-m-w-d-performance-steuerung-facility-services-at-deutsche-telekom-4294354241?position=3&pageNum=0&refId=OJgQ11tegBctIpQw1WkulA%3D%3D&trackingId=WblTNe769q%2FTR85uvnNPNg%3D%3D,Not specified,2025-09-24 17:31:07.377213,2025-09-24,,de.linkedin.com/jobs/view/data-scientist-m-w-d-performance-steuerung-facility-services-at-deutsche-telekom-4294354241
Senior Scientist (all genders) Process Technologies & Protein Engineering,Bayer,Wuppertal,LinkedIn,https://de.linkedin.com/jobs/view/senior-scientist-all-genders-process-technologies-protein-engineering-at-bayer-4305560864?position=6&pageNum=0&refId=OJgQ11tegBctIpQw1WkulA%3D%3D&trackingId=5KzEmba%2F3aq2d%2FS8zhgxfw%3D%3D,Not specified,2025-09-24 17:31:07.377698,2025-09-24,,de.linkedin.com/jobs/view/senior-scientist-all-genders-process-technologies-protein-engineering-at-bayer-4305560864
Sr. Software Development Engineer,AMD,Köln,LinkedIn,https://de.linkedin.com/jobs/view/sr-software-development-engineer-at-amd-4302689017?position=7&pageNum=0&refId=OJgQ11tegBctIpQw1WkulA%3D%3D&trackingId=qcwD2red3QZ8W1mmOaiszQ%3D%3D,Not specified,2025-09-24 17:31:07.377852,2025-09-23,,de.linkedin.com/jobs/view/sr-software-development-engineer-at-amd-4302689017
Operation & Maintenance Engineer,Huawei,Düsseldorf,LinkedIn,https://de.linkedin.com/jobs/view/operation-maintenance-engineer-at-huawei-4304063889?position=8&pageNum=0&refId=OJgQ11tegBctIpQw1WkulA%3D%3D&trackingId=rkAppZwawcCaqlinLCGyYw%3D%3D,Not specified,2025-09-24 17:31:07.378006,2025-09-23,,de.linkedin.com/jobs/view/operation-maintenance-engineer-at-huawei-4304063889
Senior Scientist (alle Geschlechter) Process Technologies & Protein Engineering,Bayer,Wuppertal,LinkedIn,https://de.linkedin.com/jobs/view/senior-scientist-alle-geschlechter-process-technologies-protein-engineering-at-bayer-4305564751?position=10&pageNum=0&refId=OJgQ11tegBctIpQw1WkulA%3D%3D&trackingId=VrtIEFdfLr%2BsL7qGaKVl1g%3D%3D,Not specified,2025-09-24 17:31:07.378320,2025-09-24,,de.linkedin.com/jobs/view/senior-scientist-alle-geschlechter-process-technologies-protein-engineering-at-bayer-4305564751
Senior GenAI Engineer,Capco,Region Köln/Bonn,LinkedIn,https://de.linkedin.com/jobs/view/senior-genai-engineer-at-capco-4304906254?position=13&pageNum=0&refId=OJgQ11tegBctIpQw1WkulA%3D%3D&trackingId=SLMDfipmISp56ULemh4X7w%3D%3D,Not specified,2025-09-24 17:31:07.378782,2025-09-23,,de.linkedin.com/jobs/view/senior-genai-engineer-at-capco-4304906254
Senior GenAI Engineer,myGwork - LGBTQ+ Business Community,Düsseldorf,LinkedIn,https://de.linkedin.com/jobs/view/senior-genai-engineer-at-mygwork-lgbtq%2B-business-community-4302934857?position=15&pageNum=0&refId=OJgQ11tegBctIpQw1WkulA%3D%3D&trackingId=f5RjxcdfYTXfQvzfAiHlvw%3D%3D,Not specified,2025-09-24 17:31:07.379090,2025-09-24,,de.linkedin.com/jobs/view/senior-genai-engineer-at-mygwork-lgbtq%2B-business-community-4302934857
Professorship Computer Science on Campus in Köln (m/f/d),IU Internationale Hochschule,Region Köln/Bonn,LinkedIn,https://de.linkedin.com/jobs/view/professorship-computer-science-on-campus-in-k%C3%B6ln-m-f-d-at-iu-international-university-of-applied-sciences-4294585757?position=17&pageNum=0&refId=OJgQ11tegBctIpQw1WkulA%3D%3D&trackingId=I8SyHA1llBEEIkQNUu6TOw%3D%3D,Not specified,2025-09-24 17:31:07.379394,2025-09-24,,de.linkedin.com/jobs/view/professorship-computer-science-on-campus-in-k%C3%B6ln-m-f-d-at-iu-international-university-of-applied-sciences-4294585757
Professorship Computer Science on Campus in Köln (m/f/d),IU Internationale Hochschule,Bonn,LinkedIn,https://de.linkedin.com/jobs/view/professorship-computer-science-on-campus-in-k%C3%B6ln-m-f-d-at-iu-international-university-of-applied-sciences-4294584876?position=18&pageNum=0&refId=OJgQ11tegBctIpQw1WkulA%3D%3D&trackingId=hbfS%2F1kJmH9a2zgxp7PZUw%3D%3D,Not specified,2025-09-24 17:31:07.379551,2025-09-24,,de.linkedin.com/jobs/view/professorship-computer-science-on-campus-in-k%C3%B6ln-m-f-d-at-iu-international-university-of-applied-sciences-4294584876
Professorship Computer Science on Campus in Köln (m/f/d),IU Internationale Hochschule,Leverkusen,LinkedIn,https://de.linkedin.com/jobs/view/professorship-computer-science-on-campus-in-k%C3%B6ln-m-f-d-at-iu-international-university-of-applied-sciences-4294588657?position=20&pageNum=0&refId=OJgQ11tegBctIpQw1WkulA%3D%3D&trackingId=oEi0INS3PevIoStZpstjWA%3D%3D,Not specified,2025-09-24 17:31:07.379865,2025-09-24,,de.linkedin.com/jobs/view/professorship-computer-science-on-campus-in-k%C3%B6ln-m-f-d-at-iu-international-university-of-applied-sciences-4294588657
IT Business Analyst (m/w/d),Rocken®,"Münchwilen Thurgau, Thurgau, Schweiz",LinkedIn,https://ch.linkedin.com/jobs/view/it-business-analyst-m-w-d-at-rocken%C2%AE-4304311692?position=4&pageNum=0&refId=XyM9S%2BVuplm9L5xnA4LeHA%3D%3D&trackingId=4fE5f%2B9qRpyb9cKvCIeEPQ%3D%3D,Not specified,2025-09-24 17:31:12.597499,2025-09-23,,ch.linkedin.com/jobs/view/it-business-analyst-m-w-d-at-rocken%C2%AE-4304311692
Quantitative Analyst,Impossible Cloud,"Zug, Zug, Schweiz",LinkedIn,https://ch.linkedin.com/jobs/view/quantitative-analyst-at-impossible-cloud-4305575555?position=1&pageNum=0&refId=kNeFu1WllhX8GR1RUc8udA%3D%3D&trackingId=bMxFCC0tV2QteVPos4OaDA%3D%3D,Not specified,2025-09-24 17:31:15.270973,2025-09-24,,ch.linkedin.com/jobs/view/quantitative-analyst-at-impossible-cloud-4305575555
Data Science & AI / GenAI Consultant,b.telligent,"Zürich, Zürich, Schweiz",LinkedIn,https://ch.linkedin.com/jobs/view/data-science-ai-genai-consultant-at-b-telligent-4304554007?position=4&pageNum=0&refId=kNeFu1WllhX8GR1RUc8udA%3D%3D&trackingId=rUZ7zUSq2F%2BIno97AsfGpg%3D%3D,Not specified,2025-09-24 17:31:15.272053,2025-09-24,,ch.linkedin.com/jobs/view/data-science-ai-genai-consultant-at-b-telligent-4304554007
Data Analyst (m/w/d) 80-100%,Vaillant Group,"Dietikon, Zürich, Schweiz",LinkedIn,https://ch.linkedin.com/jobs/view/data-analyst-m-w-d-80-100%25-at-vaillant-group-4305185558?position=6&pageNum=0&refId=kNeFu1WllhX8GR1RUc8udA%3D%3D&trackingId=h0V%2B3yLZzgEHGjjKwuRJmw%3D%3D,Not specified,2025-09-24 17:31:15.272397,2025-09-24,,ch.linkedin.com/jobs/view/data-analyst-m-w-d-80-100%25-at-vaillant-group-4305185558
Data Science & AI / GenAI Consultant,b.telligent,"Zürich, Schweiz",LinkedIn,https://ch.linkedin.com/jobs/view/data-science-ai-genai-consultant-at-b-telligent-4302974131?position=7&pageNum=0&refId=kNeFu1WllhX8GR1RUc8udA%3D%3D&trackingId=9L7U7E%2FHFfG13R7KzF63xQ%3D%3D,Not specified,2025-09-24 17:31:15.272564,2025-09-24,,ch.linkedin.com/jobs/view/data-science-ai-genai-consultant-at-b-telligent-4302974131
Step In Data & AI Consulting,Swisscom,"Zürich, Zürich, Schweiz",LinkedIn,https://ch.linkedin.com/jobs/view/step-in-data-ai-consulting-at-swisscom-4305575466?position=8&pageNum=0&refId=kNeFu1WllhX8GR1RUc8udA%3D%3D&trackingId=%2BeAgcdmuhyGc0uqW1qpo%2Bg%3D%3D,Not specified,2025-09-24 17:31:15.272729,2025-09-24,,ch.linkedin.com/jobs/view/step-in-data-ai-consulting-at-swisscom-4305575466
"Member of Technical Staff, Data Research Engineer",Microsoft,"Zürich, Zürich, Schweiz",LinkedIn,https://ch.linkedin.com/jobs/view/member-of-technical-staff-data-research-engineer-at-microsoft-4304974843?position=9&pageNum=0&refId=kNeFu1WllhX8GR1RUc8udA%3D%3D&trackingId=A2JhdSC9l3jcNCwprguCQQ%3D%3D,Not specified,2025-09-24 17:31:15.272899,2025-09-23,,ch.linkedin.com/jobs/view/member-of-technical-staff-data-research-engineer-at-microsoft-4304974843
Data Engineer 100%,"WWZ AG: Energie, Telekom, E-Mobilität, Wasser","Zug, Zug, Schweiz",LinkedIn,https://ch.linkedin.com/jobs/view/data-engineer-100%25-at-wwz-ag-energie-telekom-e-mobilit%C3%A4t-wasser-4297160338?position=13&pageNum=0&refId=kNeFu1WllhX8GR1RUc8udA%3D%3D&trackingId=9XKeVf9HP787QnB0JYvglw%3D%3D,Not specified,2025-09-24 17:31:15.273550,2025-09-24,,ch.linkedin.com/jobs/view/data-engineer-100%25-at-wwz-ag-energie-telekom-e-mobilit%C3%A4t-wasser-4297160338
Senior Kafka Integration Engineer (80-100%),Vontobel,"Zürich, Zürich, Schweiz",LinkedIn,https://ch.linkedin.com/jobs/view/senior-kafka-integration-engineer-80-100%25-at-vontobel-4135500011?position=19&pageNum=0&refId=kNeFu1WllhX8GR1RUc8udA%3D%3D&trackingId=uMrS4ahm99d23kW8%2BgiQeg%3D%3D,Not specified,2025-09-24 17:31:15.275155,2025-09-24,,ch.linkedin.com/jobs/view/senior-kafka-integration-engineer-80-100%25-at-vontobel-4135500011
Country Marketer Switzerland (m/f/*),Solventum,"Rüschlikon, Zürich, Schweiz",LinkedIn,https://ch.linkedin.com/jobs/view/country-marketer-switzerland-m-f-at-solventum-4304986387?position=20&pageNum=0&refId=kNeFu1WllhX8GR1RUc8udA%3D%3D&trackingId=zJ%2Bbs4RI3582voyj%2FrhrgQ%3D%3D,Not specified,2025-09-24 17:31:15.275343,2025-09-23,,ch.linkedin.com/jobs/view/country-marketer-switzerland-m-f-at-solventum-4304986387
Senior piping engineer,fortil,"Zürich, Zürich, Schweiz",LinkedIn,https://ch.linkedin.com/jobs/view/senior-piping-engineer-at-fortil-4304063902?position=21&pageNum=0&refId=kNeFu1WllhX8GR1RUc8udA%3D%3D&trackingId=FIcYgKuWQd1m34F9GJ4HQQ%3D%3D,Not specified,2025-09-24 17:31:15.275524,2025-09-23,,ch.linkedin.com/jobs/view/senior-piping-engineer-at-fortil-4304063902
Celonis Data Engineer - Process Mining & Automation (w/m/d),ALDI DX,Mülheim an der Ruhr,LinkedIn,https://de.linkedin.com/jobs/view/celonis-data-engineer-process-mining-automation-w-m-d-at-aldi-dx-4292644059?position=11&pageNum=0&refId=qknayavOrkroIo4wTkvP9A%3D%3D&trackingId=FA%2BAd%2B5jgpoTDr2k1I2LJw%3D%3D,Not specified,2025-09-24 17:31:18.126933,2025-09-24,,de.linkedin.com/jobs/view/celonis-data-engineer-process-mining-automation-w-m-d-at-aldi-dx-4292644059
IoT Infrastructure Engineer (F/M/X),Solvay,Rheinberg,LinkedIn,https://de.linkedin.com/jobs/view/iot-infrastructure-engineer-f-m-x-at-solvay-4304523991?position=17&pageNum=0&refId=qknayavOrkroIo4wTkvP9A%3D%3D&trackingId=p2JO4UnhhArdJQX0CWfm1Q%3D%3D,Not specified,2025-09-24 17:31:18.127895,2025-09-24,,de.linkedin.com/jobs/view/iot-infrastructure-engineer-f-m-x-at-solvay-4304523991
Fullstack Entwickler:in - Digital Banking (d/m/w),Lexware,Freiburg im Breisgau,LinkedIn,https://de.linkedin.com/jobs/view/fullstack-entwickler-in-digital-banking-d-m-w-at-lexware-4294624021?position=1&pageNum=0&refId=p5O9iI0vV50lEK9rgTE6pw%3D%3D&trackingId=Pwe1ZZf7dtI9FwjF3Upuqw%3D%3D,Not specified,2025-09-24 17:31:20.788830,2025-09-24,,de.linkedin.com/jobs/view/fullstack-entwickler-in-digital-banking-d-m-w-at-lexware-4294624021
Expert Architect (w/m/d),IT-Systemhaus der Bundesagentur für Arbeit,Nürnberg,LinkedIn,https://de.linkedin.com/jobs/view/expert-architect-w-m-d-at-it-systemhaus-der-bundesagentur-f%C3%BCr-arbeit-4305548485?position=4&pageNum=0&refId=b3n8SfVe2vmykAqIxGZi8w%3D%3D&trackingId=APHPZay4Fgd%2B7ciYqLaAgQ%3D%3D,Not specified,2025-09-24 17:31:23.449054,2025-09-24,,de.linkedin.com/jobs/view/expert-architect-w-m-d-at-it-systemhaus-der-bundesagentur-f%C3%BCr-arbeit-4305548485
Senior Consultant Data & Analytics - Process Mining (all genders),adesso SE,Augsburg,LinkedIn,https://de.linkedin.com/jobs/view/senior-consultant-data-analytics-process-mining-all-genders-at-adesso-se-4137440875?position=2&pageNum=0&refId=p3%2FFEBMmv%2BUxaN1rNLRL2w%3D%3D&trackingId=ovQAVEpYpkD9er0qC3koYA%3D%3D,Not specified,2025-09-24 17:31:26.006828,2025-09-24,,de.linkedin.com/jobs/view/senior-consultant-data-analytics-process-mining-all-genders-at-adesso-se-4137440875
Analyst/Requirements Engineer,Instaffo,Bubenreuth,LinkedIn,https://de.linkedin.com/jobs/view/analyst-requirements-engineer-at-instaffo-4203410615?position=1&pageNum=0&refId=1DoTaFPP6iJdvLXdiV2SxA%3D%3D&trackingId=d5gf45SNsi7WwhVC3LBhiw%3D%3D,Not specified,2025-09-24 17:31:28.648115,2025-09-23,,de.linkedin.com/jobs/view/analyst-requirements-engineer-at-instaffo-4203410615
Expert Architect (w/m/d),IT-Systemhaus der Bundesagentur für Arbeit,Stein,LinkedIn,https://de.linkedin.com/jobs/view/expert-architect-w-m-d-at-it-systemhaus-der-bundesagentur-f%C3%BCr-arbeit-4302935923?position=8&pageNum=0&refId=1DoTaFPP6iJdvLXdiV2SxA%3D%3D&trackingId=cK9O2w1MpXORwb5ky6R9ew%3D%3D,Not specified,2025-09-24 17:31:28.649380,2025-09-24,,de.linkedin.com/jobs/view/expert-architect-w-m-d-at-it-systemhaus-der-bundesagentur-f%C3%BCr-arbeit-4302935923
IoT Infrastructure Engineer (F/M/X),Solvay,Garbsen,LinkedIn,https://de.linkedin.com/jobs/view/iot-infrastructure-engineer-f-m-x-at-solvay-4304538612?position=3&pageNum=0&refId=yZBMGQC3NN%2BCrZ6KTp6sQA%3D%3D&trackingId=BsoJYaO53Skk6%2B8TbaaXZA%3D%3D,Not specified,2025-09-24 17:31:31.265598,2025-09-24,,de.linkedin.com/jobs/view/iot-infrastructure-engineer-f-m-x-at-solvay-4304538612
Vehicle Integration Engineer,BYD EUROPE,Stuttgart,LinkedIn,https://de.linkedin.com/jobs/view/vehicle-integration-engineer-at-byd-europe-4304074014?position=8&pageNum=0&refId=efSSNEec8D9lYkdcZityqA%3D%3D&trackingId=aiAHKJ%2BzeKii4FVpkL1CdA%3D%3D,Not specified,2025-09-24 17:31:34.140957,2025-09-23,,de.linkedin.com/jobs/view/vehicle-integration-engineer-at-byd-europe-4304074014
Data Engineer (m/w/d),Integrated Worlds GmbH,Holzgerlingen,LinkedIn,https://de.linkedin.com/jobs/view/data-engineer-m-w-d-at-integrated-worlds-gmbh-4304360762?position=9&pageNum=0&refId=efSSNEec8D9lYkdcZityqA%3D%3D&trackingId=6EBtDfOsHP86zL8dz47qvA%3D%3D,Not specified,2025-09-24 17:31:34.141121,2025-09-24,,de.linkedin.com/jobs/view/data-engineer-m-w-d-at-integrated-worlds-gmbh-4304360762
BWL (B.A.) mit Schwerpunkt Digital-Business-Management 2026,Siemens,Stuttgart,LinkedIn,https://de.linkedin.com/jobs/view/bwl-b-a-mit-schwerpunkt-digital-business-management-2026-at-siemens-4260084201?position=14&pageNum=0&refId=efSSNEec8D9lYkdcZityqA%3D%3D&trackingId=AL%2Fp70XGZ520qMflE2WtZw%3D%3D,Not specified,2025-09-24 17:31:34.141909,2025-09-24,,de.linkedin.com/jobs/view/bwl-b-a-mit-schwerpunkt-digital-business-management-2026-at-siemens-4260084201
Chemielaborant (m/w/d),Stahl,Leinfelden-Echterdingen,LinkedIn,https://de.linkedin.com/jobs/view/chemielaborant-m-w-d-at-stahl-3942969901?position=18&pageNum=0&refId=efSSNEec8D9lYkdcZityqA%3D%3D&trackingId=I89JX0nFfX1jNTUClkPm9Q%3D%3D,Not specified,2025-09-24 17:31:34.142524,2025-09-24,,de.linkedin.com/jobs/view/chemielaborant-m-w-d-at-stahl-3942969901
Risikomanager (w/m/d),SDK - Süddeutsche Krankenversicherung a. G.,Fellbach,LinkedIn,https://de.linkedin.com/jobs/view/risikomanager-w-m-d-at-sdk-s%C3%BCddeutsche-krankenversicherung-a-g-4305600488?position=19&pageNum=0&refId=efSSNEec8D9lYkdcZityqA%3D%3D&trackingId=2buYg7F83AmaswQag0DAqw%3D%3D,Not specified,2025-09-24 17:31:34.142686,2025-09-24,,de.linkedin.com/jobs/view/risikomanager-w-m-d-at-sdk-s%C3%BCddeutsche-krankenversicherung-a-g-4305600488
E-Mobility Produktexperte Store (m/w/d),BYD EUROPE,Stuttgart,LinkedIn,https://de.linkedin.com/jobs/view/e-mobility-produktexperte-store-m-w-d-at-byd-europe-4304093171?position=26&pageNum=0&refId=efSSNEec8D9lYkdcZityqA%3D%3D&trackingId=9PpHw9LpgVyH6JCJD7RC4Q%3D%3D,Not specified,2025-09-24 17:31:34.143771,2025-09-23,,de.linkedin.com/jobs/view/e-mobility-produktexperte-store-m-w-d-at-byd-europe-4304093171
Business Analyst Workflowmanagementsystem (all genders),adesso SE,Stuttgart,LinkedIn,https://de.linkedin.com/jobs/view/business-analyst-workflowmanagementsystem-all-genders-at-adesso-se-4217400718?position=30&pageNum=0&refId=efSSNEec8D9lYkdcZityqA%3D%3D&trackingId=0k0QbKFvfYt63sICAvqkbw%3D%3D,Not specified,2025-09-24 17:31:34.144394,2025-09-24,,de.linkedin.com/jobs/view/business-analyst-workflowmanagementsystem-all-genders-at-adesso-se-4217400718
(Junior) Unternehmensberater (m/w/d) Gastronomie und Hotellerie,DEHOGA Beratung,Stuttgart,LinkedIn,https://de.linkedin.com/jobs/view/junior-unternehmensberater-m-w-d-gastronomie-und-hotellerie-at-dehoga-beratung-4305584084?position=34&pageNum=0&refId=efSSNEec8D9lYkdcZityqA%3D%3D&trackingId=wOBnqjF2B92lT%2FPzQkJWqw%3D%3D,Not specified,2025-09-24 17:31:34.145012,2025-09-24,,de.linkedin.com/jobs/view/junior-unternehmensberater-m-w-d-gastronomie-und-hotellerie-at-dehoga-beratung-4305584084
Business Process Consultant/Entwickler mit Java Technologien (m/w/d),HCM CustomerManagement GmbH,Stuttgart,LinkedIn,https://de.linkedin.com/jobs/view/business-process-consultant-entwickler-mit-java-technologien-m-w-d-at-hcm-customermanagement-gmbh-4302693683?position=39&pageNum=0&refId=efSSNEec8D9lYkdcZityqA%3D%3D&trackingId=wtDXQ1gYzH07BKdTPEV3wQ%3D%3D,Not specified,2025-09-24 17:31:34.145783,2025-09-23,,de.linkedin.com/jobs/view/business-process-consultant-entwickler-mit-java-technologien-m-w-d-at-hcm-customermanagement-gmbh-4302693683
Doktorand/in - Wissenschaftliche/r Mitarbeiter/in Werkstoffmechanik/Festigkeitsberechnung (m/w/d),SFB 1313 | University of Stuttgart,Region Stuttgart,LinkedIn,https://de.linkedin.com/jobs/view/doktorand-in-wissenschaftliche-r-mitarbeiter-in-werkstoffmechanik-festigkeitsberechnung-m-w-d-at-sfb-1313-university-of-stuttgart-4302677803?position=40&pageNum=0&refId=efSSNEec8D9lYkdcZityqA%3D%3D&trackingId=wKU4L2wtLN1o9o6%2BZN9rvA%3D%3D,Not specified,2025-09-24 17:31:34.145944,2025-09-23,,de.linkedin.com/jobs/view/doktorand-in-wissenschaftliche-r-mitarbeiter-in-werkstoffmechanik-festigkeitsberechnung-m-w-d-at-sfb-1313-university-of-stuttgart-4302677803
(Senior) Specialist Planning & Scheduling (m/f/d),Exyte,Stuttgart,LinkedIn,https://de.linkedin.com/jobs/view/senior-specialist-planning-scheduling-m-f-d-at-exyte-4281233589?position=51&pageNum=0&refId=efSSNEec8D9lYkdcZityqA%3D%3D&trackingId=enfA%2Fed%2Fg1kU%2BVPUdEXHQw%3D%3D,Not specified,2025-09-24 17:31:34.147619,2025-09-24,,de.linkedin.com/jobs/view/senior-specialist-planning-scheduling-m-f-d-at-exyte-4281233589
Debitorenspezialist:in,Robert Half,Stuttgart,LinkedIn,https://de.linkedin.com/jobs/view/debitorenspezialist-in-at-robert-half-4305609185?position=52&pageNum=0&refId=efSSNEec8D9lYkdcZityqA%3D%3D&trackingId=Fm9i3wWemd9csGBrZhDr7Q%3D%3D,Not specified,2025-09-24 17:31:34.147772,2025-09-24,,de.linkedin.com/jobs/view/debitorenspezialist-in-at-robert-half-4305609185
Vehicle Integration & Triage Engineer,Applied Intuition,Stuttgart,LinkedIn,https://de.linkedin.com/jobs/view/vehicle-integration-triage-engineer-at-applied-intuition-4271363951?position=54&pageNum=0&refId=efSSNEec8D9lYkdcZityqA%3D%3D&trackingId=6MMKYLlSgKLGYK8gEfjdzw%3D%3D,Not specified,2025-09-24 17:31:34.148066,2025-09-24,,de.linkedin.com/jobs/view/vehicle-integration-triage-engineer-at-applied-intuition-4271363951
Data Integrity & Validation Expert (m/w/d),Catalent,Schorndorf,LinkedIn,https://de.linkedin.com/jobs/view/data-integrity-validation-expert-m-w-d-at-catalent-4305583512?position=55&pageNum=0&refId=efSSNEec8D9lYkdcZityqA%3D%3D&trackingId=b8QzRhCxFxYyXaiHBgq2gA%3D%3D,Not specified,2025-09-24 17:31:34.148219,2025-09-24,,de.linkedin.com/jobs/view/data-integrity-validation-expert-m-w-d-at-catalent-4305583512
Serviceassistent (m/w/d),Alphartis SE,Böblingen,LinkedIn,https://de.linkedin.com/jobs/view/serviceassistent-m-w-d-at-alphartis-se-4305172878?position=58&pageNum=0&refId=efSSNEec8D9lYkdcZityqA%3D%3D&trackingId=pd1sZTr4iushp57SjtS4nQ%3D%3D,Not specified,2025-09-24 17:31:34.148682,2025-09-24,,de.linkedin.com/jobs/view/serviceassistent-m-w-d-at-alphartis-se-4305172878
Spezialist WBT (m/w/d) Webbased Trainings,YER Deutschland,Stuttgart,LinkedIn,https://de.linkedin.com/jobs/view/spezialist-wbt-m-w-d-webbased-trainings-at-yer-deutschland-4293101466?position=59&pageNum=0&refId=efSSNEec8D9lYkdcZityqA%3D%3D&trackingId=V5IGu1dwWBcj97YMSejt0A%3D%3D,Not specified,2025-09-24 17:31:34.148836,2025-09-24,,de.linkedin.com/jobs/view/spezialist-wbt-m-w-d-webbased-trainings-at-yer-deutschland-4293101466
Analyst – CEO Office (w/m/d),Enpal,Berlin,LinkedIn,https://de.linkedin.com/jobs/view/analyst-%E2%80%93-ceo-office-w-m-d-at-enpal-4270254405?position=3&pageNum=0&refId=Uil0BlmSuSqxAszqx5ynbw%3D%3D&trackingId=0Mx0sxYcoVtx%2FKEBXSLC%2Bg%3D%3D,Not specified,2025-09-24 17:31:36.997073,2025-09-24,,de.linkedin.com/jobs/view/analyst-%E2%80%93-ceo-office-w-m-d-at-enpal-4270254405
Marketing Data Engineer,Ageras,Berlin,LinkedIn,https://de.linkedin.com/jobs/view/marketing-data-engineer-at-ageras-4304082127?position=12&pageNum=0&refId=Uil0BlmSuSqxAszqx5ynbw%3D%3D&trackingId=OmB9unriv2ymiuJDqN3W2g%3D%3D,Not specified,2025-09-24 17:31:36.998437,2025-09-23,,de.linkedin.com/jobs/view/marketing-data-engineer-at-ageras-4304082127
"Senior Fraud Specialist - (Fintech, Global Fraud Prevention)",Delivery Hero SE,Berlin,LinkedIn,https://de.linkedin.com/jobs/view/senior-fraud-specialist-fintech-global-fraud-prevention-at-delivery-hero-4304525358?position=14&pageNum=0&refId=Uil0BlmSuSqxAszqx5ynbw%3D%3D&trackingId=5NS6ovAonBBlI7y4ClDGVA%3D%3D,Not specified,2025-09-24 17:31:36.998749,2025-09-24,,de.linkedin.com/jobs/view/senior-fraud-specialist-fintech-global-fraud-prevention-at-delivery-hero-4304525358
Growth Junior (m/w/d),advalyze,Berlin,LinkedIn,https://de.linkedin.com/jobs/view/growth-junior-m-w-d-at-advalyze-4304089387?position=16&pageNum=0&refId=Uil0BlmSuSqxAszqx5ynbw%3D%3D&trackingId=4aQLEifXL4je%2BiEttbWs1g%3D%3D,Not specified,2025-09-24 17:31:36.999066,2025-09-23,,de.linkedin.com/jobs/view/growth-junior-m-w-d-at-advalyze-4304089387
(Senior) Associate Venture Development (w/m/d),Enpal,Berlin,LinkedIn,https://de.linkedin.com/jobs/view/senior-associate-venture-development-w-m-d-at-enpal-4294066336?position=17&pageNum=0&refId=Uil0BlmSuSqxAszqx5ynbw%3D%3D&trackingId=fOTnBIbf8t79pLibWkAHGA%3D%3D,Not specified,2025-09-24 17:31:36.999221,2025-09-24,,de.linkedin.com/jobs/view/senior-associate-venture-development-w-m-d-at-enpal-4294066336
Senior Business Analyst (m/w/d),mgm technology partners,Berlin,LinkedIn,https://de.linkedin.com/jobs/view/senior-business-analyst-m-w-d-at-mgm-technology-partners-4304349423?position=19&pageNum=0&refId=Uil0BlmSuSqxAszqx5ynbw%3D%3D&trackingId=xEP0eWtirwLZzTnwxbyMlg%3D%3D,Not specified,2025-09-24 17:31:36.999529,2025-09-24,,de.linkedin.com/jobs/view/senior-business-analyst-m-w-d-at-mgm-technology-partners-4304349423
Investment Analyst Program (all genders),Hasso Plattner Foundation,Potsdam,LinkedIn,https://de.linkedin.com/jobs/view/investment-analyst-program-all-genders-at-hasso-plattner-foundation-4289845126?position=21&pageNum=0&refId=Uil0BlmSuSqxAszqx5ynbw%3D%3D&trackingId=HGJPkdx8k1DfTX%2FwQ8LJTQ%3D%3D,Not specified,2025-09-24 17:31:36.999842,2025-09-24,,de.linkedin.com/jobs/view/investment-analyst-program-all-genders-at-hasso-plattner-foundation-4289845126
Media Analysis Consultant,Instaffo,Berlin,LinkedIn,https://de.linkedin.com/jobs/view/media-analysis-consultant-at-instaffo-4206520186?position=22&pageNum=0&refId=Uil0BlmSuSqxAszqx5ynbw%3D%3D&trackingId=Tf2%2FYGRdj8ByTiuf919Ciw%3D%3D,Not specified,2025-09-24 17:31:36.999989,2025-09-23,,de.linkedin.com/jobs/view/media-analysis-consultant-at-instaffo-4206520186
Market Research Lead (all genders),JPMorganChase,Berlin,LinkedIn,https://de.linkedin.com/jobs/view/market-research-lead-all-genders-at-jpmorganchase-4304979438?position=29&pageNum=0&refId=Uil0BlmSuSqxAszqx5ynbw%3D%3D&trackingId=t6tldIiDG1hTC5on4cfRgw%3D%3D,Not specified,2025-09-24 17:31:37.001071,2025-09-23,,de.linkedin.com/jobs/view/market-research-lead-all-genders-at-jpmorganchase-4304979438
Human Resources Business Partner,Pepco,"Berlin, Deutschland",LinkedIn,https://de.linkedin.com/jobs/view/human-resources-business-partner-at-pepco-4305562514?position=30&pageNum=0&refId=Uil0BlmSuSqxAszqx5ynbw%3D%3D&trackingId=%2BKhSG%2FnVm1c52y52T3W02A%3D%3D,Not specified,2025-09-24 17:31:37.001241,2025-09-24,,de.linkedin.com/jobs/view/human-resources-business-partner-at-pepco-4305562514
"Fraud Investigation Analyst, AWS Fraud Prevention, Compromise",Amazon Web Services (AWS),"Berlin, Deutschland",LinkedIn,https://de.linkedin.com/jobs/view/fraud-investigation-analyst-aws-fraud-prevention-compromise-at-amazon-web-services-aws-4304988344?position=38&pageNum=0&refId=Uil0BlmSuSqxAszqx5ynbw%3D%3D&trackingId=gBbOU5Ea2oYIgJn%2B6G3ZKA%3D%3D,Not specified,2025-09-24 17:31:37.002496,2025-09-23,,de.linkedin.com/jobs/view/fraud-investigation-analyst-aws-fraud-prevention-compromise-at-amazon-web-services-aws-4304988344
966 | German-speaking Specialist (Short-term project),Intetics GmbH,Berlin,LinkedIn,https://de.linkedin.com/jobs/view/966-german-speaking-specialist-short-term-project-at-intetics-4304984205?position=42&pageNum=0&refId=Uil0BlmSuSqxAszqx5ynbw%3D%3D&trackingId=ltYywy1WOygrxBANBiQA%2Fw%3D%3D,Not specified,2025-09-24 17:31:37.003119,2025-09-23,,de.linkedin.com/jobs/view/966-german-speaking-specialist-short-term-project-at-intetics-4304984205
Chemiker (m/w/d) in Vollzeit,IFZ Ingenieurbüro und Consulting GmbH,Berlin,LinkedIn,https://de.linkedin.com/jobs/view/chemiker-m-w-d-in-vollzeit-at-ifz-ingenieurb%C3%BCro-und-consulting-gmbh-4302658653?position=48&pageNum=0&refId=Uil0BlmSuSqxAszqx5ynbw%3D%3D&trackingId=fnZfXDl%2Bb%2FUj6V2SpYP%2Ffg%3D%3D,Not specified,2025-09-24 17:31:37.004025,2025-09-23,,de.linkedin.com/jobs/view/chemiker-m-w-d-in-vollzeit-at-ifz-ingenieurb%C3%BCro-und-consulting-gmbh-4302658653
Marketing Analyst (w/m/d),AVM GmbH,"Berlin, Deutschland",LinkedIn,https://de.linkedin.com/jobs/view/marketing-analyst-w-%E2%80%8Bm-%E2%80%8Bd-at-fritz%21-4304319452?position=51&pageNum=0&refId=Uil0BlmSuSqxAszqx5ynbw%3D%3D&trackingId=QfONWlsN95wsnFbhjBgpIw%3D%3D,Not specified,2025-09-24 17:31:37.004483,2025-09-23,,de.linkedin.com/jobs/view/marketing-analyst-w-%E2%80%8Bm-%E2%80%8Bd-at-fritz%21-4304319452
Operational Assistant - Technical Project Management (m/w/d),TSC Real Estate Germany GmbH,"Berlin, Deutschland",LinkedIn,https://de.linkedin.com/jobs/view/operational-assistant-technical-project-management-m-w-d-at-tsc-real-estate-germany-gmbh-4305581445?position=53&pageNum=0&refId=Uil0BlmSuSqxAszqx5ynbw%3D%3D&trackingId=coxvA4UropLT%2F65MzX1xTQ%3D%3D,Not specified,2025-09-24 17:31:37.004787,2025-09-24,,de.linkedin.com/jobs/view/operational-assistant-technical-project-management-m-w-d-at-tsc-real-estate-germany-gmbh-4305581445
Performance Marketing Specialist ( Meta & Google ),Lancelot Productions Lda,"Berlin, Deutschland",LinkedIn,https://de.linkedin.com/jobs/view/performance-marketing-specialist-meta-google-at-lancelot-productions-lda-4304526652?position=54&pageNum=0&refId=Uil0BlmSuSqxAszqx5ynbw%3D%3D&trackingId=%2F2UPhC9%2BY5xlWdTHU%2BvXHA%3D%3D,Not specified,2025-09-24 17:31:37.004939,2025-09-24,,de.linkedin.com/jobs/view/performance-marketing-specialist-meta-google-at-lancelot-productions-lda-4304526652
Research Group Leader (Career Track) KI-Grundlagen (m/w/d),Robert Koch Institute,Berlin,LinkedIn,https://de.linkedin.com/jobs/view/research-group-leader-career-track-ki-grundlagen-m-w-d-at-robert-koch-institute-4302920031?position=56&pageNum=0&refId=Uil0BlmSuSqxAszqx5ynbw%3D%3D&trackingId=vkdOZDutemq8BJ2D2DEa6w%3D%3D,Not specified,2025-09-24 17:31:37.005241,2025-09-23,,de.linkedin.com/jobs/view/research-group-leader-career-track-ki-grundlagen-m-w-d-at-robert-koch-institute-4302920031
E-Commerce Spezialist,Runa Art GmbH,Berlin,LinkedIn,https://de.linkedin.com/jobs/view/e-commerce-spezialist-at-runa-art-gmbh-4302965694?position=58&pageNum=0&refId=Uil0BlmSuSqxAszqx5ynbw%3D%3D&trackingId=z7qi6JiIGeq9t6M1xUtYrQ%3D%3D,Not specified,2025-09-24 17:31:37.005538,2025-09-24,,de.linkedin.com/jobs/view/e-commerce-spezialist-at-runa-art-gmbh-4302965694
Kreditanalyst*In New Energies Neugeschäft Wind,DKB | Deutsche Kreditbank AG,"Berlin, Deutschland",LinkedIn,https://de.linkedin.com/jobs/view/kreditanalyst-in-new-energies-neugesch%C3%A4ft-wind-at-dkb-deutsche-kreditbank-ag-4305129227?position=60&pageNum=0&refId=Uil0BlmSuSqxAszqx5ynbw%3D%3D&trackingId=AmcOt2aPU7q3ZVKjvx%2FrgA%3D%3D,Not specified,2025-09-24 17:31:37.005843,2025-09-24,,de.linkedin.com/jobs/view/kreditanalyst-in-new-energies-neugesch%C3%A4ft-wind-at-dkb-deutsche-kreditbank-ag-4305129227
Analyst (m/w/d) - Valuation Services,SAIL Recruiting,Frankfurt,LinkedIn,https://de.linkedin.com/jobs/view/analyst-m-w-d-valuation-services-at-sail-recruiting-4291094758?position=2&pageNum=0&refId=%2Fg9b%2BP%2B1wbxdGNpORptw7Q%3D%3D&trackingId=IyMQIOE%2Fwr1u%2BssSl7lacQ%3D%3D,Not specified,2025-09-24 17:31:39.931930,2025-09-24,,de.linkedin.com/jobs/view/analyst-m-w-d-valuation-services-at-sail-recruiting-4291094758
Research Analyst (m/w/d),Fisher Investments GmbH,Frankfurt am Main,LinkedIn,https://de.linkedin.com/jobs/view/research-analyst-m-w-d-at-fisher-investments-gmbh-4304094978?position=8&pageNum=0&refId=%2Fg9b%2BP%2B1wbxdGNpORptw7Q%3D%3D&trackingId=9E2OTAk9KKrWuZF%2F3xbJdA%3D%3D,Not specified,2025-09-24 17:31:39.932864,2025-09-23,,de.linkedin.com/jobs/view/research-analyst-m-w-d-at-fisher-investments-gmbh-4304094978
Reporting & Data Analytics Specialist - Logistik (gn),Grafton Recruitment,Eschborn,LinkedIn,https://de.linkedin.com/jobs/view/reporting-data-analytics-specialist-logistik-gn-at-grafton-recruitment-4302966132?position=9&pageNum=0&refId=%2Fg9b%2BP%2B1wbxdGNpORptw7Q%3D%3D&trackingId=PbSutNJ4ZcVOTY95zP3N1Q%3D%3D,Not specified,2025-09-24 17:31:39.933019,2025-09-24,,de.linkedin.com/jobs/view/reporting-data-analytics-specialist-logistik-gn-at-grafton-recruitment-4302966132
Junior Consultant,Instaffo,Frankfurt,LinkedIn,https://de.linkedin.com/jobs/view/junior-consultant-at-instaffo-4269382349?position=13&pageNum=0&refId=%2Fg9b%2BP%2B1wbxdGNpORptw7Q%3D%3D&trackingId=8GE3DMFGyeTT091%2FP%2FIVfA%3D%3D,Not specified,2025-09-24 17:31:39.933617,2025-09-24,,de.linkedin.com/jobs/view/junior-consultant-at-instaffo-4269382349
Research Analyst (m/w/d),Jobs via eFinancialCareers,Rodenbach,LinkedIn,https://de.linkedin.com/jobs/view/research-analyst-m-w-d-at-jobs-via-efinancialcareers-4305501430?position=15&pageNum=0&refId=%2Fg9b%2BP%2B1wbxdGNpORptw7Q%3D%3D&trackingId=snkQ5dBf9Zs33BO9fqZfrg%3D%3D,Not specified,2025-09-24 17:31:39.933919,2025-09-24,,de.linkedin.com/jobs/view/research-analyst-m-w-d-at-jobs-via-efinancialcareers-4305501430
Senior Business Analyst Aviation (m/w/d),CGI,Darmstadt,LinkedIn,https://de.linkedin.com/jobs/view/senior-business-analyst-aviation-m-w-d-at-cgi-4072282525?position=21&pageNum=0&refId=%2Fg9b%2BP%2B1wbxdGNpORptw7Q%3D%3D&trackingId=joIsYzJa8BpvV6WjzF75rw%3D%3D,Not specified,2025-09-24 17:31:39.934819,2025-09-24,,de.linkedin.com/jobs/view/senior-business-analyst-aviation-m-w-d-at-cgi-4072282525
Research Analyst (m/w/d),Fisher Investments GmbH,Rodenbach,LinkedIn,https://de.linkedin.com/jobs/view/research-analyst-m-w-d-at-fisher-investments-gmbh-4304307124?position=23&pageNum=0&refId=%2Fg9b%2BP%2B1wbxdGNpORptw7Q%3D%3D&trackingId=6FeYCKuz1b3PSugHsU6Hrw%3D%3D,Not specified,2025-09-24 17:31:39.935124,2025-09-23,,de.linkedin.com/jobs/view/research-analyst-m-w-d-at-fisher-investments-gmbh-4304307124
Anti-Money Laundering Analyst,Zero to One Search | Recruitment Agency,Frankfurt am Main,LinkedIn,https://de.linkedin.com/jobs/view/anti-money-laundering-analyst-at-zero-to-one-search-recruitment-agency-4304390362?position=25&pageNum=0&refId=%2Fg9b%2BP%2B1wbxdGNpORptw7Q%3D%3D&trackingId=DilGt7MkrcS5VRF%2FfcYrFQ%3D%3D,Not specified,2025-09-24 17:31:39.935420,2025-09-24,,de.linkedin.com/jobs/view/anti-money-laundering-analyst-at-zero-to-one-search-recruitment-agency-4304390362
Business Analyst,Finanz Informatik,Frankfurt,LinkedIn,https://de.linkedin.com/jobs/view/business-analyst-at-finanz-informatik-4304529543?position=27&pageNum=0&refId=%2Fg9b%2BP%2B1wbxdGNpORptw7Q%3D%3D&trackingId=ZhD2VbvgFVs5r%2BZPMuVnZw%3D%3D,Not specified,2025-09-24 17:31:39.935724,2025-09-24,,de.linkedin.com/jobs/view/business-analyst-at-finanz-informatik-4304529543
Business Analyst,Finanz Informatik,Frankfurt,LinkedIn,https://de.linkedin.com/jobs/view/business-analyst-at-finanz-informatik-4304522684?position=29&pageNum=0&refId=%2Fg9b%2BP%2B1wbxdGNpORptw7Q%3D%3D&trackingId=WGEP0KIYFBXX6kPqynUiag%3D%3D,Not specified,2025-09-24 17:31:39.936026,2025-09-24,,de.linkedin.com/jobs/view/business-analyst-at-finanz-informatik-4304522684
IT Business Analyst (w/m/d),AIG,Frankfurt,LinkedIn,https://de.linkedin.com/jobs/view/it-business-analyst-w-m-d-at-aig-4304313274?position=31&pageNum=0&refId=%2Fg9b%2BP%2B1wbxdGNpORptw7Q%3D%3D&trackingId=w0YYXaSAjIt0%2BVdrmcnO0Q%3D%3D,Not specified,2025-09-24 17:31:39.936334,2025-09-23,,de.linkedin.com/jobs/view/it-business-analyst-w-m-d-at-aig-4304313274
Data Center Assistant,"CDS, a Hewlett Packard Enterprise company",Frankfurt/Rhein-Main,LinkedIn,https://de.linkedin.com/jobs/view/data-center-assistant-at-cds-a-hewlett-packard-enterprise-company-4272852758?position=34&pageNum=0&refId=%2Fg9b%2BP%2B1wbxdGNpORptw7Q%3D%3D&trackingId=7yoba2xl%2B3oNCGEG1KGjCQ%3D%3D,Not specified,2025-09-24 17:31:39.936795,2025-09-24,,de.linkedin.com/jobs/view/data-center-assistant-at-cds-a-hewlett-packard-enterprise-company-4272852758
Business Analyst (m/w/d) – Schwerpunkt Payroll,SD Worx,Dreieich,LinkedIn,https://de.linkedin.com/jobs/view/business-analyst-m-w-d-%E2%80%93-schwerpunkt-payroll-at-sd-worx-4304084362?position=37&pageNum=0&refId=%2Fg9b%2BP%2B1wbxdGNpORptw7Q%3D%3D&trackingId=W2GufD0aZDeUM1Z9dEGutg%3D%3D,Not specified,2025-09-24 17:31:39.937253,2025-09-23,,de.linkedin.com/jobs/view/business-analyst-m-w-d-%E2%80%93-schwerpunkt-payroll-at-sd-worx-4304084362
Chemiker als wissenschaftlicher Sachverständiger (m/w/d)- Bundeskriminalamt,Bundeskriminalamt,Wiesbaden,LinkedIn,https://de.linkedin.com/jobs/view/chemiker-als-wissenschaftlicher-sachverst%C3%A4ndiger-m-w-d-bundeskriminalamt-at-bundeskriminalamt-4305128975?position=42&pageNum=0&refId=%2Fg9b%2BP%2B1wbxdGNpORptw7Q%3D%3D&trackingId=gK2CdMPBJNzIRRLOzTBG4Q%3D%3D,Not specified,2025-09-24 17:31:39.938002,2025-09-23,,de.linkedin.com/jobs/view/chemiker-als-wissenschaftlicher-sachverst%C3%A4ndiger-m-w-d-bundeskriminalamt-at-bundeskriminalamt-4305128975
Business Analyst Auslandsgeschäft,Finanz Informatik,Frankfurt,LinkedIn,https://de.linkedin.com/jobs/view/business-analyst-auslandsgesch%C3%A4ft-at-finanz-informatik-4304519835?position=43&pageNum=0&refId=%2Fg9b%2BP%2B1wbxdGNpORptw7Q%3D%3D&trackingId=uMQq%2B8%2FEWvxLGq723ya%2BGQ%3D%3D,Not specified,2025-09-24 17:31:39.938155,2025-09-24,,de.linkedin.com/jobs/view/business-analyst-auslandsgesch%C3%A4ft-at-finanz-informatik-4304519835
Analyst:in (Gebäude-) Wertermittlungen,HDI Group,Mainz,LinkedIn,https://de.linkedin.com/jobs/view/analyst-in-geb%C3%A4ude-wertermittlungen-at-hdi-group-4160171706?position=47&pageNum=0&refId=%2Fg9b%2BP%2B1wbxdGNpORptw7Q%3D%3D&trackingId=4KnWKVnd2UZ83iBp0KZivg%3D%3D,Not specified,2025-09-24 17:31:39.938749,2025-09-24,,de.linkedin.com/jobs/view/analyst-in-geb%C3%A4ude-wertermittlungen-at-hdi-group-4160171706
"Academic positions, School of Medicine - Frankfurt Branch",Macromedia University of Applied Sciences,Frankfurt am Main,LinkedIn,https://de.linkedin.com/jobs/view/academic-positions-school-of-medicine-frankfurt-branch-at-macromedia-university-of-applied-sciences-4304980412?position=48&pageNum=0&refId=%2Fg9b%2BP%2B1wbxdGNpORptw7Q%3D%3D&trackingId=g3a7kZFhoiRtDCw3KXvmDw%3D%3D,Not specified,2025-09-24 17:31:39.938901,2025-09-23,,de.linkedin.com/jobs/view/academic-positions-school-of-medicine-frankfurt-branch-at-macromedia-university-of-applied-sciences-4304980412
Management Assistant (all genders) - BCG Platinion,Boston Consulting Group (BCG),Frankfurt,LinkedIn,https://de.linkedin.com/jobs/view/management-assistant-all-genders-bcg-platinion-at-boston-consulting-group-bcg-4270530034?position=49&pageNum=0&refId=%2Fg9b%2BP%2B1wbxdGNpORptw7Q%3D%3D&trackingId=XexXVmahpTdCiIiaj8wXtQ%3D%3D,Not specified,2025-09-24 17:31:39.939047,2025-09-24,,de.linkedin.com/jobs/view/management-assistant-all-genders-bcg-platinion-at-boston-consulting-group-bcg-4270530034
Senior Data Engineer / Senior Data Analytics Developer (m/w/d),SDX AG,Frankfurt am Main,LinkedIn,https://de.linkedin.com/jobs/view/senior-data-engineer-senior-data-analytics-developer-m-w-d-at-sdx-ag-4302684549?position=52&pageNum=0&refId=%2Fg9b%2BP%2B1wbxdGNpORptw7Q%3D%3D&trackingId=FgM9QzFCNIaG%2F0fmxyGGAg%3D%3D,Not specified,2025-09-24 17:31:39.939504,2025-09-23,,de.linkedin.com/jobs/view/senior-data-engineer-senior-data-analytics-developer-m-w-d-at-sdx-ag-4302684549
"Academic positions, School of Medicine - Frankfurt Branch",European University Cyprus,Frankfurt am Main,LinkedIn,https://de.linkedin.com/jobs/view/academic-positions-school-of-medicine-frankfurt-branch-at-european-university-cyprus-4304093530?position=58&pageNum=0&refId=%2Fg9b%2BP%2B1wbxdGNpORptw7Q%3D%3D&trackingId=eyK0NNlIrjs4j53Kj6p2sA%3D%3D,Not specified,2025-09-24 17:31:39.940425,2025-09-23,,de.linkedin.com/jobs/view/academic-positions-school-of-medicine-frankfurt-branch-at-european-university-cyprus-4304093530
Assistenz der Geschäftsführung (m/w/d),GERLICHER Premiumfrittieröle (Teil der SARIA-Gruppe),Frankfurt,LinkedIn,https://de.linkedin.com/jobs/view/assistenz-der-gesch%C3%A4ftsf%C3%BChrung-m-w-d-at-gerlicher-premiumfrittier%C3%B6le-teil-der-saria-gruppe-4304527599?position=59&pageNum=0&refId=%2Fg9b%2BP%2B1wbxdGNpORptw7Q%3D%3D&trackingId=L1oVG8%2FesOLOsQjrEFRdZg%3D%3D,Not specified,2025-09-24 17:31:39.940578,2025-09-24,,de.linkedin.com/jobs/view/assistenz-der-gesch%C3%A4ftsf%C3%BChrung-m-w-d-at-gerlicher-premiumfrittier%C3%B6le-teil-der-saria-gruppe-4304527599
Finance Analyst (all genders),Boston Consulting Group (BCG),Düsseldorf,LinkedIn,https://de.linkedin.com/jobs/view/finance-analyst-all-genders-at-boston-consulting-group-bcg-4304536356?position=4&pageNum=0&refId=Thr1laWtDzBkpnd%2FDqVYiA%3D%3D&trackingId=67p9y3MPYajE6B5pU0%2BEDg%3D%3D,Not specified,2025-09-24 17:31:42.827747,2025-09-24,,de.linkedin.com/jobs/view/finance-analyst-all-genders-at-boston-consulting-group-bcg-4304536356
Senior Business Analyst (m/w/d),mgm technology partners,Köln,LinkedIn,https://de.linkedin.com/jobs/view/senior-business-analyst-m-w-d-at-mgm-technology-partners-4304362196?position=7&pageNum=0&refId=Thr1laWtDzBkpnd%2FDqVYiA%3D%3D&trackingId=kSTYMubcy274%2BbYpAJjVOQ%3D%3D,Not specified,2025-09-24 17:31:42.828216,2025-09-24,,de.linkedin.com/jobs/view/senior-business-analyst-m-w-d-at-mgm-technology-partners-4304362196
Associate,Pride Capital Partners,Köln,LinkedIn,https://de.linkedin.com/jobs/view/associate-at-pride-capital-partners-4294318996?position=9&pageNum=0&refId=Thr1laWtDzBkpnd%2FDqVYiA%3D%3D&trackingId=uGcOjb61jyDPJattbKhDog%3D%3D,Not specified,2025-09-24 17:31:42.828525,2025-09-24,,de.linkedin.com/jobs/view/associate-at-pride-capital-partners-4294318996
IT-Analyst/-in (m/w/d),cronn GmbH,Bonn,LinkedIn,https://de.linkedin.com/jobs/view/it-analyst-in-m-w-d-at-cronn-gmbh-4305579819?position=15&pageNum=0&refId=Thr1laWtDzBkpnd%2FDqVYiA%3D%3D&trackingId=s6zU5ps9r4%2FHrgOq8wKsbQ%3D%3D,Not specified,2025-09-24 17:31:42.829462,2025-09-24,,de.linkedin.com/jobs/view/it-analyst-in-m-w-d-at-cronn-gmbh-4305579819
Associate Management Reporting (m/f/d),RTL Group,Köln,LinkedIn,https://de.linkedin.com/jobs/view/associate-management-reporting-m-f-d-at-rtl-group-4302990332?position=22&pageNum=0&refId=Thr1laWtDzBkpnd%2FDqVYiA%3D%3D&trackingId=cyzPftPvCNVh4x0DWAdYiA%3D%3D,Not specified,2025-09-24 17:31:42.830538,2025-09-24,,de.linkedin.com/jobs/view/associate-management-reporting-m-f-d-at-rtl-group-4302990332
Tutor (m/w/d) gesucht (freie Mitarbeit),Carl Duisberg Centren,Köln,LinkedIn,https://de.linkedin.com/jobs/view/tutor-m-w-d-gesucht-freie-mitarbeit-at-carl-duisberg-centren-4304097976?position=29&pageNum=0&refId=Thr1laWtDzBkpnd%2FDqVYiA%3D%3D&trackingId=6wc4iQHqkmo6bscMAmyQiA%3D%3D,Not specified,2025-09-24 17:31:42.831658,2025-09-23,,de.linkedin.com/jobs/view/tutor-m-w-d-gesucht-freie-mitarbeit-at-carl-duisberg-centren-4304097976
Senior Analytics Engineer (all genders)(EN),Contabo,Köln,LinkedIn,https://de.linkedin.com/jobs/view/senior-analytics-engineer-all-genders-en-at-contabo-4304540622?position=31&pageNum=0&refId=Thr1laWtDzBkpnd%2FDqVYiA%3D%3D&trackingId=jeXM6Yyuv%2BuQh859tLROng%3D%3D,Not specified,2025-09-24 17:31:42.831987,2025-09-24,,de.linkedin.com/jobs/view/senior-analytics-engineer-all-genders-en-at-contabo-4304540622
Junior Consultant (m/w/d),Empion,Düsseldorf,LinkedIn,https://de.linkedin.com/jobs/view/junior-consultant-m-w-d-at-empion-4305546547?position=32&pageNum=0&refId=Thr1laWtDzBkpnd%2FDqVYiA%3D%3D&trackingId=7Ba%2FkIkAnbbjU1M6hxpQ5A%3D%3D,Not specified,2025-09-24 17:31:42.832142,2025-09-24,,de.linkedin.com/jobs/view/junior-consultant-m-w-d-at-empion-4305546547
Business Analyst w/m/d,Computacenter,Region Köln/Bonn,LinkedIn,https://de.linkedin.com/jobs/view/business-analyst-w-m-d-at-computacenter-4258439551?position=34&pageNum=0&refId=Thr1laWtDzBkpnd%2FDqVYiA%3D%3D&trackingId=2rZGlmIYKcu3RfmwOmLQng%3D%3D,Not specified,2025-09-24 17:31:42.832473,2025-09-24,,de.linkedin.com/jobs/view/business-analyst-w-m-d-at-computacenter-4258439551
Senior Analytics Engineer (all genders),Contabo,Köln,LinkedIn,https://de.linkedin.com/jobs/view/senior-analytics-engineer-all-genders-at-contabo-4304552048?position=35&pageNum=0&refId=Thr1laWtDzBkpnd%2FDqVYiA%3D%3D&trackingId=5f4asNeYGYEseKW1AhdeNQ%3D%3D,Not specified,2025-09-24 17:31:42.832642,2025-09-24,,de.linkedin.com/jobs/view/senior-analytics-engineer-all-genders-at-contabo-4304552048
Senior Data Engineer,Palantec GmbH,Köln,LinkedIn,https://de.linkedin.com/jobs/view/senior-data-engineer-at-palantec-gmbh-4304958976?position=36&pageNum=0&refId=Thr1laWtDzBkpnd%2FDqVYiA%3D%3D&trackingId=Ce4ShoGFnGUWCVYAd6KljA%3D%3D,Not specified,2025-09-24 17:31:42.832789,2025-09-23,,de.linkedin.com/jobs/view/senior-data-engineer-at-palantec-gmbh-4304958976
Business Analyst w/m/d,Computacenter,Düsseldorf und Umgebung,LinkedIn,https://de.linkedin.com/jobs/view/business-analyst-w-m-d-at-computacenter-4258440445?position=37&pageNum=0&refId=Thr1laWtDzBkpnd%2FDqVYiA%3D%3D&trackingId=9KucbLYxrCdiTlULds%2FuSQ%3D%3D,Not specified,2025-09-24 17:31:42.832951,2025-09-24,,de.linkedin.com/jobs/view/business-analyst-w-m-d-at-computacenter-4258440445
Business Analyst w/m/d,Computacenter,Kerpen,LinkedIn,https://de.linkedin.com/jobs/view/business-analyst-w-m-d-at-computacenter-4258437898?position=39&pageNum=0&refId=Thr1laWtDzBkpnd%2FDqVYiA%3D%3D&trackingId=W6ickX2Xomn935M%2F7DZndQ%3D%3D,Not specified,2025-09-24 17:31:42.833279,2025-09-24,,de.linkedin.com/jobs/view/business-analyst-w-m-d-at-computacenter-4258437898
"Delivery Specialist - Düsseldorf, Germany",AIKO Energy,Düsseldorf,LinkedIn,https://de.linkedin.com/jobs/view/delivery-specialist-d%C3%BCsseldorf-germany-at-aiko-energy-4305191222?position=41&pageNum=0&refId=Thr1laWtDzBkpnd%2FDqVYiA%3D%3D&trackingId=uTXOyDVQ%2BjdmKQJknCAQHw%3D%3D,Not specified,2025-09-24 17:31:42.833608,2025-09-24,,de.linkedin.com/jobs/view/delivery-specialist-d%C3%BCsseldorf-germany-at-aiko-energy-4305191222
Senior Digital Consultant (w/m/d),REVO/LOVE Digitalagentur,Köln,LinkedIn,https://de.linkedin.com/jobs/view/senior-digital-consultant-w-m-d-at-revo-love-digital-agency-4302957455?position=43&pageNum=0&refId=Thr1laWtDzBkpnd%2FDqVYiA%3D%3D&trackingId=HCc0o%2B%2BLqnsFPmAzQYa8BA%3D%3D,Not specified,2025-09-24 17:31:42.833927,2025-09-24,,de.linkedin.com/jobs/view/senior-digital-consultant-w-m-d-at-revo-love-digital-agency-4302957455
Datenerfasser (m/w/d),PropertyExpert GmbH,Langenfeld (Rheinland),LinkedIn,https://de.linkedin.com/jobs/view/datenerfasser-m-w-d-at-propertyexpert-gmbh-4302952713?position=44&pageNum=0&refId=Thr1laWtDzBkpnd%2FDqVYiA%3D%3D&trackingId=tkY0UQstbJMOMCF63NQX0g%3D%3D,Not specified,2025-09-24 17:31:42.834102,2025-09-24,,de.linkedin.com/jobs/view/datenerfasser-m-w-d-at-propertyexpert-gmbh-4302952713
Senior Kreditanalysten (m/w/d),Quasar Media,Düsseldorf,LinkedIn,https://de.linkedin.com/jobs/view/senior-kreditanalysten-m-w-d-at-quasar-media-4302670871?position=49&pageNum=0&refId=Thr1laWtDzBkpnd%2FDqVYiA%3D%3D&trackingId=9wXwWBCZumCUmm%2FOEBsigQ%3D%3D,Not specified,2025-09-24 17:31:42.834925,2025-09-23,,de.linkedin.com/jobs/view/senior-kreditanalysten-m-w-d-at-quasar-media-4302670871
"GTM Specialist, 2026 Graduate",Anker Innovations LTD,Düsseldorf,LinkedIn,https://de.linkedin.com/jobs/view/gtm-specialist-2026-graduate-at-anker-innovations-ltd-4305558538?position=50&pageNum=0&refId=Thr1laWtDzBkpnd%2FDqVYiA%3D%3D&trackingId=4aqBmUUim2wHq8fDkA3ghg%3D%3D,Not specified,2025-09-24 17:31:42.835086,2025-09-24,,de.linkedin.com/jobs/view/gtm-specialist-2026-graduate-at-anker-innovations-ltd-4305558538
Leiter Workforce Management (m/w/d),NetCologne,Köln,LinkedIn,https://de.linkedin.com/jobs/view/leiter-workforce-management-m-w-d-at-netcologne-4278758096?position=53&pageNum=0&refId=Thr1laWtDzBkpnd%2FDqVYiA%3D%3D&trackingId=Lil%2FwS6%2BLtLhAPxda9B3%2Fw%3D%3D,Not specified,2025-09-24 17:31:42.835579,2025-09-23,,de.linkedin.com/jobs/view/leiter-workforce-management-m-w-d-at-netcologne-4278758096
Business Analyst Workflowmanagementsystem (all genders),adesso SE,Düsseldorf,LinkedIn,https://de.linkedin.com/jobs/view/business-analyst-workflowmanagementsystem-all-genders-at-adesso-se-4217400717?position=55&pageNum=0&refId=Thr1laWtDzBkpnd%2FDqVYiA%3D%3D&trackingId=Jp%2FvnJL%2BT58RFoCjso9%2Fkg%3D%3D,Not specified,2025-09-24 17:31:42.835906,2025-09-24,,de.linkedin.com/jobs/view/business-analyst-workflowmanagementsystem-all-genders-at-adesso-se-4217400717
Senior Associate Strategy Consultant Industrial Products (w/m/d),Strategy&,Düsseldorf,LinkedIn,https://de.linkedin.com/jobs/view/senior-associate-strategy-consultant-industrial-products-w-m-d-at-strategy-4304510894?position=56&pageNum=0&refId=Thr1laWtDzBkpnd%2FDqVYiA%3D%3D&trackingId=ZQ8sCrdkCMiqkOSPdG6dxg%3D%3D,Not specified,2025-09-24 17:31:42.836061,2025-09-24,,de.linkedin.com/jobs/view/senior-associate-strategy-consultant-industrial-products-w-m-d-at-strategy-4304510894
Hydrogeologe/Hydrogeologin (m/w/d),Kühn Geoconsulting GmbH,Bonn,LinkedIn,https://de.linkedin.com/jobs/view/hydrogeologe-hydrogeologin-m-w-d-at-k%C3%BChn-geoconsulting-gmbh-4304982904?position=57&pageNum=0&refId=Thr1laWtDzBkpnd%2FDqVYiA%3D%3D&trackingId=QhiX1%2FpmHWG0nWRZc9tpAg%3D%3D,Not specified,2025-09-24 17:31:42.836227,2025-09-23,,de.linkedin.com/jobs/view/hydrogeologe-hydrogeologin-m-w-d-at-k%C3%BChn-geoconsulting-gmbh-4304982904
Wirtschaftsinformatiker/-in - Vollzeit (m/w/d),stefanmueller.ai,Neu-Ulm,LinkedIn,https://de.linkedin.com/jobs/view/wirtschaftsinformatiker-in-vollzeit-m-w-d-at-stefanmueller-ai-4305595643?position=1&pageNum=0&refId=9qJ4DBzyqB2W3RZ%2B0UCUqA%3D%3D&trackingId=JMBuHYclHhFrZZWPc6cN1g%3D%3D,Not specified,2025-09-24 17:31:45.572558,2025-09-24,,de.linkedin.com/jobs/view/wirtschaftsinformatiker-in-vollzeit-m-w-d-at-stefanmueller-ai-4305595643
"Título
            
                
                    Logistikleiter (m/w/d)",PERI LLC UAE / OMAN,Weissenhorn,LinkedIn,https://de.linkedin.com/jobs/view/t%C3%ADtulo%0A-%0A-%0A-logistikleiter-m-w-d-at-peri-llc-uae-oman-4305556975?position=2&pageNum=0&refId=9qJ4DBzyqB2W3RZ%2B0UCUqA%3D%3D&trackingId=L7F3%2F7oN%2B1twD%2BTqfnD4iQ%3D%3D,Not specified,2025-09-24 17:31:45.572736,2025-09-24,,de.linkedin.com/jobs/view/t%C3%ADtulo%0A-%0A-%0A-logistikleiter-m-w-d-at-peri-llc-uae-oman-4305556975
"Title
            
                
                    Project Specialist",PERI LLC UAE / OMAN,Weissenhorn,LinkedIn,https://de.linkedin.com/jobs/view/title%0A-%0A-%0A-project-specialist-at-peri-llc-uae-oman-4305578065?position=3&pageNum=0&refId=9qJ4DBzyqB2W3RZ%2B0UCUqA%3D%3D&trackingId=X4SLq%2B56RRc5%2Bz33ST9n9w%3D%3D,Not specified,2025-09-24 17:31:45.572894,2025-09-24,,de.linkedin.com/jobs/view/title%0A-%0A-%0A-project-specialist-at-peri-llc-uae-oman-4305578065
Prozessingenieur (m/w/d) Lebensmitteltechnologie // Leitung Abwiegen und Anmischen,Sanomed Gesundheits- und Sportnahrungsmittelherstellung GmbH,Vöhringen,LinkedIn,https://de.linkedin.com/jobs/view/prozessingenieur-m-w-d-lebensmitteltechnologie-leitung-abwiegen-und-anmischen-at-sanomed-gesundheits-und-sportnahrungsmittelherstellung-gmbh-4278042241?position=6&pageNum=0&refId=9qJ4DBzyqB2W3RZ%2B0UCUqA%3D%3D&trackingId=oXTeOvz5318bYyXd0g%2F0xA%3D%3D,Not specified,2025-09-24 17:31:45.573353,2025-09-24,,de.linkedin.com/jobs/view/prozessingenieur-m-w-d-lebensmitteltechnologie-leitung-abwiegen-und-anmischen-at-sanomed-gesundheits-und-sportnahrungsmittelherstellung-gmbh-4278042241
Bürokaufmann/-frau - Vollzeit (m/w/d),stefanmueller.ai,Neu-Ulm,LinkedIn,https://de.linkedin.com/jobs/view/b%C3%BCrokaufmann-frau-vollzeit-m-w-d-at-stefanmueller-ai-4305587964?position=8&pageNum=0&refId=9qJ4DBzyqB2W3RZ%2B0UCUqA%3D%3D&trackingId=oKnk9m5L3ogcZUlE4l3Q8w%3D%3D,Not specified,2025-09-24 17:31:45.573659,2025-09-24,,de.linkedin.com/jobs/view/b%C3%BCrokaufmann-frau-vollzeit-m-w-d-at-stefanmueller-ai-4305587964
"Título
            
                
                    Spezialist Energiemanagement und Gebäudetechnik (m/w/d), Günzburg",PERI LLC UAE / OMAN,Weissenhorn,LinkedIn,https://de.linkedin.com/jobs/view/t%C3%ADtulo%0A-%0A-%0A-spezialist-energiemanagement-und-geb%C3%A4udetechnik-m-w-d-g%C3%BCnzburg-at-peri-llc-uae-oman-4305570350?position=9&pageNum=0&refId=9qJ4DBzyqB2W3RZ%2B0UCUqA%3D%3D&trackingId=fNZgYjjsqY1Y5pxlau5ecQ%3D%3D,Not specified,2025-09-24 17:31:45.573812,2025-09-24,,de.linkedin.com/jobs/view/t%C3%ADtulo%0A-%0A-%0A-spezialist-energiemanagement-und-geb%C3%A4udetechnik-m-w-d-g%C3%BCnzburg-at-peri-llc-uae-oman-4305570350
Hauptbuchhalter / Bilanzbuchhalter (m/w/d),Hirotec Bucher GmbH,Eislingen/Fils,LinkedIn,https://de.linkedin.com/jobs/view/hauptbuchhalter-bilanzbuchhalter-m-w-d-at-hirotec-bucher-gmbh-4302678996?position=11&pageNum=0&refId=9qJ4DBzyqB2W3RZ%2B0UCUqA%3D%3D&trackingId=8HxwWibBcJnIjUjjCrQ0QA%3D%3D,Not specified,2025-09-24 17:31:45.574121,2025-09-23,,de.linkedin.com/jobs/view/hauptbuchhalter-bilanzbuchhalter-m-w-d-at-hirotec-bucher-gmbh-4302678996
Stellvertretende Leitung IT-Organisation & Projekte (m/w/d),Hays,Günzburg,LinkedIn,https://de.linkedin.com/jobs/view/stellvertretende-leitung-it-organisation-projekte-m-w-d-at-hays-4305605376?position=22&pageNum=0&refId=9qJ4DBzyqB2W3RZ%2B0UCUqA%3D%3D&trackingId=qLIEsCoOZNfHI6CQ0jas7A%3D%3D,Not specified,2025-09-24 17:31:45.575829,2025-09-24,,de.linkedin.com/jobs/view/stellvertretende-leitung-it-organisation-projekte-m-w-d-at-hays-4305605376
Senior IT Business Architect Healthcare (m/w/d),BWI GmbH,Ulm,LinkedIn,https://de.linkedin.com/jobs/view/senior-it-business-architect-healthcare-m-w-d-at-bwi-gmbh-4289781606?position=23&pageNum=0&refId=9qJ4DBzyqB2W3RZ%2B0UCUqA%3D%3D&trackingId=QOMFGWXoXwVYhKHKsirxgQ%3D%3D,Not specified,2025-09-24 17:31:45.575985,2025-09-24,,de.linkedin.com/jobs/view/senior-it-business-architect-healthcare-m-w-d-at-bwi-gmbh-4289781606
Steuerfachangestellte (m/w/d),STR Partnerschaftsgesellschaft mbB,Herbrechtingen,LinkedIn,https://de.linkedin.com/jobs/view/steuerfachangestellte-m-w-d-at-str-partnerschaftsgesellschaft-mbb-4302968580?position=24&pageNum=0&refId=9qJ4DBzyqB2W3RZ%2B0UCUqA%3D%3D&trackingId=NTs3F2visjgZw6mVhub8wQ%3D%3D,Not specified,2025-09-24 17:31:45.576146,2025-09-24,,de.linkedin.com/jobs/view/steuerfachangestellte-m-w-d-at-str-partnerschaftsgesellschaft-mbb-4302968580
Spezialist GMP-Qualifizierung und Anlagenvalidierung (m/w/d),ep life science,Biberach an der Riß,LinkedIn,https://de.linkedin.com/jobs/view/spezialist-gmp-qualifizierung-und-anlagenvalidierung-m-w-d-at-ep-life-science-4294912555?position=25&pageNum=0&refId=9qJ4DBzyqB2W3RZ%2B0UCUqA%3D%3D&trackingId=jMfbwWWw2pR%2FxfmblI0nQQ%3D%3D,Not specified,2025-09-24 17:31:45.576303,2025-09-24,,de.linkedin.com/jobs/view/spezialist-gmp-qualifizierung-und-anlagenvalidierung-m-w-d-at-ep-life-science-4294912555
Analyst Karten und Payments (m/w/d),flexgold,"Tägerwilen, Thurgau, Schweiz",LinkedIn,https://ch.linkedin.com/jobs/view/analyst-karten-und-payments-m-w-d-at-flexgold-4304126519?position=1&pageNum=0&refId=Xk5dNYWgUmedT4HFJY34TA%3D%3D&trackingId=8mQWvt3WOMXLaag%2F2bggHQ%3D%3D,Not specified,2025-09-24 17:31:48.347309,2025-09-24,,ch.linkedin.com/jobs/view/analyst-karten-und-payments-m-w-d-at-flexgold-4304126519
Category Management Lead (m/w/d) - 100%,Ifolor Group,"Kreuzlingen, Thurgau, Schweiz",LinkedIn,https://ch.linkedin.com/jobs/view/category-management-lead-m-w-d-100%25-at-ifolor-group-4304063735?position=2&pageNum=0&refId=Xk5dNYWgUmedT4HFJY34TA%3D%3D&trackingId=PVkkdjBsdxnlrFG%2BhZvxPQ%3D%3D,Not specified,2025-09-24 17:31:48.347530,2025-09-23,,ch.linkedin.com/jobs/view/category-management-lead-m-w-d-100%25-at-ifolor-group-4304063735
"Absolventinnen | Absolventen Vermessung, Geodäsie, Geoinformation (w/m/d) für den gehobenen vermessungstechnischen Dienst",Landratsamt Konstanz,Radolfzell am Bodensee,LinkedIn,https://de.linkedin.com/jobs/view/absolventinnen-absolventen-vermessung-geod%C3%A4sie-geoinformation-w-m-d-f%C3%BCr-den-gehobenen-vermessungstechnischen-dienst-at-landratsamt-konstanz-4302933911?position=3&pageNum=0&refId=Xk5dNYWgUmedT4HFJY34TA%3D%3D&trackingId=iPwOSviPOXwmXS%2FziWwQ%2BA%3D%3D,Not specified,2025-09-24 17:31:48.347745,2025-09-24,,de.linkedin.com/jobs/view/absolventinnen-absolventen-vermessung-geod%C3%A4sie-geoinformation-w-m-d-f%C3%BCr-den-gehobenen-vermessungstechnischen-dienst-at-landratsamt-konstanz-4302933911
Business Analystin Recht / Business Analysten Recht,Kanton Thurgau,"Frauenfeld, Thurgau, Schweiz",LinkedIn,https://ch.linkedin.com/jobs/view/business-analystin-recht-business-analysten-recht-at-kanton-thurgau-4301313886?position=5&pageNum=0&refId=Xk5dNYWgUmedT4HFJY34TA%3D%3D&trackingId=8iHwULtUf4QjYH9SZMRHGA%3D%3D,Not specified,2025-09-24 17:31:48.348091,2025-09-24,,ch.linkedin.com/jobs/view/business-analystin-recht-business-analysten-recht-at-kanton-thurgau-4301313886
"Electrical Engineer (a), 80-100%",Meteomatics,"Sankt Gallen, Sankt Gallen, Schweiz",LinkedIn,https://ch.linkedin.com/jobs/view/electrical-engineer-a-80-100%25-at-meteomatics-4304066175?position=6&pageNum=0&refId=Xk5dNYWgUmedT4HFJY34TA%3D%3D&trackingId=hdjSt6h%2FGY1kUcQExN5ZOA%3D%3D,Not specified,2025-09-24 17:31:48.348253,2025-09-23,,ch.linkedin.com/jobs/view/electrical-engineer-a-80-100%25-at-meteomatics-4304066175
Senior Agile Master (all genders),AXA,"Winterthur, Zürich, Schweiz",LinkedIn,https://ch.linkedin.com/jobs/view/senior-agile-master-all-genders-at-axa-4304358549?position=8&pageNum=0&refId=Xk5dNYWgUmedT4HFJY34TA%3D%3D&trackingId=oNvI2AI1eUTkXLgegHz%2F6A%3D%3D,Not specified,2025-09-24 17:31:48.348583,2025-09-24,,ch.linkedin.com/jobs/view/senior-agile-master-all-genders-at-axa-4304358549
IT Business Analyst / Wirtschaftsinformatiker (m/w/d),Rocken®,"Schaffhausen, Schaffhausen, Schweiz",LinkedIn,https://ch.linkedin.com/jobs/view/it-business-analyst-wirtschaftsinformatiker-m-w-d-at-rocken%C2%AE-4304034595?position=10&pageNum=0&refId=Xk5dNYWgUmedT4HFJY34TA%3D%3D&trackingId=8R7bGwIZ1JUk2odoKo8i6g%3D%3D,Not specified,2025-09-24 17:31:48.348903,2025-09-23,,ch.linkedin.com/jobs/view/it-business-analyst-wirtschaftsinformatiker-m-w-d-at-rocken%C2%AE-4304034595
Laboratory Lead Raw Material (w/m/d),Takeda,Singen (Hohentwiel),LinkedIn,https://de.linkedin.com/jobs/view/laboratory-lead-raw-material-w-m-d-at-takeda-4302928190?position=12&pageNum=0&refId=Xk5dNYWgUmedT4HFJY34TA%3D%3D&trackingId=3Gt82EhaERakMgAcFzhF1w%3D%3D,Not specified,2025-09-24 17:31:48.349231,2025-09-24,,de.linkedin.com/jobs/view/laboratory-lead-raw-material-w-m-d-at-takeda-4302928190
Prozessingenieur Produktion (m/w/d),Rocken®,"Uzwil, Sankt Gallen, Schweiz",LinkedIn,https://ch.linkedin.com/jobs/view/prozessingenieur-produktion-m-w-d-at-rocken%C2%AE-4304353479?position=16&pageNum=0&refId=Xk5dNYWgUmedT4HFJY34TA%3D%3D&trackingId=Hz7FFcvbh35%2FDBWV%2FEtiOQ%3D%3D,Not specified,2025-09-24 17:31:48.349882,2025-09-24,,ch.linkedin.com/jobs/view/prozessingenieur-produktion-m-w-d-at-rocken%C2%AE-4304353479
Operativer Einkäufer / Local Buyer (m/w/d) im Bereich Einkauf Handelsware,Hügli Nahrungsmittel GmbH,Radolfzell am Bodensee,LinkedIn,https://de.linkedin.com/jobs/view/operativer-eink%C3%A4ufer-local-buyer-m-w-d-im-bereich-einkauf-handelsware-at-h%C3%BCgli-nahrungsmittel-gmbh-4305556832?position=21&pageNum=0&refId=Xk5dNYWgUmedT4HFJY34TA%3D%3D&trackingId=Knsxoi2kN0vBTNyTCskHMw%3D%3D,Not specified,2025-09-24 17:31:48.350687,2025-09-24,,de.linkedin.com/jobs/view/operativer-eink%C3%A4ufer-local-buyer-m-w-d-im-bereich-einkauf-handelsware-at-h%C3%BCgli-nahrungsmittel-gmbh-4305556832
Steuerfachangestellte (o.ä.) mit Expertise in Lohnbuchhaltung / Finanzbuchhaltung (m/w/d),Brodbeck + Partner mbB Steuerberatungsgesellschaft,Grünkraut,LinkedIn,https://de.linkedin.com/jobs/view/steuerfachangestellte-o-%C3%A4-mit-expertise-in-lohnbuchhaltung-finanzbuchhaltung-m-w-d-at-brodbeck-%2B-partner-mbb-steuerberatungsgesellschaft-4302920256?position=22&pageNum=0&refId=Xk5dNYWgUmedT4HFJY34TA%3D%3D&trackingId=r3H4s5Jc6eTH5szFeSGYyw%3D%3D,Not specified,2025-09-24 17:31:48.350849,2025-09-24,,de.linkedin.com/jobs/view/steuerfachangestellte-o-%C3%A4-mit-expertise-in-lohnbuchhaltung-finanzbuchhaltung-m-w-d-at-brodbeck-%2B-partner-mbb-steuerberatungsgesellschaft-4302920256
"Lernende/r Fachfrau/-mann Kundendialog (Winterthur, CH, 8400)",Wincasa,"Winterthur, Zürich, Schweiz",LinkedIn,https://ch.linkedin.com/jobs/view/lernende-r-fachfrau-mann-kundendialog-winterthur-ch-8400-at-wincasa-4283515367?position=23&pageNum=0&refId=Xk5dNYWgUmedT4HFJY34TA%3D%3D&trackingId=yu4bmDOx2amaCaiNRZ4%2B6A%3D%3D,Not specified,2025-09-24 17:31:48.351006,2025-09-24,,ch.linkedin.com/jobs/view/lernende-r-fachfrau-mann-kundendialog-winterthur-ch-8400-at-wincasa-4283515367
Spezialist Werkzeugunterhalt Stanztechnik (m/w/d),Rocken®,"Frauenfeld, Thurgau, Schweiz",LinkedIn,https://ch.linkedin.com/jobs/view/spezialist-werkzeugunterhalt-stanztechnik-m-w-d-at-rocken%C2%AE-4304359375?position=27&pageNum=0&refId=Xk5dNYWgUmedT4HFJY34TA%3D%3D&trackingId=%2BQ%2BNfSNF0M5hgFc3nMbeVw%3D%3D,Not specified,2025-09-24 17:31:48.351667,2025-09-24,,ch.linkedin.com/jobs/view/spezialist-werkzeugunterhalt-stanztechnik-m-w-d-at-rocken%C2%AE-4304359375
"Research Scientist, Multimodal Generation",Google DeepMind,"Zürich, Zürich, Schweiz",LinkedIn,https://ch.linkedin.com/jobs/view/research-scientist-multimodal-generation-at-google-deepmind-4294623945?position=13&pageNum=0&refId=KW2T5YY0owF4AgPfn9OK1A%3D%3D&trackingId=8qmWYUiD7iTYXa46tj1muw%3D%3D,Not specified,2025-09-24 17:31:51.235747,2025-09-24,,ch.linkedin.com/jobs/view/research-scientist-multimodal-generation-at-google-deepmind-4294623945
Lead Data Driven & Performance Marketing (100%),Apfelkiste.ch,"Baden, Aargau, Schweiz",LinkedIn,https://ch.linkedin.com/jobs/view/lead-data-driven-performance-marketing-100%25-at-apfelkiste-ch-4302978440?position=16&pageNum=0&refId=KW2T5YY0owF4AgPfn9OK1A%3D%3D&trackingId=ZSah3B0Q2uCQrWyHjKW3jw%3D%3D,Not specified,2025-09-24 17:31:51.236216,2025-09-24,,ch.linkedin.com/jobs/view/lead-data-driven-performance-marketing-100%25-at-apfelkiste-ch-4302978440
Robotics Research Scientist – Dexterous Robotic Manipulation,Huawei,"Zürich, Zürich, Schweiz",LinkedIn,https://ch.linkedin.com/jobs/view/robotics-research-scientist-%E2%80%93-dexterous-robotic-manipulation-at-huawei-4304066970?position=17&pageNum=0&refId=KW2T5YY0owF4AgPfn9OK1A%3D%3D&trackingId=CvQU5fl6FNmMNkrklJI2Uw%3D%3D,Not specified,2025-09-24 17:31:51.236366,2025-09-23,,ch.linkedin.com/jobs/view/robotics-research-scientist-%E2%80%93-dexterous-robotic-manipulation-at-huawei-4304066970
Sr. Performance Marketing Specialist,Gowago,"Zürich, Zürich, Schweiz",LinkedIn,https://ch.linkedin.com/jobs/view/sr-performance-marketing-specialist-at-gowago-4302958220?position=18&pageNum=0&refId=KW2T5YY0owF4AgPfn9OK1A%3D%3D&trackingId=16VS7GqLNucCvlm1RrkbfA%3D%3D,Not specified,2025-09-24 17:31:51.236604,2025-09-24,,ch.linkedin.com/jobs/view/sr-performance-marketing-specialist-at-gowago-4302958220
"Junior IT Business Analyst (W/M/D), 80-100%",emineo Spain,"Baar, Zug, Schweiz",LinkedIn,https://ch.linkedin.com/jobs/view/junior-it-business-analyst-w-m-d-80-100%25-at-emineo-spain-4305557152?position=21&pageNum=0&refId=KW2T5YY0owF4AgPfn9OK1A%3D%3D&trackingId=fA9%2FU2pkiiX%2BB%2Ft8TuCkIQ%3D%3D,Not specified,2025-09-24 17:31:51.237306,2025-09-24,,ch.linkedin.com/jobs/view/junior-it-business-analyst-w-m-d-80-100%25-at-emineo-spain-4305557152
Consultant Business Software (a),Consult & Pepper AG,"Zürich, Schweiz",LinkedIn,https://ch.linkedin.com/jobs/view/consultant-business-software-a-at-consult-pepper-ag-4264837082?position=24&pageNum=0&refId=KW2T5YY0owF4AgPfn9OK1A%3D%3D&trackingId=7jH36BPT88bwaAniAxoymQ%3D%3D,Not specified,2025-09-24 17:31:51.237766,2025-09-24,,ch.linkedin.com/jobs/view/consultant-business-software-a-at-consult-pepper-ag-4264837082
Computer Vision Research Scientist – Depth and 3D perception,Huawei,"Zürich, Zürich, Schweiz",LinkedIn,https://ch.linkedin.com/jobs/view/computer-vision-research-scientist-%E2%80%93-depth-and-3d-perception-at-huawei-4304062808?position=25&pageNum=0&refId=KW2T5YY0owF4AgPfn9OK1A%3D%3D&trackingId=c9zFxpWKtI5o87NT2Ghfag%3D%3D,Not specified,2025-09-24 17:31:51.237926,2025-09-23,,ch.linkedin.com/jobs/view/computer-vision-research-scientist-%E2%80%93-depth-and-3d-perception-at-huawei-4304062808
"Stabsmitarbeiter*in Fokus Prozessoptimierung, IKS & QM 80%",AOZ,"Zürich, Zürich, Schweiz",LinkedIn,https://ch.linkedin.com/jobs/view/stabsmitarbeiter-in-fokus-prozessoptimierung-iks-qm-80%25-at-aoz-4305171563?position=26&pageNum=0&refId=KW2T5YY0owF4AgPfn9OK1A%3D%3D&trackingId=WPffmfP8f9n3dFPv2Dr0Dg%3D%3D,Not specified,2025-09-24 17:31:51.238085,2025-09-24,,ch.linkedin.com/jobs/view/stabsmitarbeiter-in-fokus-prozessoptimierung-iks-qm-80%25-at-aoz-4305171563
Post Market Surveillance Specialist,elemed,"Zürich, Schweiz",LinkedIn,https://ch.linkedin.com/jobs/view/post-market-surveillance-specialist-at-elemed-4302960707?position=29&pageNum=0&refId=KW2T5YY0owF4AgPfn9OK1A%3D%3D&trackingId=K6UmjOoF3hqn1K9KDTgUmQ%3D%3D,Not specified,2025-09-24 17:31:51.238556,2025-09-24,,ch.linkedin.com/jobs/view/post-market-surveillance-specialist-at-elemed-4302960707
Projektleiter:in Entwicklung F&E,Emmi Gruppe,"Emmen, Luzern, Schweiz",LinkedIn,https://ch.linkedin.com/jobs/view/projektleiter-in-entwicklung-f-e-at-emmi-group-4305573483?position=30&pageNum=0&refId=KW2T5YY0owF4AgPfn9OK1A%3D%3D&trackingId=tJvFsPM27U3ZmwHC3iZ82Q%3D%3D,Not specified,2025-09-24 17:31:51.238718,2025-09-24,,ch.linkedin.com/jobs/view/projektleiter-in-entwicklung-f-e-at-emmi-group-4305573483
"Informatiker  als  IT Projektleiter / Consultant (a) 100%, hybrid",Sogema Software,"Zürich, Zürich, Schweiz",LinkedIn,https://ch.linkedin.com/jobs/view/informatiker-als-it-projektleiter-consultant-a-100%25-hybrid-at-sogema-software-4302972130?position=31&pageNum=0&refId=KW2T5YY0owF4AgPfn9OK1A%3D%3D&trackingId=4xeJuLX6oC74X87PY%2FJiUA%3D%3D,Not specified,2025-09-24 17:31:51.238875,2025-09-24,,ch.linkedin.com/jobs/view/informatiker-als-it-projektleiter-consultant-a-100%25-hybrid-at-sogema-software-4302972130
Leiter/in Arbeitsmarktbeobachtung & Kooperationen 80 - 100%,Volkswirtschaftsdirektion Kanton Zürich,"Zürich, Zürich, Schweiz",LinkedIn,https://ch.linkedin.com/jobs/view/leiter-in-arbeitsmarktbeobachtung-kooperationen-80-100%25-at-volkswirtschaftsdirektion-kanton-z%C3%BCrich-4304314426?position=37&pageNum=0&refId=KW2T5YY0owF4AgPfn9OK1A%3D%3D&trackingId=WEFnm6wET3U7sgXSHkWJ%2FQ%3D%3D,Not specified,2025-09-24 17:31:51.239812,2025-09-23,,ch.linkedin.com/jobs/view/leiter-in-arbeitsmarktbeobachtung-kooperationen-80-100%25-at-volkswirtschaftsdirektion-kanton-z%C3%BCrich-4304314426
Kundenberater,Assura,"Aarau, Aargau, Schweiz",LinkedIn,https://ch.linkedin.com/jobs/view/kundenberater-at-assura-4302968323?position=40&pageNum=0&refId=KW2T5YY0owF4AgPfn9OK1A%3D%3D&trackingId=b%2Fbr66eGhLcCZPLsW1DDKg%3D%3D,Not specified,2025-09-24 17:31:51.240287,2025-09-24,,ch.linkedin.com/jobs/view/kundenberater-at-assura-4302968323
"Spezialist:in Digitale Kultur und Assistenz der Geschäftsleitung, Zürcher Filmstiftung (60-80%)",SwissFoundations,"Zürich, Zürich, Schweiz",LinkedIn,https://ch.linkedin.com/jobs/view/spezialist-in-digitale-kultur-und-assistenz-der-gesch%C3%A4ftsleitung-z%C3%BCrcher-filmstiftung-60-80%25-at-swissfoundations-4304945835?position=43&pageNum=0&refId=KW2T5YY0owF4AgPfn9OK1A%3D%3D&trackingId=C44suhw4F0oIQ2%2FnkVmwjQ%3D%3D,Not specified,2025-09-24 17:31:51.240753,2025-09-23,,ch.linkedin.com/jobs/view/spezialist-in-digitale-kultur-und-assistenz-der-gesch%C3%A4ftsleitung-z%C3%BCrcher-filmstiftung-60-80%25-at-swissfoundations-4304945835
Wissenschaftliche/-n Mitarbeiter/-in in Sozialwissenschaftlicher Umweltforschung 80% (w/m/d),"Eidg. Forschungsanstalt für Wald, Schnee und Landschaft WSL","Birmensdorf, Zürich, Schweiz",LinkedIn,https://ch.linkedin.com/jobs/view/wissenschaftliche-n-mitarbeiter-in-in-sozialwissenschaftlicher-umweltforschung-80%25-w-m-d-at-swiss-federal-institute-for-forest-snow-and-landscape-research-wsl-4305551960?position=44&pageNum=0&refId=KW2T5YY0owF4AgPfn9OK1A%3D%3D&trackingId=CTrgfReTTBa0w7CyHidOqw%3D%3D,Not specified,2025-09-24 17:31:51.240913,2025-09-24,,ch.linkedin.com/jobs/view/wissenschaftliche-n-mitarbeiter-in-in-sozialwissenschaftlicher-umweltforschung-80%25-w-m-d-at-swiss-federal-institute-for-forest-snow-and-landscape-research-wsl-4305551960
Project Management Office Analyst (PMO) P&C Transformation (m/w/d) 80 - 100%,Zurich Insurance,"Zürich, Zürich, Schweiz",LinkedIn,https://ch.linkedin.com/jobs/view/project-management-office-analyst-pmo-p-c-transformation-m-w-d-80-100%25-at-zurich-insurance-4304313405?position=49&pageNum=0&refId=KW2T5YY0owF4AgPfn9OK1A%3D%3D&trackingId=cyejZeL5ODYMFlFayznHFw%3D%3D,Not specified,2025-09-24 17:31:51.241700,2025-09-23,,ch.linkedin.com/jobs/view/project-management-office-analyst-pmo-p-c-transformation-m-w-d-80-100%25-at-zurich-insurance-4304313405
Leiter*in Planung Netzinfrastruktur 80 - 100%,ewz,"Zürich, Zürich, Schweiz",LinkedIn,https://ch.linkedin.com/jobs/view/leiter-in-planung-netzinfrastruktur-80-100%25-at-ewz-4305128746?position=50&pageNum=0&refId=KW2T5YY0owF4AgPfn9OK1A%3D%3D&trackingId=VPXz50wjzV5a442UOm5x8w%3D%3D,Not specified,2025-09-24 17:31:51.241856,2025-09-23,,ch.linkedin.com/jobs/view/leiter-in-planung-netzinfrastruktur-80-100%25-at-ewz-4305128746
Objektbuchhalter,Immobilienkultur,"Zürich, Zürich, Schweiz",LinkedIn,https://ch.linkedin.com/jobs/view/objektbuchhalter-at-immobilienkultur-4305603401?position=57&pageNum=0&refId=KW2T5YY0owF4AgPfn9OK1A%3D%3D&trackingId=UfaEr10DgP%2BjApL6C67lZA%3D%3D,Not specified,2025-09-24 17:31:51.242959,2025-09-24,,ch.linkedin.com/jobs/view/objektbuchhalter-at-immobilienkultur-4305603401
IT Business Analyst - Stores Backoffice Portal Frontend (m/f/x),ALDI DX,Mülheim an der Ruhr,LinkedIn,https://de.linkedin.com/jobs/view/it-business-analyst-stores-backoffice-portal-frontend-m-f-x-at-aldi-dx-4299536674?position=27&pageNum=0&refId=Q3wW4JX0cwVvbuFjnCycAg%3D%3D&trackingId=8IhMwWpnIMRDOKJayj%2BQDA%3D%3D,Not specified,2025-09-24 17:31:54.172793,2025-09-24,,de.linkedin.com/jobs/view/it-business-analyst-stores-backoffice-portal-frontend-m-f-x-at-aldi-dx-4299536674
Process Engineer,Westlake,Duisburg,LinkedIn,https://de.linkedin.com/jobs/view/process-engineer-at-westlake-4304530561?position=34&pageNum=0&refId=Q3wW4JX0cwVvbuFjnCycAg%3D%3D&trackingId=LZF1h5eGwpG82kSHJyjx3Q%3D%3D,Not specified,2025-09-24 17:31:54.173895,2025-09-24,,de.linkedin.com/jobs/view/process-engineer-at-westlake-4304530561
Junior Consultant (m/w/d),Empion,Essen,LinkedIn,https://de.linkedin.com/jobs/view/junior-consultant-m-w-d-at-empion-4305544645?position=36&pageNum=0&refId=Q3wW4JX0cwVvbuFjnCycAg%3D%3D&trackingId=useZZOTvmys7hzz6J2tCkw%3D%3D,Not specified,2025-09-24 17:31:54.174229,2025-09-24,,de.linkedin.com/jobs/view/junior-consultant-m-w-d-at-empion-4305544645
Chemical Laboratory Technician (m/w/d),COMPO EXPERT GmbH,Krefeld,LinkedIn,https://de.linkedin.com/jobs/view/chemical-laboratory-technician-m-w-d-at-compo-expert-gmbh-4302949678?position=43&pageNum=0&refId=Q3wW4JX0cwVvbuFjnCycAg%3D%3D&trackingId=dFzZAEOogg4F0JdLSrn9pg%3D%3D,Not specified,2025-09-24 17:31:54.175358,2025-09-24,,de.linkedin.com/jobs/view/chemical-laboratory-technician-m-w-d-at-compo-expert-gmbh-4302949678
IT Business Analyst - Stores Backoffice Portal Frontend (m/w/d),ALDI DX,Mülheim an der Ruhr,LinkedIn,https://de.linkedin.com/jobs/view/it-business-analyst-stores-backoffice-portal-frontend-m-w-d-at-aldi-dx-4299536673?position=51&pageNum=0&refId=Q3wW4JX0cwVvbuFjnCycAg%3D%3D&trackingId=ChtTQPTIfDqbV04IM31jiw%3D%3D,Not specified,2025-09-24 17:31:54.176623,2025-09-24,,de.linkedin.com/jobs/view/it-business-analyst-stores-backoffice-portal-frontend-m-w-d-at-aldi-dx-4299536673
Verkaufsleiter (m/w/d),EDEKA Südwest,Freiburg im Breisgau,LinkedIn,https://de.linkedin.com/jobs/view/verkaufsleiter-m-w-d-at-edeka-s%C3%BCdwest-4302967534?position=1&pageNum=0&refId=qMzoCjo9XVG112eilwSNKg%3D%3D&trackingId=oMv7hdtJmARwzKDeFbOSBQ%3D%3D,Not specified,2025-09-24 17:31:56.864044,2025-09-24,,de.linkedin.com/jobs/view/verkaufsleiter-m-w-d-at-edeka-s%C3%BCdwest-4302967534
Business Analyst:in - Lexware Payroll (d/m/w),Lexware,Freiburg im Breisgau,LinkedIn,https://de.linkedin.com/jobs/view/business-analyst-in-lexware-payroll-d-m-w-at-lexware-4294612913?position=4&pageNum=0&refId=qMzoCjo9XVG112eilwSNKg%3D%3D&trackingId=iHST0AXL7ePa16%2F4Hg9iog%3D%3D,Not specified,2025-09-24 17:31:56.864646,2025-09-24,,de.linkedin.com/jobs/view/business-analyst-in-lexware-payroll-d-m-w-at-lexware-4294612913
Process Consultant Material Master Data Management (f/m/d),Endress+Hauser Gruppe,Freiburg im Breisgau,LinkedIn,https://de.linkedin.com/jobs/view/process-consultant-material-master-data-management-f-m-d-at-endress%2Bhauser-group-4302948511?position=5&pageNum=0&refId=qMzoCjo9XVG112eilwSNKg%3D%3D&trackingId=IOd7xputt3P%2BAjU3KsSSnQ%3D%3D,Not specified,2025-09-24 17:31:56.864809,2025-09-24,,de.linkedin.com/jobs/view/process-consultant-material-master-data-management-f-m-d-at-endress%2Bhauser-group-4302948511
Process Engineer (f/m/d),Freudenberg Performance Materials,"Colmar, Großer Osten, Frankreich",LinkedIn,https://fr.linkedin.com/jobs/view/process-engineer-f-m-d-at-freudenberg-performance-materials-4294652060?position=6&pageNum=0&refId=qMzoCjo9XVG112eilwSNKg%3D%3D&trackingId=VBVcC4jXvJG%2BF0D0WQY2%2Bw%3D%3D,Not specified,2025-09-24 17:31:56.864973,2025-09-24,,fr.linkedin.com/jobs/view/process-engineer-f-m-d-at-freudenberg-performance-materials-4294652060
Senior Prozessingenieur:in,NexWafe,Freiburg im Breisgau,LinkedIn,https://de.linkedin.com/jobs/view/senior-prozessingenieur-in-at-nexwafe-4304532848?position=7&pageNum=0&refId=qMzoCjo9XVG112eilwSNKg%3D%3D&trackingId=S9s3U6Vw6YbXLTU%2BliST0Q%3D%3D,Not specified,2025-09-24 17:31:56.865135,2025-09-24,,de.linkedin.com/jobs/view/senior-prozessingenieur-in-at-nexwafe-4304532848
Logisticien Evènementiel (H/F),Re-uz,"Colmar, Großer Osten, Frankreich",LinkedIn,https://fr.linkedin.com/jobs/view/logisticien-ev%C3%A8nementiel-h-f-at-re-uz-4304064612?position=8&pageNum=0&refId=qMzoCjo9XVG112eilwSNKg%3D%3D&trackingId=q875uxuvBM47NyD0%2FPpzRA%3D%3D,Not specified,2025-09-24 17:31:56.865295,2025-09-23,,fr.linkedin.com/jobs/view/logisticien-ev%C3%A8nementiel-h-f-at-re-uz-4304064612
Process Consultant Material Master Data Management (f/m/d),Endress+Hauser Gruppe,Freiburg im Breisgau,LinkedIn,https://de.linkedin.com/jobs/view/process-consultant-material-master-data-management-f-m-d-at-endress%2Bhauser-group-4302930830?position=10&pageNum=0&refId=qMzoCjo9XVG112eilwSNKg%3D%3D&trackingId=JjDgAvp0uCzkHdHTbYz7hQ%3D%3D,Not specified,2025-09-24 17:31:56.865609,2025-09-24,,de.linkedin.com/jobs/view/process-consultant-material-master-data-management-f-m-d-at-endress%2Bhauser-group-4302930830
Technicien de laboratoire chimie analytique,Lonza,"Colmar, Großer Osten, Frankreich",LinkedIn,https://fr.linkedin.com/jobs/view/technicien-de-laboratoire-chimie-analytique-at-lonza-4305574704?position=21&pageNum=0&refId=qMzoCjo9XVG112eilwSNKg%3D%3D&trackingId=qs8Bztvo9HrkgFn4mR06ow%3D%3D,Not specified,2025-09-24 17:31:56.868120,2025-09-24,,fr.linkedin.com/jobs/view/technicien-de-laboratoire-chimie-analytique-at-lonza-4305574704
Kunden­be­rater Sozi­al­ver­si­che­rung (m/w/d),Die Techniker,Freiburg im Breisgau,LinkedIn,https://de.linkedin.com/jobs/view/kunden%C2%ADbe%C2%ADrater-sozi%C2%ADal%C2%ADver%C2%ADsi%C2%ADche%C2%ADrung-m-w-d-at-techniker-krankenkasse-4299067631?position=22&pageNum=0&refId=qMzoCjo9XVG112eilwSNKg%3D%3D&trackingId=ASkq8uOYEhSD3AHmB7H4XA%3D%3D,Not specified,2025-09-24 17:31:56.868311,2025-09-23,,de.linkedin.com/jobs/view/kunden%C2%ADbe%C2%ADrater-sozi%C2%ADal%C2%ADver%C2%ADsi%C2%ADche%C2%ADrung-m-w-d-at-techniker-krankenkasse-4299067631
Assistenz der Geschäftsführung (m/w/d),Amadeus Fire,Biberach,LinkedIn,https://de.linkedin.com/jobs/view/assistenz-der-gesch%C3%A4ftsf%C3%BChrung-m-w-d-at-amadeus-fire-4305581420?position=29&pageNum=0&refId=qMzoCjo9XVG112eilwSNKg%3D%3D&trackingId=KNgrUaXtawQr4%2FtnPfbsMw%3D%3D,Not specified,2025-09-24 17:31:56.870425,2025-09-24,,de.linkedin.com/jobs/view/assistenz-der-gesch%C3%A4ftsf%C3%BChrung-m-w-d-at-amadeus-fire-4305581420
"Nachhilfelehrer (m/w/d) Minijob, Rentnerjob",Mini-Lernkreis Nachhilfe,Feucht,LinkedIn,https://de.linkedin.com/jobs/view/nachhilfelehrer-m-w-d-minijob-rentnerjob-at-mini-lernkreis-nachhilfe-4304377638?position=6&pageNum=0&refId=WmD2Jn7l0C3ABtDQnqB%2Fyw%3D%3D&trackingId=rq5bVCxt0Wz20vsET528tA%3D%3D,Not specified,2025-09-24 17:31:59.556396,2025-09-24,,de.linkedin.com/jobs/view/nachhilfelehrer-m-w-d-minijob-rentnerjob-at-mini-lernkreis-nachhilfe-4304377638
Werkstudenten (m/w/d) Verkehrsanlagenplanung,Schüßler-Plan,Nürnberg,LinkedIn,https://de.linkedin.com/jobs/view/werkstudenten-m-w-d-verkehrsanlagenplanung-at-sch%C3%BC%C3%9Fler-plan-4302975620?position=10&pageNum=0&refId=WmD2Jn7l0C3ABtDQnqB%2Fyw%3D%3D&trackingId=UblfwYuW2hit3CUQV11%2B8A%3D%3D,Not specified,2025-09-24 17:31:59.557016,2025-09-24,,de.linkedin.com/jobs/view/werkstudenten-m-w-d-verkehrsanlagenplanung-at-sch%C3%BC%C3%9Fler-plan-4302975620
MTLA (m/w/d) Klinische Chemie,SYNLAB Holding Deutschland GmbH,Nürnberg,LinkedIn,https://de.linkedin.com/jobs/view/mtla-m-w-d-klinische-chemie-at-synlab-holding-deutschland-gmbh-4304563006?position=11&pageNum=0&refId=WmD2Jn7l0C3ABtDQnqB%2Fyw%3D%3D&trackingId=%2B21Rsm4aoOrcyYmeCAVL9g%3D%3D,Not specified,2025-09-24 17:31:59.557175,2025-09-24,,de.linkedin.com/jobs/view/mtla-m-w-d-klinische-chemie-at-synlab-holding-deutschland-gmbh-4304563006
MTLA (m/w/d) für unser Krankenhauslabor in Nürnberg,SYNLAB Holding Deutschland GmbH,Nürnberg,LinkedIn,https://de.linkedin.com/jobs/view/mtla-m-w-d-f%C3%BCr-unser-krankenhauslabor-in-n%C3%BCrnberg-at-synlab-holding-deutschland-gmbh-4304555254?position=15&pageNum=0&refId=WmD2Jn7l0C3ABtDQnqB%2Fyw%3D%3D&trackingId=eFdTOZQxLth6yJElhxpaHg%3D%3D,Not specified,2025-09-24 17:31:59.557788,2025-09-24,,de.linkedin.com/jobs/view/mtla-m-w-d-f%C3%BCr-unser-krankenhauslabor-in-n%C3%BCrnberg-at-synlab-holding-deutschland-gmbh-4304555254
TYPO3-Spezialist (m/w/d) - Template-Entwicklung & Content-Umsetzung,Garant Immobilien GmbH,Nürnberg,LinkedIn,https://de.linkedin.com/jobs/view/typo3-spezialist-m-w-d-template-entwicklung-content-umsetzung-at-garant-immobilien-gmbh-4305169415?position=21&pageNum=0&refId=WmD2Jn7l0C3ABtDQnqB%2Fyw%3D%3D&trackingId=1EMASsvaD%2FNT8TyMiNO0Ug%3D%3D,Not specified,2025-09-24 17:31:59.558744,2025-09-23,,de.linkedin.com/jobs/view/typo3-spezialist-m-w-d-template-entwicklung-content-umsetzung-at-garant-immobilien-gmbh-4305169415
Nachwuchsführungskraft Verkauf (m/w/d),ALDI SÜD,Nürnberg,LinkedIn,https://de.linkedin.com/jobs/view/nachwuchsf%C3%BChrungskraft-verkauf-m-w-d-at-aldi-s%C3%BCd-4304058176?position=22&pageNum=0&refId=WmD2Jn7l0C3ABtDQnqB%2Fyw%3D%3D&trackingId=jCxax0%2Fh0LVmL37zwH7viA%3D%3D,Not specified,2025-09-24 17:31:59.558898,2025-09-23,,de.linkedin.com/jobs/view/nachwuchsf%C3%BChrungskraft-verkauf-m-w-d-at-aldi-s%C3%BCd-4304058176
Lagerhelfer Housekeeping (m/w/d),AHORN Hotels & Resorts,Oberhof,LinkedIn,https://de.linkedin.com/jobs/view/lagerhelfer-housekeeping-m-w-d-at-ahorn-hotels-resorts-4304318984?position=24&pageNum=0&refId=WmD2Jn7l0C3ABtDQnqB%2Fyw%3D%3D&trackingId=wQ17eSpi2rQHLqzRyDAfHg%3D%3D,Not specified,2025-09-24 17:31:59.559208,2025-09-23,,de.linkedin.com/jobs/view/lagerhelfer-housekeeping-m-w-d-at-ahorn-hotels-resorts-4304318984
Steuerfachangestellte (m/w/d) strategisch,Steuern steuern®,Nürnberg,LinkedIn,https://de.linkedin.com/jobs/view/steuerfachangestellte-m-w-d-strategisch-at-kasper-k%C3%B6berpartner-gmbh-steuerberatungsgesellschaft-4302964262?position=27&pageNum=0&refId=WmD2Jn7l0C3ABtDQnqB%2Fyw%3D%3D&trackingId=waXXugSmrRBtPjOKC8V%2BNw%3D%3D,Not specified,2025-09-24 17:31:59.559669,2025-09-24,,de.linkedin.com/jobs/view/steuerfachangestellte-m-w-d-strategisch-at-kasper-k%C3%B6berpartner-gmbh-steuerberatungsgesellschaft-4302964262
Senior IT Business Architect Healthcare (m/w/d),BWI GmbH,Nürnberg,LinkedIn,https://de.linkedin.com/jobs/view/senior-it-business-architect-healthcare-m-w-d-at-bwi-gmbh-4289784373?position=31&pageNum=0&refId=WmD2Jn7l0C3ABtDQnqB%2Fyw%3D%3D&trackingId=FW0pDPxz1mmYbehvKt2jeg%3D%3D,Not specified,2025-09-24 17:31:59.560336,2025-09-24,,de.linkedin.com/jobs/view/senior-it-business-architect-healthcare-m-w-d-at-bwi-gmbh-4289784373
Steuerfachangestellte Tax Accounting & Reporting (m/w/d),Rödl & Partner,Nürnberg,LinkedIn,https://de.linkedin.com/jobs/view/steuerfachangestellte-tax-accounting-reporting-m-w-d-at-r%C3%B6dl-partner-4122647530?position=35&pageNum=0&refId=WmD2Jn7l0C3ABtDQnqB%2Fyw%3D%3D&trackingId=txWkK4yAo%2FOncFzZrtVFAw%3D%3D,Not specified,2025-09-24 17:31:59.560978,2025-09-24,,de.linkedin.com/jobs/view/steuerfachangestellte-tax-accounting-reporting-m-w-d-at-r%C3%B6dl-partner-4122647530
WDVS Spezialist (m/w/d),Heinrich Schmid,Emmering,LinkedIn,https://de.linkedin.com/jobs/view/wdvs-spezialist-m-w-d-at-heinrich-schmid-4305582685?position=9&pageNum=0&refId=h%2BV2IEPaNTiN0Eh4uYfolA%3D%3D&trackingId=omu1WA3hwGti0vhN0JHKiQ%3D%3D,Not specified,2025-09-24 17:32:02.171817,2025-09-24,,de.linkedin.com/jobs/view/wdvs-spezialist-m-w-d-at-heinrich-schmid-4305582685
Chemikant*in - Wechselschicht,Clariant,Gersthofen,LinkedIn,https://de.linkedin.com/jobs/view/chemikant-in-wechselschicht-at-clariant-4294987430?position=10&pageNum=0&refId=h%2BV2IEPaNTiN0Eh4uYfolA%3D%3D&trackingId=FtxbPI%2B1FtA8RGTYnXl7pQ%3D%3D,Not specified,2025-09-24 17:32:02.171995,2025-09-24,,de.linkedin.com/jobs/view/chemikant-in-wechselschicht-at-clariant-4294987430
Spezialist Kranken- und Lebensversicherung im Innendienst (m/w/d),impuls Finanzmanagement AG,Gersthofen,LinkedIn,https://de.linkedin.com/jobs/view/spezialist-kranken-und-lebensversicherung-im-innendienst-m-w-d-at-impuls-finanzmanagement-ag-4302981477?position=11&pageNum=0&refId=h%2BV2IEPaNTiN0Eh4uYfolA%3D%3D&trackingId=1ptwcUW3oikIrJg47q5IYg%3D%3D,Not specified,2025-09-24 17:32:02.172173,2025-09-24,,de.linkedin.com/jobs/view/spezialist-kranken-und-lebensversicherung-im-innendienst-m-w-d-at-impuls-finanzmanagement-ag-4302981477
Praxissemester/Abschlussarbeit Umwelt- und Verfahrenstechnik (m/w/d),Pfeifer Group,Kühbach,LinkedIn,https://de.linkedin.com/jobs/view/praxissemester-abschlussarbeit-umwelt-und-verfahrenstechnik-m-w-d-at-pfeifer-group-4258339263?position=12&pageNum=0&refId=h%2BV2IEPaNTiN0Eh4uYfolA%3D%3D&trackingId=UZz9LRQXDrEfJ0LvltH%2FVA%3D%3D,Not specified,2025-09-24 17:32:02.172354,2025-09-24,,de.linkedin.com/jobs/view/praxissemester-abschlussarbeit-umwelt-und-verfahrenstechnik-m-w-d-at-pfeifer-group-4258339263
Steuerfachangestellter (m/w/d),Mitte,Augsburg,LinkedIn,https://de.linkedin.com/jobs/view/steuerfachangestellter-m-w-d-at-mitte-4302908525?position=13&pageNum=0&refId=h%2BV2IEPaNTiN0Eh4uYfolA%3D%3D&trackingId=djXbNFyXBW8MpWNkaJ2GNQ%3D%3D,Not specified,2025-09-24 17:32:02.172533,2025-09-24,,de.linkedin.com/jobs/view/steuerfachangestellter-m-w-d-at-mitte-4302908525
(Junior) Projektingenieur:in Umweltschutz,Deutsche Bahn,Augsburg,LinkedIn,https://de.linkedin.com/jobs/view/junior-projektingenieur-in-umweltschutz-at-deutsche-bahn-4305513889?position=16&pageNum=0&refId=h%2BV2IEPaNTiN0Eh4uYfolA%3D%3D&trackingId=CFGj9NBurhCtSr7dwAkGqA%3D%3D,Not specified,2025-09-24 17:32:02.173080,2025-09-24,,de.linkedin.com/jobs/view/junior-projektingenieur-in-umweltschutz-at-deutsche-bahn-4305513889
Nachwuchsführungskraft Verkauf (m/w/d),ALDI SÜD,Nürnberg,LinkedIn,https://de.linkedin.com/jobs/view/nachwuchsf%C3%BChrungskraft-verkauf-m-w-d-at-aldi-s%C3%BCd-4304053315?position=28&pageNum=0&refId=wFoSbPzq%2Fs9DDRbQf40UsA%3D%3D&trackingId=8UFqXxg8ZhE9j%2BGxedBa9g%3D%3D,Not specified,2025-09-24 17:32:04.962502,2025-09-23,,de.linkedin.com/jobs/view/nachwuchsf%C3%BChrungskraft-verkauf-m-w-d-at-aldi-s%C3%BCd-4304053315
Nachwuchsführungskraft Verkauf (m/w/d),ALDI SÜD,Nürnberg,LinkedIn,https://de.linkedin.com/jobs/view/nachwuchsf%C3%BChrungskraft-verkauf-m-w-d-at-aldi-s%C3%BCd-4304054287?position=32&pageNum=0&refId=wFoSbPzq%2Fs9DDRbQf40UsA%3D%3D&trackingId=1Fra%2Fy3ZQphHS2AuZy0yhg%3D%3D,Not specified,2025-09-24 17:32:04.963120,2025-09-23,,de.linkedin.com/jobs/view/nachwuchsf%C3%BChrungskraft-verkauf-m-w-d-at-aldi-s%C3%BCd-4304054287
Nachwuchsführungskraft Verkauf (m/w/d),ALDI SÜD,Roth,LinkedIn,https://de.linkedin.com/jobs/view/nachwuchsf%C3%BChrungskraft-verkauf-m-w-d-at-aldi-s%C3%BCd-4304068029?position=33&pageNum=0&refId=wFoSbPzq%2Fs9DDRbQf40UsA%3D%3D&trackingId=HwNa8TK4Q98RwhswqwM5mQ%3D%3D,Not specified,2025-09-24 17:32:04.963280,2025-09-23,,de.linkedin.com/jobs/view/nachwuchsf%C3%BChrungskraft-verkauf-m-w-d-at-aldi-s%C3%BCd-4304068029
Nachwuchsführungskraft Verkauf (m/w/d),ALDI SÜD,Hilpoltstein,LinkedIn,https://de.linkedin.com/jobs/view/nachwuchsf%C3%BChrungskraft-verkauf-m-w-d-at-aldi-s%C3%BCd-4304061175?position=36&pageNum=0&refId=wFoSbPzq%2Fs9DDRbQf40UsA%3D%3D&trackingId=MjA3SBgrITeAZGrcRHCDQg%3D%3D,Not specified,2025-09-24 17:32:04.963749,2025-09-23,,de.linkedin.com/jobs/view/nachwuchsf%C3%BChrungskraft-verkauf-m-w-d-at-aldi-s%C3%BCd-4304061175
Nachwuchsführungskraft Verkauf (m/w/d),ALDI SÜD,Bubenreuth,LinkedIn,https://de.linkedin.com/jobs/view/nachwuchsf%C3%BChrungskraft-verkauf-m-w-d-at-aldi-s%C3%BCd-4304057213?position=37&pageNum=0&refId=wFoSbPzq%2Fs9DDRbQf40UsA%3D%3D&trackingId=Z%2F%2BrY6s8sz2J6MH7ZH8ihw%3D%3D,Not specified,2025-09-24 17:32:04.963918,2025-09-23,,de.linkedin.com/jobs/view/nachwuchsf%C3%BChrungskraft-verkauf-m-w-d-at-aldi-s%C3%BCd-4304057213
Senior Kundenberater Vertriebsinnendienst Automobil- und Defence-Branche (m/w/d),uvex group,Fürth (Landkreis),LinkedIn,https://de.linkedin.com/jobs/view/senior-kundenberater-vertriebsinnendienst-automobil-und-defence-branche-m-w-d-at-uvex-group-4302952634?position=53&pageNum=0&refId=wFoSbPzq%2Fs9DDRbQf40UsA%3D%3D&trackingId=obPCBdWge%2F4sODnkT87GnA%3D%3D,Not specified,2025-09-24 17:32:04.966283,2025-09-24,,de.linkedin.com/jobs/view/senior-kundenberater-vertriebsinnendienst-automobil-und-defence-branche-m-w-d-at-uvex-group-4302952634
Business Analyst,Finanz Informatik,Hannover,LinkedIn,https://de.linkedin.com/jobs/view/business-analyst-at-finanz-informatik-4304519834?position=2&pageNum=0&refId=vCyLB1NpgW9c5SFAIx1aCg%3D%3D&trackingId=QRv4lzTBGv8g8HBUVI%2Fd%2FQ%3D%3D,Not specified,2025-09-24 17:32:07.880896,2025-09-24,,de.linkedin.com/jobs/view/business-analyst-at-finanz-informatik-4304519834
Business Analyst,Finanz Informatik,Hannover,LinkedIn,https://de.linkedin.com/jobs/view/business-analyst-at-finanz-informatik-4304528602?position=3&pageNum=0&refId=vCyLB1NpgW9c5SFAIx1aCg%3D%3D&trackingId=eKX2qbBwAm6zOtMx5%2F70Gg%3D%3D,Not specified,2025-09-24 17:32:07.881798,2025-09-24,,de.linkedin.com/jobs/view/business-analyst-at-finanz-informatik-4304528602
Business Analyst (m/w/d) TechManager App,WERTGARANTIE Group,Hannover,LinkedIn,https://de.linkedin.com/jobs/view/business-analyst-m-w-d-techmanager-app-at-wertgarantie-group-4304546434?position=4&pageNum=0&refId=vCyLB1NpgW9c5SFAIx1aCg%3D%3D&trackingId=lneCvHvUZaLN2hQta6w5hw%3D%3D,Not specified,2025-09-24 17:32:07.882212,2025-09-24,,de.linkedin.com/jobs/view/business-analyst-m-w-d-techmanager-app-at-wertgarantie-group-4304546434
Business Analyst Auslandsgeschäft,Finanz Informatik,Hannover,LinkedIn,https://de.linkedin.com/jobs/view/business-analyst-auslandsgesch%C3%A4ft-at-finanz-informatik-4304530527?position=6&pageNum=0&refId=vCyLB1NpgW9c5SFAIx1aCg%3D%3D&trackingId=cPRLD7UuYB2KR1JLJq%2BG2g%3D%3D,Not specified,2025-09-24 17:32:07.883104,2025-09-24,,de.linkedin.com/jobs/view/business-analyst-auslandsgesch%C3%A4ft-at-finanz-informatik-4304530527
Junior Vertriebler Außendienst Neukundenakquise (m/w/d),Ströer SE & Co. KGaA,Hannover,LinkedIn,https://de.linkedin.com/jobs/view/junior-vertriebler-au%C3%9Fendienst-neukundenakquise-m-w-d-at-str%C3%B6er-se-co-kgaa-4265474539?position=10&pageNum=0&refId=vCyLB1NpgW9c5SFAIx1aCg%3D%3D&trackingId=4kfRXF%2BLPZcxSiQGJ%2BZ6mw%3D%3D,Not specified,2025-09-24 17:32:07.884658,2025-09-24,,de.linkedin.com/jobs/view/junior-vertriebler-au%C3%9Fendienst-neukundenakquise-m-w-d-at-str%C3%B6er-se-co-kgaa-4265474539
Prüfungsassistent:in,Gehrke Econ,Hannover,LinkedIn,https://de.linkedin.com/jobs/view/pr%C3%BCfungsassistent-in-at-gehrke-econ-4305551370?position=16&pageNum=0&refId=vCyLB1NpgW9c5SFAIx1aCg%3D%3D&trackingId=%2FNrOoDO%2BZXUhUIWWQKgraw%3D%3D,Not specified,2025-09-24 17:32:07.888012,2025-09-24,,de.linkedin.com/jobs/view/pr%C3%BCfungsassistent-in-at-gehrke-econ-4305551370
Lagerspezialist im Store Hannover (40h/Woche) - Studentjob.de,Jobster,Hannover,LinkedIn,https://de.linkedin.com/jobs/view/lagerspezialist-im-store-hannover-40h-woche-studentjob-de-at-jobster-4304500653?position=17&pageNum=0&refId=vCyLB1NpgW9c5SFAIx1aCg%3D%3D&trackingId=3%2F5d1g0tX5YhSPmvuZ57Yw%3D%3D,Not specified,2025-09-24 17:32:07.888818,2025-09-24,,de.linkedin.com/jobs/view/lagerspezialist-im-store-hannover-40h-woche-studentjob-de-at-jobster-4304500653
Prüfungsleiter (m/w/d),CURACON GmbH,Hannover,LinkedIn,https://de.linkedin.com/jobs/view/pr%C3%BCfungsleiter-m-w-d-at-curacon-gmbh-4304553098?position=18&pageNum=0&refId=vCyLB1NpgW9c5SFAIx1aCg%3D%3D&trackingId=haDrIkXhpjywvcojwRHL4Q%3D%3D,Not specified,2025-09-24 17:32:07.889171,2025-09-24,,de.linkedin.com/jobs/view/pr%C3%BCfungsleiter-m-w-d-at-curacon-gmbh-4304553098
Mitarbeiter im Kundenservice (m/w/d),WERTGARANTIE Group,Hannover,LinkedIn,https://de.linkedin.com/jobs/view/mitarbeiter-im-kundenservice-m-w-d-at-wertgarantie-group-4288270555?position=21&pageNum=0&refId=vCyLB1NpgW9c5SFAIx1aCg%3D%3D&trackingId=d8AiQYkDeaMvzFdiiK0fyw%3D%3D,Not specified,2025-09-24 17:32:07.890217,2025-09-24,,de.linkedin.com/jobs/view/mitarbeiter-im-kundenservice-m-w-d-at-wertgarantie-group-4288270555
Consultant Audit / Wirtschaftsprüfung (m/w/d),Rödl & Partner,Hannover,LinkedIn,https://de.linkedin.com/jobs/view/consultant-audit-wirtschaftspr%C3%BCfung-m-w-d-at-r%C3%B6dl-partner-4122646575?position=22&pageNum=0&refId=vCyLB1NpgW9c5SFAIx1aCg%3D%3D&trackingId=pvTyddXchti2A6S2tS3TBw%3D%3D,Not specified,2025-09-24 17:32:07.890568,2025-09-24,,de.linkedin.com/jobs/view/consultant-audit-wirtschaftspr%C3%BCfung-m-w-d-at-r%C3%B6dl-partner-4122646575
Fachkoordinator Qualitätsmanagement (m/w/d),WERTGARANTIE Group,Hannover,LinkedIn,https://de.linkedin.com/jobs/view/fachkoordinator-qualit%C3%A4tsmanagement-m-w-d-at-wertgarantie-group-4291097929?position=27&pageNum=0&refId=vCyLB1NpgW9c5SFAIx1aCg%3D%3D&trackingId=La1D41mnJSstuR6Mm4XfQA%3D%3D,Not specified,2025-09-24 17:32:07.939902,2025-09-24,,de.linkedin.com/jobs/view/fachkoordinator-qualit%C3%A4tsmanagement-m-w-d-at-wertgarantie-group-4291097929
Steuerfachangestellter (m/w/d),Mitte,Hannover,LinkedIn,https://de.linkedin.com/jobs/view/steuerfachangestellter-m-w-d-at-mitte-4302924276?position=29&pageNum=0&refId=vCyLB1NpgW9c5SFAIx1aCg%3D%3D&trackingId=oTo4Q97RNovov7zD5Mp39w%3D%3D,Not specified,2025-09-24 17:32:07.971413,2025-09-24,,de.linkedin.com/jobs/view/steuerfachangestellter-m-w-d-at-mitte-4302924276
Steuerfachangestellter (m/w/d),Mitte,Hannover,LinkedIn,https://de.linkedin.com/jobs/view/steuerfachangestellter-m-w-d-at-mitte-4302915444?position=31&pageNum=0&refId=vCyLB1NpgW9c5SFAIx1aCg%3D%3D&trackingId=tLSWc5pKPBXeU8B4r6BqVg%3D%3D,Not specified,2025-09-24 17:32:07.972233,2025-09-24,,de.linkedin.com/jobs/view/steuerfachangestellter-m-w-d-at-mitte-4302915444
Business Analyst Gesetzliche Krankenversicherung (all genders),adesso SE,Hannover,LinkedIn,https://de.linkedin.com/jobs/view/business-analyst-gesetzliche-krankenversicherung-all-genders-at-adesso-se-4283024627?position=32&pageNum=0&refId=vCyLB1NpgW9c5SFAIx1aCg%3D%3D&trackingId=JJCDg3FqQiKkw%2FRwH2X1AA%3D%3D,Not specified,2025-09-24 17:32:07.972559,2025-09-24,,de.linkedin.com/jobs/view/business-analyst-gesetzliche-krankenversicherung-all-genders-at-adesso-se-4283024627
Anwendungsberater:in - Bildgesteuerte Chirurgie / Hannover,Brainlab,Hannover,LinkedIn,https://de.linkedin.com/jobs/view/anwendungsberater-in-bildgesteuerte-chirurgie-hannover-at-brainlab-4305550374?position=37&pageNum=0&refId=vCyLB1NpgW9c5SFAIx1aCg%3D%3D&trackingId=k2REusos0h0PrmMheMbGgg%3D%3D,Not specified,2025-09-24 17:32:07.979032,2025-09-24,,de.linkedin.com/jobs/view/anwendungsberater-in-bildgesteuerte-chirurgie-hannover-at-brainlab-4305550374
Mitarbeiter (m/w/d) Vertriebsverwaltung,Dirk Rossmann GmbH,Burgwedel,LinkedIn,https://de.linkedin.com/jobs/view/mitarbeiter-m-w-d-vertriebsverwaltung-at-dirk-rossmann-gmbh-4294342392?position=39&pageNum=0&refId=vCyLB1NpgW9c5SFAIx1aCg%3D%3D&trackingId=zU5qgjgD6hF4REsf5XpnnA%3D%3D,Not specified,2025-09-24 17:32:07.980724,2025-09-24,,de.linkedin.com/jobs/view/mitarbeiter-m-w-d-vertriebsverwaltung-at-dirk-rossmann-gmbh-4294342392
Spezialist (m/w/d) für das Abrechnungsmanagement,Amadeus Fire,Hannover,LinkedIn,https://de.linkedin.com/jobs/view/spezialist-m-w-d-f%C3%BCr-das-abrechnungsmanagement-at-amadeus-fire-4305104523?position=43&pageNum=0&refId=vCyLB1NpgW9c5SFAIx1aCg%3D%3D&trackingId=uiTdbC7b1vsrRugThJPgyQ%3D%3D,Not specified,2025-09-24 17:32:07.984659,2025-09-23,,de.linkedin.com/jobs/view/spezialist-m-w-d-f%C3%BCr-das-abrechnungsmanagement-at-amadeus-fire-4305104523
Spezialist:in Leit- und Sicherungstechnik (w/m/d),Deutsche Bahn,Hannover,LinkedIn,https://de.linkedin.com/jobs/view/spezialist-in-leit-und-sicherungstechnik-w-m-d-at-deutsche-bahn-4294948234?position=44&pageNum=0&refId=vCyLB1NpgW9c5SFAIx1aCg%3D%3D&trackingId=QOe7lNluuuKusWKaBYjc3w%3D%3D,Not specified,2025-09-24 17:32:07.985727,2025-09-24,,de.linkedin.com/jobs/view/spezialist-in-leit-und-sicherungstechnik-w-m-d-at-deutsche-bahn-4294948234
Operativer Einkäufer (m/w/d) in einem internationalen Umfeld,Amadeus Fire,Hannover,LinkedIn,https://de.linkedin.com/jobs/view/operativer-eink%C3%A4ufer-m-w-d-in-einem-internationalen-umfeld-at-amadeus-fire-4305101603?position=45&pageNum=0&refId=vCyLB1NpgW9c5SFAIx1aCg%3D%3D&trackingId=IizT09puu4Xp8Ay8vOKQew%3D%3D,Not specified,2025-09-24 17:32:07.986685,2025-09-23,,de.linkedin.com/jobs/view/operativer-eink%C3%A4ufer-m-w-d-in-einem-internationalen-umfeld-at-amadeus-fire-4305101603
Reinforcement Learning for Humanoid Robots (Human),NEURA Robotics,Metzingen,LinkedIn,https://de.linkedin.com/jobs/view/reinforcement-learning-for-humanoid-robots-human-at-neura-robotics-4305588072?position=4&pageNum=0&refId=1HDSXM%2FYNSD0IfhtQvgfSw%3D%3D&trackingId=s1Z3KhMCPOWu%2BSPY7yo7Sw%3D%3D,Not specified,2025-09-24 17:32:10.981541,2025-09-24,,de.linkedin.com/jobs/view/reinforcement-learning-for-humanoid-robots-human-at-neura-robotics-4305588072
Senior IT Consultant Power Platform (m/w/d) - bundesweit,HSO,Böblingen,LinkedIn,https://de.linkedin.com/jobs/view/senior-it-consultant-power-platform-m-w-d-bundesweit-at-hso-4284139082?position=13&pageNum=0&refId=1HDSXM%2FYNSD0IfhtQvgfSw%3D%3D&trackingId=vQIoeef4XFWloBtZQLwIFQ%3D%3D,Not specified,2025-09-24 17:32:10.982942,2025-09-24,,de.linkedin.com/jobs/view/senior-it-consultant-power-platform-m-w-d-bundesweit-at-hso-4284139082
Enterprise Architect (m/w/d) - bundesweit,HSO,Böblingen,LinkedIn,https://de.linkedin.com/jobs/view/enterprise-architect-m-w-d-bundesweit-at-hso-4283059912?position=16&pageNum=0&refId=1HDSXM%2FYNSD0IfhtQvgfSw%3D%3D&trackingId=F09Z2c09Lr4bv3hvnYU4jg%3D%3D,Not specified,2025-09-24 17:32:10.983406,2025-09-24,,de.linkedin.com/jobs/view/enterprise-architect-m-w-d-bundesweit-at-hso-4283059912
Technical Recruiter,Applied Intuition,Stuttgart,LinkedIn,https://de.linkedin.com/jobs/view/technical-recruiter-at-applied-intuition-4182570679?position=20&pageNum=0&refId=1HDSXM%2FYNSD0IfhtQvgfSw%3D%3D&trackingId=bG%2BAL7kbUFFMNAQVWJt%2Fog%3D%3D,Not specified,2025-09-24 17:32:10.984049,2025-09-24,,de.linkedin.com/jobs/view/technical-recruiter-at-applied-intuition-4182570679
Software Integration Engineer,Applied Intuition,Stuttgart,LinkedIn,https://de.linkedin.com/jobs/view/software-integration-engineer-at-applied-intuition-4118986295?position=31&pageNum=0&refId=1HDSXM%2FYNSD0IfhtQvgfSw%3D%3D&trackingId=H3b9YAKAQnhfXBeNUzUajA%3D%3D,Not specified,2025-09-24 17:32:10.985745,2025-09-24,,de.linkedin.com/jobs/view/software-integration-engineer-at-applied-intuition-4118986295
Systems Engineer,Applied Intuition,Stuttgart,LinkedIn,https://de.linkedin.com/jobs/view/systems-engineer-at-applied-intuition-4266194109?position=32&pageNum=0&refId=1HDSXM%2FYNSD0IfhtQvgfSw%3D%3D&trackingId=ibuxoaPN6me0HdRRdKazlg%3D%3D,Not specified,2025-09-24 17:32:10.985895,2025-09-24,,de.linkedin.com/jobs/view/systems-engineer-at-applied-intuition-4266194109
(Senior) Power Platform Architect (m/w/d) - bundesweit,HSO,Böblingen,LinkedIn,https://de.linkedin.com/jobs/view/senior-power-platform-architect-m-w-d-bundesweit-at-hso-4283881116?position=34&pageNum=0&refId=1HDSXM%2FYNSD0IfhtQvgfSw%3D%3D&trackingId=JVY617tLEd9g6cohcVhntA%3D%3D,Not specified,2025-09-24 17:32:10.986205,2025-09-24,,de.linkedin.com/jobs/view/senior-power-platform-architect-m-w-d-bundesweit-at-hso-4283881116
Modern Workplace – Technical Delivery Lead (w/m/x),Avanade,Stuttgart,LinkedIn,https://de.linkedin.com/jobs/view/modern-workplace-%E2%80%93-technical-delivery-lead-w-m-x-at-avanade-4299016195?position=44&pageNum=0&refId=1HDSXM%2FYNSD0IfhtQvgfSw%3D%3D&trackingId=917Mjas3scAUNVHW3gqaaw%3D%3D,Not specified,2025-09-24 17:32:10.987782,2025-09-24,,de.linkedin.com/jobs/view/modern-workplace-%E2%80%93-technical-delivery-lead-w-m-x-at-avanade-4299016195
Endpoint Management Architect (w/m/x),Avanade,Stuttgart,LinkedIn,https://de.linkedin.com/jobs/view/endpoint-management-architect-w-m-x-at-avanade-4299014243?position=48&pageNum=0&refId=1HDSXM%2FYNSD0IfhtQvgfSw%3D%3D&trackingId=ck0y3v8MsyVUGXH0Se1x6Q%3D%3D,Not specified,2025-09-24 17:32:10.988405,2025-09-24,,de.linkedin.com/jobs/view/endpoint-management-architect-w-m-x-at-avanade-4299014243
Software Architect (all genders) - DEX,TeamViewer,Göppingen,LinkedIn,https://de.linkedin.com/jobs/view/software-architect-all-genders-dex-at-teamviewer-4305570751?position=51&pageNum=0&refId=1HDSXM%2FYNSD0IfhtQvgfSw%3D%3D&trackingId=0F5bwJeiPEJ6JHLV%2FYrEMA%3D%3D,Not specified,2025-09-24 17:32:10.988893,2025-09-24,,de.linkedin.com/jobs/view/software-architect-all-genders-dex-at-teamviewer-4305570751
Go-to-Market Lead - Toolhive,TDM Systems,Tübingen,LinkedIn,https://de.linkedin.com/jobs/view/go-to-market-lead-toolhive-at-tdm-systems-4302923331?position=53&pageNum=0&refId=1HDSXM%2FYNSD0IfhtQvgfSw%3D%3D&trackingId=lrQ8rrrkc3O7702%2BSfMp0w%3D%3D,Not specified,2025-09-24 17:32:10.989206,2025-09-24,,de.linkedin.com/jobs/view/go-to-market-lead-toolhive-at-tdm-systems-4302923331
"Bauingenieur (m/w/d), Hochbau Projektleitung",IGG Gölkel GmbH & Co. KG,Stuttgart,LinkedIn,https://de.linkedin.com/jobs/view/bauingenieur-m-w-d-hochbau-projektleitung-at-igg-g%C3%B6lkel-gmbh-co-kg-4305163582?position=55&pageNum=0&refId=1HDSXM%2FYNSD0IfhtQvgfSw%3D%3D&trackingId=n5paMhI9pUw%2FJe%2F6ifJFcg%3D%3D,Not specified,2025-09-24 17:32:10.989534,2025-09-23,,de.linkedin.com/jobs/view/bauingenieur-m-w-d-hochbau-projektleitung-at-igg-g%C3%B6lkel-gmbh-co-kg-4305163582
Azure Cloud Infrastructure Architect (w/m/x),Avanade,Stuttgart,LinkedIn,https://de.linkedin.com/jobs/view/azure-cloud-infrastructure-architect-w-m-x-at-avanade-4299008335?position=58&pageNum=0&refId=1HDSXM%2FYNSD0IfhtQvgfSw%3D%3D&trackingId=8Haotvr6Zx82jSmX2i38Fg%3D%3D,Not specified,2025-09-24 17:32:10.990006,2025-09-24,,de.linkedin.com/jobs/view/azure-cloud-infrastructure-architect-w-m-x-at-avanade-4299008335
Full Stack AI Engineer: Doodle AI Ecosystem (all genders),Doodle,Berlin,LinkedIn,https://de.linkedin.com/jobs/view/full-stack-ai-engineer-doodle-ai-ecosystem-all-genders-at-doodle-4304058722?position=5&pageNum=0&refId=mJ7CiFSgDIYRttvOVEuaBg%3D%3D&trackingId=NjDQE2ylJthIFLr92dFvAQ%3D%3D,Not specified,2025-09-24 17:32:13.796633,2025-09-23,,de.linkedin.com/jobs/view/full-stack-ai-engineer-doodle-ai-ecosystem-all-genders-at-doodle-4304058722
Junior Growth Marketing Specialist,Mintos,Berlin,LinkedIn,https://de.linkedin.com/jobs/view/junior-growth-marketing-specialist-at-mintos-4304071165?position=7&pageNum=0&refId=mJ7CiFSgDIYRttvOVEuaBg%3D%3D&trackingId=U5M1CgTR3FKpGAxq5AU9gw%3D%3D,Not specified,2025-09-24 17:32:13.796938,2025-09-23,,de.linkedin.com/jobs/view/junior-growth-marketing-specialist-at-mintos-4304071165
Artificial Intelligence Consultant (KI-Consultant),Berlin Bytes GmbH,"Berlin, Deutschland",LinkedIn,https://de.linkedin.com/jobs/view/artificial-intelligence-consultant-ki-consultant-at-berlin-bytes-4302943947?position=12&pageNum=0&refId=mJ7CiFSgDIYRttvOVEuaBg%3D%3D&trackingId=Oq7Us5g1yWKwVVGFxbb0Uw%3D%3D,Not specified,2025-09-24 17:32:13.797772,2025-09-24,,de.linkedin.com/jobs/view/artificial-intelligence-consultant-ki-consultant-at-berlin-bytes-4302943947
Senior Deep Learning Engineer (m/f/d),Sonova Gruppe,Berlin,LinkedIn,https://de.linkedin.com/jobs/view/senior-deep-learning-engineer-m-f-d-at-sonova-group-4305122418?position=17&pageNum=0&refId=mJ7CiFSgDIYRttvOVEuaBg%3D%3D&trackingId=pKW%2FXKsyeGd1KB3MtNwTLw%3D%3D,Not specified,2025-09-24 17:32:13.798711,2025-09-23,,de.linkedin.com/jobs/view/senior-deep-learning-engineer-m-f-d-at-sonova-group-4305122418
(Senior) Machine Learning Team Lead (d/f/m),Aignostics,Berlin,LinkedIn,https://de.linkedin.com/jobs/view/senior-machine-learning-team-lead-d-f-m-at-aignostics-4242756548?position=20&pageNum=0&refId=mJ7CiFSgDIYRttvOVEuaBg%3D%3D&trackingId=sUzkk7Q5NhawuatPxqMmxg%3D%3D,Not specified,2025-09-24 17:32:13.799214,2025-09-24,,de.linkedin.com/jobs/view/senior-machine-learning-team-lead-d-f-m-at-aignostics-4242756548
Data Engineer (m/f/d),Planet A Ventures,Berlin,LinkedIn,https://de.linkedin.com/jobs/view/data-engineer-m-f-d-at-planet-a-ventures-4302996196?position=22&pageNum=0&refId=mJ7CiFSgDIYRttvOVEuaBg%3D%3D&trackingId=DPIrEd6g7ur1717SKvqe%2Bg%3D%3D,Not specified,2025-09-24 17:32:13.799524,2025-09-24,,de.linkedin.com/jobs/view/data-engineer-m-f-d-at-planet-a-ventures-4302996196
Russian Linguistic Projects (Remote) -- Sigma AI,Sigma AI,Berlin,LinkedIn,https://de.linkedin.com/jobs/view/russian-linguistic-projects-remote-sigma-ai-at-sigma-ai-4304097128?position=27&pageNum=0&refId=mJ7CiFSgDIYRttvOVEuaBg%3D%3D&trackingId=2QuV11AEyK2GroxSRBEfEw%3D%3D,Not specified,2025-09-24 17:32:13.800405,2025-09-23,,de.linkedin.com/jobs/view/russian-linguistic-projects-remote-sigma-ai-at-sigma-ai-4304097128
Senior QA Engineer,Mirantis,Berlin,LinkedIn,https://de.linkedin.com/jobs/view/senior-qa-engineer-at-mirantis-4305138216?position=28&pageNum=0&refId=mJ7CiFSgDIYRttvOVEuaBg%3D%3D&trackingId=N5sFHKHhYPOw6NDJwDBuZQ%3D%3D,Not specified,2025-09-24 17:32:13.800566,2025-09-23,,de.linkedin.com/jobs/view/senior-qa-engineer-at-mirantis-4305138216
Full-Stack Developer,AVAYL,Berlin,LinkedIn,https://de.linkedin.com/jobs/view/full-stack-developer-at-avayl-4302660784?position=46&pageNum=0&refId=mJ7CiFSgDIYRttvOVEuaBg%3D%3D&trackingId=ay0%2BTJqTZqDb2xDWtRdIlw%3D%3D,Not specified,2025-09-24 17:32:13.803490,2025-09-23,,de.linkedin.com/jobs/view/full-stack-developer-at-avayl-4302660784
Senior Deep Learning Engineer,Audatic,"Berlin, Deutschland",LinkedIn,https://de.linkedin.com/jobs/view/senior-deep-learning-engineer-at-audatic-4302663748?position=49&pageNum=0&refId=mJ7CiFSgDIYRttvOVEuaBg%3D%3D&trackingId=yd8LvBgsJUqiyVYGvYJk8Q%3D%3D,Not specified,2025-09-24 17:32:13.803932,2025-09-23,,de.linkedin.com/jobs/view/senior-deep-learning-engineer-at-audatic-4302663748
QA Engineer (m/f/d),A11,Berlin,LinkedIn,https://de.linkedin.com/jobs/view/qa-engineer-m-f-d-at-a11-4304635372?position=55&pageNum=0&refId=mJ7CiFSgDIYRttvOVEuaBg%3D%3D&trackingId=lMxcekclc72AQB%2B8i6kOww%3D%3D,Not specified,2025-09-24 17:32:13.804871,2025-09-24,,de.linkedin.com/jobs/view/qa-engineer-m-f-d-at-a11-4304635372
Field Engineer – Manufacturing Equipment Automation,Ailoys,Berlin,LinkedIn,https://de.linkedin.com/jobs/view/field-engineer-%E2%80%93-manufacturing-equipment-automation-at-ailoys-4304082419?position=60&pageNum=0&refId=mJ7CiFSgDIYRttvOVEuaBg%3D%3D&trackingId=6kYIxSo7VX79xLdhvSIdXg%3D%3D,Not specified,2025-09-24 17:32:13.805624,2025-09-23,,de.linkedin.com/jobs/view/field-engineer-%E2%80%93-manufacturing-equipment-automation-at-ailoys-4304082419
Vehicle Dynamics Engineer (m/f/d),COMPREDICT,Darmstadt,LinkedIn,https://de.linkedin.com/jobs/view/vehicle-dynamics-engineer-m-f-d-at-compredict-4305578245?position=21&pageNum=0&refId=nmDkdoxpNOKd%2FlILyMSfqw%3D%3D&trackingId=zdGHE99AcAZ%2ByuEnwGYFXg%3D%3D,Not specified,2025-09-24 17:32:16.951626,2025-09-24,,de.linkedin.com/jobs/view/vehicle-dynamics-engineer-m-f-d-at-compredict-4305578245
Leiter:in Automation Services*,Viridium Gruppe,Neu-Isenburg,LinkedIn,https://de.linkedin.com/jobs/view/leiter-in-automation-services-at-viridium-gruppe-4304327097?position=26&pageNum=0&refId=nmDkdoxpNOKd%2FlILyMSfqw%3D%3D&trackingId=%2Fw1xL%2FI%2FTPtn1EYDsbXZVQ%3D%3D,Not specified,2025-09-24 17:32:16.952404,2025-09-23,,de.linkedin.com/jobs/view/leiter-in-automation-services-at-viridium-gruppe-4304327097
"Softwareentwickler (m/w/d) bis zu 90% remote möglich - deutschlandweit! Angular, Spring Boot, AI Development",SIFAMO,Darmstadt,LinkedIn,https://de.linkedin.com/jobs/view/softwareentwickler-m-w-d-bis-zu-90%25-remote-m%C3%B6glich-deutschlandweit%21-angular-spring-boot-ai-development-at-sifamo-gmbh-4302931887?position=28&pageNum=0&refId=nmDkdoxpNOKd%2FlILyMSfqw%3D%3D&trackingId=9hNLUi9SNLpTzDQFw6NZyQ%3D%3D,Not specified,2025-09-24 17:32:16.952711,2025-09-24,,de.linkedin.com/jobs/view/softwareentwickler-m-w-d-bis-zu-90%25-remote-m%C3%B6glich-deutschlandweit%21-angular-spring-boot-ai-development-at-sifamo-gmbh-4302931887
Team Lead Cloud Infrastructure & Transformation (m/f/d),Simon-Kucher,Frankfurt am Main,LinkedIn,https://de.linkedin.com/jobs/view/team-lead-cloud-infrastructure-transformation-m-f-d-at-simon-kucher-4302680813?position=29&pageNum=0&refId=nmDkdoxpNOKd%2FlILyMSfqw%3D%3D&trackingId=lMUhjHPWk8Ulvr%2FYZgWUFA%3D%3D,Not specified,2025-09-24 17:32:16.952865,2025-09-23,,de.linkedin.com/jobs/view/team-lead-cloud-infrastructure-transformation-m-f-d-at-simon-kucher-4302680813
Management Consultant Digitale Transformation (m/w/d),Empion,Mainz,LinkedIn,https://de.linkedin.com/jobs/view/management-consultant-digitale-transformation-m-w-d-at-empion-4305557087?position=36&pageNum=0&refId=nmDkdoxpNOKd%2FlILyMSfqw%3D%3D&trackingId=g7v6V6caAlQ1yb4Ha2ch3Q%3D%3D,Not specified,2025-09-24 17:32:16.953932,2025-09-24,,de.linkedin.com/jobs/view/management-consultant-digitale-transformation-m-w-d-at-empion-4305557087
Senior Commercial Business Partner (m/f/d),Nexi Germany,Eschborn,LinkedIn,https://de.linkedin.com/jobs/view/senior-commercial-business-partner-m-f-d-at-nexi-germany-4277834113?position=41&pageNum=0&refId=nmDkdoxpNOKd%2FlILyMSfqw%3D%3D&trackingId=%2BuX5Y%2FkX%2FvSwnd8O4Etifw%3D%3D,Not specified,2025-09-24 17:32:16.954699,2025-09-24,,de.linkedin.com/jobs/view/senior-commercial-business-partner-m-f-d-at-nexi-germany-4277834113
"Division CFO, Trilogy (Remote) - $400,000/year USD",Trilogy,Frankfurt,LinkedIn,https://de.linkedin.com/jobs/view/division-cfo-trilogy-remote-%24400-000-year-usd-at-trilogy-4304314139?position=44&pageNum=0&refId=nmDkdoxpNOKd%2FlILyMSfqw%3D%3D&trackingId=PoT7jCDxWvNjG%2BRtpp6VKw%3D%3D,Not specified,2025-09-24 17:32:16.955160,2025-09-23,,de.linkedin.com/jobs/view/division-cfo-trilogy-remote-%24400-000-year-usd-at-trilogy-4304314139
Senior SEO Consultant (m/w/d),diva-e,Frankfurt,LinkedIn,https://de.linkedin.com/jobs/view/senior-seo-consultant-m-w-d-at-diva-e-4279629040?position=49&pageNum=0&refId=nmDkdoxpNOKd%2FlILyMSfqw%3D%3D&trackingId=48jVl9rWr%2FPhp8E%2FcjJJDA%3D%3D,Not specified,2025-09-24 17:32:16.955936,2025-09-24,,de.linkedin.com/jobs/view/senior-seo-consultant-m-w-d-at-diva-e-4279629040
Junior PHP Entwickler (Frankfurt),Zero to One Search | Recruitment Agency,Frankfurt am Main,LinkedIn,https://de.linkedin.com/jobs/view/junior-php-entwickler-frankfurt-at-zero-to-one-search-recruitment-agency-4302986109?position=55&pageNum=0&refId=nmDkdoxpNOKd%2FlILyMSfqw%3D%3D&trackingId=SvrBXmS7xDYpgVb4MfW%2Fug%3D%3D,Not specified,2025-09-24 17:32:16.956872,2025-09-24,,de.linkedin.com/jobs/view/junior-php-entwickler-frankfurt-at-zero-to-one-search-recruitment-agency-4302986109
Full-Stack Developer (m/w/d) mit Fokus auf AI Coding,VisualMakers,Köln,LinkedIn,https://de.linkedin.com/jobs/view/full-stack-developer-m-w-d-mit-fokus-auf-ai-coding-at-visualmakers-4302667846?position=9&pageNum=0&refId=PlpVfVDl5Q%2FSAzRqMXmWmQ%3D%3D&trackingId=tSaQkWvp%2FvWkcS1GHJvPhg%3D%3D,Not specified,2025-09-24 17:32:19.894673,2025-09-23,,de.linkedin.com/jobs/view/full-stack-developer-m-w-d-mit-fokus-auf-ai-coding-at-visualmakers-4302667846
Developer (m/w/d) Conversational AI,AXA,Köln,LinkedIn,https://de.linkedin.com/jobs/view/developer-m-w-d-conversational-ai-at-axa-4305565471?position=11&pageNum=0&refId=PlpVfVDl5Q%2FSAzRqMXmWmQ%3D%3D&trackingId=pLFWosMJdVUi6GlZGW%2BUjQ%3D%3D,Not specified,2025-09-24 17:32:19.894989,2025-09-24,,de.linkedin.com/jobs/view/developer-m-w-d-conversational-ai-at-axa-4305565471
Digital Workplace Transformation Leader(m/w/d) - Germany,Infosys,Düsseldorf,LinkedIn,https://de.linkedin.com/jobs/view/digital-workplace-transformation-leader-m-w-d-germany-at-infosys-4292775632?position=16&pageNum=0&refId=PlpVfVDl5Q%2FSAzRqMXmWmQ%3D%3D&trackingId=%2FoYo12f0miSOiGjI5Y%2Bxng%3D%3D,Not specified,2025-09-24 17:32:19.895769,2025-09-24,,de.linkedin.com/jobs/view/digital-workplace-transformation-leader-m-w-d-germany-at-infosys-4292775632
Entwickler (m/w/d) für Contact Center KI,Palantec GmbH,Region Köln/Bonn,LinkedIn,https://de.linkedin.com/jobs/view/entwickler-m-w-d-f%C3%BCr-contact-center-ki-at-palantec-gmbh-4304979701?position=21&pageNum=0&refId=PlpVfVDl5Q%2FSAzRqMXmWmQ%3D%3D&trackingId=zxfnQSNw6z0xpdDtnEtnTQ%3D%3D,Not specified,2025-09-24 17:32:19.896553,2025-09-23,,de.linkedin.com/jobs/view/entwickler-m-w-d-f%C3%BCr-contact-center-ki-at-palantec-gmbh-4304979701
(Junior) Applikationsmanagerin / Applikationsmanager für Content Management Systeme (w/m/d),Informationstechnikzentrum Bund (ITZBund),Bonn,LinkedIn,https://de.linkedin.com/jobs/view/junior-applikationsmanagerin-applikationsmanager-f%C3%BCr-content-management-systeme-w-m-d-at-itzbund-4305171126?position=22&pageNum=0&refId=PlpVfVDl5Q%2FSAzRqMXmWmQ%3D%3D&trackingId=0Ca9ftyUijyrdtJ%2BygBW5A%3D%3D,Not specified,2025-09-24 17:32:19.896711,2025-09-23,,de.linkedin.com/jobs/view/junior-applikationsmanagerin-applikationsmanager-f%C3%BCr-content-management-systeme-w-m-d-at-itzbund-4305171126
Assistenz der Geschäftsführung (m/w/d),Vamonda Immobilien GmbH,Köln,LinkedIn,https://de.linkedin.com/jobs/view/assistenz-der-gesch%C3%A4ftsf%C3%BChrung-m-w-d-at-vamonda-immobilien-gmbh-4302954280?position=31&pageNum=0&refId=PlpVfVDl5Q%2FSAzRqMXmWmQ%3D%3D&trackingId=tL0FXpOm%2BfgPfEiCxkJBxg%3D%3D,Not specified,2025-09-24 17:32:19.898139,2025-09-24,,de.linkedin.com/jobs/view/assistenz-der-gesch%C3%A4ftsf%C3%BChrung-m-w-d-at-vamonda-immobilien-gmbh-4302954280
Team Lead Cloud Infrastructure & Transformation (m/f/d),Simon-Kucher,Köln,LinkedIn,https://de.linkedin.com/jobs/view/team-lead-cloud-infrastructure-transformation-m-f-d-at-simon-kucher-4302678901?position=35&pageNum=0&refId=PlpVfVDl5Q%2FSAzRqMXmWmQ%3D%3D&trackingId=yzhoq8MpQuogjlIaBmgrsw%3D%3D,Not specified,2025-09-24 17:32:19.898763,2025-09-23,,de.linkedin.com/jobs/view/team-lead-cloud-infrastructure-transformation-m-f-d-at-simon-kucher-4302678901
Team Lead Cloud Infrastructure & Transformation (m/f/d),Simon-Kucher,Bonn,LinkedIn,https://de.linkedin.com/jobs/view/team-lead-cloud-infrastructure-transformation-m-f-d-at-simon-kucher-4302689067?position=37&pageNum=0&refId=PlpVfVDl5Q%2FSAzRqMXmWmQ%3D%3D&trackingId=aqXmC89ZHny2FQiWv2zGtg%3D%3D,Not specified,2025-09-24 17:32:19.899088,2025-09-23,,de.linkedin.com/jobs/view/team-lead-cloud-infrastructure-transformation-m-f-d-at-simon-kucher-4302689067
Supply Chain Consultant (m/w/d),OMMM Operations Management Solutions GmbH,Leverkusen,LinkedIn,https://de.linkedin.com/jobs/view/supply-chain-consultant-m-w-d-at-ommm-operations-management-solutions-gmbh-4302975910?position=43&pageNum=0&refId=PlpVfVDl5Q%2FSAzRqMXmWmQ%3D%3D&trackingId=7SZ%2BAsqMny76m06%2Fiw%2FwGg%3D%3D,Not specified,2025-09-24 17:32:19.900107,2025-09-24,,de.linkedin.com/jobs/view/supply-chain-consultant-m-w-d-at-ommm-operations-management-solutions-gmbh-4302975910
Marketingmanager:in,Swiss Sense Deutschland,Frechen,LinkedIn,https://de.linkedin.com/jobs/view/marketingmanager-in-at-swiss-sense-deutschland-4305598808?position=45&pageNum=0&refId=PlpVfVDl5Q%2FSAzRqMXmWmQ%3D%3D&trackingId=F3LB1ZzID%2FVdxHnZ9KrFng%3D%3D,Not specified,2025-09-24 17:32:19.900445,2025-09-24,,de.linkedin.com/jobs/view/marketingmanager-in-at-swiss-sense-deutschland-4305598808
People & Culture Business Partner (all genders),Valtech,Köln,LinkedIn,https://de.linkedin.com/jobs/view/people-culture-business-partner-all-genders-at-valtech-4294394003?position=51&pageNum=0&refId=PlpVfVDl5Q%2FSAzRqMXmWmQ%3D%3D&trackingId=0oKonGniROUDRiuZ8u4ePw%3D%3D,Not specified,2025-09-24 17:32:19.901482,2025-09-24,,de.linkedin.com/jobs/view/people-culture-business-partner-all-genders-at-valtech-4294394003
Data Warehouse Developer (SQL/ETL),Intersnack IT KG,Düsseldorf und Umgebung,LinkedIn,https://de.linkedin.com/jobs/view/data-warehouse-developer-sql-etl-at-intersnack-it-kg-4283518571?position=53&pageNum=0&refId=PlpVfVDl5Q%2FSAzRqMXmWmQ%3D%3D&trackingId=82Oshd57Id4AnjKftCSfvg%3D%3D,Not specified,2025-09-24 17:32:19.901802,2025-09-24,,de.linkedin.com/jobs/view/data-warehouse-developer-sql-etl-at-intersnack-it-kg-4283518571
Spare Parts Specialist (Contractor),Huawei,Düsseldorf,LinkedIn,https://de.linkedin.com/jobs/view/spare-parts-specialist-contractor-at-huawei-4304052991?position=57&pageNum=0&refId=PlpVfVDl5Q%2FSAzRqMXmWmQ%3D%3D&trackingId=hNTqDk5hUUXbXCF4JV7hmw%3D%3D,Not specified,2025-09-24 17:32:19.902446,2025-09-23,,de.linkedin.com/jobs/view/spare-parts-specialist-contractor-at-huawei-4304052991
Fachinformatiker/-in - Vollzeit (m/w/d),stefanmueller.ai,Neu-Ulm,LinkedIn,https://de.linkedin.com/jobs/view/fachinformatiker-in-vollzeit-m-w-d-at-stefanmueller-ai-4305586987?position=2&pageNum=0&refId=v1%2F6TO9kghEMhHBC8Zxezw%3D%3D&trackingId=Wde3nYkFFBt3sucb7eS%2BNg%3D%3D,Not specified,2025-09-24 17:32:22.554294,2025-09-24,,de.linkedin.com/jobs/view/fachinformatiker-in-vollzeit-m-w-d-at-stefanmueller-ai-4305586987
"Mitarbeiter/-in - IT-Management, Digitalisierung & Prozesse - Vollzeit (m/w/d)",stefanmueller.ai,Neu-Ulm,LinkedIn,https://de.linkedin.com/jobs/view/mitarbeiter-in-it-management-digitalisierung-prozesse-vollzeit-m-w-d-at-stefanmueller-ai-4305588918?position=3&pageNum=0&refId=v1%2F6TO9kghEMhHBC8Zxezw%3D%3D&trackingId=OjQc8YeT2jB%2BIL6bCcAGHw%3D%3D,Not specified,2025-09-24 17:32:22.554477,2025-09-24,,de.linkedin.com/jobs/view/mitarbeiter-in-it-management-digitalisierung-prozesse-vollzeit-m-w-d-at-stefanmueller-ai-4305588918
No-Code / Low-Code Automatisierungsexperte - Vollzeit (m/w/d),stefanmueller.ai,Neu-Ulm,LinkedIn,https://de.linkedin.com/jobs/view/no-code-low-code-automatisierungsexperte-vollzeit-m-w-d-at-stefanmueller-ai-4305595633?position=4&pageNum=0&refId=v1%2F6TO9kghEMhHBC8Zxezw%3D%3D&trackingId=bYT1MdXWZP35pcJ%2BI5Ah2w%3D%3D,Not specified,2025-09-24 17:32:22.554654,2025-09-24,,de.linkedin.com/jobs/view/no-code-low-code-automatisierungsexperte-vollzeit-m-w-d-at-stefanmueller-ai-4305595633
Vertriebsassistenz - Vollzeit (m/w/d),stefanmueller.ai,Neu-Ulm,LinkedIn,https://de.linkedin.com/jobs/view/vertriebsassistenz-vollzeit-m-w-d-at-stefanmueller-ai-4305585954?position=5&pageNum=0&refId=v1%2F6TO9kghEMhHBC8Zxezw%3D%3D&trackingId=F2b0usM1UcC9S%2B96%2FnE0JQ%3D%3D,Not specified,2025-09-24 17:32:22.554831,2025-09-24,,de.linkedin.com/jobs/view/vertriebsassistenz-vollzeit-m-w-d-at-stefanmueller-ai-4305585954
Principal Data & AI Architect (m/w/d),ORBIS SE,Neu-Ulm,LinkedIn,https://de.linkedin.com/jobs/view/principal-data-ai-architect-m-w-d-at-orbis-se-4303962620?position=6&pageNum=0&refId=v1%2F6TO9kghEMhHBC8Zxezw%3D%3D&trackingId=vFzi6FQrMqRRvZYgWLuQbQ%3D%3D,Not specified,2025-09-24 17:32:22.555023,2025-09-24,,de.linkedin.com/jobs/view/principal-data-ai-architect-m-w-d-at-orbis-se-4303962620
Automatisierungs- und Integrationsspezialist - Vollzeit (m/w/d),stefanmueller.ai,Neu-Ulm,LinkedIn,https://de.linkedin.com/jobs/view/automatisierungs-und-integrationsspezialist-vollzeit-m-w-d-at-stefanmueller-ai-4305591773?position=7&pageNum=0&refId=v1%2F6TO9kghEMhHBC8Zxezw%3D%3D&trackingId=axOLVHrXxsxE54JEmCYYkg%3D%3D,Not specified,2025-09-24 17:32:22.555204,2025-09-24,,de.linkedin.com/jobs/view/automatisierungs-und-integrationsspezialist-vollzeit-m-w-d-at-stefanmueller-ai-4305591773
Setter im Vertrieb - Vollzeit (m/w/d),stefanmueller.ai,Neu-Ulm,LinkedIn,https://de.linkedin.com/jobs/view/setter-im-vertrieb-vollzeit-m-w-d-at-stefanmueller-ai-4305602390?position=9&pageNum=0&refId=v1%2F6TO9kghEMhHBC8Zxezw%3D%3D&trackingId=ZvOUDrIn%2FKblOIaZ9BFwNg%3D%3D,Not specified,2025-09-24 17:32:22.555563,2025-09-24,,de.linkedin.com/jobs/view/setter-im-vertrieb-vollzeit-m-w-d-at-stefanmueller-ai-4305602390
Opener im Vertrieb - Vollzeit (m/w/d),stefanmueller.ai,Neu-Ulm,LinkedIn,https://de.linkedin.com/jobs/view/opener-im-vertrieb-vollzeit-m-w-d-at-stefanmueller-ai-4305596523?position=10&pageNum=0&refId=v1%2F6TO9kghEMhHBC8Zxezw%3D%3D&trackingId=4fQ1bVJJRzOVRXybQl2MmA%3D%3D,Not specified,2025-09-24 17:32:22.555750,2025-09-24,,de.linkedin.com/jobs/view/opener-im-vertrieb-vollzeit-m-w-d-at-stefanmueller-ai-4305596523
Vertriebsinnendienst - Vollzeit (m/w/d),stefanmueller.ai,Neu-Ulm,LinkedIn,https://de.linkedin.com/jobs/view/vertriebsinnendienst-vollzeit-m-w-d-at-stefanmueller-ai-4305608026?position=11&pageNum=0&refId=v1%2F6TO9kghEMhHBC8Zxezw%3D%3D&trackingId=hqJlR%2FGbSiJ2YPJVt%2F%2B1hA%3D%3D,Not specified,2025-09-24 17:32:22.555928,2025-09-24,,de.linkedin.com/jobs/view/vertriebsinnendienst-vollzeit-m-w-d-at-stefanmueller-ai-4305608026
Kauffrau/-mann für Büromanagement - Vollzeit (m/w/d),stefanmueller.ai,Neu-Ulm,LinkedIn,https://de.linkedin.com/jobs/view/kauffrau-mann-f%C3%BCr-b%C3%BCromanagement-vollzeit-m-w-d-at-stefanmueller-ai-4305603390?position=12&pageNum=0&refId=v1%2F6TO9kghEMhHBC8Zxezw%3D%3D&trackingId=JEZ6ks3w0c7jAV7%2BnPeLqg%3D%3D,Not specified,2025-09-24 17:32:22.556095,2025-09-24,,de.linkedin.com/jobs/view/kauffrau-mann-f%C3%BCr-b%C3%BCromanagement-vollzeit-m-w-d-at-stefanmueller-ai-4305603390
Vertriebsmitarbeiter/-in im Innendienst - Vollzeit (m/w/d),stefanmueller.ai,Neu-Ulm,LinkedIn,https://de.linkedin.com/jobs/view/vertriebsmitarbeiter-in-im-innendienst-vollzeit-m-w-d-at-stefanmueller-ai-4305604294?position=16&pageNum=0&refId=v1%2F6TO9kghEMhHBC8Zxezw%3D%3D&trackingId=LDdXTzL9s3wp9LLP2vAwjg%3D%3D,Not specified,2025-09-24 17:32:22.556716,2025-09-24,,de.linkedin.com/jobs/view/vertriebsmitarbeiter-in-im-innendienst-vollzeit-m-w-d-at-stefanmueller-ai-4305604294
Azure Cloud Infrastructure Architect (w/m/x),Avanade,Ulm,LinkedIn,https://de.linkedin.com/jobs/view/azure-cloud-infrastructure-architect-w-m-x-at-avanade-4299001443?position=21&pageNum=0&refId=v1%2F6TO9kghEMhHBC8Zxezw%3D%3D&trackingId=y4toAqry18omxQr4CjbTwA%3D%3D,Not specified,2025-09-24 17:32:22.557492,2025-09-24,,de.linkedin.com/jobs/view/azure-cloud-infrastructure-architect-w-m-x-at-avanade-4299001443
Senior IT-Architect im Geschäftsfeld Analytics & Simulation (m/w/d),BWI GmbH,Ulm,LinkedIn,https://de.linkedin.com/jobs/view/senior-it-architect-im-gesch%C3%A4ftsfeld-analytics-simulation-m-w-d-at-bwi-gmbh-4278900075?position=23&pageNum=0&refId=v1%2F6TO9kghEMhHBC8Zxezw%3D%3D&trackingId=rF0OQeZp0lkn3dQNotZGhg%3D%3D,Not specified,2025-09-24 17:32:22.557799,2025-09-24,,de.linkedin.com/jobs/view/senior-it-architect-im-gesch%C3%A4ftsfeld-analytics-simulation-m-w-d-at-bwi-gmbh-4278900075
Teamleiter (m/w/d) Digital Tools,Rolls-Royce Power Systems AG,Friedrichshafen,LinkedIn,https://de.linkedin.com/jobs/view/teamleiter-m-w-d-digital-tools-at-rolls-royce-power-systems-ag-4305183004?position=1&pageNum=0&refId=ZPYajBal2a2f1w2Zu1sk5Q%3D%3D&trackingId=yHisxc8iKFJYvobf%2BlV31g%3D%3D,Not specified,2025-09-24 17:32:25.122770,2025-09-23,,de.linkedin.com/jobs/view/teamleiter-m-w-d-digital-tools-at-rolls-royce-power-systems-ag-4305183004
Teamleiter (m/w/d) Digital Tools,Rolls-Royce,Friedrichshafen,LinkedIn,https://de.linkedin.com/jobs/view/teamleiter-m-w-d-digital-tools-at-rolls-royce-4304332281?position=2&pageNum=0&refId=ZPYajBal2a2f1w2Zu1sk5Q%3D%3D&trackingId=M86Q2RdOS0Gy7Yi16HWYDQ%3D%3D,Not specified,2025-09-24 17:32:25.123146,2025-09-23,,de.linkedin.com/jobs/view/teamleiter-m-w-d-digital-tools-at-rolls-royce-4304332281
Marketing-Verantwortliche:r (m/w/d),Smartfeld,"Sankt Gallen, Sankt Gallen, Schweiz",LinkedIn,https://ch.linkedin.com/jobs/view/marketing-verantwortliche-r-m-w-d-at-smartfeld-4302368771?position=7&pageNum=0&refId=ZPYajBal2a2f1w2Zu1sk5Q%3D%3D&trackingId=Ja3eN%2BR9SI3zD8Il5WwnMg%3D%3D,Not specified,2025-09-24 17:32:25.124925,2025-09-24,,ch.linkedin.com/jobs/view/marketing-verantwortliche-r-m-w-d-at-smartfeld-4302368771
Chief Technology Officer (CTO) – Exidion AI,Brandmind GmbH,"Zürich, Schweiz",LinkedIn,https://ch.linkedin.com/jobs/view/chief-technology-officer-cto-%E2%80%93-exidion-ai-at-brandmind-gmbh-4302975046?position=8&pageNum=0&refId=YrgJH4cD1N%2FOuM3x6AhiCQ%3D%3D&trackingId=H6vTlwXIPXLuAoCJory8JA%3D%3D,Not specified,2025-09-24 17:32:28.097211,2025-09-24,,ch.linkedin.com/jobs/view/chief-technology-officer-cto-%E2%80%93-exidion-ai-at-brandmind-gmbh-4302975046
"Data Scientist (Python, MLflow, Kubeflow)",RM Group,"Zürich, Zürich, Schweiz",LinkedIn,https://ch.linkedin.com/jobs/view/data-scientist-python-mlflow-kubeflow-at-rm-group-switzerland-4304037975?position=16&pageNum=0&refId=YrgJH4cD1N%2FOuM3x6AhiCQ%3D%3D&trackingId=9Xt5fsssNT5uBv%2BNK%2FL%2FsQ%3D%3D,Not specified,2025-09-24 17:32:28.098501,2025-09-23,,ch.linkedin.com/jobs/view/data-scientist-python-mlflow-kubeflow-at-rm-group-switzerland-4304037975
(Junior) Sprachspezialist:in Französisch 100 %,Supertext,"Zürich, Zürich, Schweiz",LinkedIn,https://ch.linkedin.com/jobs/view/junior-sprachspezialist-in-franz%C3%B6sisch-100-%25-at-supertext-4302670715?position=26&pageNum=0&refId=YrgJH4cD1N%2FOuM3x6AhiCQ%3D%3D&trackingId=3JV1OuJi9Omg2prpys93lA%3D%3D,Not specified,2025-09-24 17:32:28.100089,2025-09-23,,ch.linkedin.com/jobs/view/junior-sprachspezialist-in-franz%C3%B6sisch-100-%25-at-supertext-4302670715
Electrical Engineer,RoBoa,"Zürich, Zürich, Schweiz",LinkedIn,https://ch.linkedin.com/jobs/view/electrical-engineer-at-roboa-4304532288?position=37&pageNum=0&refId=YrgJH4cD1N%2FOuM3x6AhiCQ%3D%3D&trackingId=w7lp2NCe2KtmOhQ4l9yIgw%3D%3D,Not specified,2025-09-24 17:32:28.101822,2025-09-24,,ch.linkedin.com/jobs/view/electrical-engineer-at-roboa-4304532288
Frontend Engineer (with Backend Integration),APROPOS.JOBS,"Zürich, Zürich, Schweiz",LinkedIn,https://ch.linkedin.com/jobs/view/frontend-engineer-with-backend-integration-at-apropos-jobs-4305135120?position=43&pageNum=0&refId=YrgJH4cD1N%2FOuM3x6AhiCQ%3D%3D&trackingId=pxarC7E5xRbh2gPOogjOJQ%3D%3D,Not specified,2025-09-24 17:32:28.102786,2025-09-23,,ch.linkedin.com/jobs/view/frontend-engineer-with-backend-integration-at-apropos-jobs-4305135120
'AI-First' UX/UI Designer (Relocate to Dubai to build an AI-native global brand),Puffy,"Zürich, Schweiz",LinkedIn,https://ch.linkedin.com/jobs/view/ai-first-ux-ui-designer-relocate-to-dubai-to-build-an-ai-native-global-brand-at-puffy-4304361925?position=50&pageNum=0&refId=YrgJH4cD1N%2FOuM3x6AhiCQ%3D%3D&trackingId=q2ErQpro5ca3vpQDIijJ4A%3D%3D,Not specified,2025-09-24 17:32:28.103840,2025-09-24,,ch.linkedin.com/jobs/view/ai-first-ux-ui-designer-relocate-to-dubai-to-build-an-ai-native-global-brand-at-puffy-4304361925
"Division CFO, Trilogy (Remote) - $400,000/year USD",Trilogy,"Zürich, Zürich, Schweiz",LinkedIn,https://ch.linkedin.com/jobs/view/division-cfo-trilogy-remote-%24400-000-year-usd-at-trilogy-4304316105?position=51&pageNum=0&refId=YrgJH4cD1N%2FOuM3x6AhiCQ%3D%3D&trackingId=61yFDiO3keEQ0TNCsYMZVw%3D%3D,Not specified,2025-09-24 17:32:28.103992,2025-09-23,,ch.linkedin.com/jobs/view/division-cfo-trilogy-remote-%24400-000-year-usd-at-trilogy-4304316105
"Senior Technical Consultant (all genders) - BCG Platinion Zurich, Switzerland",BCG Platinion,"Zürich, Zürich, Schweiz",LinkedIn,https://ch.linkedin.com/jobs/view/senior-technical-consultant-all-genders-bcg-platinion-zurich-switzerland-at-bcg-platinion-4062724087?position=52&pageNum=0&refId=YrgJH4cD1N%2FOuM3x6AhiCQ%3D%3D&trackingId=LwbSMJ9tqptMLtx16%2BTTVw%3D%3D,Not specified,2025-09-24 17:32:28.104140,2025-09-24,,ch.linkedin.com/jobs/view/senior-technical-consultant-all-genders-bcg-platinion-zurich-switzerland-at-bcg-platinion-4062724087
Assistenz Stiftungsdirektion 60%,Schweizerische Epilepsie-Stiftung,"Zürich, Zürich, Schweiz",LinkedIn,https://ch.linkedin.com/jobs/view/assistenz-stiftungsdirektion-60%25-at-schweizerische-epilepsie-stiftung-4294999294?position=56&pageNum=0&refId=YrgJH4cD1N%2FOuM3x6AhiCQ%3D%3D&trackingId=n5rCRuVB5QnjpW0gb8xynQ%3D%3D,Not specified,2025-09-24 17:32:28.104745,2025-09-24,,ch.linkedin.com/jobs/view/assistenz-stiftungsdirektion-60%25-at-schweizerische-epilepsie-stiftung-4294999294
Entwurfsarchitekt:in mit Fokus Nachhaltigkeit 80-100%,Itten+Brechbühl AG,"Zürich, Zürich, Schweiz",LinkedIn,https://ch.linkedin.com/jobs/view/entwurfsarchitekt-in-mit-fokus-nachhaltigkeit-80-100%25-at-itten%2Bbrechb%C3%BChl-ag-4304088172?position=58&pageNum=0&refId=YrgJH4cD1N%2FOuM3x6AhiCQ%3D%3D&trackingId=yzlhobZc%2F%2Bn%2BpAH2TUpVtw%3D%3D,Not specified,2025-09-24 17:32:28.105056,2025-09-23,,ch.linkedin.com/jobs/view/entwurfsarchitekt-in-mit-fokus-nachhaltigkeit-80-100%25-at-itten%2Bbrechb%C3%BChl-ag-4304088172
AI Prompt Evaulator,Salve.Lab,Essen,LinkedIn,https://de.linkedin.com/jobs/view/ai-prompt-evaulator-at-salve-lab-4304058806?position=1&pageNum=0&refId=QIKHyjIfvH8VD8vl3MYAMg%3D%3D&trackingId=2WoreRbEZIqjZsYlGBFgUw%3D%3D,Not specified,2025-09-24 17:32:30.952377,2025-09-23,,de.linkedin.com/jobs/view/ai-prompt-evaulator-at-salve-lab-4304058806
Mitarbeiter/in (m/w/d) für die Stärkung des Querschnittbereichs und der Koordinierung des Projekts  Südosteuropa,Stadt Krefeld,Krefeld,LinkedIn,https://de.linkedin.com/jobs/view/mitarbeiter-in-m-w-d-f%C3%BCr-die-st%C3%A4rkung-des-querschnittbereichs-und-der-koordinierung-des-projekts-s%C3%BCdosteuropa-at-stadt-krefeld-4305574583?position=12&pageNum=0&refId=QIKHyjIfvH8VD8vl3MYAMg%3D%3D&trackingId=ohXGwVSXnBg2ShoXyM961g%3D%3D,Not specified,2025-09-24 17:32:30.954136,2025-09-24,,de.linkedin.com/jobs/view/mitarbeiter-in-m-w-d-f%C3%BCr-die-st%C3%A4rkung-des-querschnittbereichs-und-der-koordinierung-des-projekts-s%C3%BCdosteuropa-at-stadt-krefeld-4305574583
Wirtschaftsredakteur:in (d/m/w),Haufe,Freiburg im Breisgau,LinkedIn,https://de.linkedin.com/jobs/view/wirtschaftsredakteur-in-d-m-w-at-haufe-4305102360?position=3&pageNum=0&refId=dmZ3cwIjWnZ8eZILbrCq2w%3D%3D&trackingId=1NS47rtRhT89zYLS1t%2FsXA%3D%3D,Not specified,2025-09-24 17:32:33.487356,2025-09-23,,de.linkedin.com/jobs/view/wirtschaftsredakteur-in-d-m-w-at-haufe-4305102360
Spezialist:in Rechnungswesen (d/m/w),Haufe,Freiburg im Breisgau,LinkedIn,https://de.linkedin.com/jobs/view/spezialist-in-rechnungswesen-d-m-w-at-haufe-4305107330?position=5&pageNum=0&refId=dmZ3cwIjWnZ8eZILbrCq2w%3D%3D&trackingId=W4RqiQM0tRhyY9Jzd3%2FBrA%3D%3D,Not specified,2025-09-24 17:32:33.487719,2025-09-23,,de.linkedin.com/jobs/view/spezialist-in-rechnungswesen-d-m-w-at-haufe-4305107330
Technische Aufnahme (m/w/d) für Photovoltaik & Energiesysteme - 1KOMMA5° Nürnberg,1KOMMA5°,Nürnberg,LinkedIn,https://de.linkedin.com/jobs/view/technische-aufnahme-m-w-d-f%C3%BCr-photovoltaik-energiesysteme-1komma5%C2%B0-n%C3%BCrnberg-at-1komma5%C2%B0-4302961567?position=1&pageNum=0&refId=AIEkRvhsl%2FDLBmbRwjzMXg%3D%3D&trackingId=CpaMjA8YbBnjMq4AiNG4BQ%3D%3D,Not specified,2025-09-24 17:32:36.060462,2025-09-24,,de.linkedin.com/jobs/view/technische-aufnahme-m-w-d-f%C3%BCr-photovoltaik-energiesysteme-1komma5%C2%B0-n%C3%BCrnberg-at-1komma5%C2%B0-4302961567
Technischer Redakteur (m/w/d),DEHN SE,Neumarkt in der Oberpfalz,LinkedIn,https://de.linkedin.com/jobs/view/technischer-redakteur-m-w-d-at-dehn-se-4284793580?position=3&pageNum=0&refId=AIEkRvhsl%2FDLBmbRwjzMXg%3D%3D&trackingId=A24EzOODv%2B1SX%2BfeQLdAJw%3D%3D,Not specified,2025-09-24 17:32:36.060832,2025-09-23,,de.linkedin.com/jobs/view/technischer-redakteur-m-w-d-at-dehn-se-4284793580
Principal Engineer in Mechanical Design for Chassis Brake systems Actuation and caliper,Huawei,Nürnberg,LinkedIn,https://de.linkedin.com/jobs/view/principal-engineer-in-mechanical-design-for-chassis-brake-systems-actuation-and-caliper-at-huawei-4304063725?position=6&pageNum=0&refId=AIEkRvhsl%2FDLBmbRwjzMXg%3D%3D&trackingId=WdXbL2m1IJfQMTjVamg9aQ%3D%3D,Not specified,2025-09-24 17:32:36.061301,2025-09-23,,de.linkedin.com/jobs/view/principal-engineer-in-mechanical-design-for-chassis-brake-systems-actuation-and-caliper-at-huawei-4304063725
Principal/Expert Engineer in functional Safety in Active Safety Systems,Huawei,Nürnberg,LinkedIn,https://de.linkedin.com/jobs/view/principal-expert-engineer-in-functional-safety-in-active-safety-systems-at-huawei-4304093267?position=7&pageNum=0&refId=AIEkRvhsl%2FDLBmbRwjzMXg%3D%3D&trackingId=xi%2BBiQvxs%2BR1RHgx%2BtvnjQ%3D%3D,Not specified,2025-09-24 17:32:36.061458,2025-09-23,,de.linkedin.com/jobs/view/principal-expert-engineer-in-functional-safety-in-active-safety-systems-at-huawei-4304093267
Applikationsentwickler (w/m/d) Magnetresonanztomographie,Siemens Healthineers,Erlangen,LinkedIn,https://de.linkedin.com/jobs/view/applikationsentwickler-w-m-d-magnetresonanztomographie-at-siemens-healthineers-4290716141?position=3&pageNum=0&refId=v5g21po%2BCncq0dDrVvzE3Q%3D%3D&trackingId=etvPYT1aSvUEuI5SvmvDXw%3D%3D,Not specified,2025-09-24 17:32:41.176904,2025-09-24,,de.linkedin.com/jobs/view/applikationsentwickler-w-m-d-magnetresonanztomographie-at-siemens-healthineers-4290716141
"Accountant Reinsurance Accounting and Payment Transactions, 2790",Hannover Rück-Gruppe,Hannover,LinkedIn,https://de.linkedin.com/jobs/view/accountant-reinsurance-accounting-and-payment-transactions-2790-at-hannover-re-4304534834?position=5&pageNum=0&refId=E3rCAicaWsOx7Up8AItY%2Fg%3D%3D&trackingId=IImvyRmMyEyj3MXuhzexMw%3D%3D,Not specified,2025-09-24 17:32:43.839007,2025-09-24,,de.linkedin.com/jobs/view/accountant-reinsurance-accounting-and-payment-transactions-2790-at-hannover-re-4304534834
"Accountant Reinsurance Accounting and Payment Transactions, 2791",Hannover Rück-Gruppe,Hannover,LinkedIn,https://de.linkedin.com/jobs/view/accountant-reinsurance-accounting-and-payment-transactions-2791-at-hannover-re-4304549037?position=6&pageNum=0&refId=E3rCAicaWsOx7Up8AItY%2Fg%3D%3D&trackingId=JQ6nC4t6MWXzC4Zu%2B36jTg%3D%3D,Not specified,2025-09-24 17:32:43.839164,2025-09-24,,de.linkedin.com/jobs/view/accountant-reinsurance-accounting-and-payment-transactions-2791-at-hannover-re-4304549037
