title,company,location,source,url,salary,scraped_at,posted_at,description,job_id
Senior Data Scientist,1inch,"Stuttgart, Baden-Württemberg, Germany",LinkedIn,https://de.linkedin.com/jobs/view/senior-data-scientist-at-1inch-4324894999?position=1&pageNum=0&refId=TiWtOIVWSRE0hLKpTHR6MA%3D%3D&trackingId=oDrUGqX2ZoZ0Ov43hnfezQ%3D%3D,Not specified,2025-11-28 09:00:44.884793,2025-11-27,,de.linkedin.com/jobs/view/senior-data-scientist-at-1inch-4324894999
Senior Data Scientist (m/w/d) - Eviden,Eviden,"Stuttgart, Baden-Württemberg, Germany",LinkedIn,https://de.linkedin.com/jobs/view/senior-data-scientist-m-w-d-eviden-at-eviden-4280439247?position=2&pageNum=0&refId=TiWtOIVWSRE0hLKpTHR6MA%3D%3D&trackingId=RvFnL5%2BxX7H3iajxib9AJg%3D%3D,Not specified,2025-11-28 09:00:44.884964,2025-11-27,,de.linkedin.com/jobs/view/senior-data-scientist-m-w-d-eviden-at-eviden-4280439247
HiWi zur Programmierung und Messdatenauswertung in Python gesucht,SimTech - Cluster of Excellence | University of Stuttgart,Stuttgart Region,LinkedIn,https://de.linkedin.com/jobs/view/hiwi-zur-programmierung-und-messdatenauswertung-in-python-gesucht-at-simtech-cluster-of-excellence-university-of-stuttgart-4324885870?position=3&pageNum=0&refId=TiWtOIVWSRE0hLKpTHR6MA%3D%3D&trackingId=hn7QEEruMYPiu8zZzRTP7Q%3D%3D,Not specified,2025-11-28 09:00:44.885102,2025-11-27,,de.linkedin.com/jobs/view/hiwi-zur-programmierung-und-messdatenauswertung-in-python-gesucht-at-simtech-cluster-of-excellence-university-of-stuttgart-4324885870
Senior Machine Learning / AI Engineer (all genders),adesso SE,"Stuttgart, Baden-Württemberg, Germany",LinkedIn,https://de.linkedin.com/jobs/view/senior-machine-learning-ai-engineer-all-genders-at-adesso-se-3733042152?position=4&pageNum=0&refId=TiWtOIVWSRE0hLKpTHR6MA%3D%3D&trackingId=E4io3oyomWXJwbRVdaJO3g%3D%3D,Not specified,2025-11-28 09:00:44.885233,2025-11-27,,de.linkedin.com/jobs/view/senior-machine-learning-ai-engineer-all-genders-at-adesso-se-3733042152
Robotics Foundation Model Scientist (Human),NEURA Robotics,"Metzingen, Baden-Württemberg, Germany",LinkedIn,https://de.linkedin.com/jobs/view/robotics-foundation-model-scientist-human-at-neura-robotics-4339395705?position=5&pageNum=0&refId=TiWtOIVWSRE0hLKpTHR6MA%3D%3D&trackingId=vbQ2p3KkG6%2B1Q7lqzoMI%2Bg%3D%3D,Not specified,2025-11-28 09:00:44.885364,2025-11-27,,de.linkedin.com/jobs/view/robotics-foundation-model-scientist-human-at-neura-robotics-4339395705
Software-Entwickler (m/w/d),mpl Software GmbH,"Stuttgart, Baden-Württemberg, Germany",LinkedIn,https://de.linkedin.com/jobs/view/software-entwickler-m-w-d-at-mpl-software-gmbh-4347794637?position=7&pageNum=0&refId=TiWtOIVWSRE0hLKpTHR6MA%3D%3D&trackingId=s4w%2BhIxQiKZrJh6qyD4zcA%3D%3D,Not specified,2025-11-28 09:00:44.885620,2025-11-27,,de.linkedin.com/jobs/view/software-entwickler-m-w-d-at-mpl-software-gmbh-4347794637
Abschlussarbeit Master (m/w/d) Entwicklung eines Simulationstools zur Abschätzung der Klimawirkung von Politikmaßnahmen,Zentrum für Sonnenenergie- und Wasserstoff-Forschung Baden-Württemberg (ZSW),"Stuttgart, Baden-Württemberg, Germany",LinkedIn,https://de.linkedin.com/jobs/view/abschlussarbeit-master-m-w-d-entwicklung-eines-simulationstools-zur-absch%C3%A4tzung-der-klimawirkung-von-politikma%C3%9Fnahmen-at-zentrum-f%C3%BCr-sonnenenergie-und-wasserstoff-forschung-baden-w%C3%BCrttemberg-zsw-4339179268?position=8&pageNum=0&refId=TiWtOIVWSRE0hLKpTHR6MA%3D%3D&trackingId=LIAq%2FsooKga%2B1CTvjz0YHw%3D%3D,Not specified,2025-11-28 09:00:44.885747,2025-11-28,,de.linkedin.com/jobs/view/abschlussarbeit-master-m-w-d-entwicklung-eines-simulationstools-zur-absch%C3%A4tzung-der-klimawirkung-von-politikma%C3%9Fnahmen-at-zentrum-f%C3%BCr-sonnenenergie-und-wasserstoff-forschung-baden-w%C3%BCrttemberg-zsw-4339179268
React Entwickler:in (m/w/d) - Böblingen,Computer Futures,"Böblingen, Baden-Württemberg, Germany",LinkedIn,https://de.linkedin.com/jobs/view/react-entwickler-in-m-w-d-b%C3%B6blingen-at-computer-futures-4304978283?position=9&pageNum=0&refId=TiWtOIVWSRE0hLKpTHR6MA%3D%3D&trackingId=J%2BfA5nJib4aogjip5gFrOQ%3D%3D,Not specified,2025-11-28 09:00:44.885873,2025-11-27,,de.linkedin.com/jobs/view/react-entwickler-in-m-w-d-b%C3%B6blingen-at-computer-futures-4304978283
Softwareentwickler (m/w/d) im öffentlichen Dienst - Fullstack / Backend,KVBW,"Stuttgart, Baden-Württemberg, Germany",LinkedIn,https://de.linkedin.com/jobs/view/softwareentwickler-m-w-d-im-%C3%B6ffentlichen-dienst-fullstack-backend-at-kvbw-4339305970?position=10&pageNum=0&refId=TiWtOIVWSRE0hLKpTHR6MA%3D%3D&trackingId=RixDQbTSaQWuCBT1gfyRtg%3D%3D,Not specified,2025-11-28 09:00:44.886000,2025-11-27,,de.linkedin.com/jobs/view/softwareentwickler-m-w-d-im-%C3%B6ffentlichen-dienst-fullstack-backend-at-kvbw-4339305970
フルスタックエンジニア,"Beff Co., Ltd.","Stuttgart, Baden-Württemberg, Germany",LinkedIn,https://de.linkedin.com/jobs/view/%E3%83%95%E3%83%AB%E3%82%B9%E3%82%BF%E3%83%83%E3%82%AF%E3%82%A8%E3%83%B3%E3%82%B8%E3%83%8B%E3%82%A2-at-beff-co-ltd-4347970487?position=11&pageNum=0&refId=TiWtOIVWSRE0hLKpTHR6MA%3D%3D&trackingId=HqfO%2BOdE%2BFtsTE0MRHiDsw%3D%3D,Not specified,2025-11-28 09:00:44.886125,2025-11-28,,de.linkedin.com/jobs/view/%E3%83%95%E3%83%AB%E3%82%B9%E3%82%BF%E3%83%83%E3%82%AF%E3%82%A8%E3%83%B3%E3%82%B8%E3%83%8B%E3%82%A2-at-beff-co-ltd-4347970487
Senior Aveva PI Engineer,Deep Digital Solutions Group,"Baden-Württemberg, Germany",LinkedIn,https://de.linkedin.com/jobs/view/senior-aveva-pi-engineer-at-deep-digital-solutions-group-4339405518?position=13&pageNum=0&refId=TiWtOIVWSRE0hLKpTHR6MA%3D%3D&trackingId=d1Yv3iNisT9KnSwTb4tRsg%3D%3D,Not specified,2025-11-28 09:00:44.886360,2025-11-27,,de.linkedin.com/jobs/view/senior-aveva-pi-engineer-at-deep-digital-solutions-group-4339405518
Requirements Engineer (all genders),adesso SE,"Stuttgart, Baden-Württemberg, Germany",LinkedIn,https://de.linkedin.com/jobs/view/requirements-engineer-all-genders-at-adesso-se-3925560177?position=14&pageNum=0&refId=TiWtOIVWSRE0hLKpTHR6MA%3D%3D&trackingId=cuUyDzSy4IIbrccom3BvFw%3D%3D,Not specified,2025-11-28 09:00:44.886477,2025-11-27,,de.linkedin.com/jobs/view/requirements-engineer-all-genders-at-adesso-se-3925560177
Software Developer Datenmigration (all genders),adesso SE,"Stuttgart, Baden-Württemberg, Germany",LinkedIn,https://de.linkedin.com/jobs/view/software-developer-datenmigration-all-genders-at-adesso-se-4294595596?position=15&pageNum=0&refId=TiWtOIVWSRE0hLKpTHR6MA%3D%3D&trackingId=sM840l0%2BW%2FRA4D4RRlc%2FhA%3D%3D,Not specified,2025-11-28 09:00:44.886593,2025-11-27,,de.linkedin.com/jobs/view/software-developer-datenmigration-all-genders-at-adesso-se-4294595596
TYPO3 Developer (m/w/d),Neuffer Fenster + Türen GmbH,"Stuttgart, Baden-Württemberg, Germany",LinkedIn,https://de.linkedin.com/jobs/view/typo3-developer-m-w-d-at-neuffer-fenster-%2B-t%C3%BCren-gmbh-4347708330?position=16&pageNum=0&refId=TiWtOIVWSRE0hLKpTHR6MA%3D%3D&trackingId=y8I8vAghso5iNCAN0XW8hA%3D%3D,Not specified,2025-11-28 09:00:44.886710,2025-11-27,,de.linkedin.com/jobs/view/typo3-developer-m-w-d-at-neuffer-fenster-%2B-t%C3%BCren-gmbh-4347708330
DI & Qualifizierungsingenieur (m/w/d),Catalent,"Schorndorf, Baden-Württemberg, Germany",LinkedIn,https://de.linkedin.com/jobs/view/di-qualifizierungsingenieur-m-w-d-at-catalent-4305583512?position=20&pageNum=0&refId=TiWtOIVWSRE0hLKpTHR6MA%3D%3D&trackingId=6r4FvBonICXan8TXDgDeWw%3D%3D,Not specified,2025-11-28 09:00:44.887186,2025-11-27,,de.linkedin.com/jobs/view/di-qualifizierungsingenieur-m-w-d-at-catalent-4305583512
Full Stack Engineer (all genders),adesso SE,"Stuttgart, Baden-Württemberg, Germany",LinkedIn,https://de.linkedin.com/jobs/view/full-stack-engineer-all-genders-at-adesso-se-3733044545?position=21&pageNum=0&refId=TiWtOIVWSRE0hLKpTHR6MA%3D%3D&trackingId=XZ1VKpfwYWdl9KkqlQERJg%3D%3D,Not specified,2025-11-28 09:00:44.887302,2025-11-27,,de.linkedin.com/jobs/view/full-stack-engineer-all-genders-at-adesso-se-3733044545
Technical Documentation Engineer (m/w/d),Skilled Recruitment Solutions GmbH,"Baden-Württemberg, Germany",LinkedIn,https://de.linkedin.com/jobs/view/technical-documentation-engineer-m-w-d-at-skilled-recruitment-solutions-gmbh-4339214092?position=23&pageNum=0&refId=TiWtOIVWSRE0hLKpTHR6MA%3D%3D&trackingId=pQ2kWRRyUJqlvx%2Fvo2XGnA%3D%3D,Not specified,2025-11-28 09:00:44.887534,2025-11-27,,de.linkedin.com/jobs/view/technical-documentation-engineer-m-w-d-at-skilled-recruitment-solutions-gmbh-4339214092
(Junior) Technical Engineer IT Infrastructure (human),All for One,"Filderstadt, Baden-Württemberg, Germany",LinkedIn,https://de.linkedin.com/jobs/view/junior-technical-engineer-it-infrastructure-human-at-all-for-one-4205827682?position=24&pageNum=0&refId=TiWtOIVWSRE0hLKpTHR6MA%3D%3D&trackingId=uVFxmheeoN44IPI3pGbXPg%3D%3D,Not specified,2025-11-28 09:00:44.887645,2025-11-27,,de.linkedin.com/jobs/view/junior-technical-engineer-it-infrastructure-human-at-all-for-one-4205827682
Softwareentwickler (m/w/d) - Schwerpunkt Linux Low Level,Rohde & Schwarz,"Stuttgart, Baden-Württemberg, Germany",LinkedIn,https://de.linkedin.com/jobs/view/softwareentwickler-m-w-d-schwerpunkt-linux-low-level-at-rohde-schwarz-4324559489?position=25&pageNum=0&refId=TiWtOIVWSRE0hLKpTHR6MA%3D%3D&trackingId=vW09gM%2BGvax5%2B7gK7Q5%2BXQ%3D%3D,Not specified,2025-11-28 09:00:44.887770,2025-11-28,,de.linkedin.com/jobs/view/softwareentwickler-m-w-d-schwerpunkt-linux-low-level-at-rohde-schwarz-4324559489
Softwareentwickler (m/w/d) C# / Web Frontend / mobile Anwendungen,BAYOONET AG,"Ludwigsburg, Baden-Württemberg, Germany",LinkedIn,https://de.linkedin.com/jobs/view/softwareentwickler-m-w-d-c%23-web-frontend-mobile-anwendungen-at-bayoonet-ag-4339327709?position=26&pageNum=0&refId=TiWtOIVWSRE0hLKpTHR6MA%3D%3D&trackingId=29Yaq2C67noAWN4scfYwMQ%3D%3D,Not specified,2025-11-28 09:00:44.887887,2025-11-27,,de.linkedin.com/jobs/view/softwareentwickler-m-w-d-c%23-web-frontend-mobile-anwendungen-at-bayoonet-ag-4339327709
Full Stack Softwareentwickler C#/.NET (m/w/d),Bite AG (DISPONIC),"Bonlanden, Baden-Württemberg, Germany",LinkedIn,https://de.linkedin.com/jobs/view/full-stack-softwareentwickler-c%23-net-m-w-d-at-bite-ag-disponic-4347748416?position=30&pageNum=0&refId=TiWtOIVWSRE0hLKpTHR6MA%3D%3D&trackingId=Wj9jDIdN9CQ6vikGWM2JKA%3D%3D,Not specified,2025-11-28 09:00:44.888364,2025-11-27,,de.linkedin.com/jobs/view/full-stack-softwareentwickler-c%23-net-m-w-d-at-bite-ag-disponic-4347748416
Full Stack Data Analyst,K2 Systems GmbH,"Renningen, Baden-Württemberg, Germany",LinkedIn,https://de.linkedin.com/jobs/view/full-stack-data-analyst-at-k2-systems-gmbh-4347739211?position=33&pageNum=0&refId=TiWtOIVWSRE0hLKpTHR6MA%3D%3D&trackingId=mdY1EBynlqa8GGnlq50ZsA%3D%3D,Not specified,2025-11-28 09:00:44.888723,2025-11-27,,de.linkedin.com/jobs/view/full-stack-data-analyst-at-k2-systems-gmbh-4347739211
Data Engineer / Architect (m/w/d),Computer Futures,"Böblingen, Baden-Württemberg, Germany",LinkedIn,https://de.linkedin.com/jobs/view/data-engineer-architect-m-w-d-at-computer-futures-4339017505?position=34&pageNum=0&refId=TiWtOIVWSRE0hLKpTHR6MA%3D%3D&trackingId=R%2FWSLRkLSZQ8kW4a4GdNTw%3D%3D,Not specified,2025-11-28 09:00:44.888839,2025-11-27,,de.linkedin.com/jobs/view/data-engineer-architect-m-w-d-at-computer-futures-4339017505
"BI Developer (Supply Analytics, Bangkok-based, Relocation provided)",Agoda,"Stuttgart, Baden-Württemberg, Germany",LinkedIn,https://de.linkedin.com/jobs/view/bi-developer-supply-analytics-bangkok-based-relocation-provided-at-agoda-4334593299?position=35&pageNum=0&refId=TiWtOIVWSRE0hLKpTHR6MA%3D%3D&trackingId=%2FAt2hG73p4COe7EcjXL62Q%3D%3D,Not specified,2025-11-28 09:00:44.888957,2025-11-27,,de.linkedin.com/jobs/view/bi-developer-supply-analytics-bangkok-based-relocation-provided-at-agoda-4334593299
Softwareentwickler (m/w/d) - Standort Stuttgart,Computer Futures,"Stuttgart, Baden-Württemberg, Germany",LinkedIn,https://de.linkedin.com/jobs/view/softwareentwickler-m-w-d-standort-stuttgart-at-computer-futures-4339007719?position=36&pageNum=0&refId=TiWtOIVWSRE0hLKpTHR6MA%3D%3D&trackingId=Q1d2YBP%2FgU5N75UoAUtPfg%3D%3D,Not specified,2025-11-28 09:00:44.889074,2025-11-27,,de.linkedin.com/jobs/view/softwareentwickler-m-w-d-standort-stuttgart-at-computer-futures-4339007719
Softwareentwickler (m/w/d) - Standort Stuttgart,Computer Futures,"Stuttgart, Baden-Württemberg, Germany",LinkedIn,https://de.linkedin.com/jobs/view/softwareentwickler-m-w-d-standort-stuttgart-at-computer-futures-4337090264?position=38&pageNum=0&refId=TiWtOIVWSRE0hLKpTHR6MA%3D%3D&trackingId=vL1h9fv5z2pKucvRHPZebw%3D%3D,Not specified,2025-11-28 09:00:44.889308,2025-11-27,,de.linkedin.com/jobs/view/softwareentwickler-m-w-d-standort-stuttgart-at-computer-futures-4337090264
Technical Documentation Engineer (m/w/d),Skilled Recruitment Solutions GmbH,"Baden-Württemberg, Germany",LinkedIn,https://de.linkedin.com/jobs/view/technical-documentation-engineer-m-w-d-at-skilled-recruitment-solutions-gmbh-4348000429?position=41&pageNum=0&refId=TiWtOIVWSRE0hLKpTHR6MA%3D%3D&trackingId=7aRMrhkoCmFq2AwGF1Mksw%3D%3D,Not specified,2025-11-28 09:00:44.889658,2025-11-28,,de.linkedin.com/jobs/view/technical-documentation-engineer-m-w-d-at-skilled-recruitment-solutions-gmbh-4348000429
Senior Performance Analyst (m/w/d/x),pilot group,Stuttgart Region,LinkedIn,https://de.linkedin.com/jobs/view/senior-performance-analyst-m-w-d-x-at-pilot-group-4339274664?position=42&pageNum=0&refId=TiWtOIVWSRE0hLKpTHR6MA%3D%3D&trackingId=iKLsqxsHvp%2BdrxCl2QKzCw%3D%3D,Not specified,2025-11-28 09:00:44.889776,2025-11-27,,de.linkedin.com/jobs/view/senior-performance-analyst-m-w-d-x-at-pilot-group-4339274664
Senior Engineer BIM/VDC (m/f/d),Exyte,"Stuttgart, Baden-Württemberg, Germany",LinkedIn,https://de.linkedin.com/jobs/view/senior-engineer-bim-vdc-m-f-d-at-exyte-4292778713?position=43&pageNum=0&refId=TiWtOIVWSRE0hLKpTHR6MA%3D%3D&trackingId=qGW9%2FEpEsBylW%2BU%2BpyNihA%3D%3D,Not specified,2025-11-28 09:00:44.889893,2025-11-27,,de.linkedin.com/jobs/view/senior-engineer-bim-vdc-m-f-d-at-exyte-4292778713
(Senior) Data engineer,Zühlke Group,"Stuttgart, Baden-Württemberg, Germany",LinkedIn,https://de.linkedin.com/jobs/view/senior-data-engineer-at-z%C3%BChlke-group-4315670551?position=44&pageNum=0&refId=TiWtOIVWSRE0hLKpTHR6MA%3D%3D&trackingId=heM8GF3VBYe%2BDwXx88kSyw%3D%3D,Not specified,2025-11-28 09:00:44.890009,2025-11-27,,de.linkedin.com/jobs/view/senior-data-engineer-at-z%C3%BChlke-group-4315670551
"Data Scientist, Germany - BCG X",BCG X,"Berlin, Berlin, Germany",LinkedIn,https://de.linkedin.com/jobs/view/data-scientist-germany-bcg-x-at-bcg-x-4324636280?position=3&pageNum=0&refId=mcLmZfJt2Vfi9pVpoAGTSQ%3D%3D&trackingId=N1c3IbA9C2NLDRoVvDbMsg%3D%3D,Not specified,2025-11-28 09:00:47.718471,2025-11-27,,de.linkedin.com/jobs/view/data-scientist-germany-bcg-x-at-bcg-x-4324636280
Research Scientist | Language AI,DeepL,"Berlin, Berlin, Germany",LinkedIn,https://de.linkedin.com/jobs/view/research-scientist-language-ai-at-deepl-4324686163?position=4&pageNum=0&refId=mcLmZfJt2Vfi9pVpoAGTSQ%3D%3D&trackingId=%2BqG44Gk4lmJTknQzrjBc2w%3D%3D,Not specified,2025-11-28 09:00:47.718600,2025-11-27,,de.linkedin.com/jobs/view/research-scientist-language-ai-at-deepl-4324686163
"Senior Data Scientist, Supply Data Products",GetYourGuide,"Berlin, Berlin, Germany",LinkedIn,https://de.linkedin.com/jobs/view/senior-data-scientist-supply-data-products-at-getyourguide-4339189667?position=6&pageNum=0&refId=mcLmZfJt2Vfi9pVpoAGTSQ%3D%3D&trackingId=pRilj5GQzK4W%2BFe1zY4qYQ%3D%3D,Not specified,2025-11-28 09:00:47.718856,2025-11-28,,de.linkedin.com/jobs/view/senior-data-scientist-supply-data-products-at-getyourguide-4339189667
Azure AI & Machine Learning Engineer DACH Region,M365Consult,"Berlin, Berlin, Germany",LinkedIn,https://de.linkedin.com/jobs/view/azure-ai-machine-learning-engineer-dach-region-at-m365consult-4324579114?position=7&pageNum=0&refId=mcLmZfJt2Vfi9pVpoAGTSQ%3D%3D&trackingId=cl3yVAjrgGsPKtXZMNIXpw%3D%3D,Not specified,2025-11-28 09:00:47.718985,2025-11-28,,de.linkedin.com/jobs/view/azure-ai-machine-learning-engineer-dach-region-at-m365consult-4324579114
"AI Engineer, Germany - BCG X",BCG X,"Berlin, Berlin, Germany",LinkedIn,https://de.linkedin.com/jobs/view/ai-engineer-germany-bcg-x-at-bcg-x-4324815952?position=9&pageNum=0&refId=mcLmZfJt2Vfi9pVpoAGTSQ%3D%3D&trackingId=xiwAKyAP3CYPqzIrL4zvrQ%3D%3D,Not specified,2025-11-28 09:00:47.719238,2025-11-27,,de.linkedin.com/jobs/view/ai-engineer-germany-bcg-x-at-bcg-x-4324815952
Azure AI & Machine Learning Engineer DACH Region,M365Consult,"Berlin, Berlin, Germany",LinkedIn,https://de.linkedin.com/jobs/view/azure-ai-machine-learning-engineer-dach-region-at-m365consult-4324925657?position=10&pageNum=0&refId=mcLmZfJt2Vfi9pVpoAGTSQ%3D%3D&trackingId=49ncO1FGa4I0QiqfEqFR6w%3D%3D,Not specified,2025-11-28 09:00:47.719365,2025-11-28,,de.linkedin.com/jobs/view/azure-ai-machine-learning-engineer-dach-region-at-m365consult-4324925657
Senior Machine Learning Engineer (IntelliJ AI),JetBrains,"Berlin, Berlin, Germany",LinkedIn,https://de.linkedin.com/jobs/view/senior-machine-learning-engineer-intellij-ai-at-jetbrains-4347729184?position=13&pageNum=0&refId=mcLmZfJt2Vfi9pVpoAGTSQ%3D%3D&trackingId=%2B%2F5fjC3ODBuHentmsCnkXw%3D%3D,Not specified,2025-11-28 09:00:47.719745,2025-11-27,,de.linkedin.com/jobs/view/senior-machine-learning-engineer-intellij-ai-at-jetbrains-4347729184
"Senior MLOps Engineer, Foundational Data Products",GetYourGuide,"Berlin, Berlin, Germany",LinkedIn,https://de.linkedin.com/jobs/view/senior-mlops-engineer-foundational-data-products-at-getyourguide-4339229600?position=14&pageNum=0&refId=mcLmZfJt2Vfi9pVpoAGTSQ%3D%3D&trackingId=MipqDM3jzpHVUDBLblPB9g%3D%3D,Not specified,2025-11-28 09:00:47.719872,2025-11-28,,de.linkedin.com/jobs/view/senior-mlops-engineer-foundational-data-products-at-getyourguide-4339229600
AI-Entwickler (m/w/d) für computergestützte Geometrie und CAD-Tools,Schmitt Engineering,"Berlin, Berlin, Germany",LinkedIn,https://de.linkedin.com/jobs/view/ai-entwickler-m-w-d-f%C3%BCr-computergest%C3%BCtzte-geometrie-und-cad-tools-at-schmitt-engineering-4339266729?position=17&pageNum=0&refId=mcLmZfJt2Vfi9pVpoAGTSQ%3D%3D&trackingId=8qf6tXEFYf%2FqWTqYsKqHBQ%3D%3D,Not specified,2025-11-28 09:00:47.720247,2025-11-27,,de.linkedin.com/jobs/view/ai-entwickler-m-w-d-f%C3%BCr-computergest%C3%BCtzte-geometrie-und-cad-tools-at-schmitt-engineering-4339266729
Team Lead in Analytics Engineering,Vinted,"Berlin, Berlin, Germany",LinkedIn,https://de.linkedin.com/jobs/view/team-lead-in-analytics-engineering-at-vinted-4339245961?position=24&pageNum=0&refId=mcLmZfJt2Vfi9pVpoAGTSQ%3D%3D&trackingId=76cTIXuVu7Jy%2FwISEDDYnA%3D%3D,Not specified,2025-11-28 09:00:47.721152,2025-11-27,,de.linkedin.com/jobs/view/team-lead-in-analytics-engineering-at-vinted-4339245961
QA Engineer,Almedia,"Berlin, Germany",LinkedIn,https://de.linkedin.com/jobs/view/qa-engineer-at-almedia-4339366784?position=25&pageNum=0&refId=mcLmZfJt2Vfi9pVpoAGTSQ%3D%3D&trackingId=x%2FZ8mTofbfya47h813JieQ%3D%3D,Not specified,2025-11-28 09:00:47.721274,2025-11-27,,de.linkedin.com/jobs/view/qa-engineer-at-almedia-4339366784
Research Associate/Senior Research Associate (Formal Methods),UNSW,"Berlin, Berlin, Germany",LinkedIn,https://de.linkedin.com/jobs/view/research-associate-senior-research-associate-formal-methods-at-unsw-4347589343?position=27&pageNum=0&refId=mcLmZfJt2Vfi9pVpoAGTSQ%3D%3D&trackingId=XgQFiOK7c7JrvzsUzHcMSw%3D%3D,Not specified,2025-11-28 09:00:47.721525,2025-11-27,,de.linkedin.com/jobs/view/research-associate-senior-research-associate-formal-methods-at-unsw-4347589343
DWS - Platform Engineer (m/f/d),Deutsche Bank,"Berlin, Berlin, Germany",LinkedIn,https://de.linkedin.com/jobs/view/dws-platform-engineer-m-f-d-at-deutsche-bank-4334510270?position=35&pageNum=0&refId=mcLmZfJt2Vfi9pVpoAGTSQ%3D%3D&trackingId=YpxU5T0NHeKgdAV3ywxCjA%3D%3D,Not specified,2025-11-28 09:00:47.722524,2025-11-27,,de.linkedin.com/jobs/view/dws-platform-engineer-m-f-d-at-deutsche-bank-4334510270
Senior QA Engineer (FX trading platforms) - Relocation to Poland,Talan,"Berlin, Berlin, Germany",LinkedIn,https://de.linkedin.com/jobs/view/senior-qa-engineer-fx-trading-platforms-relocation-to-poland-at-talan-4245352550?position=37&pageNum=0&refId=mcLmZfJt2Vfi9pVpoAGTSQ%3D%3D&trackingId=Qky%2F1RUvqBYzXZxDqnsZuw%3D%3D,Not specified,2025-11-28 09:00:47.722775,2025-11-27,,de.linkedin.com/jobs/view/senior-qa-engineer-fx-trading-platforms-relocation-to-poland-at-talan-4245352550
Account Solution Engineer - Mid-Market Germany,griddable.io,Berlin Metropolitan Area,LinkedIn,https://de.linkedin.com/jobs/view/account-solution-engineer-mid-market-germany-at-griddable-io-4339368838?position=38&pageNum=0&refId=mcLmZfJt2Vfi9pVpoAGTSQ%3D%3D&trackingId=Co1X5WjkNIVaUIn1mYy8Yw%3D%3D,Not specified,2025-11-28 09:00:47.722910,2025-11-28,,de.linkedin.com/jobs/view/account-solution-engineer-mid-market-germany-at-griddable-io-4339368838
Senior Engineer – Developer Experience,Trade Republic,"Berlin, Germany",LinkedIn,https://de.linkedin.com/jobs/view/senior-engineer-%E2%80%93-developer-experience-at-trade-republic-4324915581?position=39&pageNum=0&refId=mcLmZfJt2Vfi9pVpoAGTSQ%3D%3D&trackingId=ixUR3iAORMxpFh3oRU57TA%3D%3D,Not specified,2025-11-28 09:00:47.723040,2025-11-27,,de.linkedin.com/jobs/view/senior-engineer-%E2%80%93-developer-experience-at-trade-republic-4324915581
Java Developer (m/w/d) - Hybrid in Berlin,Chrono24,"Berlin, Berlin, Germany",LinkedIn,https://de.linkedin.com/jobs/view/java-developer-m-w-d-hybrid-in-berlin-at-chrono24-4304544312?position=41&pageNum=0&refId=mcLmZfJt2Vfi9pVpoAGTSQ%3D%3D&trackingId=TAggAHK1UNKOSAEM2uDqFw%3D%3D,Not specified,2025-11-28 09:00:47.723284,2025-11-27,,de.linkedin.com/jobs/view/java-developer-m-w-d-hybrid-in-berlin-at-chrono24-4304544312
Softwareentwickler Frontend (m/w/d),EvoLogics GmbH,"Berlin, Berlin, Germany",LinkedIn,https://de.linkedin.com/jobs/view/softwareentwickler-frontend-m-w-d-at-evologics-gmbh-4347921472?position=44&pageNum=0&refId=mcLmZfJt2Vfi9pVpoAGTSQ%3D%3D&trackingId=zlmRu%2BoH5dDhGT6R4JUvqw%3D%3D,Not specified,2025-11-28 09:00:47.723666,2025-11-28,,de.linkedin.com/jobs/view/softwareentwickler-frontend-m-w-d-at-evologics-gmbh-4347921472
Data Engineer (d/w/m),Ottobock,"Berlin, Berlin, Germany",LinkedIn,https://de.linkedin.com/jobs/view/data-engineer-d-w-m-at-ottobock-4339315846?position=46&pageNum=0&refId=mcLmZfJt2Vfi9pVpoAGTSQ%3D%3D&trackingId=IixnNtywSmYnHoKTSVxZIw%3D%3D,Not specified,2025-11-28 09:00:47.723919,2025-11-27,,de.linkedin.com/jobs/view/data-engineer-d-w-m-at-ottobock-4339315846
Kotlin Ecosystem AI Value Stream Lead,JetBrains,"Berlin, Berlin, Germany",LinkedIn,https://de.linkedin.com/jobs/view/kotlin-ecosystem-ai-value-stream-lead-at-jetbrains-4347910666?position=51&pageNum=0&refId=mcLmZfJt2Vfi9pVpoAGTSQ%3D%3D&trackingId=xHFJgQ%2FE7cNlf3FR6SlhaQ%3D%3D,Not specified,2025-11-28 09:00:47.724545,2025-11-28,,de.linkedin.com/jobs/view/kotlin-ecosystem-ai-value-stream-lead-at-jetbrains-4347910666
Cloud Platform Engineer (m/w/d),XXXLdigital – Part of XXXL Group,"Berlin, Berlin, Germany",LinkedIn,https://de.linkedin.com/jobs/view/cloud-platform-engineer-m-w-d-at-xxxldigital-%E2%80%93-part-of-xxxl-group-4337763080?position=52&pageNum=0&refId=mcLmZfJt2Vfi9pVpoAGTSQ%3D%3D&trackingId=RPDK1xVc5x91KRRI47g5Tw%3D%3D,Not specified,2025-11-28 09:00:47.724663,2025-11-27,,de.linkedin.com/jobs/view/cloud-platform-engineer-m-w-d-at-xxxldigital-%E2%80%93-part-of-xxxl-group-4337763080
Backend Engineer (Go),AMBOSS,"Berlin, Berlin, Germany",LinkedIn,https://de.linkedin.com/jobs/view/backend-engineer-go-at-amboss-4340495496?position=53&pageNum=0&refId=mcLmZfJt2Vfi9pVpoAGTSQ%3D%3D&trackingId=ZQvsxPCIccAJU%2FNyojNRqQ%3D%3D,Not specified,2025-11-28 09:00:47.724782,2025-11-27,,de.linkedin.com/jobs/view/backend-engineer-go-at-amboss-4340495496
Softwareentwickler (m/w/d) C# / Web Frontend / mobile Anwendungen,BAYOONET AG,"Berlin, Berlin, Germany",LinkedIn,https://de.linkedin.com/jobs/view/softwareentwickler-m-w-d-c%23-web-frontend-mobile-anwendungen-at-bayoonet-ag-4339307818?position=54&pageNum=0&refId=mcLmZfJt2Vfi9pVpoAGTSQ%3D%3D&trackingId=HDdFusR6Z0egl%2Flk1MIv9Q%3D%3D,Not specified,2025-11-28 09:00:47.724907,2025-11-27,,de.linkedin.com/jobs/view/softwareentwickler-m-w-d-c%23-web-frontend-mobile-anwendungen-at-bayoonet-ag-4339307818
Data Engineer - ZMS Central Analytics / Attribution (all genders),Zalando,"Berlin, Berlin, Germany",LinkedIn,https://de.linkedin.com/jobs/view/data-engineer-zms-central-analytics-attribution-all-genders-at-zalando-4339183940?position=56&pageNum=0&refId=mcLmZfJt2Vfi9pVpoAGTSQ%3D%3D&trackingId=k7mKiZ%2BiF4L%2Fg%2BGCB3kcig%3D%3D,Not specified,2025-11-28 09:00:47.725154,2025-11-27,,de.linkedin.com/jobs/view/data-engineer-zms-central-analytics-attribution-all-genders-at-zalando-4339183940
Forward Deployed Engineer (f/m/d),hallo theo,"Berlin, Berlin, Germany",LinkedIn,https://de.linkedin.com/jobs/view/forward-deployed-engineer-f-m-d-at-hallo-theo-4347990082?position=59&pageNum=0&refId=mcLmZfJt2Vfi9pVpoAGTSQ%3D%3D&trackingId=EN1eXv2%2B6jCnix5f%2FB9ZVg%3D%3D,Not specified,2025-11-28 09:00:47.725517,2025-11-27,,de.linkedin.com/jobs/view/forward-deployed-engineer-f-m-d-at-hallo-theo-4347990082
Data Science and Analytics,Spektrum,"Wiesbaden, Hesse, Germany",LinkedIn,https://de.linkedin.com/jobs/view/data-science-and-analytics-at-spektrum-4324665717?position=1&pageNum=0&refId=27LfpvdBp%2BveBm6gG6pE%2Fw%3D%3D&trackingId=GQVt7zPYuhETSXNimwjbLQ%3D%3D,Not specified,2025-11-28 09:00:50.636729,2025-11-27,,de.linkedin.com/jobs/view/data-science-and-analytics-at-spektrum-4324665717
"Data Scientist, Germany - BCG X",BCG X,"Frankfurt, Hesse, Germany",LinkedIn,https://de.linkedin.com/jobs/view/data-scientist-germany-bcg-x-at-bcg-x-4324686197?position=2&pageNum=0&refId=27LfpvdBp%2BveBm6gG6pE%2Fw%3D%3D&trackingId=ZYPNhacm8tDUeOcyCI18aw%3D%3D,Not specified,2025-11-28 09:00:50.636843,2025-11-27,,de.linkedin.com/jobs/view/data-scientist-germany-bcg-x-at-bcg-x-4324686197
"AI Engineer, Germany - BCG X",BCG X,"Frankfurt, Hesse, Germany",LinkedIn,https://de.linkedin.com/jobs/view/ai-engineer-germany-bcg-x-at-bcg-x-4324895930?position=3&pageNum=0&refId=27LfpvdBp%2BveBm6gG6pE%2Fw%3D%3D&trackingId=%2Fh%2BTEi9e3HHiWtgBiiiwdA%3D%3D,Not specified,2025-11-28 09:00:50.636945,2025-11-27,,de.linkedin.com/jobs/view/ai-engineer-germany-bcg-x-at-bcg-x-4324895930
Fullstack-Entwickler für mobile Geräte,Instaffo,"Walldorf, Hesse, Germany",LinkedIn,https://de.linkedin.com/jobs/view/fullstack-entwickler-f%C3%BCr-mobile-ger%C3%A4te-at-instaffo-4244804665?position=4&pageNum=0&refId=27LfpvdBp%2BveBm6gG6pE%2Fw%3D%3D&trackingId=8gT7WHbRuqUJQsvzeRw%2FWg%3D%3D,Not specified,2025-11-28 09:00:50.637046,2025-11-27,,de.linkedin.com/jobs/view/fullstack-entwickler-f%C3%BCr-mobile-ger%C3%A4te-at-instaffo-4244804665
Data Science und Künstliche Intelligenz (B.Sc.) 2026,Siemens,"Frankfurt am Main, Hesse, Germany",LinkedIn,https://de.linkedin.com/jobs/view/data-science-und-k%C3%BCnstliche-intelligenz-b-sc-2026-at-siemens-4339375670?position=5&pageNum=0&refId=27LfpvdBp%2BveBm6gG6pE%2Fw%3D%3D&trackingId=Kc%2FQGGjnmEBv2sJ6lgo56A%3D%3D,Not specified,2025-11-28 09:00:50.637145,2025-11-27,,de.linkedin.com/jobs/view/data-science-und-k%C3%BCnstliche-intelligenz-b-sc-2026-at-siemens-4339375670
Research Scientist in Bioinformatics (m/w/d),AB Enzymes,"Darmstadt, Hesse, Germany",LinkedIn,https://de.linkedin.com/jobs/view/research-scientist-in-bioinformatics-m-w-d-at-ab-enzymes-4347800945?position=6&pageNum=0&refId=27LfpvdBp%2BveBm6gG6pE%2Fw%3D%3D&trackingId=wQY2b4d7hxNzwCCpv0dUhQ%3D%3D,Not specified,2025-11-28 09:00:50.637241,2025-11-27,,de.linkedin.com/jobs/view/research-scientist-in-bioinformatics-m-w-d-at-ab-enzymes-4347800945
Senior Research Scientist Molecular Biology (m/f/d),AB Enzymes,"Darmstadt, Hesse, Germany",LinkedIn,https://de.linkedin.com/jobs/view/senior-research-scientist-molecular-biology-m-f-d-at-ab-enzymes-4347659067?position=7&pageNum=0&refId=27LfpvdBp%2BveBm6gG6pE%2Fw%3D%3D&trackingId=y3fj19OIEBKJuqIz%2BQITww%3D%3D,Not specified,2025-11-28 09:00:50.637340,2025-11-27,,de.linkedin.com/jobs/view/senior-research-scientist-molecular-biology-m-f-d-at-ab-enzymes-4347659067
Development Expert (m/w/d),VR Payment GmbH,"Frankfurt am Main, Hesse, Germany",LinkedIn,https://de.linkedin.com/jobs/view/development-expert-m-w-d-at-vr-payment-gmbh-4324684545?position=9&pageNum=0&refId=27LfpvdBp%2BveBm6gG6pE%2Fw%3D%3D&trackingId=6k3gcCjgKJOVevjXK3bF0w%3D%3D,Not specified,2025-11-28 09:00:50.637534,2025-11-27,,de.linkedin.com/jobs/view/development-expert-m-w-d-at-vr-payment-gmbh-4324684545
Commissioning Engineer (Data Center),Alibaba Cloud,"Frankfurt, Hesse, Germany",LinkedIn,https://de.linkedin.com/jobs/view/commissioning-engineer-data-center-at-alibaba-cloud-4339343671?position=10&pageNum=0&refId=27LfpvdBp%2BveBm6gG6pE%2Fw%3D%3D&trackingId=pz0GPlB7Fu3w9M7HBqBucw%3D%3D,Not specified,2025-11-28 09:00:50.637632,2025-11-27,,de.linkedin.com/jobs/view/commissioning-engineer-data-center-at-alibaba-cloud-4339343671
SPS-Programmierer:in (m/w/d),WEBER GmbH,"Rödermark, Hesse, Germany",LinkedIn,https://de.linkedin.com/jobs/view/sps-programmierer-in-m-w-d-at-weber-gmbh-4339184956?position=11&pageNum=0&refId=27LfpvdBp%2BveBm6gG6pE%2Fw%3D%3D&trackingId=HAM66YA3BYhevibqBSBaMQ%3D%3D,Not specified,2025-11-28 09:00:50.637741,2025-11-27,,de.linkedin.com/jobs/view/sps-programmierer-in-m-w-d-at-weber-gmbh-4339184956
Research Associate/Senior Research Associate (Formal Methods),UNSW,"Frankfurt, Hesse, Germany",LinkedIn,https://de.linkedin.com/jobs/view/research-associate-senior-research-associate-formal-methods-at-unsw-4347718121?position=12&pageNum=0&refId=27LfpvdBp%2BveBm6gG6pE%2Fw%3D%3D&trackingId=xnlllGQMC4y27flFgQAmpQ%3D%3D,Not specified,2025-11-28 09:00:50.637841,2025-11-27,,de.linkedin.com/jobs/view/research-associate-senior-research-associate-formal-methods-at-unsw-4347718121
Software Developer (gn),Experis Deutschland,"Wiesbaden, Hesse, Germany",LinkedIn,https://de.linkedin.com/jobs/view/software-developer-gn-at-experis-deutschland-4324895948?position=13&pageNum=0&refId=27LfpvdBp%2BveBm6gG6pE%2Fw%3D%3D&trackingId=%2BHndFDN2NHeYk%2BsrU4x4SA%3D%3D,Not specified,2025-11-28 09:00:50.637940,2025-11-27,,de.linkedin.com/jobs/view/software-developer-gn-at-experis-deutschland-4324895948
Software Developer Datenmigration (all genders),adesso SE,"Frankfurt, Hesse, Germany",LinkedIn,https://de.linkedin.com/jobs/view/software-developer-datenmigration-all-genders-at-adesso-se-4294597461?position=16&pageNum=0&refId=27LfpvdBp%2BveBm6gG6pE%2Fw%3D%3D&trackingId=rDvURRUDLwRNawbHIW5GSg%3D%3D,Not specified,2025-11-28 09:00:50.638233,2025-11-27,,de.linkedin.com/jobs/view/software-developer-datenmigration-all-genders-at-adesso-se-4294597461
Lead Engineer (d/m/w) – Bare Metal as-a-Service (BMaaS),Deutsche Bank,"Frankfurt, Hesse, Germany",LinkedIn,https://de.linkedin.com/jobs/view/lead-engineer-d-m-w-%E2%80%93-bare-metal-as-a-service-bmaas-at-deutsche-bank-4263272246?position=17&pageNum=0&refId=27LfpvdBp%2BveBm6gG6pE%2Fw%3D%3D&trackingId=ZVGkwux5Ebgo42o0wsVfIA%3D%3D,Not specified,2025-11-28 09:00:50.638331,2025-11-27,,de.linkedin.com/jobs/view/lead-engineer-d-m-w-%E2%80%93-bare-metal-as-a-service-bmaas-at-deutsche-bank-4263272246
Senior Golang Engineer,develop,"Frankfurt am Main, Hesse, Germany",LinkedIn,https://de.linkedin.com/jobs/view/senior-golang-engineer-at-develop-4339245068?position=22&pageNum=0&refId=27LfpvdBp%2BveBm6gG6pE%2Fw%3D%3D&trackingId=RUNnR0s69IbGRlLdyy9Wlw%3D%3D,Not specified,2025-11-28 09:00:50.638822,2025-11-27,,de.linkedin.com/jobs/view/senior-golang-engineer-at-develop-4339245068
Research Scientist  – VUV Frequency Combs & Ultrafast Laser Physics (m/w/d),Rocken®,"Pfungstadt, Hesse, Germany",LinkedIn,https://de.linkedin.com/jobs/view/research-scientist-%E2%80%93-vuv-frequency-combs-ultrafast-laser-physics-m-w-d-at-rocken%C2%AE-4324846688?position=23&pageNum=0&refId=27LfpvdBp%2BveBm6gG6pE%2Fw%3D%3D&trackingId=QtK6wui%2FaJghYP5ImMn%2FDA%3D%3D,Not specified,2025-11-28 09:00:50.638921,2025-11-27,,de.linkedin.com/jobs/view/research-scientist-%E2%80%93-vuv-frequency-combs-ultrafast-laser-physics-m-w-d-at-rocken%C2%AE-4324846688
Motivierter Software-Entwickler gesucht (m/w/d) – Fokus: Webentwicklung!,Orange Hive GmbH,"Offenbach am Main, Hesse, Germany",LinkedIn,https://de.linkedin.com/jobs/view/motivierter-software-entwickler-gesucht-m-w-d-%E2%80%93-fokus-webentwicklung%21-at-orange-hive-gmbh-4339223887?position=31&pageNum=0&refId=27LfpvdBp%2BveBm6gG6pE%2Fw%3D%3D&trackingId=92niKHk7AkuL5Roz3Yv1Ag%3D%3D,Not specified,2025-11-28 09:00:50.639701,2025-11-27,,de.linkedin.com/jobs/view/motivierter-software-entwickler-gesucht-m-w-d-%E2%80%93-fokus-webentwicklung%21-at-orange-hive-gmbh-4339223887
Java Developer (m/f/d),CGI,"Eschborn, Hesse, Germany",LinkedIn,https://de.linkedin.com/jobs/view/java-developer-m-f-d-at-cgi-4065890489?position=36&pageNum=0&refId=27LfpvdBp%2BveBm6gG6pE%2Fw%3D%3D&trackingId=9XdTTjGD6NTPfJ%2FGSQfweg%3D%3D,Not specified,2025-11-28 09:00:50.640169,2025-11-27,,de.linkedin.com/jobs/view/java-developer-m-f-d-at-cgi-4065890489
Medientechniker (m/w/d) für Produktion von Touchlösungen in Rodgau,interactive displays GmbH,"Rodgau, Hesse, Germany",LinkedIn,https://de.linkedin.com/jobs/view/medientechniker-m-w-d-f%C3%BCr-produktion-von-touchl%C3%B6sungen-in-rodgau-at-interactive-displays-gmbh-4347688754?position=41&pageNum=0&refId=27LfpvdBp%2BveBm6gG6pE%2Fw%3D%3D&trackingId=CeEMIEMiQLuP5%2FoyTrUT9g%3D%3D,Not specified,2025-11-28 09:00:50.640645,2025-11-27,,de.linkedin.com/jobs/view/medientechniker-m-w-d-f%C3%BCr-produktion-von-touchl%C3%B6sungen-in-rodgau-at-interactive-displays-gmbh-4347688754
(Senior) Kubernetes Platform Engineer (m/w/d),CONET,Frankfurt Rhine-Main Metropolitan Area,LinkedIn,https://de.linkedin.com/jobs/view/senior-kubernetes-platform-engineer-m-w-d-at-conet-4348001303?position=42&pageNum=0&refId=27LfpvdBp%2BveBm6gG6pE%2Fw%3D%3D&trackingId=kYltNCKZm0aReVGygRDRIw%3D%3D,Not specified,2025-11-28 09:00:50.640744,2025-11-28,,de.linkedin.com/jobs/view/senior-kubernetes-platform-engineer-m-w-d-at-conet-4348001303
"BI Developer (Supply Analytics, Bangkok-based, Relocation provided)",Agoda,"Frankfurt, Hesse, Germany",LinkedIn,https://de.linkedin.com/jobs/view/bi-developer-supply-analytics-bangkok-based-relocation-provided-at-agoda-4334433982?position=43&pageNum=0&refId=27LfpvdBp%2BveBm6gG6pE%2Fw%3D%3D&trackingId=5%2FRqrvY10wojAODeDlMG7Q%3D%3D,Not specified,2025-11-28 09:00:50.640838,2025-11-27,,de.linkedin.com/jobs/view/bi-developer-supply-analytics-bangkok-based-relocation-provided-at-agoda-4334433982
Cloud Data Engineer - Databricks (all genders),adesso SE,"Frankfurt, Hesse, Germany",LinkedIn,https://de.linkedin.com/jobs/view/cloud-data-engineer-databricks-all-genders-at-adesso-se-4139518390?position=44&pageNum=0&refId=27LfpvdBp%2BveBm6gG6pE%2Fw%3D%3D&trackingId=PITZTQGOUC0RqJy66pbuOA%3D%3D,Not specified,2025-11-28 09:00:50.640932,2025-11-27,,de.linkedin.com/jobs/view/cloud-data-engineer-databricks-all-genders-at-adesso-se-4139518390
Senior (Lead) Softwareentwickler Java (all genders),]init[ - Services for the eSociety,"Mainz, Rhineland-Palatinate, Germany",LinkedIn,https://de.linkedin.com/jobs/view/senior-lead-softwareentwickler-java-all-genders-at-init-services-for-the-esociety-4347699342?position=45&pageNum=0&refId=27LfpvdBp%2BveBm6gG6pE%2Fw%3D%3D&trackingId=nDgxU%2Bu3SQ4HrJ3jmcs7EA%3D%3D,Not specified,2025-11-28 09:00:50.641027,2025-11-27,,de.linkedin.com/jobs/view/senior-lead-softwareentwickler-java-all-genders-at-init-services-for-the-esociety-4347699342
Junior ABAP Developer (w/m/d),Aareal Bank AG,"Wiesbaden, Hesse, Germany",LinkedIn,https://de.linkedin.com/jobs/view/junior-abap-developer-w-m-d-at-aareal-bank-ag-4333688285?position=47&pageNum=0&refId=27LfpvdBp%2BveBm6gG6pE%2Fw%3D%3D&trackingId=jymdpzt8aQQjCVVe75uGqA%3D%3D,Not specified,2025-11-28 09:00:50.641211,2025-11-27,,de.linkedin.com/jobs/view/junior-abap-developer-w-m-d-at-aareal-bank-ag-4333688285
Systems Engineer – Confluence Wiki (m/w/d),BWI GmbH,"Frankfurt am Main, Hesse, Germany",LinkedIn,https://de.linkedin.com/jobs/view/systems-engineer-%E2%80%93-confluence-wiki-m-w-d-at-bwi-gmbh-4334368441?position=49&pageNum=0&refId=27LfpvdBp%2BveBm6gG6pE%2Fw%3D%3D&trackingId=4YYtBFPVnnCHna5kWmUUYQ%3D%3D,Not specified,2025-11-28 09:00:50.641404,2025-11-27,,de.linkedin.com/jobs/view/systems-engineer-%E2%80%93-confluence-wiki-m-w-d-at-bwi-gmbh-4334368441
Software Architekt - Authentisierungsarchitekturen,Finanz Informatik,"Frankfurt, Hesse, Germany",LinkedIn,https://de.linkedin.com/jobs/view/software-architekt-authentisierungsarchitekturen-at-finanz-informatik-4334465055?position=50&pageNum=0&refId=27LfpvdBp%2BveBm6gG6pE%2Fw%3D%3D&trackingId=hhK5ew8WLEMkhKKIffuZ8A%3D%3D,Not specified,2025-11-28 09:00:50.641498,2025-11-27,,de.linkedin.com/jobs/view/software-architekt-authentisierungsarchitekturen-at-finanz-informatik-4334465055
Senior Entwickler:in Java,Deutsche Bahn,"Frankfurt am Main, Hesse, Germany",LinkedIn,https://de.linkedin.com/jobs/view/senior-entwickler-in-java-at-deutsche-bahn-4337747355?position=51&pageNum=0&refId=27LfpvdBp%2BveBm6gG6pE%2Fw%3D%3D&trackingId=P7LytzKNUkIlsDY9t0JfVA%3D%3D,Not specified,2025-11-28 09:00:50.641594,2025-11-27,,de.linkedin.com/jobs/view/senior-entwickler-in-java-at-deutsche-bahn-4337747355
Senior Lead Enterprise Architect (all genders),]init[ - Services for the eSociety,"Mainz, Rhineland-Palatinate, Germany",LinkedIn,https://de.linkedin.com/jobs/view/senior-lead-enterprise-architect-all-genders-at-init-services-for-the-esociety-4347779177?position=52&pageNum=0&refId=27LfpvdBp%2BveBm6gG6pE%2Fw%3D%3D&trackingId=QDZ35kxwldu7Ni6bsAfUZg%3D%3D,Not specified,2025-11-28 09:00:50.641689,2025-11-27,,de.linkedin.com/jobs/view/senior-lead-enterprise-architect-all-genders-at-init-services-for-the-esociety-4347779177
Azure (Dev)Ops Engineer (all genders),adesso as a service GmbH,"Frankfurt, Hesse, Germany",LinkedIn,https://de.linkedin.com/jobs/view/azure-dev-ops-engineer-all-genders-at-adesso-as-a-service-gmbh-3920538490?position=53&pageNum=0&refId=27LfpvdBp%2BveBm6gG6pE%2Fw%3D%3D&trackingId=EFdcznC8DJjYRIRgzpabCA%3D%3D,Not specified,2025-11-28 09:00:50.641780,2025-11-27,,de.linkedin.com/jobs/view/azure-dev-ops-engineer-all-genders-at-adesso-as-a-service-gmbh-3920538490
Systems Engineer – Business Applications (m/w/d),BWI GmbH,"Frankfurt am Main, Hesse, Germany",LinkedIn,https://de.linkedin.com/jobs/view/systems-engineer-%E2%80%93-business-applications-m-w-d-at-bwi-gmbh-4334461688?position=54&pageNum=0&refId=27LfpvdBp%2BveBm6gG6pE%2Fw%3D%3D&trackingId=3xqzGDq0yX%2B0PRI%2F4Q%2Bd%2FA%3D%3D,Not specified,2025-11-28 09:00:50.641875,2025-11-27,,de.linkedin.com/jobs/view/systems-engineer-%E2%80%93-business-applications-m-w-d-at-bwi-gmbh-4334461688
Senior Corporate IT Engineer,Collectors,"Frankfurt, Hesse, Germany",LinkedIn,https://de.linkedin.com/jobs/view/senior-corporate-it-engineer-at-collectors-4321991217?position=58&pageNum=0&refId=27LfpvdBp%2BveBm6gG6pE%2Fw%3D%3D&trackingId=NLVABH%2FEMW5vZUmIgFykHg%3D%3D,Not specified,2025-11-28 09:00:50.642253,2025-11-27,,de.linkedin.com/jobs/view/senior-corporate-it-engineer-at-collectors-4321991217
Research Scientist | Language AI,DeepL,"Cologne, North Rhine-Westphalia, Germany",LinkedIn,https://de.linkedin.com/jobs/view/research-scientist-language-ai-at-deepl-4324616478?position=1&pageNum=0&refId=K0kjocLrjY8qv3ASyQkQ4A%3D%3D&trackingId=hzDocqpuX1WY2hhWI0zVAA%3D%3D,Not specified,2025-11-28 09:00:53.485858,2025-11-27,,de.linkedin.com/jobs/view/research-scientist-language-ai-at-deepl-4324616478
Lead Data Scientist,AI Futures,"Düsseldorf, North Rhine-Westphalia, Germany",LinkedIn,https://de.linkedin.com/jobs/view/lead-data-scientist-at-ai-futures-4347639860?position=2&pageNum=0&refId=K0kjocLrjY8qv3ASyQkQ4A%3D%3D&trackingId=we0OtW%2F%2FT9h6oi%2FDqNdaLg%3D%3D,Not specified,2025-11-28 09:00:53.485999,2025-11-27,,de.linkedin.com/jobs/view/lead-data-scientist-at-ai-futures-4347639860
Azure AI & Machine Learning Engineer DACH Region,M365Consult,"Cologne, North Rhine-Westphalia, Germany",LinkedIn,https://de.linkedin.com/jobs/view/azure-ai-machine-learning-engineer-dach-region-at-m365consult-4324687647?position=3&pageNum=0&refId=K0kjocLrjY8qv3ASyQkQ4A%3D%3D&trackingId=95NOWYfsZHnQx%2B53lJ4UZQ%3D%3D,Not specified,2025-11-28 09:00:53.486137,2025-11-28,,de.linkedin.com/jobs/view/azure-ai-machine-learning-engineer-dach-region-at-m365consult-4324687647
Senior Data Scientist (m/w/d),Deutsche Post und DHL,"Bonn, North Rhine-Westphalia, Germany",LinkedIn,https://de.linkedin.com/jobs/view/senior-data-scientist-m-w-d-at-deutsche-post-und-dhl-4324895859?position=4&pageNum=0&refId=K0kjocLrjY8qv3ASyQkQ4A%3D%3D&trackingId=wDRWdV94Ju%2FGm4EbOPCzew%3D%3D,Not specified,2025-11-28 09:00:53.486265,2025-11-27,,de.linkedin.com/jobs/view/senior-data-scientist-m-w-d-at-deutsche-post-und-dhl-4324895859
"Azure AI & Data Engineer (m/w/d) – Cloud, Fabric & M365",Bonnfinanz GmbH,"Bonn, North Rhine-Westphalia, Germany",LinkedIn,https://de.linkedin.com/jobs/view/azure-ai-data-engineer-m-w-d-%E2%80%93-cloud-fabric-m365-at-bonnfinanz-gmbh-4348011312?position=5&pageNum=0&refId=K0kjocLrjY8qv3ASyQkQ4A%3D%3D&trackingId=k6tj3NBOqv7WEhlmA%2Bj5Ug%3D%3D,Not specified,2025-11-28 09:00:53.486393,2025-11-28,,de.linkedin.com/jobs/view/azure-ai-data-engineer-m-w-d-%E2%80%93-cloud-fabric-m365-at-bonnfinanz-gmbh-4348011312
Cloud Native Software Developer,Delivion GmbH,"Zülpich, North Rhine-Westphalia, Germany",LinkedIn,https://de.linkedin.com/jobs/view/cloud-native-software-developer-at-delivion-gmbh-4347862118?position=7&pageNum=0&refId=K0kjocLrjY8qv3ASyQkQ4A%3D%3D&trackingId=TaxAI1MAtOBA7wofxAI8Tw%3D%3D,Not specified,2025-11-28 09:00:53.486650,2025-11-28,,de.linkedin.com/jobs/view/cloud-native-software-developer-at-delivion-gmbh-4347862118
Senior Go Developer (Dusseldorf),Zero to One Search | Recruitment Agency,"Düsseldorf, North Rhine-Westphalia, Germany",LinkedIn,https://de.linkedin.com/jobs/view/senior-go-developer-dusseldorf-at-zero-to-one-search-recruitment-agency-4347698003?position=8&pageNum=0&refId=K0kjocLrjY8qv3ASyQkQ4A%3D%3D&trackingId=MLIuNO74fqFpKuSX9P2blg%3D%3D,Not specified,2025-11-28 09:00:53.486777,2025-11-27,,de.linkedin.com/jobs/view/senior-go-developer-dusseldorf-at-zero-to-one-search-recruitment-agency-4347698003
Software Developer Datenmigration (all genders),adesso SE,"Cologne, North Rhine-Westphalia, Germany",LinkedIn,https://de.linkedin.com/jobs/view/software-developer-datenmigration-all-genders-at-adesso-se-4294598366?position=10&pageNum=0&refId=K0kjocLrjY8qv3ASyQkQ4A%3D%3D&trackingId=Q%2BU63AaWak6n0ZE%2B6MigAA%3D%3D,Not specified,2025-11-28 09:00:53.487030,2025-11-27,,de.linkedin.com/jobs/view/software-developer-datenmigration-all-genders-at-adesso-se-4294598366
Software Developer Datenmigration (all genders),adesso insurance solutions GmbH,"Bonn, North Rhine-Westphalia, Germany",LinkedIn,https://de.linkedin.com/jobs/view/software-developer-datenmigration-all-genders-at-adesso-insurance-solutions-gmbh-4294593378?position=11&pageNum=0&refId=K0kjocLrjY8qv3ASyQkQ4A%3D%3D&trackingId=1ZlOWB6R4WAqNYPLLBRCZQ%3D%3D,Not specified,2025-11-28 09:00:53.487155,2025-11-27,,de.linkedin.com/jobs/view/software-developer-datenmigration-all-genders-at-adesso-insurance-solutions-gmbh-4294593378
Software Developer Datenmigration (all genders),adesso insurance solutions GmbH,"Düsseldorf, North Rhine-Westphalia, Germany",LinkedIn,https://de.linkedin.com/jobs/view/software-developer-datenmigration-all-genders-at-adesso-insurance-solutions-gmbh-4294592448?position=15&pageNum=0&refId=K0kjocLrjY8qv3ASyQkQ4A%3D%3D&trackingId=KVJxh9jM0QhAsSHpn%2BVkzA%3D%3D,Not specified,2025-11-28 09:00:53.487645,2025-11-27,,de.linkedin.com/jobs/view/software-developer-datenmigration-all-genders-at-adesso-insurance-solutions-gmbh-4294592448
Senior Golang Engineer,develop,"Cologne, North Rhine-Westphalia, Germany",LinkedIn,https://de.linkedin.com/jobs/view/senior-golang-engineer-at-develop-4339334842?position=17&pageNum=0&refId=K0kjocLrjY8qv3ASyQkQ4A%3D%3D&trackingId=8SjFBY4OwO4uy0xuoaxU%2FA%3D%3D,Not specified,2025-11-28 09:00:53.487882,2025-11-27,,de.linkedin.com/jobs/view/senior-golang-engineer-at-develop-4339334842
Softwareentwickler (m/w/d) C# / Web Frontend / mobile Anwendungen,BAYOONET AG,"Cologne, North Rhine-Westphalia, Germany",LinkedIn,https://de.linkedin.com/jobs/view/softwareentwickler-m-w-d-c%23-web-frontend-mobile-anwendungen-at-bayoonet-ag-4339337846?position=19&pageNum=0&refId=K0kjocLrjY8qv3ASyQkQ4A%3D%3D&trackingId=m8V2fej8zuTlxHi%2B8fbd2w%3D%3D,Not specified,2025-11-28 09:00:53.488115,2025-11-27,,de.linkedin.com/jobs/view/softwareentwickler-m-w-d-c%23-web-frontend-mobile-anwendungen-at-bayoonet-ag-4339337846
Senior Golang Engineer,develop,"Düsseldorf, North Rhine-Westphalia, Germany",LinkedIn,https://de.linkedin.com/jobs/view/senior-golang-engineer-at-develop-4339324705?position=20&pageNum=0&refId=K0kjocLrjY8qv3ASyQkQ4A%3D%3D&trackingId=xbvenFnUu%2BiPxQCOjfg5fA%3D%3D,Not specified,2025-11-28 09:00:53.488233,2025-11-27,,de.linkedin.com/jobs/view/senior-golang-engineer-at-develop-4339324705
Cloud Engineer (m/w/d),fulfillmenttools,Cologne Bonn Region,LinkedIn,https://de.linkedin.com/jobs/view/cloud-engineer-m-w-d-at-fulfillmenttools-4333386024?position=21&pageNum=0&refId=K0kjocLrjY8qv3ASyQkQ4A%3D%3D&trackingId=Wcuni7kZtnioC3T71kwUCg%3D%3D,Not specified,2025-11-28 09:00:53.488350,2025-11-27,,de.linkedin.com/jobs/view/cloud-engineer-m-w-d-at-fulfillmenttools-4333386024
"Senior Fullstack Engineer, AdTech (m/f/d)",Redcare Pharmacy,"Cologne, North Rhine-Westphalia, Germany",LinkedIn,https://de.linkedin.com/jobs/view/senior-fullstack-engineer-adtech-m-f-d-at-redcare-pharmacy-4304559020?position=22&pageNum=0&refId=K0kjocLrjY8qv3ASyQkQ4A%3D%3D&trackingId=S17%2B3k5i3ctU9%2BZJ1pGP3A%3D%3D,Not specified,2025-11-28 09:00:53.488468,2025-11-27,,de.linkedin.com/jobs/view/senior-fullstack-engineer-adtech-m-f-d-at-redcare-pharmacy-4304559020
Produktentwickler Privatkunden Kraftfahrt (all genders) Münster oder Düsseldorf,Provinzial Konzern,"Düsseldorf, North Rhine-Westphalia, Germany",LinkedIn,https://de.linkedin.com/jobs/view/produktentwickler-privatkunden-kraftfahrt-all-genders-m%C3%BCnster-oder-d%C3%BCsseldorf-at-provinzial-konzern-4339324816?position=23&pageNum=0&refId=K0kjocLrjY8qv3ASyQkQ4A%3D%3D&trackingId=Oi1NQjsUZ0YI%2BDxf0Z%2Fptg%3D%3D,Not specified,2025-11-28 09:00:53.488585,2025-11-27,,de.linkedin.com/jobs/view/produktentwickler-privatkunden-kraftfahrt-all-genders-m%C3%BCnster-oder-d%C3%BCsseldorf-at-provinzial-konzern-4339324816
(Junior) Webentwickler (m/w/d) Mobilfunk,CHECK24 Vergleichsportal GmbH,"Cologne, North Rhine-Westphalia, Germany",LinkedIn,https://de.linkedin.com/jobs/view/junior-webentwickler-m-w-d-mobilfunk-at-check24-vergleichsportal-gmbh-4334337684?position=24&pageNum=0&refId=K0kjocLrjY8qv3ASyQkQ4A%3D%3D&trackingId=gW1h1HYCtfS4Gj3Cku%2F%2B1Q%3D%3D,Not specified,2025-11-28 09:00:53.488699,2025-11-27,,de.linkedin.com/jobs/view/junior-webentwickler-m-w-d-mobilfunk-at-check24-vergleichsportal-gmbh-4334337684
Fullstack Developer C# (w/m/d),Inverto | A BCG Company,"Cologne, North Rhine-Westphalia, Germany",LinkedIn,https://de.linkedin.com/jobs/view/fullstack-developer-c%23-w-m-d-at-inverto-a-bcg-company-4283927448?position=26&pageNum=0&refId=K0kjocLrjY8qv3ASyQkQ4A%3D%3D&trackingId=X4yYgHJhEY1lf69Tlf2MJQ%3D%3D,Not specified,2025-11-28 09:00:53.488937,2025-11-27,,de.linkedin.com/jobs/view/fullstack-developer-c%23-w-m-d-at-inverto-a-bcg-company-4283927448
Spezialist (m/w/d) Softwareentwicklung & Softwarearchitektur,Toyota Kreditbank/ Toyota Financial Services Germany,"Cologne, North Rhine-Westphalia, Germany",LinkedIn,https://de.linkedin.com/jobs/view/spezialist-m-w-d-softwareentwicklung-softwarearchitektur-at-toyota-kreditbank-toyota-financial-services-germany-4263703516?position=28&pageNum=0&refId=K0kjocLrjY8qv3ASyQkQ4A%3D%3D&trackingId=1VjtggVT9QKd%2FRjZIxR0Ew%3D%3D,Not specified,2025-11-28 09:00:53.489168,2025-11-27,,de.linkedin.com/jobs/view/spezialist-m-w-d-softwareentwicklung-softwarearchitektur-at-toyota-kreditbank-toyota-financial-services-germany-4263703516
"BI Developer (Supply Analytics, Bangkok-based, Relocation provided)",Agoda,"Düsseldorf, North Rhine-Westphalia, Germany",LinkedIn,https://de.linkedin.com/jobs/view/bi-developer-supply-analytics-bangkok-based-relocation-provided-at-agoda-4334622057?position=29&pageNum=0&refId=K0kjocLrjY8qv3ASyQkQ4A%3D%3D&trackingId=68gePiapWCV1ksDY%2Bf%2F33A%3D%3D,Not specified,2025-11-28 09:00:53.489286,2025-11-27,,de.linkedin.com/jobs/view/bi-developer-supply-analytics-bangkok-based-relocation-provided-at-agoda-4334622057
"BI Developer (Supply Analytics, Bangkok-based, Relocation provided)",Agoda,"Cologne, North Rhine-Westphalia, Germany",LinkedIn,https://de.linkedin.com/jobs/view/bi-developer-supply-analytics-bangkok-based-relocation-provided-at-agoda-4334453886?position=30&pageNum=0&refId=K0kjocLrjY8qv3ASyQkQ4A%3D%3D&trackingId=1%2BX65%2BTYo6bmTInOf35thQ%3D%3D,Not specified,2025-11-28 09:00:53.489407,2025-11-27,,de.linkedin.com/jobs/view/bi-developer-supply-analytics-bangkok-based-relocation-provided-at-agoda-4334453886
Senior Software Architect Conversational AI (all genders),adesso SE,"Bonn, North Rhine-Westphalia, Germany",LinkedIn,https://de.linkedin.com/jobs/view/senior-software-architect-conversational-ai-all-genders-at-adesso-se-4078618222?position=33&pageNum=0&refId=K0kjocLrjY8qv3ASyQkQ4A%3D%3D&trackingId=m15Z8xO853CofJ%2FMBiHKrA%3D%3D,Not specified,2025-11-28 09:00:53.489758,2025-11-27,,de.linkedin.com/jobs/view/senior-software-architect-conversational-ai-all-genders-at-adesso-se-4078618222
IT Workplace Engineer (m/w/d) - Jobbird.com,Jobster,"Cologne, North Rhine-Westphalia, Germany",LinkedIn,https://de.linkedin.com/jobs/view/it-workplace-engineer-m-w-d-jobbird-com-at-jobster-4324866180?position=34&pageNum=0&refId=K0kjocLrjY8qv3ASyQkQ4A%3D%3D&trackingId=%2FrLo%2FXOH3J5RzffMTk%2B6YA%3D%3D,Not specified,2025-11-28 09:00:53.489877,2025-11-27,,de.linkedin.com/jobs/view/it-workplace-engineer-m-w-d-jobbird-com-at-jobster-4324866180
Senior (Lead) Softwareentwickler Java (all genders),]init[ - Services for the eSociety,"Cologne, North Rhine-Westphalia, Germany",LinkedIn,https://de.linkedin.com/jobs/view/senior-lead-softwareentwickler-java-all-genders-at-init-services-for-the-esociety-4347739178?position=35&pageNum=0&refId=K0kjocLrjY8qv3ASyQkQ4A%3D%3D&trackingId=RSoeANY%2FIbCEFhaVuJs6%2BA%3D%3D,Not specified,2025-11-28 09:00:53.489994,2025-11-27,,de.linkedin.com/jobs/view/senior-lead-softwareentwickler-java-all-genders-at-init-services-for-the-esociety-4347739178
Senior (Lead) Softwareentwickler Java (all genders),]init[ - Services for the eSociety,"Cologne, North Rhine-Westphalia, Germany",LinkedIn,https://de.linkedin.com/jobs/view/senior-lead-softwareentwickler-java-all-genders-at-init-services-for-the-esociety-4347649662?position=36&pageNum=0&refId=K0kjocLrjY8qv3ASyQkQ4A%3D%3D&trackingId=0gN6Y%2B%2BAY0av4XGhnjnosQ%3D%3D,Not specified,2025-11-28 09:00:53.490115,2025-11-27,,de.linkedin.com/jobs/view/senior-lead-softwareentwickler-java-all-genders-at-init-services-for-the-esociety-4347649662
Senior Analytics Engineer (all genders),Contabo,"Cologne, North Rhine-Westphalia, Germany",LinkedIn,https://de.linkedin.com/jobs/view/senior-analytics-engineer-all-genders-at-contabo-4304552048?position=37&pageNum=0&refId=K0kjocLrjY8qv3ASyQkQ4A%3D%3D&trackingId=fEgOTYl%2BHPg6kgYT7vKvuw%3D%3D,Not specified,2025-11-28 09:00:53.490234,2025-11-27,,de.linkedin.com/jobs/view/senior-analytics-engineer-all-genders-at-contabo-4304552048
Data Engineer,Slalom,"Düsseldorf, North Rhine-Westphalia, Germany",LinkedIn,https://de.linkedin.com/jobs/view/data-engineer-at-slalom-4304008892?position=38&pageNum=0&refId=K0kjocLrjY8qv3ASyQkQ4A%3D%3D&trackingId=Beya2pBkCdK5Hq44vrmbIg%3D%3D,Not specified,2025-11-28 09:00:53.490352,2025-11-27,,de.linkedin.com/jobs/view/data-engineer-at-slalom-4304008892
Cloud Data Engineer - Databricks (all genders),adesso SE,"Cologne, North Rhine-Westphalia, Germany",LinkedIn,https://de.linkedin.com/jobs/view/cloud-data-engineer-databricks-all-genders-at-adesso-se-4139519418?position=39&pageNum=0&refId=K0kjocLrjY8qv3ASyQkQ4A%3D%3D&trackingId=JpuWlUE%2Fzb35y1pKclBk5g%3D%3D,Not specified,2025-11-28 09:00:53.490469,2025-11-27,,de.linkedin.com/jobs/view/cloud-data-engineer-databricks-all-genders-at-adesso-se-4139519418
Laravel Webentwickler:in (m/w/d),DocCheck,"Cologne, North Rhine-Westphalia, Germany",LinkedIn,https://de.linkedin.com/jobs/view/laravel-webentwickler-in-m-w-d-at-doccheck-4222856617?position=41&pageNum=0&refId=K0kjocLrjY8qv3ASyQkQ4A%3D%3D&trackingId=HUgx0WNY9WYtnswN1b12Wg%3D%3D,Not specified,2025-11-28 09:00:53.490702,2025-11-27,,de.linkedin.com/jobs/view/laravel-webentwickler-in-m-w-d-at-doccheck-4222856617
Senior Lead Enterprise Architect (all genders),]init[ - Services for the eSociety,"Cologne, North Rhine-Westphalia, Germany",LinkedIn,https://de.linkedin.com/jobs/view/senior-lead-enterprise-architect-all-genders-at-init-services-for-the-esociety-4347749121?position=44&pageNum=0&refId=K0kjocLrjY8qv3ASyQkQ4A%3D%3D&trackingId=aUgm71D74pFmlZvH4Yl1TQ%3D%3D,Not specified,2025-11-28 09:00:53.491056,2025-11-27,,de.linkedin.com/jobs/view/senior-lead-enterprise-architect-all-genders-at-init-services-for-the-esociety-4347749121
Senior Lead Enterprise Architect (all genders),]init[ - Services for the eSociety,"Cologne, North Rhine-Westphalia, Germany",LinkedIn,https://de.linkedin.com/jobs/view/senior-lead-enterprise-architect-all-genders-at-init-services-for-the-esociety-4347739180?position=45&pageNum=0&refId=K0kjocLrjY8qv3ASyQkQ4A%3D%3D&trackingId=GAKAFzRBCwQgQYXI2toK8Q%3D%3D,Not specified,2025-11-28 09:00:53.491174,2025-11-27,,de.linkedin.com/jobs/view/senior-lead-enterprise-architect-all-genders-at-init-services-for-the-esociety-4347739180
Systems Engineer – Confluence Wiki (m/w/d),BWI GmbH,"Bonn, North Rhine-Westphalia, Germany",LinkedIn,https://de.linkedin.com/jobs/view/systems-engineer-%E2%80%93-confluence-wiki-m-w-d-at-bwi-gmbh-4334298878?position=47&pageNum=0&refId=K0kjocLrjY8qv3ASyQkQ4A%3D%3D&trackingId=8YL1E55EYOG6IzzwFYFlzA%3D%3D,Not specified,2025-11-28 09:00:53.491414,2025-11-27,,de.linkedin.com/jobs/view/systems-engineer-%E2%80%93-confluence-wiki-m-w-d-at-bwi-gmbh-4334298878
Data Analyst - Marketing Strategy & Intelligence,trivago,"Düsseldorf, North Rhine-Westphalia, Germany",LinkedIn,https://de.linkedin.com/jobs/view/data-analyst-marketing-strategy-intelligence-at-trivago-4339279269?position=49&pageNum=0&refId=K0kjocLrjY8qv3ASyQkQ4A%3D%3D&trackingId=ionF8pgsb1ofP00cOOk9jQ%3D%3D,Not specified,2025-11-28 09:00:53.491652,2025-11-28,,de.linkedin.com/jobs/view/data-analyst-marketing-strategy-intelligence-at-trivago-4339279269
Senior Data Engineer (m/w/d),Goodman Masson Deutschland,"Cologne, North Rhine-Westphalia, Germany",LinkedIn,https://de.linkedin.com/jobs/view/senior-data-engineer-m-w-d-at-goodman-masson-deutschland-4339194611?position=50&pageNum=0&refId=K0kjocLrjY8qv3ASyQkQ4A%3D%3D&trackingId=N6XrhSr7bLgvwYWkBE2kIw%3D%3D,Not specified,2025-11-28 09:00:53.491771,2025-11-27,,de.linkedin.com/jobs/view/senior-data-engineer-m-w-d-at-goodman-masson-deutschland-4339194611
Software Developer Dynamics Finance & Supply Chain Management (all genders),adesso SE,"Düsseldorf, North Rhine-Westphalia, Germany",LinkedIn,https://de.linkedin.com/jobs/view/software-developer-dynamics-finance-supply-chain-management-all-genders-at-adesso-se-4044832015?position=51&pageNum=0&refId=K0kjocLrjY8qv3ASyQkQ4A%3D%3D&trackingId=WJtjru6MxYTdtgLE5ODJ1A%3D%3D,Not specified,2025-11-28 09:00:53.491888,2025-11-27,,de.linkedin.com/jobs/view/software-developer-dynamics-finance-supply-chain-management-all-genders-at-adesso-se-4044832015
Senior Data Engineer,Instaffo,"Cologne, North Rhine-Westphalia, Germany",LinkedIn,https://de.linkedin.com/jobs/view/senior-data-engineer-at-instaffo-4295420550?position=53&pageNum=0&refId=K0kjocLrjY8qv3ASyQkQ4A%3D%3D&trackingId=hMM33NNoFn4RS3wNi1sAqw%3D%3D,Not specified,2025-11-28 09:00:53.492123,2025-11-27,,de.linkedin.com/jobs/view/senior-data-engineer-at-instaffo-4295420550
Systems Engineer – Business Applications (m/w/d),BWI GmbH,"Bonn, North Rhine-Westphalia, Germany",LinkedIn,https://de.linkedin.com/jobs/view/systems-engineer-%E2%80%93-business-applications-m-w-d-at-bwi-gmbh-4334501520?position=54&pageNum=0&refId=K0kjocLrjY8qv3ASyQkQ4A%3D%3D&trackingId=QJeDPbIPv3JtJNNOb%2FnNsw%3D%3D,Not specified,2025-11-28 09:00:53.492242,2025-11-27,,de.linkedin.com/jobs/view/systems-engineer-%E2%80%93-business-applications-m-w-d-at-bwi-gmbh-4334501520
Senior Systems Engineer – Business Applications (m/w/d),BWI GmbH,"Bonn, North Rhine-Westphalia, Germany",LinkedIn,https://de.linkedin.com/jobs/view/senior-systems-engineer-%E2%80%93-business-applications-m-w-d-at-bwi-gmbh-4334541449?position=58&pageNum=0&refId=K0kjocLrjY8qv3ASyQkQ4A%3D%3D&trackingId=73hY%2FpUldDaXf%2BdylDRjUg%3D%3D,Not specified,2025-11-28 09:00:53.492715,2025-11-27,,de.linkedin.com/jobs/view/senior-systems-engineer-%E2%80%93-business-applications-m-w-d-at-bwi-gmbh-4334541449
Senior Systems Engineer – Business Applications (m/w/d),BWI GmbH,"Bonn, North Rhine-Westphalia, Germany",LinkedIn,https://de.linkedin.com/jobs/view/senior-systems-engineer-%E2%80%93-business-applications-m-w-d-at-bwi-gmbh-4278537161?position=59&pageNum=0&refId=K0kjocLrjY8qv3ASyQkQ4A%3D%3D&trackingId=JsaIL8Fe7D59UEkPi%2Fhepg%3D%3D,Not specified,2025-11-28 09:00:53.492832,2025-11-27,,de.linkedin.com/jobs/view/senior-systems-engineer-%E2%80%93-business-applications-m-w-d-at-bwi-gmbh-4278537161
Requirements Engineer (all genders),adesso SE,"Ulm, Baden-Württemberg, Germany",LinkedIn,https://de.linkedin.com/jobs/view/requirements-engineer-all-genders-at-adesso-se-3925561156?position=3&pageNum=0&refId=fpCDpGK6rah2n%2Bpivbr2Ig%3D%3D&trackingId=VyE3aZywA472OmclpwWA%2FA%3D%3D,Not specified,2025-11-28 09:00:56.235563,2025-11-27,,de.linkedin.com/jobs/view/requirements-engineer-all-genders-at-adesso-se-3925561156
Full Stack Engineer (all genders),adesso SE,"Ulm, Baden-Württemberg, Germany",LinkedIn,https://de.linkedin.com/jobs/view/full-stack-engineer-all-genders-at-adesso-se-3733045339?position=4&pageNum=0&refId=fpCDpGK6rah2n%2Bpivbr2Ig%3D%3D&trackingId=8aPU8ifHFKN6J3AaHN2Qrw%3D%3D,Not specified,2025-11-28 09:00:56.235748,2025-11-27,,de.linkedin.com/jobs/view/full-stack-engineer-all-genders-at-adesso-se-3733045339
Systems Engineer – Confluence Wiki (m/w/d),BWI GmbH,"Ulm, Baden-Württemberg, Germany",LinkedIn,https://de.linkedin.com/jobs/view/systems-engineer-%E2%80%93-confluence-wiki-m-w-d-at-bwi-gmbh-4334199147?position=5&pageNum=0&refId=fpCDpGK6rah2n%2Bpivbr2Ig%3D%3D&trackingId=CPUZz5LSRgJq29gALN6V0w%3D%3D,Not specified,2025-11-28 09:00:56.235932,2025-11-27,,de.linkedin.com/jobs/view/systems-engineer-%E2%80%93-confluence-wiki-m-w-d-at-bwi-gmbh-4334199147
Systems Engineer – Business Applications (m/w/d),BWI GmbH,"Ulm, Baden-Württemberg, Germany",LinkedIn,https://de.linkedin.com/jobs/view/systems-engineer-%E2%80%93-business-applications-m-w-d-at-bwi-gmbh-4334461689?position=6&pageNum=0&refId=fpCDpGK6rah2n%2Bpivbr2Ig%3D%3D&trackingId=gOFV1Q1q1LGkn8wdOQVT5w%3D%3D,Not specified,2025-11-28 09:00:56.236111,2025-11-27,,de.linkedin.com/jobs/view/systems-engineer-%E2%80%93-business-applications-m-w-d-at-bwi-gmbh-4334461689
Senior Systems Engineer – Business Applications (m/w/d),BWI GmbH,"Ulm, Baden-Württemberg, Germany",LinkedIn,https://de.linkedin.com/jobs/view/senior-systems-engineer-%E2%80%93-business-applications-m-w-d-at-bwi-gmbh-4334521474?position=8&pageNum=0&refId=fpCDpGK6rah2n%2Bpivbr2Ig%3D%3D&trackingId=KTHHzmepRYHhjM%2FI7l7%2B2Q%3D%3D,Not specified,2025-11-28 09:00:56.236450,2025-11-27,,de.linkedin.com/jobs/view/senior-systems-engineer-%E2%80%93-business-applications-m-w-d-at-bwi-gmbh-4334521474
Junior Applications Engineer (m/w/d),8tree,"Constance, Baden-Württemberg, Germany",LinkedIn,https://de.linkedin.com/jobs/view/junior-applications-engineer-m-w-d-at-8tree-4347649407?position=1&pageNum=0&refId=8q47xz%2FEaHx60Jy49aa1vg%3D%3D&trackingId=vVGBQMZ1arVehsaEkkazsA%3D%3D,Not specified,2025-11-28 09:00:58.890767,2025-11-27,,de.linkedin.com/jobs/view/junior-applications-engineer-m-w-d-at-8tree-4347649407
Senior Data Engineer mit Karriereambitionen - 120k€ - 150k€ im ersten Jahr möglich. Starte jetzt mit uns durch!  Open,The Associated Engineers Group,DACH,LinkedIn,https://www.linkedin.com/jobs/view/senior-data-engineer-mit-karriereambitionen-120k%E2%82%AC-150k%E2%82%AC-im-ersten-jahr-m%C3%B6glich-starte-jetzt-mit-uns-durch%21-open-at-the-associated-engineers-group-4339375766?position=2&pageNum=0&refId=8q47xz%2FEaHx60Jy49aa1vg%3D%3D&trackingId=CH%2BFBhU5r4r%2B70E9731klw%3D%3D,Not specified,2025-11-28 09:00:58.890937,2025-11-27,,www.linkedin.com/jobs/view/senior-data-engineer-mit-karriereambitionen-120k%E2%82%AC-150k%E2%82%AC-im-ersten-jahr-m%C3%B6glich-starte-jetzt-mit-uns-durch%21-open-at-the-associated-engineers-group-4339375766
Data Engineer (m/w/d),doubleSlash Net-Business GmbH,"Friedrichshafen, Baden-Württemberg, Germany",LinkedIn,https://de.linkedin.com/jobs/view/data-engineer-m-w-d-at-doubleslash-net-business-gmbh-4339224499?position=6&pageNum=0&refId=8q47xz%2FEaHx60Jy49aa1vg%3D%3D&trackingId=9aq6RmK5EZ4E9zWnFKckUA%3D%3D,Not specified,2025-11-28 09:00:58.891579,2025-11-27,,de.linkedin.com/jobs/view/data-engineer-m-w-d-at-doubleslash-net-business-gmbh-4339224499
Softwareentwickler:in SPS – Bussnang,Stadler,"Bussnang, Thurgau, Switzerland",LinkedIn,https://ch.linkedin.com/jobs/view/softwareentwickler-in-sps-%E2%80%93-bussnang-at-stadler-4324895886?position=7&pageNum=0&refId=8q47xz%2FEaHx60Jy49aa1vg%3D%3D&trackingId=HQFW3CCjA2D3obQa2Z5V4g%3D%3D,Not specified,2025-11-28 09:00:58.891733,2025-11-27,,ch.linkedin.com/jobs/view/softwareentwickler-in-sps-%E2%80%93-bussnang-at-stadler-4324895886
Data Engineer (m/w/d),doubleSlash Net-Business GmbH,"Friedrichshafen, Baden-Württemberg, Germany",LinkedIn,https://de.linkedin.com/jobs/view/data-engineer-m-w-d-at-doubleslash-net-business-gmbh-4339284362?position=8&pageNum=0&refId=8q47xz%2FEaHx60Jy49aa1vg%3D%3D&trackingId=UQbMmYKYy%2FVmb9wm6Tuh2w%3D%3D,Not specified,2025-11-28 09:00:58.891887,2025-11-27,,de.linkedin.com/jobs/view/data-engineer-m-w-d-at-doubleslash-net-business-gmbh-4339284362
Softwareentwickler für Embedded Systems (m/w/d),Akkodis,"Bodenseekreis, Baden-Württemberg, Germany",LinkedIn,https://de.linkedin.com/jobs/view/softwareentwickler-f%C3%BCr-embedded-systems-m-w-d-at-akkodis-4339385899?position=10&pageNum=0&refId=8q47xz%2FEaHx60Jy49aa1vg%3D%3D&trackingId=GpbMG0hx%2FK32Vl85ZXSynA%3D%3D,Not specified,2025-11-28 09:00:58.892192,2025-11-27,,de.linkedin.com/jobs/view/softwareentwickler-f%C3%BCr-embedded-systems-m-w-d-at-akkodis-4339385899
C++ Developer (m/w/d),Rocken®,"Wittenbach, St Gallen, Switzerland",LinkedIn,https://ch.linkedin.com/jobs/view/c%2B%2B-developer-m-w-d-at-rocken%C2%AE-4324857316?position=12&pageNum=0&refId=8q47xz%2FEaHx60Jy49aa1vg%3D%3D&trackingId=HJSf%2FG2eObi6wHwIQa4FQg%3D%3D,Not specified,2025-11-28 09:00:58.892499,2025-11-28,,ch.linkedin.com/jobs/view/c%2B%2B-developer-m-w-d-at-rocken%C2%AE-4324857316
Software Developer – C++/Unreal Engine (3D Interfaces & Robotics UI),TalentCloud Group Recruitment,"Zurich, Switzerland",LinkedIn,https://ch.linkedin.com/jobs/view/software-developer-%E2%80%93-c%2B%2B-unreal-engine-3d-interfaces-robotics-ui-at-talentcloud-group-recruitment-4339396374?position=5&pageNum=0&refId=4yI6oFWH%2FOB4b18iyDo1PQ%3D%3D&trackingId=wqyswHb%2FvV2A%2F%2BSPQ4dlcg%3D%3D,Not specified,2025-11-28 09:01:01.782128,2025-11-27,,ch.linkedin.com/jobs/view/software-developer-%E2%80%93-c%2B%2B-unreal-engine-3d-interfaces-robotics-ui-at-talentcloud-group-recruitment-4339396374
Informatica Developer,K&K Talents,"Zurich, Switzerland",LinkedIn,https://ch.linkedin.com/jobs/view/informatica-developer-at-k-k-talents-4339344156?position=6&pageNum=0&refId=4yI6oFWH%2FOB4b18iyDo1PQ%3D%3D&trackingId=k6%2BMNvyhWOuJzkbATd93aw%3D%3D,Not specified,2025-11-28 09:01:01.782257,2025-11-27,,ch.linkedin.com/jobs/view/informatica-developer-at-k-k-talents-4339344156
Informatica Developer,Rapinno Tech Solutions GmbH,"Zurich, Switzerland",LinkedIn,https://ch.linkedin.com/jobs/view/informatica-developer-at-rapinno-tech-solutions-gmbh-4324666234?position=7&pageNum=0&refId=4yI6oFWH%2FOB4b18iyDo1PQ%3D%3D&trackingId=cYb%2FvPAYHv3C9lxoeJm3kA%3D%3D,Not specified,2025-11-28 09:01:01.782383,2025-11-27,,ch.linkedin.com/jobs/view/informatica-developer-at-rapinno-tech-solutions-gmbh-4324666234
Research Associate/Senior Research Associate (Formal Methods),UNSW,"Zurich, Zurich, Switzerland",LinkedIn,https://ch.linkedin.com/jobs/view/research-associate-senior-research-associate-formal-methods-at-unsw-4347768226?position=8&pageNum=0&refId=4yI6oFWH%2FOB4b18iyDo1PQ%3D%3D&trackingId=Yk1YT7qQDy%2FJ7NYxbZs%2Faw%3D%3D,Not specified,2025-11-28 09:01:01.782508,2025-11-27,,ch.linkedin.com/jobs/view/research-associate-senior-research-associate-formal-methods-at-unsw-4347768226
Workflow Engineer,mesoneer,"Wallisellen, Zurich, Switzerland",LinkedIn,https://ch.linkedin.com/jobs/view/workflow-engineer-at-mesoneer-4347777975?position=18&pageNum=0&refId=4yI6oFWH%2FOB4b18iyDo1PQ%3D%3D&trackingId=5j6r6Z2UifCX8wdbCVYLiw%3D%3D,Not specified,2025-11-28 09:01:01.783787,2025-11-27,,ch.linkedin.com/jobs/view/workflow-engineer-at-mesoneer-4347777975
Senior Steuerungstechniker:in,cross-ING AG,"Dietlikon, Zurich, Switzerland",LinkedIn,https://ch.linkedin.com/jobs/view/senior-steuerungstechniker-in-at-cross-ing-ag-4324588036?position=34&pageNum=0&refId=4yI6oFWH%2FOB4b18iyDo1PQ%3D%3D&trackingId=bZomX2dOydMPTmDrFa6McA%3D%3D,Not specified,2025-11-28 09:01:01.785810,2025-11-27,,ch.linkedin.com/jobs/view/senior-steuerungstechniker-in-at-cross-ing-ag-4324588036
TDS Software Developer 100% (f/m/d),Julius Baer,"Zurich, Zurich, Switzerland",LinkedIn,https://ch.linkedin.com/jobs/view/tds-software-developer-100%25-f-m-d-at-julius-baer-4334357301?position=35&pageNum=0&refId=4yI6oFWH%2FOB4b18iyDo1PQ%3D%3D&trackingId=w040w5LFZtooVM5i%2Bx4ILw%3D%3D,Not specified,2025-11-28 09:01:01.785935,2025-11-27,,ch.linkedin.com/jobs/view/tds-software-developer-100%25-f-m-d-at-julius-baer-4334357301
"BI Developer (Supply Analytics, Bangkok-based, Relocation provided)",Agoda,"Zurich, Zurich, Switzerland",LinkedIn,https://ch.linkedin.com/jobs/view/bi-developer-supply-analytics-bangkok-based-relocation-provided-at-agoda-4334414440?position=52&pageNum=0&refId=4yI6oFWH%2FOB4b18iyDo1PQ%3D%3D&trackingId=hcoIx99qB9ePtvvpJ%2FMxtA%3D%3D,Not specified,2025-11-28 09:01:01.788065,2025-11-27,,ch.linkedin.com/jobs/view/bi-developer-supply-analytics-bangkok-based-relocation-provided-at-agoda-4334414440
Data Engineer (m/w/d),Rocken®,"Hinwil, Zurich, Switzerland",LinkedIn,https://ch.linkedin.com/jobs/view/data-engineer-m-w-d-at-rocken%C2%AE-4324577225?position=55&pageNum=0&refId=4yI6oFWH%2FOB4b18iyDo1PQ%3D%3D&trackingId=yiukOIQ4ngQyZwU498u2BA%3D%3D,Not specified,2025-11-28 09:01:01.788415,2025-11-27,,ch.linkedin.com/jobs/view/data-engineer-m-w-d-at-rocken%C2%AE-4324577225
Informatica IDMC / IICS Developer (Banking Domain),W3Global,"Zurich, Zurich, Switzerland",LinkedIn,https://ch.linkedin.com/jobs/view/informatica-idmc-iics-developer-banking-domain-at-w3global-4337675279?position=57&pageNum=0&refId=4yI6oFWH%2FOB4b18iyDo1PQ%3D%3D&trackingId=mMP4qYhNLIU1%2Fr4hhyKa5Q%3D%3D,Not specified,2025-11-28 09:01:01.788652,2025-11-27,,ch.linkedin.com/jobs/view/informatica-idmc-iics-developer-banking-domain-at-w3global-4337675279
Workplace Engineer für Intune-Lösungen (m/w/d),Rocken®,"Kloten, Zurich, Switzerland",LinkedIn,https://ch.linkedin.com/jobs/view/workplace-engineer-f%C3%BCr-intune-l%C3%B6sungen-m-w-d-at-rocken%C2%AE-4324687382?position=58&pageNum=0&refId=4yI6oFWH%2FOB4b18iyDo1PQ%3D%3D&trackingId=a14NMquVIbCJKYlTGdsn3g%3D%3D,Not specified,2025-11-28 09:01:01.788771,2025-11-28,,ch.linkedin.com/jobs/view/workplace-engineer-f%C3%BCr-intune-l%C3%B6sungen-m-w-d-at-rocken%C2%AE-4324687382
Systemtechnik-Spezialist (m/w/d),Rocken®,"Obfelden, Zurich, Switzerland",LinkedIn,https://ch.linkedin.com/jobs/view/systemtechnik-spezialist-m-w-d-at-rocken%C2%AE-4324687387?position=60&pageNum=0&refId=4yI6oFWH%2FOB4b18iyDo1PQ%3D%3D&trackingId=aq6CChfCWe7vVxlVClutqQ%3D%3D,Not specified,2025-11-28 09:01:01.789009,2025-11-28,,ch.linkedin.com/jobs/view/systemtechnik-spezialist-m-w-d-at-rocken%C2%AE-4324687387
KI-Entwickler (m/w/d) – Fokus Produktion & Innovation,Circle Partners GbR,"Essen, North Rhine-Westphalia, Germany",LinkedIn,https://de.linkedin.com/jobs/view/ki-entwickler-m-w-d-%E2%80%93-fokus-produktion-innovation-at-circle-partners-gbr-4339355838?position=4&pageNum=0&refId=M9X7A%2BAqg5bSlSFmlcbO5A%3D%3D&trackingId=%2BIqP%2FJzniRdynM6O5D63Ng%3D%3D,Not specified,2025-11-28 09:01:04.748744,2025-11-27,,de.linkedin.com/jobs/view/ki-entwickler-m-w-d-%E2%80%93-fokus-produktion-innovation-at-circle-partners-gbr-4339355838
Software Developer Datenmigration (all genders),adesso insurance solutions GmbH,"Essen, North Rhine-Westphalia, Germany",LinkedIn,https://de.linkedin.com/jobs/view/software-developer-datenmigration-all-genders-at-adesso-insurance-solutions-gmbh-4294596233?position=8&pageNum=0&refId=M9X7A%2BAqg5bSlSFmlcbO5A%3D%3D&trackingId=%2BfbjmZhQ518LH5oNaev3%2Bg%3D%3D,Not specified,2025-11-28 09:01:04.749252,2025-11-27,,de.linkedin.com/jobs/view/software-developer-datenmigration-all-genders-at-adesso-insurance-solutions-gmbh-4294596233
RAG Engineer,Invvenio communication GmbH,"Mülheim an der Ruhr, North Rhine-Westphalia, Germany",LinkedIn,https://de.linkedin.com/jobs/view/rag-engineer-at-invvenio-communication-gmbh-4339314088?position=9&pageNum=0&refId=M9X7A%2BAqg5bSlSFmlcbO5A%3D%3D&trackingId=qH1NyxarYb%2BCih83XnH%2BbQ%3D%3D,Not specified,2025-11-28 09:01:04.749378,2025-11-27,,de.linkedin.com/jobs/view/rag-engineer-at-invvenio-communication-gmbh-4339314088
Full Stack Engineer - Google Cloud (all genders),adesso SE,"Essen, North Rhine-Westphalia, Germany",LinkedIn,https://de.linkedin.com/jobs/view/full-stack-engineer-google-cloud-all-genders-at-adesso-se-3733039657?position=12&pageNum=0&refId=M9X7A%2BAqg5bSlSFmlcbO5A%3D%3D&trackingId=Xt6QRBvTJZloCS35sKOVxA%3D%3D,Not specified,2025-11-28 09:01:04.749765,2025-11-27,,de.linkedin.com/jobs/view/full-stack-engineer-google-cloud-all-genders-at-adesso-se-3733039657
Cloud Operation Expert (w/m/d),E.ON Grid Solutions,"Essen, North Rhine-Westphalia, Germany",LinkedIn,https://de.linkedin.com/jobs/view/cloud-operation-expert-w-m-d-at-e-on-grid-solutions-4347795182?position=21&pageNum=0&refId=M9X7A%2BAqg5bSlSFmlcbO5A%3D%3D&trackingId=ZML6k0qCAsQreYuXJqqxZw%3D%3D,Not specified,2025-11-28 09:01:04.750926,2025-11-27,,de.linkedin.com/jobs/view/cloud-operation-expert-w-m-d-at-e-on-grid-solutions-4347795182
Cloud Automation Engineer Public & Private Cloud (all genders),adesso SE,"Essen, North Rhine-Westphalia, Germany",LinkedIn,https://de.linkedin.com/jobs/view/cloud-automation-engineer-public-private-cloud-all-genders-at-adesso-se-3733040828?position=43&pageNum=0&refId=M9X7A%2BAqg5bSlSFmlcbO5A%3D%3D&trackingId=uV%2BkXNE9eeQC1ZJ6UFgaZQ%3D%3D,Not specified,2025-11-28 09:01:04.753637,2025-11-27,,de.linkedin.com/jobs/view/cloud-automation-engineer-public-private-cloud-all-genders-at-adesso-se-3733040828
(Senior) Data Engineer (f/m/d),Evailable,"Essen, North Rhine-Westphalia, Germany",LinkedIn,https://de.linkedin.com/jobs/view/senior-data-engineer-f-m-d-at-evailable-4339204952?position=44&pageNum=0&refId=M9X7A%2BAqg5bSlSFmlcbO5A%3D%3D&trackingId=O5oqDkH3Hf%2F4FnxmHeDONQ%3D%3D,Not specified,2025-11-28 09:01:04.753753,2025-11-27,,de.linkedin.com/jobs/view/senior-data-engineer-f-m-d-at-evailable-4339204952
"BI Developer (Supply Analytics, Bangkok-based, Relocation provided)",Agoda,"Essen, North Rhine-Westphalia, Germany",LinkedIn,https://de.linkedin.com/jobs/view/bi-developer-supply-analytics-bangkok-based-relocation-provided-at-agoda-4334424042?position=50&pageNum=0&refId=M9X7A%2BAqg5bSlSFmlcbO5A%3D%3D&trackingId=7VlJpLJ67zy%2Bpy8Vk2Wc1w%3D%3D,Not specified,2025-11-28 09:01:04.754456,2025-11-27,,de.linkedin.com/jobs/view/bi-developer-supply-analytics-bangkok-based-relocation-provided-at-agoda-4334424042
Teamleitung Softwareentwicklung Java (all genders),adesso SE,"Essen, North Rhine-Westphalia, Germany",LinkedIn,https://de.linkedin.com/jobs/view/teamleitung-softwareentwicklung-java-all-genders-at-adesso-se-3733043068?position=56&pageNum=0&refId=M9X7A%2BAqg5bSlSFmlcbO5A%3D%3D&trackingId=6d3syuyyf0afqoIIzM1iiA%3D%3D,Not specified,2025-11-28 09:01:04.755159,2025-11-27,,de.linkedin.com/jobs/view/teamleitung-softwareentwicklung-java-all-genders-at-adesso-se-3733043068
Softwarentwickler:in &#8211; Firmware,CompuSafe Data Systems AG,"Nuremberg, Bavaria, Germany",LinkedIn,https://de.linkedin.com/jobs/view/softwarentwickler-in-%238211-firmware-at-compusafe-data-systems-ag-4347679590?position=1&pageNum=0&refId=4K1pt4lsRXSZQaWAq37D5g%3D%3D&trackingId=gTM3pB2SXwV5Onu4rpV07w%3D%3D,Not specified,2025-11-28 09:01:10.471504,2025-11-27,,de.linkedin.com/jobs/view/softwarentwickler-in-%238211-firmware-at-compusafe-data-systems-ag-4347679590
Software Developer Datenmigration (all genders),adesso insurance solutions GmbH,"Nuremberg, Bavaria, Germany",LinkedIn,https://de.linkedin.com/jobs/view/software-developer-datenmigration-all-genders-at-adesso-insurance-solutions-gmbh-4294590996?position=2&pageNum=0&refId=4K1pt4lsRXSZQaWAq37D5g%3D%3D&trackingId=h5KtKhKz0igie6IxKNDrjA%3D%3D,Not specified,2025-11-28 09:01:10.471698,2025-11-27,,de.linkedin.com/jobs/view/software-developer-datenmigration-all-genders-at-adesso-insurance-solutions-gmbh-4294590996
Software Developer Datenmigration (all genders),adesso SE,"Nuremberg, Bavaria, Germany",LinkedIn,https://de.linkedin.com/jobs/view/software-developer-datenmigration-all-genders-at-adesso-se-4294592658?position=3&pageNum=0&refId=4K1pt4lsRXSZQaWAq37D5g%3D%3D&trackingId=87P3Lxaa1KHZsueFA%2F1GEA%3D%3D,Not specified,2025-11-28 09:01:10.471859,2025-11-27,,de.linkedin.com/jobs/view/software-developer-datenmigration-all-genders-at-adesso-se-4294592658
Auszubildende/r für Anwendungsentwicklung,BKR Software Consulting & Technology AG,"Nuremberg, Bavaria, Germany",LinkedIn,https://de.linkedin.com/jobs/view/auszubildende-r-f%C3%BCr-anwendungsentwicklung-at-bkr-software-consulting-technology-ag-4347810453?position=4&pageNum=0&refId=4K1pt4lsRXSZQaWAq37D5g%3D%3D&trackingId=hNCcubIMJbFIAi5tmnH7rA%3D%3D,Not specified,2025-11-28 09:01:10.472016,2025-11-27,,de.linkedin.com/jobs/view/auszubildende-r-f%C3%BCr-anwendungsentwicklung-at-bkr-software-consulting-technology-ag-4347810453
Junior Consultant Wechselprozesse im Messwesen (m/w/d),N-ERGIE Aktiengesellschaft,"Nuremberg, Bavaria, Germany",LinkedIn,https://de.linkedin.com/jobs/view/junior-consultant-wechselprozesse-im-messwesen-m-w-d-at-n-ergie-aktiengesellschaft-4331723330?position=5&pageNum=0&refId=4K1pt4lsRXSZQaWAq37D5g%3D%3D&trackingId=qjnFRUJRG7fm52DVxqCCHQ%3D%3D,Not specified,2025-11-28 09:01:10.472172,2025-11-27,,de.linkedin.com/jobs/view/junior-consultant-wechselprozesse-im-messwesen-m-w-d-at-n-ergie-aktiengesellschaft-4331723330
Systems Engineer – Confluence Wiki (m/w/d),BWI GmbH,"Nuremberg, Bavaria, Germany",LinkedIn,https://de.linkedin.com/jobs/view/systems-engineer-%E2%80%93-confluence-wiki-m-w-d-at-bwi-gmbh-4334249196?position=8&pageNum=0&refId=4K1pt4lsRXSZQaWAq37D5g%3D%3D&trackingId=HWVi0yn5QcW6nqSUiT9Bqw%3D%3D,Not specified,2025-11-28 09:01:10.472644,2025-11-27,,de.linkedin.com/jobs/view/systems-engineer-%E2%80%93-confluence-wiki-m-w-d-at-bwi-gmbh-4334249196
"BI Developer (Supply Analytics, Bangkok-based, Relocation provided)",Agoda,"Nuremberg, Bavaria, Germany",LinkedIn,https://de.linkedin.com/jobs/view/bi-developer-supply-analytics-bangkok-based-relocation-provided-at-agoda-4334433971?position=9&pageNum=0&refId=4K1pt4lsRXSZQaWAq37D5g%3D%3D&trackingId=wQNvQ6gxZOHQY%2F1UfzFWfQ%3D%3D,Not specified,2025-11-28 09:01:10.472799,2025-11-27,,de.linkedin.com/jobs/view/bi-developer-supply-analytics-bangkok-based-relocation-provided-at-agoda-4334433971
Software Architect Java (all genders),adesso SE,"Nuremberg, Bavaria, Germany",LinkedIn,https://de.linkedin.com/jobs/view/software-architect-java-all-genders-at-adesso-se-3961461897?position=10&pageNum=0&refId=4K1pt4lsRXSZQaWAq37D5g%3D%3D&trackingId=WdWaPBqC%2B77HLInhCwqpLA%3D%3D,Not specified,2025-11-28 09:01:10.472954,2025-11-27,,de.linkedin.com/jobs/view/software-architect-java-all-genders-at-adesso-se-3961461897
Systems Engineer – Business Applications (m/w/d),BWI GmbH,"Nuremberg, Bavaria, Germany",LinkedIn,https://de.linkedin.com/jobs/view/systems-engineer-%E2%80%93-business-applications-m-w-d-at-bwi-gmbh-4334561350?position=11&pageNum=0&refId=4K1pt4lsRXSZQaWAq37D5g%3D%3D&trackingId=rPFSevcoNpgxpCkykOeU4Q%3D%3D,Not specified,2025-11-28 09:01:10.473109,2025-11-27,,de.linkedin.com/jobs/view/systems-engineer-%E2%80%93-business-applications-m-w-d-at-bwi-gmbh-4334561350
Senior Systems Engineer – Business Applications (m/w/d),BWI GmbH,"Nuremberg, Bavaria, Germany",LinkedIn,https://de.linkedin.com/jobs/view/senior-systems-engineer-%E2%80%93-business-applications-m-w-d-at-bwi-gmbh-4334501517?position=12&pageNum=0&refId=4K1pt4lsRXSZQaWAq37D5g%3D%3D&trackingId=uyZlqW%2BI%2F7yiWtTo6RxsqA%3D%3D,Not specified,2025-11-28 09:01:10.473264,2025-11-27,,de.linkedin.com/jobs/view/senior-systems-engineer-%E2%80%93-business-applications-m-w-d-at-bwi-gmbh-4334501517
Senior IT Solution Designer (m/w/d) Mobilfunk OSS,Deutsche Telekom,"Nuremberg, Bavaria, Germany",LinkedIn,https://de.linkedin.com/jobs/view/senior-it-solution-designer-m-w-d-mobilfunk-oss-at-deutsche-telekom-4334658749?position=15&pageNum=0&refId=4K1pt4lsRXSZQaWAq37D5g%3D%3D&trackingId=UIRMOxTfiIwaiHkoNtXWDg%3D%3D,Not specified,2025-11-28 09:01:10.473729,2025-11-27,,de.linkedin.com/jobs/view/senior-it-solution-designer-m-w-d-mobilfunk-oss-at-deutsche-telekom-4334658749
"Senior Consultant Business Intelligence, Data & Analytics (all genders)",adesso SE,"Nuremberg, Bavaria, Germany",LinkedIn,https://de.linkedin.com/jobs/view/senior-consultant-business-intelligence-data-analytics-all-genders-at-adesso-se-4203241480?position=16&pageNum=0&refId=4K1pt4lsRXSZQaWAq37D5g%3D%3D&trackingId=lB%2BBG%2F7xkJ7TS8Y4pq1CZw%3D%3D,Not specified,2025-11-28 09:01:10.473883,2025-11-27,,de.linkedin.com/jobs/view/senior-consultant-business-intelligence-data-analytics-all-genders-at-adesso-se-4203241480
Senior Data Scientist (m/w/d),BAUER Group,"Schrobenhausen, Bavaria, Germany",LinkedIn,https://de.linkedin.com/jobs/view/senior-data-scientist-m-w-d-at-bauer-group-4265319742?position=1&pageNum=0&refId=rh52pKQSEQaGBN1puLR%2Bqg%3D%3D&trackingId=MZTkcvlaGcKfgzZU8sGEqQ%3D%3D,Not specified,2025-11-28 09:01:13.233033,2025-11-27,,de.linkedin.com/jobs/view/senior-data-scientist-m-w-d-at-bauer-group-4265319742
Full-Stack Developer - Augsburg (m/f/d),Optimus Search,"Augsburg, Bavaria, Germany",LinkedIn,https://de.linkedin.com/jobs/view/full-stack-developer-augsburg-m-f-d-at-optimus-search-4337491026?position=3&pageNum=0&refId=rh52pKQSEQaGBN1puLR%2Bqg%3D%3D&trackingId=nyMfGBNlkDjKIyOvP9WZtQ%3D%3D,Not specified,2025-11-28 09:01:13.233368,2025-11-27,,de.linkedin.com/jobs/view/full-stack-developer-augsburg-m-f-d-at-optimus-search-4337491026
Praktikanten / Praxissemester (m/f/d) Prüfstandsentwicklung Raketenantriebe für die Raumfahrt,Rocket Factory Augsburg - RFA,"Augsburg, Bavaria, Germany",LinkedIn,https://de.linkedin.com/jobs/view/praktikanten-praxissemester-m-f-d-pr%C3%BCfstandsentwicklung-raketenantriebe-f%C3%BCr-die-raumfahrt-at-rocket-factory-augsburg-rfa-4339373200?position=5&pageNum=0&refId=rh52pKQSEQaGBN1puLR%2Bqg%3D%3D&trackingId=JH9vAb8vCTSuKKw0eke6qg%3D%3D,Not specified,2025-11-28 09:01:13.233674,2025-11-27,,de.linkedin.com/jobs/view/praktikanten-praxissemester-m-f-d-pr%C3%BCfstandsentwicklung-raketenantriebe-f%C3%BCr-die-raumfahrt-at-rocket-factory-augsburg-rfa-4339373200
Software Developer Dynamics Finance & Supply Chain Management (all genders),adesso SE,"Augsburg, Bavaria, Germany",LinkedIn,https://de.linkedin.com/jobs/view/software-developer-dynamics-finance-supply-chain-management-all-genders-at-adesso-se-4044827675?position=6&pageNum=0&refId=rh52pKQSEQaGBN1puLR%2Bqg%3D%3D&trackingId=FGf8S8xhMABFIxz5B4iD6Q%3D%3D,Not specified,2025-11-28 09:01:13.233829,2025-11-27,,de.linkedin.com/jobs/view/software-developer-dynamics-finance-supply-chain-management-all-genders-at-adesso-se-4044827675
Full-Stack-Entwickler (m/w/d),Bertrandt Group,"Erlangen, Bavaria, Germany",LinkedIn,https://de.linkedin.com/jobs/view/full-stack-entwickler-m-w-d-at-bertrandt-group-4323648796?position=8&pageNum=0&refId=lX3SSvV%2Fuh5gOhhH%2BYUoVA%3D%3D&trackingId=nFGN%2FLSTxGtOU3eU%2BprBxw%3D%3D,Not specified,2025-11-28 09:01:15.904202,2025-11-27,,de.linkedin.com/jobs/view/full-stack-entwickler-m-w-d-at-bertrandt-group-4323648796
SENIOR SOFTWARE DEVELOPER (M/W/D),KI Reply,"Hannover, Lower Saxony, Germany",LinkedIn,https://de.linkedin.com/jobs/view/senior-software-developer-m-w-d-at-ki-reply-4347951573?position=1&pageNum=0&refId=tyLWdP6yQ0xLHQURWQvOuw%3D%3D&trackingId=7r8boEdyPgdgta5E9%2Fiulw%3D%3D,Not specified,2025-11-28 09:01:18.636679,2025-11-28,,de.linkedin.com/jobs/view/senior-software-developer-m-w-d-at-ki-reply-4347951573
Fullstack-Entwickler Java & (Gosu) & React (w/m/d),VHV Gruppe,"Hannover, Lower Saxony, Germany",LinkedIn,https://de.linkedin.com/jobs/view/fullstack-entwickler-java-gosu-react-w-m-d-at-vhv-gruppe-4321181831?position=5&pageNum=0&refId=tyLWdP6yQ0xLHQURWQvOuw%3D%3D&trackingId=ThXxRV9luW4WYevkGPtd9g%3D%3D,Not specified,2025-11-28 09:01:18.637330,2025-11-27,,de.linkedin.com/jobs/view/fullstack-entwickler-java-gosu-react-w-m-d-at-vhv-gruppe-4321181831
Applikationsmanager:in für Datenqualitätswerkzeuge (m/w/d)l,NORD/LB,"Hannover, Lower Saxony, Germany",LinkedIn,https://de.linkedin.com/jobs/view/applikationsmanager-in-f%C3%BCr-datenqualit%C3%A4tswerkzeuge-m-w-d-l-at-nord-lb-4324675841?position=6&pageNum=0&refId=tyLWdP6yQ0xLHQURWQvOuw%3D%3D&trackingId=PnQbOfjVLQulPJnmRs5Cyg%3D%3D,Not specified,2025-11-28 09:01:18.637488,2025-11-27,,de.linkedin.com/jobs/view/applikationsmanager-in-f%C3%BCr-datenqualit%C3%A4tswerkzeuge-m-w-d-l-at-nord-lb-4324675841
Cloud Operation Expert (w/m/d),E.ON Grid Solutions,"Hannover, Lower Saxony, Germany",LinkedIn,https://de.linkedin.com/jobs/view/cloud-operation-expert-w-m-d-at-e-on-grid-solutions-4347679683?position=7&pageNum=0&refId=tyLWdP6yQ0xLHQURWQvOuw%3D%3D&trackingId=%2BRQP%2B5yCeiDDo2eNlxG7ag%3D%3D,Not specified,2025-11-28 09:01:18.637654,2025-11-27,,de.linkedin.com/jobs/view/cloud-operation-expert-w-m-d-at-e-on-grid-solutions-4347679683
DevSecOps Engineer TCAonAzure,HDI Group,"Hannover, Lower Saxony, Germany",LinkedIn,https://de.linkedin.com/jobs/view/devsecops-engineer-tcaonazure-at-hdi-group-4339295264?position=8&pageNum=0&refId=tyLWdP6yQ0xLHQURWQvOuw%3D%3D&trackingId=JamtBHfpmy17iZwZvjDwEA%3D%3D,Not specified,2025-11-28 09:01:18.637820,2025-11-27,,de.linkedin.com/jobs/view/devsecops-engineer-tcaonazure-at-hdi-group-4339295264
Werkstudierende für Entwicklung eines Excel-VBA-Tools (m/w/d),NORD/LB,"Hannover, Lower Saxony, Germany",LinkedIn,https://de.linkedin.com/jobs/view/werkstudierende-f%C3%BCr-entwicklung-eines-excel-vba-tools-m-w-d-at-nord-lb-4321252971?position=11&pageNum=0&refId=tyLWdP6yQ0xLHQURWQvOuw%3D%3D&trackingId=ljRDbHhv1mke4q37K49q%2Fw%3D%3D,Not specified,2025-11-28 09:01:18.638292,2025-11-27,,de.linkedin.com/jobs/view/werkstudierende-f%C3%BCr-entwicklung-eines-excel-vba-tools-m-w-d-at-nord-lb-4321252971
"BI Developer (Supply Analytics, Bangkok-based, Relocation provided)",Agoda,"Hannover, Lower Saxony, Germany",LinkedIn,https://de.linkedin.com/jobs/view/bi-developer-supply-analytics-bangkok-based-relocation-provided-at-agoda-4334543635?position=13&pageNum=0&refId=tyLWdP6yQ0xLHQURWQvOuw%3D%3D&trackingId=%2FIwU6FT9aDPfhnbInjDmGg%3D%3D,Not specified,2025-11-28 09:01:18.638630,2025-11-27,,de.linkedin.com/jobs/view/bi-developer-supply-analytics-bangkok-based-relocation-provided-at-agoda-4334543635
Software-Entwickler Backend Firmenkunden,Finanz Informatik,"Hannover, Lower Saxony, Germany",LinkedIn,https://de.linkedin.com/jobs/view/software-entwickler-backend-firmenkunden-at-finanz-informatik-4321222247?position=15&pageNum=0&refId=tyLWdP6yQ0xLHQURWQvOuw%3D%3D&trackingId=HYfI9RdLd7jA5Bgv1SoHvA%3D%3D,Not specified,2025-11-28 09:01:18.638952,2025-11-27,,de.linkedin.com/jobs/view/software-entwickler-backend-firmenkunden-at-finanz-informatik-4321222247
Software Architekt - Authentisierungsarchitekturen,Finanz Informatik,"Hannover, Lower Saxony, Germany",LinkedIn,https://de.linkedin.com/jobs/view/software-architekt-authentisierungsarchitekturen-at-finanz-informatik-4334614087?position=18&pageNum=0&refId=tyLWdP6yQ0xLHQURWQvOuw%3D%3D&trackingId=BFc3e3dE%2FT3dWMQy97fGtA%3D%3D,Not specified,2025-11-28 09:01:18.639416,2025-11-27,,de.linkedin.com/jobs/view/software-architekt-authentisierungsarchitekturen-at-finanz-informatik-4334614087
(Senior) Data engineer,Zühlke Group,"Hannover, Lower Saxony, Germany",LinkedIn,https://de.linkedin.com/jobs/view/senior-data-engineer-at-z%C3%BChlke-group-4315660745?position=19&pageNum=0&refId=tyLWdP6yQ0xLHQURWQvOuw%3D%3D&trackingId=iXHn%2F8XfBWkuYGTBmeCkhA%3D%3D,Not specified,2025-11-28 09:01:18.639569,2025-11-27,,de.linkedin.com/jobs/view/senior-data-engineer-at-z%C3%BChlke-group-4315660745
"Lead Analyst (Supply Analytics, Bangkok-based, Relocation provided)",Agoda,"Stuttgart, Baden-Württemberg, Germany",LinkedIn,https://de.linkedin.com/jobs/view/lead-analyst-supply-analytics-bangkok-based-relocation-provided-at-agoda-4334526021?position=4&pageNum=0&refId=0tmJ6Nxt3QawuvTsgNQN0g%3D%3D&trackingId=8fvIErDrhf2Ad2WCLvBOSQ%3D%3D,Not specified,2025-11-28 09:01:21.489580,2025-11-27,,de.linkedin.com/jobs/view/lead-analyst-supply-analytics-bangkok-based-relocation-provided-at-agoda-4334526021
"BI Analyst (Supply Analytics, Bangkok-based, Relocation provided)",Agoda,"Stuttgart, Baden-Württemberg, Germany",LinkedIn,https://de.linkedin.com/jobs/view/bi-analyst-supply-analytics-bangkok-based-relocation-provided-at-agoda-4334622069?position=7&pageNum=0&refId=0tmJ6Nxt3QawuvTsgNQN0g%3D%3D&trackingId=0PAKhsrJfKuNhb7ty2OLpQ%3D%3D,Not specified,2025-11-28 09:01:21.489959,2025-11-27,,de.linkedin.com/jobs/view/bi-analyst-supply-analytics-bangkok-based-relocation-provided-at-agoda-4334622069
Business Analyst / Fachkoordinator DMS (m/w/d),KVBW,"Stuttgart, Baden-Württemberg, Germany",LinkedIn,https://de.linkedin.com/jobs/view/business-analyst-fachkoordinator-dms-m-w-d-at-kvbw-4339256134?position=10&pageNum=0&refId=0tmJ6Nxt3QawuvTsgNQN0g%3D%3D&trackingId=fJi%2F7WkPp7xpdLdHp4YPdg%3D%3D,Not specified,2025-11-28 09:01:21.490334,2025-11-27,,de.linkedin.com/jobs/view/business-analyst-fachkoordinator-dms-m-w-d-at-kvbw-4339256134
Senior IT Business Analyst (m/w/d),Michael Page,"Stuttgart, Baden-Württemberg, Germany",LinkedIn,https://de.linkedin.com/jobs/view/senior-it-business-analyst-m-w-d-at-michael-page-4347891542?position=15&pageNum=0&refId=0tmJ6Nxt3QawuvTsgNQN0g%3D%3D&trackingId=UZVx45%2FDKy5ouh%2BKP4BnRg%3D%3D,Not specified,2025-11-28 09:01:21.490961,2025-11-28,,de.linkedin.com/jobs/view/senior-it-business-analyst-m-w-d-at-michael-page-4347891542
Business Analyst Datenmigration (all genders),adesso SE,"Stuttgart, Baden-Württemberg, Germany",LinkedIn,https://de.linkedin.com/jobs/view/business-analyst-datenmigration-all-genders-at-adesso-se-4294597450?position=26&pageNum=0&refId=0tmJ6Nxt3QawuvTsgNQN0g%3D%3D&trackingId=lzimYil5O9typSqcSnfG2A%3D%3D,Not specified,2025-11-28 09:01:21.492280,2025-11-27,,de.linkedin.com/jobs/view/business-analyst-datenmigration-all-genders-at-adesso-se-4294597450
Business Analyst Datenmigration (all genders),adesso insurance solutions GmbH,"Stuttgart, Baden-Württemberg, Germany",LinkedIn,https://de.linkedin.com/jobs/view/business-analyst-datenmigration-all-genders-at-adesso-insurance-solutions-gmbh-4294594380?position=27&pageNum=0&refId=0tmJ6Nxt3QawuvTsgNQN0g%3D%3D&trackingId=Gm54m%2FHHzSK1pQGSFEK9kg%3D%3D,Not specified,2025-11-28 09:01:21.492396,2025-11-27,,de.linkedin.com/jobs/view/business-analyst-datenmigration-all-genders-at-adesso-insurance-solutions-gmbh-4294594380
"Business Analyst (Supply Analytics, Bangkok-based, Relocation provided)",Agoda,"Stuttgart, Baden-Württemberg, Germany",LinkedIn,https://de.linkedin.com/jobs/view/business-analyst-supply-analytics-bangkok-based-relocation-provided-at-agoda-4334593300?position=28&pageNum=0&refId=0tmJ6Nxt3QawuvTsgNQN0g%3D%3D&trackingId=RzC58Job579fARfWHVSj6Q%3D%3D,Not specified,2025-11-28 09:01:21.492513,2025-11-27,,de.linkedin.com/jobs/view/business-analyst-supply-analytics-bangkok-based-relocation-provided-at-agoda-4334593300
(Senior) Data Analyst (m/w/d),Enter,"Berlin, Berlin, Germany",LinkedIn,https://de.linkedin.com/jobs/view/senior-data-analyst-m-w-d-at-enter-4347768047?position=2&pageNum=0&refId=jP%2BhHhad6ZmiVWTR6AOUaQ%3D%3D&trackingId=ZkLkY9rene6i4zO2SxCh5Q%3D%3D,Not specified,2025-11-28 09:01:24.408952,2025-11-27,,de.linkedin.com/jobs/view/senior-data-analyst-m-w-d-at-enter-4347768047
Marketing Data Analyst,Yousician,"Berlin, Germany",LinkedIn,https://de.linkedin.com/jobs/view/marketing-data-analyst-at-yousician-4347794766?position=3&pageNum=0&refId=jP%2BhHhad6ZmiVWTR6AOUaQ%3D%3D&trackingId=jItPb0j%2F5M5PUwYQFQcY7Q%3D%3D,Not specified,2025-11-28 09:01:24.409078,2025-11-27,,de.linkedin.com/jobs/view/marketing-data-analyst-at-yousician-4347794766
Supply Chain Data Analyst (w/m/d),Takeda,"Oranienburg, Brandenburg, Germany",LinkedIn,https://de.linkedin.com/jobs/view/supply-chain-data-analyst-w-m-d-at-takeda-4347861843?position=4&pageNum=0&refId=jP%2BhHhad6ZmiVWTR6AOUaQ%3D%3D&trackingId=m1ksl9hrSmYhG82MM6MVsQ%3D%3D,Not specified,2025-11-28 09:01:24.409211,2025-11-28,,de.linkedin.com/jobs/view/supply-chain-data-analyst-w-m-d-at-takeda-4347861843
(Senior) Data Analyst (w/m/d) - remote (flexibel),Europace AG,"Berlin, Berlin, Germany",LinkedIn,https://de.linkedin.com/jobs/view/senior-data-analyst-w-m-d-remote-flexibel-at-europace-ag-4347920283?position=5&pageNum=0&refId=jP%2BhHhad6ZmiVWTR6AOUaQ%3D%3D&trackingId=dzcYFIs60COP9VNV5ewUMg%3D%3D,Not specified,2025-11-28 09:01:24.409339,2025-11-27,,de.linkedin.com/jobs/view/senior-data-analyst-w-m-d-remote-flexibel-at-europace-ag-4347920283
7NXT // Senior Data Analyst (m/f/d),Gymondo,"Berlin, Berlin, Germany",LinkedIn,https://de.linkedin.com/jobs/view/7nxt-senior-data-analyst-m-f-d-at-gymondo-4347728893?position=8&pageNum=0&refId=jP%2BhHhad6ZmiVWTR6AOUaQ%3D%3D&trackingId=RBvn68HzHKngVVtRPpAUzg%3D%3D,Not specified,2025-11-28 09:01:24.409717,2025-11-27,,de.linkedin.com/jobs/view/7nxt-senior-data-analyst-m-f-d-at-gymondo-4347728893
Senior Data Analyst (Kotlin),JetBrains,"Berlin, Berlin, Germany",LinkedIn,https://de.linkedin.com/jobs/view/senior-data-analyst-kotlin-at-jetbrains-4347699161?position=16&pageNum=0&refId=jP%2BhHhad6ZmiVWTR6AOUaQ%3D%3D&trackingId=Bd24ItvB7CuLC2Zjo6YCDg%3D%3D,Not specified,2025-11-28 09:01:24.410712,2025-11-27,,de.linkedin.com/jobs/view/senior-data-analyst-kotlin-at-jetbrains-4347699161
Data Engineer (m/w/d) - Jobbird.com,Jobster,"Berlin, Berlin, Germany",LinkedIn,https://de.linkedin.com/jobs/view/data-engineer-m-w-d-jobbird-com-at-jobster-4324696502?position=18&pageNum=0&refId=jP%2BhHhad6ZmiVWTR6AOUaQ%3D%3D&trackingId=QfQe26bmZulERbdKsL2nHQ%3D%3D,Not specified,2025-11-28 09:01:24.410963,2025-11-27,,de.linkedin.com/jobs/view/data-engineer-m-w-d-jobbird-com-at-jobster-4324696502
"Lead Analyst (Supply Analytics, Bangkok-based, Relocation provided)",Agoda,"Berlin, Berlin, Germany",LinkedIn,https://de.linkedin.com/jobs/view/lead-analyst-supply-analytics-bangkok-based-relocation-provided-at-agoda-4334426436?position=20&pageNum=0&refId=jP%2BhHhad6ZmiVWTR6AOUaQ%3D%3D&trackingId=jyROcQ2w5FE%2BTIHLb9yZJg%3D%3D,Not specified,2025-11-28 09:01:24.411209,2025-11-27,,de.linkedin.com/jobs/view/lead-analyst-supply-analytics-bangkok-based-relocation-provided-at-agoda-4334426436
"BI Analyst (Supply Analytics, Bangkok-based, Relocation provided)",Agoda,"Berlin, Berlin, Germany",LinkedIn,https://de.linkedin.com/jobs/view/bi-analyst-supply-analytics-bangkok-based-relocation-provided-at-agoda-4334453904?position=21&pageNum=0&refId=jP%2BhHhad6ZmiVWTR6AOUaQ%3D%3D&trackingId=YhLRDmcW%2FjfbXSHf5E0uhw%3D%3D,Not specified,2025-11-28 09:01:24.411346,2025-11-27,,de.linkedin.com/jobs/view/bi-analyst-supply-analytics-bangkok-based-relocation-provided-at-agoda-4334453904
IT-Forensik Analyst/Senior,Hassmann IT-Forensik GmbH,"Teltow, Brandenburg, Germany",LinkedIn,https://de.linkedin.com/jobs/view/it-forensik-analyst-senior-at-hassmann-it-forensik-gmbh-4347862009?position=22&pageNum=0&refId=jP%2BhHhad6ZmiVWTR6AOUaQ%3D%3D&trackingId=c%2FGdvKouFmRQiI8HWMOiyg%3D%3D,Not specified,2025-11-28 09:01:24.411472,2025-11-28,,de.linkedin.com/jobs/view/it-forensik-analyst-senior-at-hassmann-it-forensik-gmbh-4347862009
Senior Business Analyst Data Analytics & AI Remote Position,TE Connectivity,"Berlin, Berlin, Germany",LinkedIn,https://de.linkedin.com/jobs/view/senior-business-analyst-data-analytics-ai-remote-position-at-te-connectivity-4339358539?position=24&pageNum=0&refId=jP%2BhHhad6ZmiVWTR6AOUaQ%3D%3D&trackingId=9OiceoT7d2Zu3nHWKJuuOA%3D%3D,Not specified,2025-11-28 09:01:24.411725,2025-11-28,,de.linkedin.com/jobs/view/senior-business-analyst-data-analytics-ai-remote-position-at-te-connectivity-4339358539
Fachinformatiker für Systemintegration / Applikationstechniker / Systemprogrammierer (m/w/d) für Gefahrenmanagement-Systeme,HÖRMANN Gruppe,"Berlin, Berlin, Germany",LinkedIn,https://de.linkedin.com/jobs/view/fachinformatiker-f%C3%BCr-systemintegration-applikationstechniker-systemprogrammierer-m-w-d-f%C3%BCr-gefahrenmanagement-systeme-at-h%C3%B6rmann-gruppe-4347668861?position=26&pageNum=0&refId=jP%2BhHhad6ZmiVWTR6AOUaQ%3D%3D&trackingId=Unv8sXsYzxf979oM%2BRNDHw%3D%3D,Not specified,2025-11-28 09:01:24.411975,2025-11-27,,de.linkedin.com/jobs/view/fachinformatiker-f%C3%BCr-systemintegration-applikationstechniker-systemprogrammierer-m-w-d-f%C3%BCr-gefahrenmanagement-systeme-at-h%C3%B6rmann-gruppe-4347668861
Strategic Business Analyst Finance (m/f/d),Flink,"Berlin, Berlin, Germany",LinkedIn,https://de.linkedin.com/jobs/view/strategic-business-analyst-finance-m-f-d-at-flink-4322957200?position=34&pageNum=0&refId=jP%2BhHhad6ZmiVWTR6AOUaQ%3D%3D&trackingId=Qqp7UjoI2AmUfoTJA9tdJw%3D%3D,Not specified,2025-11-28 09:01:24.412913,2025-11-27,,de.linkedin.com/jobs/view/strategic-business-analyst-finance-m-f-d-at-flink-4322957200
Senior Business Analyst GenAI,DKB | Deutsche Kreditbank AG,"Berlin, Berlin, Germany",LinkedIn,https://de.linkedin.com/jobs/view/senior-business-analyst-genai-at-dkb-deutsche-kreditbank-ag-4338949241?position=38&pageNum=0&refId=jP%2BhHhad6ZmiVWTR6AOUaQ%3D%3D&trackingId=VrILSnPlt7uWLhUyRv7v4A%3D%3D,Not specified,2025-11-28 09:01:24.413388,2025-11-27,,de.linkedin.com/jobs/view/senior-business-analyst-genai-at-dkb-deutsche-kreditbank-ag-4338949241
Business Analyst Datenmigration (all genders),adesso SE,"Berlin, Berlin, Germany",LinkedIn,https://de.linkedin.com/jobs/view/business-analyst-datenmigration-all-genders-at-adesso-se-4294593609?position=43&pageNum=0&refId=jP%2BhHhad6ZmiVWTR6AOUaQ%3D%3D&trackingId=up8M2RQZs%2BYBmibZjZGwIg%3D%3D,Not specified,2025-11-28 09:01:24.413974,2025-11-27,,de.linkedin.com/jobs/view/business-analyst-datenmigration-all-genders-at-adesso-se-4294593609
"Business Analyst (Supply Analytics, Bangkok-based, Relocation provided)",Agoda,"Berlin, Berlin, Germany",LinkedIn,https://de.linkedin.com/jobs/view/business-analyst-supply-analytics-bangkok-based-relocation-provided-at-agoda-4334473881?position=44&pageNum=0&refId=jP%2BhHhad6ZmiVWTR6AOUaQ%3D%3D&trackingId=QRrMG9EMz89hb%2F2yEMBqEA%3D%3D,Not specified,2025-11-28 09:01:24.414093,2025-11-27,,de.linkedin.com/jobs/view/business-analyst-supply-analytics-bangkok-based-relocation-provided-at-agoda-4334473881
Forward Deployed Engineer (f/m/d),hallo theo München GmbH,"Berlin, Berlin, Germany",LinkedIn,https://de.linkedin.com/jobs/view/forward-deployed-engineer-f-m-d-at-hallo-theo-m%C3%BCnchen-gmbh-4347880524?position=46&pageNum=0&refId=jP%2BhHhad6ZmiVWTR6AOUaQ%3D%3D&trackingId=j6PmkKrnxy5QL1iX3tYNpg%3D%3D,Not specified,2025-11-28 09:01:24.414326,2025-11-27,,de.linkedin.com/jobs/view/forward-deployed-engineer-f-m-d-at-hallo-theo-m%C3%BCnchen-gmbh-4347880524
Cloud Operation Expert (w/m/d),E.ON Grid Solutions,"Potsdam, Brandenburg, Germany",LinkedIn,https://de.linkedin.com/jobs/view/cloud-operation-expert-w-m-d-at-e-on-grid-solutions-4347749463?position=48&pageNum=0&refId=jP%2BhHhad6ZmiVWTR6AOUaQ%3D%3D&trackingId=uYU3MTyk64Y%2FUgHcXFZArw%3D%3D,Not specified,2025-11-28 09:01:24.414557,2025-11-27,,de.linkedin.com/jobs/view/cloud-operation-expert-w-m-d-at-e-on-grid-solutions-4347749463
Systems Engineer – Confluence Wiki (m/w/d),BWI GmbH,"Berlin, Berlin, Germany",LinkedIn,https://de.linkedin.com/jobs/view/systems-engineer-%E2%80%93-confluence-wiki-m-w-d-at-bwi-gmbh-4334249195?position=57&pageNum=0&refId=jP%2BhHhad6ZmiVWTR6AOUaQ%3D%3D&trackingId=zpYqs1FVd22feMTLQV%2Fr5g%3D%3D,Not specified,2025-11-28 09:01:24.415603,2025-11-27,,de.linkedin.com/jobs/view/systems-engineer-%E2%80%93-confluence-wiki-m-w-d-at-bwi-gmbh-4334249195
"BI Analyst (Supply Analytics, Bangkok-based, Relocation provided)",Agoda,"Frankfurt, Hesse, Germany",LinkedIn,https://de.linkedin.com/jobs/view/bi-analyst-supply-analytics-bangkok-based-relocation-provided-at-agoda-4334503718?position=7&pageNum=0&refId=TnSgniWBIyC6EyZXCcbqcw%3D%3D&trackingId=X3E8fxlZck13x%2BLnCdojpg%3D%3D,Not specified,2025-11-28 09:01:27.385755,2025-11-27,,de.linkedin.com/jobs/view/bi-analyst-supply-analytics-bangkok-based-relocation-provided-at-agoda-4334503718
"Lead Analyst (Supply Analytics, Bangkok-based, Relocation provided)",Agoda,"Frankfurt, Hesse, Germany",LinkedIn,https://de.linkedin.com/jobs/view/lead-analyst-supply-analytics-bangkok-based-relocation-provided-at-agoda-4334575919?position=12&pageNum=0&refId=TnSgniWBIyC6EyZXCcbqcw%3D%3D&trackingId=hj5p1%2FIZmI3l0rTZ0ew4gg%3D%3D,Not specified,2025-11-28 09:01:27.386391,2025-11-27,,de.linkedin.com/jobs/view/lead-analyst-supply-analytics-bangkok-based-relocation-provided-at-agoda-4334575919
Business Analyst Datenmigration (all genders),adesso SE,"Frankfurt, Hesse, Germany",LinkedIn,https://de.linkedin.com/jobs/view/business-analyst-datenmigration-all-genders-at-adesso-se-4294599340?position=21&pageNum=0&refId=TnSgniWBIyC6EyZXCcbqcw%3D%3D&trackingId=k0r6qxBfOsQ4gd9dtDMd1g%3D%3D,Not specified,2025-11-28 09:01:27.387438,2025-11-27,,de.linkedin.com/jobs/view/business-analyst-datenmigration-all-genders-at-adesso-se-4294599340
Business Analyst Datenmigration (all genders),adesso insurance solutions GmbH,"Frankfurt, Hesse, Germany",LinkedIn,https://de.linkedin.com/jobs/view/business-analyst-datenmigration-all-genders-at-adesso-insurance-solutions-gmbh-4294595349?position=29&pageNum=0&refId=TnSgniWBIyC6EyZXCcbqcw%3D%3D&trackingId=88TiMZFmu%2FOqP7QQBYpCXA%3D%3D,Not specified,2025-11-28 09:01:27.388382,2025-11-27,,de.linkedin.com/jobs/view/business-analyst-datenmigration-all-genders-at-adesso-insurance-solutions-gmbh-4294595349
Senior Investment Analyst (m/f/d) - Software,Options Group Germany GmbH,"Frankfurt, Hesse, Germany",LinkedIn,https://de.linkedin.com/jobs/view/senior-investment-analyst-m-f-d-software-at-options-group-germany-gmbh-4347778448?position=39&pageNum=0&refId=TnSgniWBIyC6EyZXCcbqcw%3D%3D&trackingId=hKyr9MWQ5jrdZqjGDh14aQ%3D%3D,Not specified,2025-11-28 09:01:27.389552,2025-11-27,,de.linkedin.com/jobs/view/senior-investment-analyst-m-f-d-software-at-options-group-germany-gmbh-4347778448
"Business Analyst (Supply Analytics, Bangkok-based, Relocation provided)",Agoda,"Frankfurt, Hesse, Germany",LinkedIn,https://de.linkedin.com/jobs/view/business-analyst-supply-analytics-bangkok-based-relocation-provided-at-agoda-4334583321?position=40&pageNum=0&refId=TnSgniWBIyC6EyZXCcbqcw%3D%3D&trackingId=HYEULz731DwrQB5W5HaWzA%3D%3D,Not specified,2025-11-28 09:01:27.389678,2025-11-27,,de.linkedin.com/jobs/view/business-analyst-supply-analytics-bangkok-based-relocation-provided-at-agoda-4334583321
Business Analyst Firmenkunden,Finanz Informatik,"Frankfurt, Hesse, Germany",LinkedIn,https://de.linkedin.com/jobs/view/business-analyst-firmenkunden-at-finanz-informatik-4321192171?position=52&pageNum=0&refId=TnSgniWBIyC6EyZXCcbqcw%3D%3D&trackingId=0F1NkTV9V6gd54fCQyg5cw%3D%3D,Not specified,2025-11-28 09:01:27.391081,2025-11-27,,de.linkedin.com/jobs/view/business-analyst-firmenkunden-at-finanz-informatik-4321192171
Pega Business Analyst,Coforge,"Frankfurt, Hesse, Germany",LinkedIn,https://de.linkedin.com/jobs/view/pega-business-analyst-at-coforge-4323015653?position=54&pageNum=0&refId=TnSgniWBIyC6EyZXCcbqcw%3D%3D&trackingId=VWIcsD%2B7fdUVQpfTZQFnHg%3D%3D,Not specified,2025-11-28 09:01:27.391312,2025-11-27,,de.linkedin.com/jobs/view/pega-business-analyst-at-coforge-4323015653
Business Analyst Gesetzliche Krankenversicherung (all genders),adesso SE,"Frankfurt, Hesse, Germany",LinkedIn,https://de.linkedin.com/jobs/view/business-analyst-gesetzliche-krankenversicherung-all-genders-at-adesso-se-4283023590?position=55&pageNum=0&refId=TnSgniWBIyC6EyZXCcbqcw%3D%3D&trackingId=Tu3V36crXiFqs7JGGvkfxw%3D%3D,Not specified,2025-11-28 09:01:27.391428,2025-11-27,,de.linkedin.com/jobs/view/business-analyst-gesetzliche-krankenversicherung-all-genders-at-adesso-se-4283023590
"Lead Analyst (Supply Analytics, Bangkok-based, Relocation provided)",Agoda,"Düsseldorf, North Rhine-Westphalia, Germany",LinkedIn,https://de.linkedin.com/jobs/view/lead-analyst-supply-analytics-bangkok-based-relocation-provided-at-agoda-4334526015?position=4&pageNum=0&refId=ewuBiKRrV0YEpGUi7SpDWA%3D%3D&trackingId=0Gdhj9%2BEoT6OwAeHmgajFw%3D%3D,Not specified,2025-11-28 09:01:30.237109,2025-11-27,,de.linkedin.com/jobs/view/lead-analyst-supply-analytics-bangkok-based-relocation-provided-at-agoda-4334526015
"Lead Analyst (Supply Analytics, Bangkok-based, Relocation provided)",Agoda,"Cologne, North Rhine-Westphalia, Germany",LinkedIn,https://de.linkedin.com/jobs/view/lead-analyst-supply-analytics-bangkok-based-relocation-provided-at-agoda-4334615261?position=5&pageNum=0&refId=ewuBiKRrV0YEpGUi7SpDWA%3D%3D&trackingId=xRmRF8gt1OqD3%2B5dq7vrHw%3D%3D,Not specified,2025-11-28 09:01:30.237239,2025-11-27,,de.linkedin.com/jobs/view/lead-analyst-supply-analytics-bangkok-based-relocation-provided-at-agoda-4334615261
"BI Analyst (Supply Analytics, Bangkok-based, Relocation provided)",Agoda,"Cologne, North Rhine-Westphalia, Germany",LinkedIn,https://de.linkedin.com/jobs/view/bi-analyst-supply-analytics-bangkok-based-relocation-provided-at-agoda-4334583314?position=7&pageNum=0&refId=ewuBiKRrV0YEpGUi7SpDWA%3D%3D&trackingId=5ca%2FtxYC5L%2BNLiH15IOYTg%3D%3D,Not specified,2025-11-28 09:01:30.237494,2025-11-27,,de.linkedin.com/jobs/view/bi-analyst-supply-analytics-bangkok-based-relocation-provided-at-agoda-4334583314
"BI Analyst (Supply Analytics, Bangkok-based, Relocation provided)",Agoda,"Düsseldorf, North Rhine-Westphalia, Germany",LinkedIn,https://de.linkedin.com/jobs/view/bi-analyst-supply-analytics-bangkok-based-relocation-provided-at-agoda-4334453899?position=11&pageNum=0&refId=ewuBiKRrV0YEpGUi7SpDWA%3D%3D&trackingId=O2kQu5w9BDQQXDkT%2BSn69g%3D%3D,Not specified,2025-11-28 09:01:30.237998,2025-11-27,,de.linkedin.com/jobs/view/bi-analyst-supply-analytics-bangkok-based-relocation-provided-at-agoda-4334453899
"Business Analyst (Supply Analytics, Bangkok-based, Relocation provided)",Agoda,"Düsseldorf, North Rhine-Westphalia, Germany",LinkedIn,https://de.linkedin.com/jobs/view/business-analyst-supply-analytics-bangkok-based-relocation-provided-at-agoda-4334444022?position=23&pageNum=0&refId=ewuBiKRrV0YEpGUi7SpDWA%3D%3D&trackingId=bkKkLNN4LMtSnVV%2FGBWAcA%3D%3D,Not specified,2025-11-28 09:01:30.239514,2025-11-27,,de.linkedin.com/jobs/view/business-analyst-supply-analytics-bangkok-based-relocation-provided-at-agoda-4334444022
"Business Analyst (Supply Analytics, Bangkok-based, Relocation provided)",Agoda,"Cologne, North Rhine-Westphalia, Germany",LinkedIn,https://de.linkedin.com/jobs/view/business-analyst-supply-analytics-bangkok-based-relocation-provided-at-agoda-4334563564?position=27&pageNum=0&refId=ewuBiKRrV0YEpGUi7SpDWA%3D%3D&trackingId=Eh%2BMKl7dYzmkjFCTGPRmlA%3D%3D,Not specified,2025-11-28 09:01:30.240022,2025-11-27,,de.linkedin.com/jobs/view/business-analyst-supply-analytics-bangkok-based-relocation-provided-at-agoda-4334563564
Business Analyst Datenmigration (all genders),adesso insurance solutions GmbH,"Cologne, North Rhine-Westphalia, Germany",LinkedIn,https://de.linkedin.com/jobs/view/business-analyst-datenmigration-all-genders-at-adesso-insurance-solutions-gmbh-4294592438?position=28&pageNum=0&refId=ewuBiKRrV0YEpGUi7SpDWA%3D%3D&trackingId=q9Vrn9t0BmDhurEwQekq6Q%3D%3D,Not specified,2025-11-28 09:01:30.240149,2025-11-27,,de.linkedin.com/jobs/view/business-analyst-datenmigration-all-genders-at-adesso-insurance-solutions-gmbh-4294592438
Business Analyst Datenmigration (all genders),adesso SE,"Düsseldorf, North Rhine-Westphalia, Germany",LinkedIn,https://de.linkedin.com/jobs/view/business-analyst-datenmigration-all-genders-at-adesso-se-4294598361?position=30&pageNum=0&refId=ewuBiKRrV0YEpGUi7SpDWA%3D%3D&trackingId=Cf6WsFjZO9H7kRpYFyuI%2Bw%3D%3D,Not specified,2025-11-28 09:01:30.240401,2025-11-27,,de.linkedin.com/jobs/view/business-analyst-datenmigration-all-genders-at-adesso-se-4294598361
Business Analyst für IT Systemlösungen im Einkauf (m/w/d),ERGO Group AG,"Düsseldorf, North Rhine-Westphalia, Germany",LinkedIn,https://de.linkedin.com/jobs/view/business-analyst-f%C3%BCr-it-systeml%C3%B6sungen-im-einkauf-m-w-d-at-ergo-group-ag-4336308254?position=36&pageNum=0&refId=ewuBiKRrV0YEpGUi7SpDWA%3D%3D&trackingId=kbLuMBz%2Bzqhi95oUCBSDgg%3D%3D,Not specified,2025-11-28 09:01:30.241142,2025-11-27,,de.linkedin.com/jobs/view/business-analyst-f%C3%BCr-it-systeml%C3%B6sungen-im-einkauf-m-w-d-at-ergo-group-ag-4336308254
Senior IT-Consultant / Business Analyst Versicherungen (all genders),adesso SE,"Bonn, North Rhine-Westphalia, Germany",LinkedIn,https://de.linkedin.com/jobs/view/senior-it-consultant-business-analyst-versicherungen-all-genders-at-adesso-se-4283511794?position=38&pageNum=0&refId=ewuBiKRrV0YEpGUi7SpDWA%3D%3D&trackingId=aEArJPFygJmzoRpFg63z5Q%3D%3D,Not specified,2025-11-28 09:01:30.241392,2025-11-27,,de.linkedin.com/jobs/view/senior-it-consultant-business-analyst-versicherungen-all-genders-at-adesso-se-4283511794
Senior IT-Consultant / Business Analyst Versicherungen (all genders),adesso SE,"Cologne, North Rhine-Westphalia, Germany",LinkedIn,https://de.linkedin.com/jobs/view/senior-it-consultant-business-analyst-versicherungen-all-genders-at-adesso-se-4283510795?position=40&pageNum=0&refId=ewuBiKRrV0YEpGUi7SpDWA%3D%3D&trackingId=kIH62RyDprS%2BchVzPP9GhQ%3D%3D,Not specified,2025-11-28 09:01:30.241642,2025-11-27,,de.linkedin.com/jobs/view/senior-it-consultant-business-analyst-versicherungen-all-genders-at-adesso-se-4283510795
Finance & Accounting Consultant IT - Business Analyst:in,HDI Group,"Cologne, North Rhine-Westphalia, Germany",LinkedIn,https://de.linkedin.com/jobs/view/finance-accounting-consultant-it-business-analyst-in-at-hdi-group-4334219835?position=41&pageNum=0&refId=ewuBiKRrV0YEpGUi7SpDWA%3D%3D&trackingId=DAoP8BJbGXGTRe%2BRpkdp1w%3D%3D,Not specified,2025-11-28 09:01:30.241767,2025-11-27,,de.linkedin.com/jobs/view/finance-accounting-consultant-it-business-analyst-in-at-hdi-group-4334219835
Business Analyst Workflowmanagementsystem (all genders),adesso SE,"Bonn, North Rhine-Westphalia, Germany",LinkedIn,https://de.linkedin.com/jobs/view/business-analyst-workflowmanagementsystem-all-genders-at-adesso-se-4217402536?position=42&pageNum=0&refId=ewuBiKRrV0YEpGUi7SpDWA%3D%3D&trackingId=F%2F4UqVR5vRnLnrZeFnT7wQ%3D%3D,Not specified,2025-11-28 09:01:30.241891,2025-11-27,,de.linkedin.com/jobs/view/business-analyst-workflowmanagementsystem-all-genders-at-adesso-se-4217402536
Business Analyst im Bereich Sportversicherung (m/w/d),ARAG,"Düsseldorf, North Rhine-Westphalia, Germany",LinkedIn,https://de.linkedin.com/jobs/view/business-analyst-im-bereich-sportversicherung-m-w-d-at-arag-4339387549?position=46&pageNum=0&refId=ewuBiKRrV0YEpGUi7SpDWA%3D%3D&trackingId=pg3dsi6I3TxKZgDslDjQCw%3D%3D,Not specified,2025-11-28 09:01:30.242426,2025-11-27,,de.linkedin.com/jobs/view/business-analyst-im-bereich-sportversicherung-m-w-d-at-arag-4339387549
Business Analyst im Bereich Sportversicherung (m/w/d),ARAG,"Düsseldorf, North Rhine-Westphalia, Germany",LinkedIn,https://de.linkedin.com/jobs/view/business-analyst-im-bereich-sportversicherung-m-w-d-at-arag-4339307581?position=47&pageNum=0&refId=ewuBiKRrV0YEpGUi7SpDWA%3D%3D&trackingId=YBcFYEzY%2BBJC%2FUwrFh7RTQ%3D%3D,Not specified,2025-11-28 09:01:30.242551,2025-11-27,,de.linkedin.com/jobs/view/business-analyst-im-bereich-sportversicherung-m-w-d-at-arag-4339307581
Business Analyst Gesetzliche Krankenversicherung (all genders),adesso SE,"Ulm, Baden-Württemberg, Germany",LinkedIn,https://de.linkedin.com/jobs/view/business-analyst-gesetzliche-krankenversicherung-all-genders-at-adesso-se-4284867325?position=5&pageNum=0&refId=srjPuUnbhMoJCRinUer9EA%3D%3D&trackingId=yBbMuLreFdHA1uyGGbpkKQ%3D%3D,Not specified,2025-11-28 09:01:32.819932,2025-11-27,,de.linkedin.com/jobs/view/business-analyst-gesetzliche-krankenversicherung-all-genders-at-adesso-se-4284867325
Business Analyst im Produkt- und Projektumfeld mit Schwerpunkt Anlegen & Vorsorgen (w/m/d),Raiffeisen Group,"St Gallen, St Gallen, Switzerland",LinkedIn,https://ch.linkedin.com/jobs/view/business-analyst-im-produkt-und-projektumfeld-mit-schwerpunkt-anlegen-vorsorgen-w-m-d-at-raiffeisen-group-4339308257?position=10&pageNum=0&refId=uNWjd2nZJpl3XxL6lIpzSQ%3D%3D&trackingId=5%2FRPl3bBerlvaXM9u4W9Wg%3D%3D,Not specified,2025-11-28 09:01:35.664234,2025-11-28,,ch.linkedin.com/jobs/view/business-analyst-im-produkt-und-projektumfeld-mit-schwerpunkt-anlegen-vorsorgen-w-m-d-at-raiffeisen-group-4339308257
Business Insights Analyst,Smallpdf,"Zurich, Zurich, Switzerland",LinkedIn,https://ch.linkedin.com/jobs/view/business-insights-analyst-at-smallpdf-4339199636?position=1&pageNum=0&refId=SDDbmE1uM5hYdRDi6gVOLQ%3D%3D&trackingId=PGSo6aFGl1yGHMzs%2Fuy2OA%3D%3D,Not specified,2025-11-28 09:01:38.511801,2025-11-28,,ch.linkedin.com/jobs/view/business-insights-analyst-at-smallpdf-4339199636
"Lead Analyst (Supply Analytics, Bangkok-based, Relocation provided)",Agoda,"Zurich, Zurich, Switzerland",LinkedIn,https://ch.linkedin.com/jobs/view/lead-analyst-supply-analytics-bangkok-based-relocation-provided-at-agoda-4334565890?position=5&pageNum=0&refId=SDDbmE1uM5hYdRDi6gVOLQ%3D%3D&trackingId=HLQ%2BxFk5iP1PX26D6Rru7A%3D%3D,Not specified,2025-11-28 09:01:38.514782,2025-11-27,,ch.linkedin.com/jobs/view/lead-analyst-supply-analytics-bangkok-based-relocation-provided-at-agoda-4334565890
"BI Analyst (Supply Analytics, Bangkok-based, Relocation provided)",Agoda,"Zurich, Zurich, Switzerland",LinkedIn,https://ch.linkedin.com/jobs/view/bi-analyst-supply-analytics-bangkok-based-relocation-provided-at-agoda-4334563558?position=6&pageNum=0&refId=SDDbmE1uM5hYdRDi6gVOLQ%3D%3D&trackingId=7J8Ja4zORGQHxGrDPKzcHA%3D%3D,Not specified,2025-11-28 09:01:38.514910,2025-11-27,,ch.linkedin.com/jobs/view/bi-analyst-supply-analytics-bangkok-based-relocation-provided-at-agoda-4334563558
Business Analyst,Ergon Informatik AG,"Zurich, Zurich, Switzerland",LinkedIn,https://ch.linkedin.com/jobs/view/business-analyst-at-ergon-informatik-ag-4347900263?position=17&pageNum=0&refId=SDDbmE1uM5hYdRDi6gVOLQ%3D%3D&trackingId=odWH%2F2BiApezBmZ0Sa6WGg%3D%3D,Not specified,2025-11-28 09:01:38.516300,2025-11-27,,ch.linkedin.com/jobs/view/business-analyst-at-ergon-informatik-ag-4347900263
"Business Analyst (Supply Analytics, Bangkok-based, Relocation provided)",Agoda,"Zurich, Zurich, Switzerland",LinkedIn,https://ch.linkedin.com/jobs/view/business-analyst-supply-analytics-bangkok-based-relocation-provided-at-agoda-4334483864?position=24&pageNum=0&refId=SDDbmE1uM5hYdRDi6gVOLQ%3D%3D&trackingId=L4I%2Blk84lmR5nfsZJ4P9Wg%3D%3D,Not specified,2025-11-28 09:01:38.517181,2025-11-27,,ch.linkedin.com/jobs/view/business-analyst-supply-analytics-bangkok-based-relocation-provided-at-agoda-4334483864
Wirtschaftsinformatiker öffentliche Verwaltung (m/w/d),Rocken®,"Lucerne, Lucerne, Switzerland",LinkedIn,https://ch.linkedin.com/jobs/view/wirtschaftsinformatiker-%C3%B6ffentliche-verwaltung-m-w-d-at-rocken%C2%AE-4324616168?position=26&pageNum=0&refId=SDDbmE1uM5hYdRDi6gVOLQ%3D%3D&trackingId=dzuE1hvosBaLVEuNN9p9KQ%3D%3D,Not specified,2025-11-28 09:01:38.517432,2025-11-27,,ch.linkedin.com/jobs/view/wirtschaftsinformatiker-%C3%B6ffentliche-verwaltung-m-w-d-at-rocken%C2%AE-4324616168
Insurance Business Analyst (m/f/d),Generali Switzerland,"Adliswil, Zurich, Switzerland",LinkedIn,https://ch.linkedin.com/jobs/view/insurance-business-analyst-m-f-d-at-generali-switzerland-4339318351?position=41&pageNum=0&refId=SDDbmE1uM5hYdRDi6gVOLQ%3D%3D&trackingId=EShIElpZqsrNuO4VzJ4qpQ%3D%3D,Not specified,2025-11-28 09:01:38.519319,2025-11-28,,ch.linkedin.com/jobs/view/insurance-business-analyst-m-f-d-at-generali-switzerland-4339318351
Softwareentwickler IAM (m/w/d),Rocken®,"Zurich, Zurich, Switzerland",LinkedIn,https://ch.linkedin.com/jobs/view/softwareentwickler-iam-m-w-d-at-rocken%C2%AE-4324835543?position=54&pageNum=0&refId=SDDbmE1uM5hYdRDi6gVOLQ%3D%3D&trackingId=basU9VzTDb3EhTR7bQuZSw%3D%3D,Not specified,2025-11-28 09:01:38.520966,2025-11-27,,ch.linkedin.com/jobs/view/softwareentwickler-iam-m-w-d-at-rocken%C2%AE-4324835543
"ABAP Engineer (w/m/d), 80-100%",Randstad Switzerland,"Zurich, Zurich, Switzerland",LinkedIn,https://ch.linkedin.com/jobs/view/abap-engineer-w-m-d-80-100%25-at-randstad-switzerland-4270679199?position=58&pageNum=0&refId=SDDbmE1uM5hYdRDi6gVOLQ%3D%3D&trackingId=q8fOnPRsbqZ2paruSk75hw%3D%3D,Not specified,2025-11-28 09:01:38.521444,2025-11-27,,ch.linkedin.com/jobs/view/abap-engineer-w-m-d-80-100%25-at-randstad-switzerland-4270679199
"BI Analyst (Supply Analytics, Bangkok-based, Relocation provided)",Agoda,"Essen, North Rhine-Westphalia, Germany",LinkedIn,https://de.linkedin.com/jobs/view/bi-analyst-supply-analytics-bangkok-based-relocation-provided-at-agoda-4334543649?position=15&pageNum=0&refId=UusHGOt%2F1e4TDl0VvuUI9g%3D%3D&trackingId=YtUt3C8rFPkVrnI%2BMB4Jfg%3D%3D,Not specified,2025-11-28 09:01:41.571596,2025-11-27,,de.linkedin.com/jobs/view/bi-analyst-supply-analytics-bangkok-based-relocation-provided-at-agoda-4334543649
"Lead Analyst (Supply Analytics, Bangkok-based, Relocation provided)",Agoda,"Essen, North Rhine-Westphalia, Germany",LinkedIn,https://de.linkedin.com/jobs/view/lead-analyst-supply-analytics-bangkok-based-relocation-provided-at-agoda-4334466191?position=24&pageNum=0&refId=UusHGOt%2F1e4TDl0VvuUI9g%3D%3D&trackingId=EfltthVuSAPyFQbzfvSfEA%3D%3D,Not specified,2025-11-28 09:01:41.572731,2025-11-27,,de.linkedin.com/jobs/view/lead-analyst-supply-analytics-bangkok-based-relocation-provided-at-agoda-4334466191
"Business Analyst (Supply Analytics, Bangkok-based, Relocation provided)",Agoda,"Essen, North Rhine-Westphalia, Germany",LinkedIn,https://de.linkedin.com/jobs/view/business-analyst-supply-analytics-bangkok-based-relocation-provided-at-agoda-4334533793?position=49&pageNum=0&refId=UusHGOt%2F1e4TDl0VvuUI9g%3D%3D&trackingId=D2u5Cryb4ScD5mIa7c6AOg%3D%3D,Not specified,2025-11-28 09:01:41.575885,2025-11-27,,de.linkedin.com/jobs/view/business-analyst-supply-analytics-bangkok-based-relocation-provided-at-agoda-4334533793
"Lead Analyst (Supply Analytics, Bangkok-based, Relocation provided)",Agoda,"Nuremberg, Bavaria, Germany",LinkedIn,https://de.linkedin.com/jobs/view/lead-analyst-supply-analytics-bangkok-based-relocation-provided-at-agoda-4334546040?position=1&pageNum=0&refId=0LTl41npAACpVz%2B%2Bc%2BkB8g%3D%3D&trackingId=CS1zhPz6%2FWkZ%2FRgqGo5Z%2Bw%3D%3D,Not specified,2025-11-28 09:01:47.137063,2025-11-27,,de.linkedin.com/jobs/view/lead-analyst-supply-analytics-bangkok-based-relocation-provided-at-agoda-4334546040
"BI Analyst (Supply Analytics, Bangkok-based, Relocation provided)",Agoda,"Nuremberg, Bavaria, Germany",LinkedIn,https://de.linkedin.com/jobs/view/bi-analyst-supply-analytics-bangkok-based-relocation-provided-at-agoda-4334622060?position=3&pageNum=0&refId=0LTl41npAACpVz%2B%2Bc%2BkB8g%3D%3D&trackingId=RvQ18ENlm%2F1hDYJ0vX0yMw%3D%3D,Not specified,2025-11-28 09:01:47.137394,2025-11-27,,de.linkedin.com/jobs/view/bi-analyst-supply-analytics-bangkok-based-relocation-provided-at-agoda-4334622060
Senior Systems Analyst - Input Management (m/w/d),ERGO Group AG,"Nuremberg, Bavaria, Germany",LinkedIn,https://de.linkedin.com/jobs/view/senior-systems-analyst-input-management-m-w-d-at-ergo-group-ag-4339305671?position=4&pageNum=0&refId=0LTl41npAACpVz%2B%2Bc%2BkB8g%3D%3D&trackingId=s4t0C4YmjffOzMdszh7P4Q%3D%3D,Not specified,2025-11-28 09:01:47.137549,2025-11-27,,de.linkedin.com/jobs/view/senior-systems-analyst-input-management-m-w-d-at-ergo-group-ag-4339305671
"Business Analyst (Supply Analytics, Bangkok-based, Relocation provided)",Agoda,"Nuremberg, Bavaria, Germany",LinkedIn,https://de.linkedin.com/jobs/view/business-analyst-supply-analytics-bangkok-based-relocation-provided-at-agoda-4334414438?position=6&pageNum=0&refId=0LTl41npAACpVz%2B%2Bc%2BkB8g%3D%3D&trackingId=9CsYYwQP1DNvbX27ScJCMg%3D%3D,Not specified,2025-11-28 09:01:47.137860,2025-11-27,,de.linkedin.com/jobs/view/business-analyst-supply-analytics-bangkok-based-relocation-provided-at-agoda-4334414438
Business Analyst Datenmigration (all genders),adesso SE,"Nuremberg, Bavaria, Germany",LinkedIn,https://de.linkedin.com/jobs/view/business-analyst-datenmigration-all-genders-at-adesso-se-4294598356?position=8&pageNum=0&refId=0LTl41npAACpVz%2B%2Bc%2BkB8g%3D%3D&trackingId=UsSz5OaTr9ochxDueCvQkQ%3D%3D,Not specified,2025-11-28 09:01:47.138142,2025-11-27,,de.linkedin.com/jobs/view/business-analyst-datenmigration-all-genders-at-adesso-se-4294598356
Business Analyst Datenmigration (all genders),adesso insurance solutions GmbH,"Nuremberg, Bavaria, Germany",LinkedIn,https://de.linkedin.com/jobs/view/business-analyst-datenmigration-all-genders-at-adesso-insurance-solutions-gmbh-4294595350?position=9&pageNum=0&refId=0LTl41npAACpVz%2B%2Bc%2BkB8g%3D%3D&trackingId=xWZ7GZNeUgSCVDO2IjE9hQ%3D%3D,Not specified,2025-11-28 09:01:47.138279,2025-11-27,,de.linkedin.com/jobs/view/business-analyst-datenmigration-all-genders-at-adesso-insurance-solutions-gmbh-4294595350
Senior IT-Consultant / Business Analyst Versicherungen (all genders),adesso SE,"Nuremberg, Bavaria, Germany",LinkedIn,https://de.linkedin.com/jobs/view/senior-it-consultant-business-analyst-versicherungen-all-genders-at-adesso-se-4283516163?position=13&pageNum=0&refId=0LTl41npAACpVz%2B%2Bc%2BkB8g%3D%3D&trackingId=LIYeFAeGijWrZ6kX3Uzu1Q%3D%3D,Not specified,2025-11-28 09:01:47.138836,2025-11-27,,de.linkedin.com/jobs/view/senior-it-consultant-business-analyst-versicherungen-all-genders-at-adesso-se-4283516163
Digital Solutions Analyst (f/m/d) Partner Program Management,Siemens,"Erlangen, Bavaria, Germany",LinkedIn,https://de.linkedin.com/jobs/view/digital-solutions-analyst-f-m-d-partner-program-management-at-siemens-4324836163?position=5&pageNum=0&refId=%2Bg%2FVMIDa7cwyBtucbFKNBQ%3D%3D&trackingId=iF7k5nOpznUwjwvvgq2iHw%3D%3D,Not specified,2025-11-28 09:01:52.663555,2025-11-27,,de.linkedin.com/jobs/view/digital-solutions-analyst-f-m-d-partner-program-management-at-siemens-4324836163
"Lead Analyst (Supply Analytics, Bangkok-based, Relocation provided)",Agoda,"Hannover, Lower Saxony, Germany",LinkedIn,https://de.linkedin.com/jobs/view/lead-analyst-supply-analytics-bangkok-based-relocation-provided-at-agoda-4334496111?position=2&pageNum=0&refId=7GZj30bEO30AeWF4e9HhTQ%3D%3D&trackingId=V%2Fek4g8UvPszFRpSW6Apcg%3D%3D,Not specified,2025-11-28 09:01:55.426445,2025-11-27,,de.linkedin.com/jobs/view/lead-analyst-supply-analytics-bangkok-based-relocation-provided-at-agoda-4334496111
Business Analyst,Finanz Informatik,"Hannover, Lower Saxony, Germany",LinkedIn,https://de.linkedin.com/jobs/view/business-analyst-at-finanz-informatik-4304528602?position=13&pageNum=0&refId=7GZj30bEO30AeWF4e9HhTQ%3D%3D&trackingId=eXju2G5NRMhALqh3ZjaOKQ%3D%3D,Not specified,2025-11-28 09:01:55.427969,2025-11-27,,de.linkedin.com/jobs/view/business-analyst-at-finanz-informatik-4304528602
Business-Analyst Online-Banking,Finanz Informatik,"Hannover, Lower Saxony, Germany",LinkedIn,https://de.linkedin.com/jobs/view/business-analyst-online-banking-at-finanz-informatik-4321232173?position=17&pageNum=0&refId=7GZj30bEO30AeWF4e9HhTQ%3D%3D&trackingId=cmhrpgo8WrWvcNv2hoXGQA%3D%3D,Not specified,2025-11-28 09:01:55.428519,2025-11-27,,de.linkedin.com/jobs/view/business-analyst-online-banking-at-finanz-informatik-4321232173
Business Analyst Kreditsicherheiten,Finanz Informatik,"Hannover, Lower Saxony, Germany",LinkedIn,https://de.linkedin.com/jobs/view/business-analyst-kreditsicherheiten-at-finanz-informatik-4321232172?position=20&pageNum=0&refId=7GZj30bEO30AeWF4e9HhTQ%3D%3D&trackingId=SdTfvruwh%2FyAxeNQ2AR9GQ%3D%3D,Not specified,2025-11-28 09:01:55.428929,2025-11-27,,de.linkedin.com/jobs/view/business-analyst-kreditsicherheiten-at-finanz-informatik-4321232172
Senior IT-Consultant / Business Analyst Versicherungen (all genders),adesso SE,"Hannover, Lower Saxony, Germany",LinkedIn,https://de.linkedin.com/jobs/view/senior-it-consultant-business-analyst-versicherungen-all-genders-at-adesso-se-4283515383?position=21&pageNum=0&refId=7GZj30bEO30AeWF4e9HhTQ%3D%3D&trackingId=CY913BQo3HKRVdz1VFWtzA%3D%3D,Not specified,2025-11-28 09:01:55.429065,2025-11-27,,de.linkedin.com/jobs/view/senior-it-consultant-business-analyst-versicherungen-all-genders-at-adesso-se-4283515383
Business Analyst Gesetzliche Krankenversicherung (all genders),adesso SE,"Hannover, Lower Saxony, Germany",LinkedIn,https://de.linkedin.com/jobs/view/business-analyst-gesetzliche-krankenversicherung-all-genders-at-adesso-se-4283024627?position=25&pageNum=0&refId=7GZj30bEO30AeWF4e9HhTQ%3D%3D&trackingId=aQ7HXLiJNo6wdPSNlszMIA%3D%3D,Not specified,2025-11-28 09:01:55.429592,2025-11-27,,de.linkedin.com/jobs/view/business-analyst-gesetzliche-krankenversicherung-all-genders-at-adesso-se-4283024627
AI Research Engineer (all genders),ellamind,"Berlin, Berlin, Germany",LinkedIn,https://de.linkedin.com/jobs/view/ai-research-engineer-all-genders-at-ellamind-4339399496?position=1&pageNum=0&refId=oSA3Ds0iiMdg2XWQLFYrSA%3D%3D&trackingId=kQuOQF%2FTn3TqNj4lnbOBkQ%3D%3D,Not specified,2025-11-28 09:02:00.887619,2025-11-28,,de.linkedin.com/jobs/view/ai-research-engineer-all-genders-at-ellamind-4339399496
AI & Full Stack Engineer (m/w/d),getpress,"Berlin, Berlin, Germany",LinkedIn,https://de.linkedin.com/jobs/view/ai-full-stack-engineer-m-w-d-at-getpress-4347980003?position=2&pageNum=0&refId=oSA3Ds0iiMdg2XWQLFYrSA%3D%3D&trackingId=T0%2BjBY4K%2FgZW%2Bo8mVk13Yw%3D%3D,Not specified,2025-11-28 09:02:00.887803,2025-11-27,,de.linkedin.com/jobs/view/ai-full-stack-engineer-m-w-d-at-getpress-4347980003
AI Engineer (m/w/d),Atruvia AG,"Berlin, Berlin, Germany",LinkedIn,https://de.linkedin.com/jobs/view/ai-engineer-m-w-d-at-atruvia-ag-4339266679?position=7&pageNum=0&refId=oSA3Ds0iiMdg2XWQLFYrSA%3D%3D&trackingId=yfzxtQ7RmNBNcLVmZq2jiA%3D%3D,Not specified,2025-11-28 09:02:00.888603,2025-11-27,,de.linkedin.com/jobs/view/ai-engineer-m-w-d-at-atruvia-ag-4339266679
Senior Computer Vision Engineer,develop,"Berlin, Berlin, Germany",LinkedIn,https://de.linkedin.com/jobs/view/senior-computer-vision-engineer-at-develop-4339306500?position=9&pageNum=0&refId=oSA3Ds0iiMdg2XWQLFYrSA%3D%3D&trackingId=4SYWdWFw3eonTEWdLHBYlw%3D%3D,Not specified,2025-11-28 09:02:00.888928,2025-11-27,,de.linkedin.com/jobs/view/senior-computer-vision-engineer-at-develop-4339306500
"Senior MLOps Engineer, ML Platform",GetYourGuide,"Berlin, Berlin, Germany",LinkedIn,https://de.linkedin.com/jobs/view/senior-mlops-engineer-ml-platform-at-getyourguide-4339379385?position=14&pageNum=0&refId=oSA3Ds0iiMdg2XWQLFYrSA%3D%3D&trackingId=FTHDNQ0%2F0PNm4DuTv08uTQ%3D%3D,Not specified,2025-11-28 09:02:00.889694,2025-11-28,,de.linkedin.com/jobs/view/senior-mlops-engineer-ml-platform-at-getyourguide-4339379385
AI Workflow Builder & Solution Engineer -  French fluent 🇫🇷,Paradox EN,"Berlin, Berlin, Germany",LinkedIn,https://de.linkedin.com/jobs/view/ai-workflow-builder-solution-engineer-french-fluent-%F0%9F%87%AB%F0%9F%87%B7-at-paradox-en-4339319678?position=18&pageNum=0&refId=oSA3Ds0iiMdg2XWQLFYrSA%3D%3D&trackingId=ZZccSeC0hRvcQu7LJwHrUg%3D%3D,Not specified,2025-11-28 09:02:00.890317,2025-11-28,,de.linkedin.com/jobs/view/ai-workflow-builder-solution-engineer-french-fluent-%F0%9F%87%AB%F0%9F%87%B7-at-paradox-en-4339319678
Senior Frontend Engineer (React) - Remote Friendly,Qonto,"Berlin, Berlin, Germany",LinkedIn,https://de.linkedin.com/jobs/view/senior-frontend-engineer-react-remote-friendly-at-qonto-4339406437?position=21&pageNum=0&refId=oSA3Ds0iiMdg2XWQLFYrSA%3D%3D&trackingId=HVY1%2FM1GnqYNH6qa3ukfTA%3D%3D,Not specified,2025-11-28 09:02:00.890770,2025-11-27,,de.linkedin.com/jobs/view/senior-frontend-engineer-react-remote-friendly-at-qonto-4339406437
Business Lead - Forward Deployed Agentic Engineer (f/m/d) Remote Europe,Otera,"Berlin, Berlin, Germany",LinkedIn,https://de.linkedin.com/jobs/view/business-lead-forward-deployed-agentic-engineer-f-m-d-remote-europe-at-otera-4339317780?position=22&pageNum=0&refId=oSA3Ds0iiMdg2XWQLFYrSA%3D%3D&trackingId=NjKvoSnIWuf9QCdMCkPQgg%3D%3D,Not specified,2025-11-28 09:02:00.890923,2025-11-27,,de.linkedin.com/jobs/view/business-lead-forward-deployed-agentic-engineer-f-m-d-remote-europe-at-otera-4339317780
Senior Backend Engineer - Integrations,Choco,"Berlin, Germany",LinkedIn,https://de.linkedin.com/jobs/view/senior-backend-engineer-integrations-at-choco-4334327459?position=24&pageNum=0&refId=oSA3Ds0iiMdg2XWQLFYrSA%3D%3D&trackingId=xl4vWYt5C5APVQlrgaeejA%3D%3D,Not specified,2025-11-28 09:02:00.891227,2025-11-27,,de.linkedin.com/jobs/view/senior-backend-engineer-integrations-at-choco-4334327459
Senior Engineer - Silicon Physical Design (Italy based),Axelera AI,"Berlin, Berlin, Germany",LinkedIn,https://de.linkedin.com/jobs/view/senior-engineer-silicon-physical-design-italy-based-at-axelera-ai-4339289536?position=25&pageNum=0&refId=oSA3Ds0iiMdg2XWQLFYrSA%3D%3D&trackingId=h7sjtTbhFT2bsl0vo0Jx0g%3D%3D,Not specified,2025-11-28 09:02:00.891379,2025-11-28,,de.linkedin.com/jobs/view/senior-engineer-silicon-physical-design-italy-based-at-axelera-ai-4339289536
Senior Backend Engineer (Golang),fiskaly,"Berlin, Berlin, Germany",LinkedIn,https://de.linkedin.com/jobs/view/senior-backend-engineer-golang-at-fiskaly-4347739779?position=26&pageNum=0&refId=oSA3Ds0iiMdg2XWQLFYrSA%3D%3D&trackingId=xMJZYOVDlYZInFSEv5Zp0w%3D%3D,Not specified,2025-11-28 09:02:00.891532,2025-11-27,,de.linkedin.com/jobs/view/senior-backend-engineer-golang-at-fiskaly-4347739779
AI Engineer / AI Agent Developer (m/w/d),YUVENDA,"Frankfurt, Hesse, Germany",LinkedIn,https://de.linkedin.com/jobs/view/ai-engineer-ai-agent-developer-m-w-d-at-yuvenda-4347599704?position=1&pageNum=0&refId=zG5f3PBCYh%2Bi%2FC%2B3mM8wNg%3D%3D&trackingId=fUpDCvxjXpEvozfTumiB9w%3D%3D,Not specified,2025-11-28 09:02:03.550460,2025-11-27,,de.linkedin.com/jobs/view/ai-engineer-ai-agent-developer-m-w-d-at-yuvenda-4347599704
AI Engineer (m/w/d),Atruvia AG,"Frankfurt am Main, Hesse, Germany",LinkedIn,https://de.linkedin.com/jobs/view/ai-engineer-m-w-d-at-atruvia-ag-4339376442?position=3&pageNum=0&refId=zG5f3PBCYh%2Bi%2FC%2B3mM8wNg%3D%3D&trackingId=FVihmqEHJLBUmpftIGTMGA%3D%3D,Not specified,2025-11-28 09:02:03.550661,2025-11-27,,de.linkedin.com/jobs/view/ai-engineer-m-w-d-at-atruvia-ag-4339376442
Senior Computer Vision Engineer,develop,"Darmstadt, Hesse, Germany",LinkedIn,https://de.linkedin.com/jobs/view/senior-computer-vision-engineer-at-develop-4339266649?position=4&pageNum=0&refId=zG5f3PBCYh%2Bi%2FC%2B3mM8wNg%3D%3D&trackingId=MGLGAxGU1AS769Hq67mMnQ%3D%3D,Not specified,2025-11-28 09:02:03.550753,2025-11-27,,de.linkedin.com/jobs/view/senior-computer-vision-engineer-at-develop-4339266649
Senior Computer Vision Engineer,develop,"Düsseldorf, North Rhine-Westphalia, Germany",LinkedIn,https://de.linkedin.com/jobs/view/senior-computer-vision-engineer-at-develop-4339386455?position=2&pageNum=0&refId=WhvqFiNhEaiwQk7uZgL%2FcA%3D%3D&trackingId=mMYPV%2FHSOknb8tjqbX55LA%3D%3D,Not specified,2025-11-28 09:02:06.063508,2025-11-27,,de.linkedin.com/jobs/view/senior-computer-vision-engineer-at-develop-4339386455
Senior Computer Vision Engineer,develop,"Bonn, North Rhine-Westphalia, Germany",LinkedIn,https://de.linkedin.com/jobs/view/senior-computer-vision-engineer-at-develop-4339186785?position=3&pageNum=0&refId=WhvqFiNhEaiwQk7uZgL%2FcA%3D%3D&trackingId=G3xSJ0KhzHSmw36cTN4sTw%3D%3D,Not specified,2025-11-28 09:02:06.063694,2025-11-27,,de.linkedin.com/jobs/view/senior-computer-vision-engineer-at-develop-4339186785
Senior Computer Vision Engineer,develop,"Cologne, North Rhine-Westphalia, Germany",LinkedIn,https://de.linkedin.com/jobs/view/senior-computer-vision-engineer-at-develop-4339326429?position=4&pageNum=0&refId=WhvqFiNhEaiwQk7uZgL%2FcA%3D%3D&trackingId=O8ZkjyUTI5nQHymDI8Ox3Q%3D%3D,Not specified,2025-11-28 09:02:06.063872,2025-11-27,,de.linkedin.com/jobs/view/senior-computer-vision-engineer-at-develop-4339326429
AI Engineer,Typewise,"Zurich, Zurich, Switzerland",LinkedIn,https://ch.linkedin.com/jobs/view/ai-engineer-at-typewise-4324697506?position=1&pageNum=0&refId=CJNSf0fKX%2BTOGP%2FeN7oWpQ%3D%3D&trackingId=kRslMC6gJhwZ6XfBoebBQA%3D%3D,Not specified,2025-11-28 09:02:14.256868,2025-11-28,,ch.linkedin.com/jobs/view/ai-engineer-at-typewise-4324697506
Senior Full Stack Engineer – Frontend Focus,Caffeine,"Zurich, Zurich, Switzerland",LinkedIn,https://ch.linkedin.com/jobs/view/senior-full-stack-engineer-%E2%80%93-frontend-focus-at-caffeine-4324805928?position=5&pageNum=0&refId=CJNSf0fKX%2BTOGP%2FeN7oWpQ%3D%3D&trackingId=GGw5OHgHLHDPL3GBodyDrg%3D%3D,Not specified,2025-11-28 09:02:14.257601,2025-11-27,,ch.linkedin.com/jobs/view/senior-full-stack-engineer-%E2%80%93-frontend-focus-at-caffeine-4324805928
Senior Engineer - Silicon Physical Design (Italy based),Axelera AI,"Zurich, Zurich, Switzerland",LinkedIn,https://ch.linkedin.com/jobs/view/senior-engineer-silicon-physical-design-italy-based-at-axelera-ai-4339349502?position=6&pageNum=0&refId=CJNSf0fKX%2BTOGP%2FeN7oWpQ%3D%3D&trackingId=UYJ8Y%2BH0zptAXKR4xPrc7g%3D%3D,Not specified,2025-11-28 09:02:14.257782,2025-11-28,,ch.linkedin.com/jobs/view/senior-engineer-silicon-physical-design-italy-based-at-axelera-ai-4339349502
