title,company,location,source,url,salary,scraped_at,posted_at,description,job_id
Senior Data Scientist,1inch,Stuttgart,LinkedIn,https://de.linkedin.com/jobs/view/senior-data-scientist-at-1inch-4313221956?position=1&pageNum=0&refId=KcgcJSdJnT8PcqouvTCo8g%3D%3D&trackingId=8DN7PxsJPvc1yJEanozllQ%3D%3D,Not specified,2025-10-10 18:00:00.497215,2025-10-10,,de.linkedin.com/jobs/view/senior-data-scientist-at-1inch-4313221956
"Staff Machine Learning Engineer (India based, relocation provided)",Agoda,Stuttgart,LinkedIn,https://de.linkedin.com/jobs/view/staff-machine-learning-engineer-india-based-relocation-provided-at-agoda-4302598471?position=6&pageNum=0&refId=KcgcJSdJnT8PcqouvTCo8g%3D%3D&trackingId=OqDXVHVDPDJenRQOHJWAMQ%3D%3D,Not specified,2025-10-10 18:00:00.497982,2025-10-10,,de.linkedin.com/jobs/view/staff-machine-learning-engineer-india-based-relocation-provided-at-agoda-4302598471
Full Stack Engineer,Optimus Search,Stuttgart,LinkedIn,https://de.linkedin.com/jobs/view/full-stack-engineer-at-optimus-search-4310718563?position=10&pageNum=0&refId=KcgcJSdJnT8PcqouvTCo8g%3D%3D&trackingId=D4FrpvGxWfo7ankIOErL0Q%3D%3D,Not specified,2025-10-10 18:00:00.498546,2025-10-10,,de.linkedin.com/jobs/view/full-stack-engineer-at-optimus-search-4310718563
Strategic Account Technology,Microsoft,"Baden-Württemberg, Deutschland",LinkedIn,https://de.linkedin.com/jobs/view/strategic-account-technology-at-microsoft-4312969654?position=11&pageNum=0&refId=KcgcJSdJnT8PcqouvTCo8g%3D%3D&trackingId=LI0nWxs5Fj2f2lCL0dgaCQ%3D%3D,Not specified,2025-10-10 18:00:00.498681,2025-10-10,,de.linkedin.com/jobs/view/strategic-account-technology-at-microsoft-4312969654
Full Stack Engineer,Optimus Search,Pforzheim,LinkedIn,https://de.linkedin.com/jobs/view/full-stack-engineer-at-optimus-search-4310710749?position=12&pageNum=0&refId=KcgcJSdJnT8PcqouvTCo8g%3D%3D&trackingId=NJZdGshsaQe0%2BLEcyfxqgg%3D%3D,Not specified,2025-10-10 18:00:00.498818,2025-10-10,,de.linkedin.com/jobs/view/full-stack-engineer-at-optimus-search-4310710749
Full Stack Engineer,Optimus Search,Ludwigsburg,LinkedIn,https://de.linkedin.com/jobs/view/full-stack-engineer-at-optimus-search-4310709754?position=13&pageNum=0&refId=KcgcJSdJnT8PcqouvTCo8g%3D%3D&trackingId=wRslGBEaenKHx34rncrWXQ%3D%3D,Not specified,2025-10-10 18:00:00.498953,2025-10-10,,de.linkedin.com/jobs/view/full-stack-engineer-at-optimus-search-4310709754
Master@IBM I/O Configuration Insights (f/m/x),IBM,Böblingen,LinkedIn,https://de.linkedin.com/jobs/view/master%40ibm-i-o-configuration-insights-f-m-x-at-ibm-4310700067?position=15&pageNum=0&refId=KcgcJSdJnT8PcqouvTCo8g%3D%3D&trackingId=r5Y6cssggD%2F%2BYCKIqlEHgg%3D%3D,Not specified,2025-10-10 18:00:00.499226,2025-10-10,,de.linkedin.com/jobs/view/master%40ibm-i-o-configuration-insights-f-m-x-at-ibm-4310700067
"All-Source Intelligence Analyst, Senior",Booz Allen Hamilton,Stuttgart,LinkedIn,https://de.linkedin.com/jobs/view/all-source-intelligence-analyst-senior-at-booz-allen-hamilton-4312923530?position=16&pageNum=0&refId=KcgcJSdJnT8PcqouvTCo8g%3D%3D&trackingId=%2FdcDkvUdRE3c7qskX%2BNsIA%3D%3D,Not specified,2025-10-10 18:00:00.499363,2025-10-10,,de.linkedin.com/jobs/view/all-source-intelligence-analyst-senior-at-booz-allen-hamilton-4312923530
Master@IBM I/O Configuration Insights (f/m/x),IBM,Ehningen,LinkedIn,https://de.linkedin.com/jobs/view/master%40ibm-i-o-configuration-insights-f-m-x-at-ibm-4310285378?position=17&pageNum=0&refId=KcgcJSdJnT8PcqouvTCo8g%3D%3D&trackingId=DAmACljn9I6IoGEIyHzhdg%3D%3D,Not specified,2025-10-10 18:00:00.499497,2025-10-10,,de.linkedin.com/jobs/view/master%40ibm-i-o-configuration-insights-f-m-x-at-ibm-4310285378
Data Scientist (m/w/d) (Analytics & Dashboarding) im Consulting,DRIVE Consulting,Berlin,LinkedIn,https://de.linkedin.com/jobs/view/data-scientist-m-w-d-analytics-dashboarding-im-consulting-at-drive-consulting-4290795837?position=1&pageNum=0&refId=QG2AphYUHPdIuu%2FuZirisA%3D%3D&trackingId=7W6dNOBENehIVLQ6utUxvQ%3D%3D,Not specified,2025-10-10 18:00:03.498415,2025-10-10,,de.linkedin.com/jobs/view/data-scientist-m-w-d-analytics-dashboarding-im-consulting-at-drive-consulting-4290795837
Applied Scientist - Recommendation(All Genders),Zalando,Berlin,LinkedIn,https://de.linkedin.com/jobs/view/applied-scientist-recommendation-all-genders-at-zalando-4248377929?position=2&pageNum=0&refId=QG2AphYUHPdIuu%2FuZirisA%3D%3D&trackingId=2Sj7sSewoxKsnJ41SonShg%3D%3D,Not specified,2025-10-10 18:00:03.498570,2025-10-10,,de.linkedin.com/jobs/view/applied-scientist-recommendation-all-genders-at-zalando-4248377929
Data Analyst,mrge,Berlin,LinkedIn,https://de.linkedin.com/jobs/view/data-analyst-at-mrge-4310722695?position=3&pageNum=0&refId=QG2AphYUHPdIuu%2FuZirisA%3D%3D&trackingId=jmizZuoouU7IruZkFrUmxQ%3D%3D,Not specified,2025-10-10 18:00:03.498716,2025-10-10,,de.linkedin.com/jobs/view/data-analyst-at-mrge-4310722695
Data Science Consultant - Data & AI (f/m/d),E.ON Digital Technology,Berlin,LinkedIn,https://de.linkedin.com/jobs/view/data-science-consultant-data-ai-f-m-d-at-e-on-digital-technology-4310212166?position=4&pageNum=0&refId=QG2AphYUHPdIuu%2FuZirisA%3D%3D&trackingId=rTP8yjw3rOL%2Fu5774wWYAQ%3D%3D,Not specified,2025-10-10 18:00:03.498854,2025-10-09,,de.linkedin.com/jobs/view/data-science-consultant-data-ai-f-m-d-at-e-on-digital-technology-4310212166
AI Engineer - 75.000€,Optimus Search,Potsdam,LinkedIn,https://de.linkedin.com/jobs/view/ai-engineer-75-000%E2%82%AC-at-optimus-search-4310700644?position=5&pageNum=0&refId=QG2AphYUHPdIuu%2FuZirisA%3D%3D&trackingId=gVu7MPTyzL2GDa5DUrDLbA%3D%3D,Not specified,2025-10-10 18:00:03.499004,2025-10-10,,de.linkedin.com/jobs/view/ai-engineer-75-000%E2%82%AC-at-optimus-search-4310700644
Senior Data Scientist (f/m/d),Moss,Berlin,LinkedIn,https://de.linkedin.com/jobs/view/senior-data-scientist-f-m-d-at-moss-4312780429?position=7&pageNum=0&refId=QG2AphYUHPdIuu%2FuZirisA%3D%3D&trackingId=DPi5ihVxp41YiqRWbFDFcA%3D%3D,Not specified,2025-10-10 18:00:03.499275,2025-10-09,,de.linkedin.com/jobs/view/senior-data-scientist-f-m-d-at-moss-4312780429
Senior Data Scientist (m/w/d) - Eviden,Eviden,Berlin,LinkedIn,https://de.linkedin.com/jobs/view/senior-data-scientist-m-w-d-eviden-at-eviden-4280443047?position=8&pageNum=0&refId=QG2AphYUHPdIuu%2FuZirisA%3D%3D&trackingId=5g%2Bmx6hHqk583PGztNe0Ig%3D%3D,Not specified,2025-10-10 18:00:03.499407,2025-10-10,,de.linkedin.com/jobs/view/senior-data-scientist-m-w-d-eviden-at-eviden-4280443047
AI Engineer – Greenfield Projects – Remote – 75.000€,Optimus Search,"Berlin, Deutschland",LinkedIn,https://de.linkedin.com/jobs/view/ai-engineer-%E2%80%93-greenfield-projects-%E2%80%93-remote-%E2%80%93-75-000%E2%82%AC-at-optimus-search-4310702536?position=10&pageNum=0&refId=QG2AphYUHPdIuu%2FuZirisA%3D%3D&trackingId=pQ9cYVCenfubwuCoCj2qWg%3D%3D,Not specified,2025-10-10 18:00:03.499669,2025-10-10,,de.linkedin.com/jobs/view/ai-engineer-%E2%80%93-greenfield-projects-%E2%80%93-remote-%E2%80%93-75-000%E2%82%AC-at-optimus-search-4310702536
Senior Data & AI Consultant,Endava,Berlin,LinkedIn,https://de.linkedin.com/jobs/view/senior-data-ai-consultant-at-endava-4224454987?position=12&pageNum=0&refId=QG2AphYUHPdIuu%2FuZirisA%3D%3D&trackingId=Fo3mm18jRohmZku8fdOXHw%3D%3D,Not specified,2025-10-10 18:00:03.499938,2025-10-10,,de.linkedin.com/jobs/view/senior-data-ai-consultant-at-endava-4224454987
Computational Scientist (all genders) - Advanced Cheminformatics,Bayer,Berlin,LinkedIn,https://de.linkedin.com/jobs/view/computational-scientist-all-genders-advanced-cheminformatics-at-bayer-4313237727?position=13&pageNum=0&refId=QG2AphYUHPdIuu%2FuZirisA%3D%3D&trackingId=9EGTgn06sXbkpDbNaFFqVw%3D%3D,Not specified,2025-10-10 18:00:03.500074,2025-10-10,,de.linkedin.com/jobs/view/computational-scientist-all-genders-advanced-cheminformatics-at-bayer-4313237727
Computational Statistician for Pharmaceutical Innovation Cluster (m/f/d),Bayer,Berlin,LinkedIn,https://de.linkedin.com/jobs/view/computational-statistician-for-pharmaceutical-innovation-cluster-m-f-d-at-bayer-4292372343?position=14&pageNum=0&refId=QG2AphYUHPdIuu%2FuZirisA%3D%3D&trackingId=NOBj8TYpQzaXY5BwEi71BQ%3D%3D,Not specified,2025-10-10 18:00:03.500205,2025-10-10,,de.linkedin.com/jobs/view/computational-statistician-for-pharmaceutical-innovation-cluster-m-f-d-at-bayer-4292372343
Senior Machine Learning / AI Engineer (all genders),adesso SE,Berlin,LinkedIn,https://de.linkedin.com/jobs/view/senior-machine-learning-ai-engineer-all-genders-at-adesso-se-3925559506?position=17&pageNum=0&refId=QG2AphYUHPdIuu%2FuZirisA%3D%3D&trackingId=efi3aXboJzhBAzIoFt7%2FbQ%3D%3D,Not specified,2025-10-10 18:00:03.500600,2025-10-10,,de.linkedin.com/jobs/view/senior-machine-learning-ai-engineer-all-genders-at-adesso-se-3925559506
(Senior) Data Scientiest (m/w/d),KaDeWe GmbH,Berlin,LinkedIn,https://de.linkedin.com/jobs/view/senior-data-scientiest-m-w-d-at-the-kadewe-group-4312734827?position=20&pageNum=0&refId=QG2AphYUHPdIuu%2FuZirisA%3D%3D&trackingId=lSq7rOqvuBXcxJBKW5uXlQ%3D%3D,Not specified,2025-10-10 18:00:03.500982,2025-10-09,,de.linkedin.com/jobs/view/senior-data-scientiest-m-w-d-at-the-kadewe-group-4312734827
Data Privacy Analyst (m/w/d),ENGIE,Berlin,LinkedIn,https://de.linkedin.com/jobs/view/data-privacy-analyst-m-w-d-at-engie-4313233705?position=23&pageNum=0&refId=QG2AphYUHPdIuu%2FuZirisA%3D%3D&trackingId=hPUj3KfVKLiMF6Yeby08hA%3D%3D,Not specified,2025-10-10 18:00:03.501354,2025-10-10,,de.linkedin.com/jobs/view/data-privacy-analyst-m-w-d-at-engie-4313233705
Monetisation Data Analyst — Mobile B2C (EdTech),Games Factory Talents | Connecting Passion & Talent,"Berlin, Deutschland",LinkedIn,https://de.linkedin.com/jobs/view/monetisation-data-analyst-%E2%80%94-mobile-b2c-edtech-at-games-factory-talents-connecting-passion-talent-4310299973?position=25&pageNum=0&refId=QG2AphYUHPdIuu%2FuZirisA%3D%3D&trackingId=OBVMILJULKUy%2Bv5nTUDIag%3D%3D,Not specified,2025-10-10 18:00:03.501594,2025-10-10,,de.linkedin.com/jobs/view/monetisation-data-analyst-%E2%80%94-mobile-b2c-edtech-at-games-factory-talents-connecting-passion-talent-4310299973
Senior Data Analytics Engineer (m/f/d),Adsquare,"Berlin, Deutschland",LinkedIn,https://de.linkedin.com/jobs/view/senior-data-analytics-engineer-m-f-d-at-adsquare-4310293235?position=27&pageNum=0&refId=QG2AphYUHPdIuu%2FuZirisA%3D%3D&trackingId=m5R2O2WpOxUvRqTBgtthXg%3D%3D,Not specified,2025-10-10 18:00:03.501837,2025-10-10,,de.linkedin.com/jobs/view/senior-data-analytics-engineer-m-f-d-at-adsquare-4310293235
"Staff Machine Learning Engineer (India based, relocation provided)",Agoda,Berlin,LinkedIn,https://de.linkedin.com/jobs/view/staff-machine-learning-engineer-india-based-relocation-provided-at-agoda-4302588816?position=28&pageNum=0&refId=QG2AphYUHPdIuu%2FuZirisA%3D%3D&trackingId=LYgRWKYUTGFpSaGdduaEig%3D%3D,Not specified,2025-10-10 18:00:03.501962,2025-10-10,,de.linkedin.com/jobs/view/staff-machine-learning-engineer-india-based-relocation-provided-at-agoda-4302588816
(Senior) Data Engineer - Data & AI (f/m/d),E.ON Digital Technology,Berlin,LinkedIn,https://de.linkedin.com/jobs/view/senior-data-engineer-data-ai-f-m-d-at-e-on-digital-technology-4301023496?position=29&pageNum=0&refId=QG2AphYUHPdIuu%2FuZirisA%3D%3D&trackingId=5Aa3t0K2mc7XU4OqK9ze%2BQ%3D%3D,Not specified,2025-10-10 18:00:03.502082,2025-10-10,,de.linkedin.com/jobs/view/senior-data-engineer-data-ai-f-m-d-at-e-on-digital-technology-4301023496
RPA Developer - UiPath,N26 Group,Berlin,LinkedIn,https://de.linkedin.com/jobs/view/rpa-developer-uipath-at-n26-4302553221?position=30&pageNum=0&refId=QG2AphYUHPdIuu%2FuZirisA%3D%3D&trackingId=2mNsMuWtHQflK30qWTSvzw%3D%3D,Not specified,2025-10-10 18:00:03.502202,2025-10-10,,de.linkedin.com/jobs/view/rpa-developer-uipath-at-n26-4302553221
Senior Data Engineer (f/m/d) - Data & AI,E.ON Digital Technology,Berlin,LinkedIn,https://de.linkedin.com/jobs/view/senior-data-engineer-f-m-d-data-ai-at-e-on-digital-technology-4301014644?position=32&pageNum=0&refId=QG2AphYUHPdIuu%2FuZirisA%3D%3D&trackingId=8eZXKm8g7NNkvIl7k7uKJw%3D%3D,Not specified,2025-10-10 18:00:03.502451,2025-10-10,,de.linkedin.com/jobs/view/senior-data-engineer-f-m-d-data-ai-at-e-on-digital-technology-4301014644
Senior Infrastructure Engineer (ML/AI),Workato,Berlin,LinkedIn,https://de.linkedin.com/jobs/view/senior-infrastructure-engineer-ml-ai-at-workato-4312969703?position=34&pageNum=0&refId=QG2AphYUHPdIuu%2FuZirisA%3D%3D&trackingId=hoGhICP7wy2FzXNX9PCjEA%3D%3D,Not specified,2025-10-10 18:00:03.502698,2025-10-10,,de.linkedin.com/jobs/view/senior-infrastructure-engineer-ml-ai-at-workato-4312969703
"Chief AI Officer, IgniteTech (Remote) - $400,000/year USD",Trilogy,Berlin,LinkedIn,https://de.linkedin.com/jobs/view/chief-ai-officer-ignitetech-remote-%24400-000-year-usd-at-trilogy-4311690258?position=35&pageNum=0&refId=QG2AphYUHPdIuu%2FuZirisA%3D%3D&trackingId=BxKPI3jOLyfgVcj4Ab6pkg%3D%3D,Not specified,2025-10-10 18:00:03.502821,2025-10-10,,de.linkedin.com/jobs/view/chief-ai-officer-ignitetech-remote-%24400-000-year-usd-at-trilogy-4311690258
Strategic Account Technology,Microsoft,Berlin,LinkedIn,https://de.linkedin.com/jobs/view/strategic-account-technology-at-microsoft-4312965738?position=38&pageNum=0&refId=QG2AphYUHPdIuu%2FuZirisA%3D%3D&trackingId=8VtuE7lpx21XUlV2%2BmFM5Q%3D%3D,Not specified,2025-10-10 18:00:03.503192,2025-10-10,,de.linkedin.com/jobs/view/strategic-account-technology-at-microsoft-4312965738
"Java Entwickler - Kubernetes, Machine Learning, FinTech - Berlin - €85,000",Optimus Search,"Berlin, Deutschland",LinkedIn,https://de.linkedin.com/jobs/view/java-entwickler-kubernetes-machine-learning-fintech-berlin-%E2%82%AC85-000-at-optimus-search-4310703541?position=40&pageNum=0&refId=QG2AphYUHPdIuu%2FuZirisA%3D%3D&trackingId=LV%2FV1joGqGHQoyWwrzPawA%3D%3D,Not specified,2025-10-10 18:00:03.503436,2025-10-10,,de.linkedin.com/jobs/view/java-entwickler-kubernetes-machine-learning-fintech-berlin-%E2%82%AC85-000-at-optimus-search-4310703541
Java Developer (d/f/m),4flow,Berlin,LinkedIn,https://de.linkedin.com/jobs/view/java-developer-d-f-m-at-4flow-4312614370?position=41&pageNum=0&refId=QG2AphYUHPdIuu%2FuZirisA%3D%3D&trackingId=6bJM5tonTH6vJ0Z6%2BEitVw%3D%3D,Not specified,2025-10-10 18:00:03.503556,2025-10-10,,de.linkedin.com/jobs/view/java-developer-d-f-m-at-4flow-4312614370
"Java Entwickler - Kubernetes, Machine Learning, FinTech - Berlin - €85,000",Optimus Search,"Berlin, Deutschland",LinkedIn,https://de.linkedin.com/jobs/view/java-entwickler-kubernetes-machine-learning-fintech-berlin-%E2%82%AC85-000-at-optimus-search-4310287764?position=42&pageNum=0&refId=QG2AphYUHPdIuu%2FuZirisA%3D%3D&trackingId=TvvT0bUzFuc2TpT8MTNKJw%3D%3D,Not specified,2025-10-10 18:00:03.503681,2025-10-10,,de.linkedin.com/jobs/view/java-entwickler-kubernetes-machine-learning-fintech-berlin-%E2%82%AC85-000-at-optimus-search-4310287764
Data Engineer/Data Scientist Trade Control m/w/d,DZ BANK AG,Frankfurt am Main,LinkedIn,https://de.linkedin.com/jobs/view/data-engineer-data-scientist-trade-control-m-w-d-at-dz-bank-ag-4309685444?position=1&pageNum=0&refId=0xgTaKPDMi1GPoRIbhb1qA%3D%3D&trackingId=OwlUzKdujekG5vy99PLswA%3D%3D,Not specified,2025-10-10 18:00:06.567032,2025-10-09,,de.linkedin.com/jobs/view/data-engineer-data-scientist-trade-control-m-w-d-at-dz-bank-ag-4309685444
"Program Data Science, KI & Machine Learning (m/w/d)",ODDO BHF,Frankfurt,LinkedIn,https://de.linkedin.com/jobs/view/program-data-science-ki-machine-learning-m-w-d-at-oddo-bhf-4309755780?position=2&pageNum=0&refId=0xgTaKPDMi1GPoRIbhb1qA%3D%3D&trackingId=cSydeu4ejvHSiNEfv2jErQ%3D%3D,Not specified,2025-10-10 18:00:06.567152,2025-10-10,,de.linkedin.com/jobs/view/program-data-science-ki-machine-learning-m-w-d-at-oddo-bhf-4309755780
Junior Consultant AI & Education (w/m/d) AI Academy,statworx,Frankfurt am Main,LinkedIn,https://de.linkedin.com/jobs/view/junior-consultant-ai-education-w-m-d-ai-academy-at-statworx-4213904259?position=3&pageNum=0&refId=0xgTaKPDMi1GPoRIbhb1qA%3D%3D&trackingId=Qxqaeu6UTZ7eYbcfdZgAug%3D%3D,Not specified,2025-10-10 18:00:06.567258,2025-10-10,,de.linkedin.com/jobs/view/junior-consultant-ai-education-w-m-d-ai-academy-at-statworx-4213904259
(Junior) Strategy Consultant Data & AI (w/m/d),statworx,Frankfurt am Main,LinkedIn,https://de.linkedin.com/jobs/view/junior-strategy-consultant-data-ai-w-m-d-at-statworx-4313216104?position=4&pageNum=0&refId=0xgTaKPDMi1GPoRIbhb1qA%3D%3D&trackingId=LTNrBzdZEaii4yfQPUD6LA%3D%3D,Not specified,2025-10-10 18:00:06.567365,2025-10-10,,de.linkedin.com/jobs/view/junior-strategy-consultant-data-ai-w-m-d-at-statworx-4313216104
Senior Consultant Data Science (w/m/d) Fokus NLP,statworx,Frankfurt am Main,LinkedIn,https://de.linkedin.com/jobs/view/senior-consultant-data-science-w-m-d-fokus-nlp-at-statworx-4212141101?position=7&pageNum=0&refId=0xgTaKPDMi1GPoRIbhb1qA%3D%3D&trackingId=rivrV98kY%2FxRsC9TTQeIJA%3D%3D,Not specified,2025-10-10 18:00:06.567685,2025-10-10,,de.linkedin.com/jobs/view/senior-consultant-data-science-w-m-d-fokus-nlp-at-statworx-4212141101
Senior Machine Learning / AI Engineer (all genders),adesso SE,Frankfurt,LinkedIn,https://de.linkedin.com/jobs/view/senior-machine-learning-ai-engineer-all-genders-at-adesso-se-3733037695?position=9&pageNum=0&refId=0xgTaKPDMi1GPoRIbhb1qA%3D%3D&trackingId=SYIbK%2FRV%2Bf966LyJzMqQ%2Fg%3D%3D,Not specified,2025-10-10 18:00:06.567888,2025-10-10,,de.linkedin.com/jobs/view/senior-machine-learning-ai-engineer-all-genders-at-adesso-se-3733037695
IT Data Analyst (m/w/d) Frankfurt,Page Personnel,Frankfurt am Main,LinkedIn,https://de.linkedin.com/jobs/view/it-data-analyst-m-w-d-frankfurt-at-page-personnel-4312645481?position=10&pageNum=0&refId=0xgTaKPDMi1GPoRIbhb1qA%3D%3D&trackingId=oSvcPcpvd3Ig8QK6FSO66A%3D%3D,Not specified,2025-10-10 18:00:06.567991,2025-10-10,,de.linkedin.com/jobs/view/it-data-analyst-m-w-d-frankfurt-at-page-personnel-4312645481
Laboratory technician (all genders) - Sunscreens - Actives - Repellents,SUSONITY,Frankfurt,LinkedIn,https://de.linkedin.com/jobs/view/laboratory-technician-all-genders-sunscreens-actives-repellents-at-susonity-4312973733?position=12&pageNum=0&refId=0xgTaKPDMi1GPoRIbhb1qA%3D%3D&trackingId=YeBr%2BqIEUYwIoHwl6MKr6Q%3D%3D,Not specified,2025-10-10 18:00:06.568195,2025-10-10,,de.linkedin.com/jobs/view/laboratory-technician-all-genders-sunscreens-actives-repellents-at-susonity-4312973733
"Staff Machine Learning Engineer (India based, relocation provided)",Agoda,Frankfurt,LinkedIn,https://de.linkedin.com/jobs/view/staff-machine-learning-engineer-india-based-relocation-provided-at-agoda-4302808016?position=14&pageNum=0&refId=0xgTaKPDMi1GPoRIbhb1qA%3D%3D&trackingId=n9EPecGVxkh%2BhuTIlzedHg%3D%3D,Not specified,2025-10-10 18:00:06.568398,2025-10-10,,de.linkedin.com/jobs/view/staff-machine-learning-engineer-india-based-relocation-provided-at-agoda-4302808016
(Senior) Data Engineer - Data & AI (f/m/d),E.ON Digital Technology,Frankfurt am Main,LinkedIn,https://de.linkedin.com/jobs/view/senior-data-engineer-data-ai-f-m-d-at-e-on-digital-technology-4301018548?position=15&pageNum=0&refId=0xgTaKPDMi1GPoRIbhb1qA%3D%3D&trackingId=jXxahlg90Itgze0GZMubtA%3D%3D,Not specified,2025-10-10 18:00:06.568496,2025-10-10,,de.linkedin.com/jobs/view/senior-data-engineer-data-ai-f-m-d-at-e-on-digital-technology-4301018548
Senior Data Engineer (f/m/d) - Data & AI,E.ON Digital Technology,Frankfurt am Main,LinkedIn,https://de.linkedin.com/jobs/view/senior-data-engineer-f-m-d-data-ai-at-e-on-digital-technology-4301014643?position=16&pageNum=0&refId=0xgTaKPDMi1GPoRIbhb1qA%3D%3D&trackingId=HELs0kIBOaPjlwDs2MXTnA%3D%3D,Not specified,2025-10-10 18:00:06.568597,2025-10-10,,de.linkedin.com/jobs/view/senior-data-engineer-f-m-d-data-ai-at-e-on-digital-technology-4301014643
Cloud Data Engineer,General Dynamics Information Technology,Wiesbaden,LinkedIn,https://de.linkedin.com/jobs/view/cloud-data-engineer-at-general-dynamics-information-technology-4312919929?position=18&pageNum=0&refId=0xgTaKPDMi1GPoRIbhb1qA%3D%3D&trackingId=Y%2F6l4HD2%2BCo7%2BN37zuJmAA%3D%3D,Not specified,2025-10-10 18:00:06.568799,2025-10-10,,de.linkedin.com/jobs/view/cloud-data-engineer-at-general-dynamics-information-technology-4312919929
Senior Consultant Data Lake & Analytics Solutions (m/f/d),Fresenius Group,Bad Homburg vor der Höhe,LinkedIn,https://de.linkedin.com/jobs/view/senior-consultant-data-lake-analytics-solutions-m-f-d-at-fresenius-group-4312807836?position=33&pageNum=0&refId=0xgTaKPDMi1GPoRIbhb1qA%3D%3D&trackingId=Dzp6eiuRcr%2FmvgYEekuGtA%3D%3D,Not specified,2025-10-10 18:00:06.570302,2025-10-10,,de.linkedin.com/jobs/view/senior-consultant-data-lake-analytics-solutions-m-f-d-at-fresenius-group-4312807836
Senior Data Scientist – Schwerpunkt KI (m/w/d),areto group,Köln,LinkedIn,https://de.linkedin.com/jobs/view/senior-data-scientist-%E2%80%93-schwerpunkt-ki-m-w-d-at-areto-group-4310710947?position=2&pageNum=0&refId=mahKVf8mRZ%2FGiilvzc2ySg%3D%3D&trackingId=9ZL2J1gHrHf2mB5kaoaJvA%3D%3D,Not specified,2025-10-10 18:00:09.435098,2025-10-10,,de.linkedin.com/jobs/view/senior-data-scientist-%E2%80%93-schwerpunkt-ki-m-w-d-at-areto-group-4310710947
Senior Data Scientist - GPTN Region,Canva,Düsseldorf,LinkedIn,https://de.linkedin.com/jobs/view/senior-data-scientist-gptn-region-at-canva-4313225207?position=4&pageNum=0&refId=mahKVf8mRZ%2FGiilvzc2ySg%3D%3D&trackingId=nJ1lqeX4XYdBUdLRt6L2Ng%3D%3D,Not specified,2025-10-10 18:00:09.435382,2025-10-10,,de.linkedin.com/jobs/view/senior-data-scientist-gptn-region-at-canva-4313225207
Senior Data Scientist (gn) Internationales Team,"Control€xpert (Thailand) Co., Ltd.",Düsseldorf,LinkedIn,https://de.linkedin.com/jobs/view/senior-data-scientist-gn-internationales-team-at-control%E2%82%ACxpert-thailand-co-ltd-4312748534?position=5&pageNum=0&refId=mahKVf8mRZ%2FGiilvzc2ySg%3D%3D&trackingId=JQu6YWv9afBOFQAVilA4xQ%3D%3D,Not specified,2025-10-10 18:00:09.435521,2025-10-09,,de.linkedin.com/jobs/view/senior-data-scientist-gn-internationales-team-at-control%E2%82%ACxpert-thailand-co-ltd-4312748534
Senior Data Scientist MLOps,Instaffo,Düsseldorf,LinkedIn,https://de.linkedin.com/jobs/view/senior-data-scientist-mlops-at-instaffo-4310226792?position=6&pageNum=0&refId=mahKVf8mRZ%2FGiilvzc2ySg%3D%3D&trackingId=DEZsk9CcNVwUGy2%2BZNZRcw%3D%3D,Not specified,2025-10-10 18:00:09.435661,2025-10-09,,de.linkedin.com/jobs/view/senior-data-scientist-mlops-at-instaffo-4310226792
Data Analyst (all genders),Fruchthansa GmbH,Wesseling,LinkedIn,https://de.linkedin.com/jobs/view/data-analyst-all-genders-at-fruchthansa-gmbh-4310710196?position=10&pageNum=0&refId=mahKVf8mRZ%2FGiilvzc2ySg%3D%3D&trackingId=Bphos9B%2Frtnitw4qhXfXBw%3D%3D,Not specified,2025-10-10 18:00:09.436208,2025-10-10,,de.linkedin.com/jobs/view/data-analyst-all-genders-at-fruchthansa-gmbh-4310710196
Senior Machine Learning / AI Engineer (all genders),adesso SE,Düsseldorf,LinkedIn,https://de.linkedin.com/jobs/view/senior-machine-learning-ai-engineer-all-genders-at-adesso-se-3733041251?position=11&pageNum=0&refId=mahKVf8mRZ%2FGiilvzc2ySg%3D%3D&trackingId=D8l%2FOrzyH6mT5u7FXkLQww%3D%3D,Not specified,2025-10-10 18:00:09.436344,2025-10-10,,de.linkedin.com/jobs/view/senior-machine-learning-ai-engineer-all-genders-at-adesso-se-3733041251
"Staff Machine Learning Engineer (India based, relocation provided)",Agoda,Köln,LinkedIn,https://de.linkedin.com/jobs/view/staff-machine-learning-engineer-india-based-relocation-provided-at-agoda-4302801368?position=14&pageNum=0&refId=mahKVf8mRZ%2FGiilvzc2ySg%3D%3D&trackingId=o5hhWdZaXUFt6iz5T6ZUlA%3D%3D,Not specified,2025-10-10 18:00:09.436750,2025-10-10,,de.linkedin.com/jobs/view/staff-machine-learning-engineer-india-based-relocation-provided-at-agoda-4302801368
Enterprise Architect Manufacturing (m/w/d) – Merkle DACH,Merkle,Düsseldorf,LinkedIn,https://de.linkedin.com/jobs/view/enterprise-architect-manufacturing-m-w-d-%E2%80%93-merkle-dach-at-merkle-4227349416?position=34&pageNum=0&refId=mahKVf8mRZ%2FGiilvzc2ySg%3D%3D&trackingId=U8xczw87kQdSWCpNgMae3w%3D%3D,Not specified,2025-10-10 18:00:09.439467,2025-10-10,,de.linkedin.com/jobs/view/enterprise-architect-manufacturing-m-w-d-%E2%80%93-merkle-dach-at-merkle-4227349416
Machine Learning Research Engineer,SandboxAQ,"Schwyz, Schweiz",LinkedIn,https://ch.linkedin.com/jobs/view/machine-learning-research-engineer-at-sandboxaq-4312172869?position=2&pageNum=0&refId=G6%2BcYNNF1pDs3pmXQmx6sQ%3D%3D&trackingId=rG%2BZeUU%2F4yI5RmK8NQsjcg%3D%3D,Not specified,2025-10-10 18:00:17.703444,2025-10-09,,ch.linkedin.com/jobs/view/machine-learning-research-engineer-at-sandboxaq-4312172869
Data & AI Consultant,Swisscom,"Zürich, Zürich, Schweiz",LinkedIn,https://ch.linkedin.com/jobs/view/data-ai-consultant-at-swisscom-4312747257?position=3&pageNum=0&refId=G6%2BcYNNF1pDs3pmXQmx6sQ%3D%3D&trackingId=NzKNawSFLuRk5EJXybVdmA%3D%3D,Not specified,2025-10-10 18:00:17.703588,2025-10-09,,ch.linkedin.com/jobs/view/data-ai-consultant-at-swisscom-4312747257
"Staff Machine Learning Engineer (India based, relocation provided)",Agoda,"Zürich, Zürich, Schweiz",LinkedIn,https://ch.linkedin.com/jobs/view/staff-machine-learning-engineer-india-based-relocation-provided-at-agoda-4302808013?position=10&pageNum=0&refId=G6%2BcYNNF1pDs3pmXQmx6sQ%3D%3D&trackingId=Y0W%2BCWlQbAhliSn3Jyg5mQ%3D%3D,Not specified,2025-10-10 18:00:17.704530,2025-10-10,,ch.linkedin.com/jobs/view/staff-machine-learning-engineer-india-based-relocation-provided-at-agoda-4302808013
Senior C++ Engineer  - Hardware/ Low-Latency Trading Systems (HFT),Selby Jennings,"Zürich, Zürich, Schweiz",LinkedIn,https://ch.linkedin.com/jobs/view/senior-c%2B%2B-engineer-hardware-low-latency-trading-systems-hft-at-selby-jennings-4313218875?position=16&pageNum=0&refId=G6%2BcYNNF1pDs3pmXQmx6sQ%3D%3D&trackingId=V4c73WY6YaMWhUhWSRFRfw%3D%3D,Not specified,2025-10-10 18:00:17.705348,2025-10-10,,ch.linkedin.com/jobs/view/senior-c%2B%2B-engineer-hardware-low-latency-trading-systems-hft-at-selby-jennings-4313218875
Software Architect Expert 80-100%,Siemens,"Zug, Zug, Schweiz",LinkedIn,https://ch.linkedin.com/jobs/view/software-architect-expert-80-100%25-at-siemens-4312141985?position=17&pageNum=0&refId=G6%2BcYNNF1pDs3pmXQmx6sQ%3D%3D&trackingId=l%2BFxMHdYlAH1dpglwdOqsQ%3D%3D,Not specified,2025-10-10 18:00:17.705483,2025-10-09,,ch.linkedin.com/jobs/view/software-architect-expert-80-100%25-at-siemens-4312141985
Kubernetes & DevSecOps Engineer,coni+partner AG,"Zürich, Zürich, Schweiz",LinkedIn,https://ch.linkedin.com/jobs/view/kubernetes-devsecops-engineer-at-coni%2Bpartner-ag-4310277747?position=21&pageNum=0&refId=G6%2BcYNNF1pDs3pmXQmx6sQ%3D%3D&trackingId=NORaVSSDmqQODJqynJXKbg%3D%3D,Not specified,2025-10-10 18:00:17.706026,2025-10-10,,ch.linkedin.com/jobs/view/kubernetes-devsecops-engineer-at-coni%2Bpartner-ag-4310277747
Supply Chain Performance Management Data & Digital Lead,Takeda,"Zürich, Zürich, Schweiz",LinkedIn,https://ch.linkedin.com/jobs/view/supply-chain-performance-management-data-digital-lead-at-takeda-4312619954?position=22&pageNum=0&refId=G6%2BcYNNF1pDs3pmXQmx6sQ%3D%3D&trackingId=djlvPjr4fkLVD7FuOnUGSg%3D%3D,Not specified,2025-10-10 18:00:17.706162,2025-10-10,,ch.linkedin.com/jobs/view/supply-chain-performance-management-data-digital-lead-at-takeda-4312619954
BAS Systems Administrator (100%),Celerion,"Fehraltorf, Zürich, Schweiz",LinkedIn,https://ch.linkedin.com/jobs/view/bas-systems-administrator-100%25-at-celerion-4292577025?position=27&pageNum=0&refId=G6%2BcYNNF1pDs3pmXQmx6sQ%3D%3D&trackingId=TuJBF9%2FhhG0gl56t7W6lXw%3D%3D,Not specified,2025-10-10 18:00:17.706842,2025-10-10,,ch.linkedin.com/jobs/view/bas-systems-administrator-100%25-at-celerion-4292577025
Data Science Consultant - Data & AI (f/m/d),E.ON Digital Technology,Essen,LinkedIn,https://de.linkedin.com/jobs/view/data-science-consultant-data-ai-f-m-d-at-e-on-digital-technology-4309991950?position=3&pageNum=0&refId=E%2FC9HI4MQnve4TlAB6PA%2Bg%3D%3D&trackingId=vDSJHniQjI7eh0zt3sXVSg%3D%3D,Not specified,2025-10-10 18:00:20.699741,2025-10-09,,de.linkedin.com/jobs/view/data-science-consultant-data-ai-f-m-d-at-e-on-digital-technology-4309991950
Senior Machine Learning / AI Engineer (all genders),adesso SE,Essen,LinkedIn,https://de.linkedin.com/jobs/view/senior-machine-learning-ai-engineer-all-genders-at-adesso-se-3733038770?position=12&pageNum=0&refId=E%2FC9HI4MQnve4TlAB6PA%2Bg%3D%3D&trackingId=6oGkY4cuvecnAT4tQ4KX0g%3D%3D,Not specified,2025-10-10 18:00:20.700856,2025-10-10,,de.linkedin.com/jobs/view/senior-machine-learning-ai-engineer-all-genders-at-adesso-se-3733038770
(Senior) Data Engineer - Data & AI (f/m/d),E.ON Digital Technology,Essen,LinkedIn,https://de.linkedin.com/jobs/view/senior-data-engineer-data-ai-f-m-d-at-e-on-digital-technology-4301010648?position=16&pageNum=0&refId=E%2FC9HI4MQnve4TlAB6PA%2Bg%3D%3D&trackingId=cxvTN1%2B7Z7ofFKwER2ydRg%3D%3D,Not specified,2025-10-10 18:00:20.701353,2025-10-10,,de.linkedin.com/jobs/view/senior-data-engineer-data-ai-f-m-d-at-e-on-digital-technology-4301010648
Senior Data Engineer (f/m/d) - Data & AI,E.ON Digital Technology,Essen,LinkedIn,https://de.linkedin.com/jobs/view/senior-data-engineer-f-m-d-data-ai-at-e-on-digital-technology-4301018549?position=18&pageNum=0&refId=E%2FC9HI4MQnve4TlAB6PA%2Bg%3D%3D&trackingId=HwKIZPCslAnVYYxh7R7PdA%3D%3D,Not specified,2025-10-10 18:00:20.701604,2025-10-10,,de.linkedin.com/jobs/view/senior-data-engineer-f-m-d-data-ai-at-e-on-digital-technology-4301018549
Strategische/r Asset ManagerIn (m/w/d) – Wasserwirtschaft,Ruhrverband,Essen,LinkedIn,https://de.linkedin.com/jobs/view/strategische-r-asset-managerin-m-w-d-%E2%80%93-wasserwirtschaft-at-ruhrverband-4310285345?position=22&pageNum=0&refId=E%2FC9HI4MQnve4TlAB6PA%2Bg%3D%3D&trackingId=H5QHYpimtybYYDyqWYpTdg%3D%3D,Not specified,2025-10-10 18:00:20.702095,2025-10-10,,de.linkedin.com/jobs/view/strategische-r-asset-managerin-m-w-d-%E2%80%93-wasserwirtschaft-at-ruhrverband-4310285345
Software Architect Azure AI (all genders),adesso SE,Essen,LinkedIn,https://de.linkedin.com/jobs/view/software-architect-azure-ai-all-genders-at-adesso-se-4312161487?position=38&pageNum=0&refId=E%2FC9HI4MQnve4TlAB6PA%2Bg%3D%3D&trackingId=QU4Fem9fWK%2BZfHaTJImzsQ%3D%3D,Not specified,2025-10-10 18:00:20.704094,2025-10-09,,de.linkedin.com/jobs/view/software-architect-azure-ai-all-genders-at-adesso-se-4312161487
Data Scientist,YouGov,Nürnberg,LinkedIn,https://de.linkedin.com/jobs/view/data-scientist-at-yougov-4313251127?position=1&pageNum=0&refId=xV3LEUEJ13SA0ig%2FVq9raA%3D%3D&trackingId=y1CcFTcXp02fDh%2FnqrsRsg%3D%3D,Not specified,2025-10-10 18:00:26.197182,2025-10-10,,de.linkedin.com/jobs/view/data-scientist-at-yougov-4313251127
Data Scientist (m/w/d/pixelhead) für unsere Tochterfirma RE-IN,Conrad Electronic Group,Metropolregion Nürnberg,LinkedIn,https://de.linkedin.com/jobs/view/data-scientist-m-w-d-pixelhead-f%C3%BCr-unsere-tochterfirma-re-in-at-conrad-electronic-group-4288008169?position=2&pageNum=0&refId=xV3LEUEJ13SA0ig%2FVq9raA%3D%3D&trackingId=aCwqRqgnTNMHSFjUE8Ffaw%3D%3D,Not specified,2025-10-10 18:00:26.197352,2025-10-10,,de.linkedin.com/jobs/view/data-scientist-m-w-d-pixelhead-f%C3%BCr-unsere-tochterfirma-re-in-at-conrad-electronic-group-4288008169
Data Architect (f/m/d) Sustainability Business Consulting,Siemens,Erlangen,LinkedIn,https://de.linkedin.com/jobs/view/data-architect-f-m-d-sustainability-business-consulting-at-siemens-4312157901?position=6&pageNum=0&refId=FBh7BvBIlDBAup0OyJdQUw%3D%3D&trackingId=acqUULb%2FvGant7SrV6te3w%3D%3D,Not specified,2025-10-10 18:00:31.754795,2025-10-09,,de.linkedin.com/jobs/view/data-architect-f-m-d-sustainability-business-consulting-at-siemens-4312157901
(Senior) Data Engineer - Data & AI (f/m/d),E.ON Digital Technology,Hannover,LinkedIn,https://de.linkedin.com/jobs/view/senior-data-engineer-data-ai-f-m-d-at-e-on-digital-technology-4301011651?position=2&pageNum=0&refId=RNgLPLrXxcHl%2Fx486aqEXg%3D%3D&trackingId=voRwXixygyb40CU0yvGnDw%3D%3D,Not specified,2025-10-10 18:00:34.824217,2025-10-10,,de.linkedin.com/jobs/view/senior-data-engineer-data-ai-f-m-d-at-e-on-digital-technology-4301011651
Senior Data Engineer (f/m/d) - Data & AI,E.ON Digital Technology,Hannover,LinkedIn,https://de.linkedin.com/jobs/view/senior-data-engineer-f-m-d-data-ai-at-e-on-digital-technology-4301031330?position=3&pageNum=0&refId=RNgLPLrXxcHl%2Fx486aqEXg%3D%3D&trackingId=cBUDrnSp3RnM4HvAAAe4Rg%3D%3D,Not specified,2025-10-10 18:00:34.824395,2025-10-10,,de.linkedin.com/jobs/view/senior-data-engineer-f-m-d-data-ai-at-e-on-digital-technology-4301031330
Business Analyst (m/w/d) IT-Systeme Versicherung,Württembergische Versicherung,Kornwestheim,LinkedIn,https://de.linkedin.com/jobs/view/business-analyst-m-w-d-it-systeme-versicherung-at-w%C3%BCrttembergische-versicherung-4310290113?position=3&pageNum=0&refId=0lqjOd5Z%2BAoTjy86CWOB0A%3D%3D&trackingId=JT93Gt4QnlPLw4qQ%2FntRbA%3D%3D,Not specified,2025-10-10 18:00:37.780880,2025-10-10,,de.linkedin.com/jobs/view/business-analyst-m-w-d-it-systeme-versicherung-at-w%C3%BCrttembergische-versicherung-4310290113
Cloud Data Engineer (m/w/d)*,XL2 by Audi & Capgemini,"Baden-Württemberg, Deutschland",LinkedIn,https://de.linkedin.com/jobs/view/cloud-data-engineer-m-w-d-at-xl2-by-audi-capgemini-4312809473?position=5&pageNum=0&refId=0lqjOd5Z%2BAoTjy86CWOB0A%3D%3D&trackingId=htWOwkAMCpIjqwL2LExLsQ%3D%3D,Not specified,2025-10-10 18:00:37.781136,2025-10-10,,de.linkedin.com/jobs/view/cloud-data-engineer-m-w-d-at-xl2-by-audi-capgemini-4312809473
AMG Steinbeis Studenten Digitalisierung Gesamtfahrzeugkonstruktion & Baubarkeit ab März 2026 (m/w/d),Mercedes-AMG GmbH,Stuttgart,LinkedIn,https://de.linkedin.com/jobs/view/amg-steinbeis-studenten-digitalisierung-gesamtfahrzeugkonstruktion-baubarkeit-ab-m%C3%A4rz-2026-m-w-d-at-mercedes-amg-gmbh-4313236708?position=6&pageNum=0&refId=0lqjOd5Z%2BAoTjy86CWOB0A%3D%3D&trackingId=9Aq%2FTiY8rvdikq9VrLRslw%3D%3D,Not specified,2025-10-10 18:00:37.781265,2025-10-10,,de.linkedin.com/jobs/view/amg-steinbeis-studenten-digitalisierung-gesamtfahrzeugkonstruktion-baubarkeit-ab-m%C3%A4rz-2026-m-w-d-at-mercedes-amg-gmbh-4313236708
Naturwissenschaftler (m/w/d),Eurofins,Tübingen,LinkedIn,https://de.linkedin.com/jobs/view/naturwissenschaftler-m-w-d-at-eurofins-4312978661?position=9&pageNum=0&refId=0lqjOd5Z%2BAoTjy86CWOB0A%3D%3D&trackingId=ZT1IhDAzwXlwMH3xHUGUuw%3D%3D,Not specified,2025-10-10 18:00:37.781639,2025-10-10,,de.linkedin.com/jobs/view/naturwissenschaftler-m-w-d-at-eurofins-4312978661
Calibration Engineer,ARTO,"Baden-Württemberg, Deutschland",LinkedIn,https://de.linkedin.com/jobs/view/calibration-engineer-at-arto-4310289772?position=11&pageNum=0&refId=0lqjOd5Z%2BAoTjy86CWOB0A%3D%3D&trackingId=9lbdYF0coBmVOFVubhvQUw%3D%3D,Not specified,2025-10-10 18:00:37.781896,2025-10-10,,de.linkedin.com/jobs/view/calibration-engineer-at-arto-4310289772
Commercial Finance Business Partner (m/f/d),Bruker BioSpin,"Baden-Württemberg, Deutschland",LinkedIn,https://de.linkedin.com/jobs/view/commercial-finance-business-partner-m-f-d-at-bruker-biospin-4289838234?position=15&pageNum=0&refId=0lqjOd5Z%2BAoTjy86CWOB0A%3D%3D&trackingId=vHN2cbnOxSxTF8kRZYHoCA%3D%3D,Not specified,2025-10-10 18:00:37.782394,2025-10-10,,de.linkedin.com/jobs/view/commercial-finance-business-partner-m-f-d-at-bruker-biospin-4289838234
Forschungskoordinator:in (m/w/d) ARENA2036 Management - Vollzeitstelle,ARENA2036,Stuttgart,LinkedIn,https://de.linkedin.com/jobs/view/forschungskoordinator-in-m-w-d-arena2036-management-vollzeitstelle-at-arena2036-4313206052?position=17&pageNum=0&refId=0lqjOd5Z%2BAoTjy86CWOB0A%3D%3D&trackingId=FJ%2BZBG3cqvn5fpPCxUpyOg%3D%3D,Not specified,2025-10-10 18:00:37.782648,2025-10-10,,de.linkedin.com/jobs/view/forschungskoordinator-in-m-w-d-arena2036-management-vollzeitstelle-at-arena2036-4313206052
Business Analyst Workflowmanagementsystem (all genders) 1,adesso insurance solutions GmbH,Stuttgart,LinkedIn,https://de.linkedin.com/jobs/view/business-analyst-workflowmanagementsystem-all-genders-1-at-adesso-insurance-solutions-gmbh-4267694966?position=18&pageNum=0&refId=0lqjOd5Z%2BAoTjy86CWOB0A%3D%3D&trackingId=5xBQRM3l9XrdKtpOQO1JwA%3D%3D,Not specified,2025-10-10 18:00:37.782773,2025-10-10,,de.linkedin.com/jobs/view/business-analyst-workflowmanagementsystem-all-genders-1-at-adesso-insurance-solutions-gmbh-4267694966
Strategische/r Unternehmensberater/in (m/w/d),Klemens Leipe Unternehmensberatung GmbH,Stuttgart,LinkedIn,https://de.linkedin.com/jobs/view/strategische-r-unternehmensberater-in-m-w-d-at-klemens-leipe-unternehmensberatung-gmbh-4310284332?position=23&pageNum=0&refId=0lqjOd5Z%2BAoTjy86CWOB0A%3D%3D&trackingId=oDwwheJKTjCJIrmf3QVW7A%3D%3D,Not specified,2025-10-10 18:00:37.783394,2025-10-10,,de.linkedin.com/jobs/view/strategische-r-unternehmensberater-in-m-w-d-at-klemens-leipe-unternehmensberatung-gmbh-4310284332
Junior Vertriebsmitarbeiter (m/w/d) für Neukundenakquise,SCREENS • Infotainment Benchmarking and Trends,Stuttgart,LinkedIn,https://de.linkedin.com/jobs/view/junior-vertriebsmitarbeiter-m-w-d-f%C3%BCr-neukundenakquise-at-screens-%E2%80%A2-infotainment-benchmarking-and-trends-4312060975?position=28&pageNum=0&refId=0lqjOd5Z%2BAoTjy86CWOB0A%3D%3D&trackingId=u6BiLURVMZH7wFRZKigPTg%3D%3D,Not specified,2025-10-10 18:00:37.784024,2025-10-10,,de.linkedin.com/jobs/view/junior-vertriebsmitarbeiter-m-w-d-f%C3%BCr-neukundenakquise-at-screens-%E2%80%A2-infotainment-benchmarking-and-trends-4312060975
Junior Vertriebsmitarbeiter (m/w/d) für Neukundenakquise,SCREENS • Infotainment Benchmarking and Trends,Stuttgart,LinkedIn,https://de.linkedin.com/jobs/view/junior-vertriebsmitarbeiter-m-w-d-f%C3%BCr-neukundenakquise-at-screens-%E2%80%A2-infotainment-benchmarking-and-trends-4312097282?position=31&pageNum=0&refId=0lqjOd5Z%2BAoTjy86CWOB0A%3D%3D&trackingId=xJppchcMzP4MGzTBilbIbw%3D%3D,Not specified,2025-10-10 18:00:37.784404,2025-10-10,,de.linkedin.com/jobs/view/junior-vertriebsmitarbeiter-m-w-d-f%C3%BCr-neukundenakquise-at-screens-%E2%80%A2-infotainment-benchmarking-and-trends-4312097282
Testingenieur (all gender),ALTEN,Bietigheim-Bissingen,LinkedIn,https://de.linkedin.com/jobs/view/testingenieur-all-gender-at-alten-4290717577?position=33&pageNum=0&refId=0lqjOd5Z%2BAoTjy86CWOB0A%3D%3D&trackingId=kv6EvV0F1Wz6Tcg2tKNWPg%3D%3D,Not specified,2025-10-10 18:00:37.784639,2025-10-10,,de.linkedin.com/jobs/view/testingenieur-all-gender-at-alten-4290717577
Managing Consultant - Digital Workplace (m/f/x),Kyndryl,Region Stuttgart,LinkedIn,https://de.linkedin.com/jobs/view/managing-consultant-digital-workplace-m-f-x-at-kyndryl-4312624775?position=38&pageNum=0&refId=0lqjOd5Z%2BAoTjy86CWOB0A%3D%3D&trackingId=uLK%2BkWbX8b%2FV9%2BwmCGL6xQ%3D%3D,Not specified,2025-10-10 18:00:37.785232,2025-10-10,,de.linkedin.com/jobs/view/managing-consultant-digital-workplace-m-f-x-at-kyndryl-4312624775
Chemikant / Chemiefacharbeiter / Chemielaborant oder Quereinsteiger (m/w/d),Jentner Group Leading in Surface,Pforzheim,LinkedIn,https://de.linkedin.com/jobs/view/chemikant-chemiefacharbeiter-chemielaborant-oder-quereinsteiger-m-w-d-at-jentner-group-leading-in-surface-4309998897?position=55&pageNum=0&refId=0lqjOd5Z%2BAoTjy86CWOB0A%3D%3D&trackingId=nIgpAnmQ3TNbHEjc%2FlGO%2FQ%3D%3D,Not specified,2025-10-10 18:00:37.787212,2025-10-09,,de.linkedin.com/jobs/view/chemikant-chemiefacharbeiter-chemielaborant-oder-quereinsteiger-m-w-d-at-jentner-group-leading-in-surface-4309998897
WDVS Spezialist (m/w/d),Heinrich Schmid,Stuttgart,LinkedIn,https://de.linkedin.com/jobs/view/wdvs-spezialist-m-w-d-at-heinrich-schmid-4312999274?position=56&pageNum=0&refId=0lqjOd5Z%2BAoTjy86CWOB0A%3D%3D&trackingId=69id0UQLJS%2FkXN7tle1mFg%3D%3D,Not specified,2025-10-10 18:00:37.787327,2025-10-10,,de.linkedin.com/jobs/view/wdvs-spezialist-m-w-d-at-heinrich-schmid-4312999274
Imaging Associate,Wolt,Berlin,LinkedIn,https://de.linkedin.com/jobs/view/imaging-associate-at-wolt-4312820818?position=18&pageNum=0&refId=L2FSa60hWmX2wi4g3gpzpw%3D%3D&trackingId=8pLCIaisKybWI5en6jR33g%3D%3D,Not specified,2025-10-10 18:00:40.791272,2025-10-10,,de.linkedin.com/jobs/view/imaging-associate-at-wolt-4312820818
Imaging Associate,Wolt,Berlin,LinkedIn,https://de.linkedin.com/jobs/view/imaging-associate-at-wolt-4312818908?position=19&pageNum=0&refId=L2FSa60hWmX2wi4g3gpzpw%3D%3D&trackingId=hZP1w5m67VrJz%2BEazsVApg%3D%3D,Not specified,2025-10-10 18:00:40.791396,2025-10-10,,de.linkedin.com/jobs/view/imaging-associate-at-wolt-4312818908
AI Engineer - Agentic Systems (m/f/d),Acto,"Berlin, Deutschland",LinkedIn,https://de.linkedin.com/jobs/view/ai-engineer-agentic-systems-m-f-d-at-acto-4299217594?position=21&pageNum=0&refId=L2FSa60hWmX2wi4g3gpzpw%3D%3D&trackingId=pU42C5m4LbaV3CrXHWn8AQ%3D%3D,Not specified,2025-10-10 18:00:40.791635,2025-10-10,,de.linkedin.com/jobs/view/ai-engineer-agentic-systems-m-f-d-at-acto-4299217594
Prozessingenieur (m/w/d),ORAFOL,Oranienburg,LinkedIn,https://de.linkedin.com/jobs/view/prozessingenieur-m-w-d-at-orafol-4313217146?position=25&pageNum=0&refId=L2FSa60hWmX2wi4g3gpzpw%3D%3D&trackingId=%2FDEBrXPQSgo9rFbZ0jwMJw%3D%3D,Not specified,2025-10-10 18:00:40.792123,2025-10-10,,de.linkedin.com/jobs/view/prozessingenieur-m-w-d-at-orafol-4313217146
Growth Associate (m/f/d),A11,Berlin,LinkedIn,https://de.linkedin.com/jobs/view/growth-associate-m-f-d-at-a11-4283428856?position=26&pageNum=0&refId=L2FSa60hWmX2wi4g3gpzpw%3D%3D&trackingId=%2B7VrYTvQsMLVwuyeE6UHFw%3D%3D,Not specified,2025-10-10 18:00:40.792242,2025-10-10,,de.linkedin.com/jobs/view/growth-associate-m-f-d-at-a11-4283428856
AI Engineer,Libra,"Berlin, Deutschland",LinkedIn,https://de.linkedin.com/jobs/view/ai-engineer-at-libra-4312963663?position=27&pageNum=0&refId=L2FSa60hWmX2wi4g3gpzpw%3D%3D&trackingId=X%2F6cSiTG9XerbxNDWIe81Q%3D%3D,Not specified,2025-10-10 18:00:40.792362,2025-10-10,,de.linkedin.com/jobs/view/ai-engineer-at-libra-4312963663
Data Engineer (w/m/d) Fertigungs- und Produktionsprozesse,Siemens,Berlin,LinkedIn,https://de.linkedin.com/jobs/view/data-engineer-w-m-d-fertigungs-und-produktionsprozesse-at-siemens-4312645571?position=28&pageNum=0&refId=L2FSa60hWmX2wi4g3gpzpw%3D%3D&trackingId=B7MNRhIysPwgg%2FLkLvJBgg%3D%3D,Not specified,2025-10-10 18:00:40.792481,2025-10-10,,de.linkedin.com/jobs/view/data-engineer-w-m-d-fertigungs-und-produktionsprozesse-at-siemens-4312645571
IT Business Analyst (w/m/d),Capgemini,Berlin,LinkedIn,https://de.linkedin.com/jobs/view/it-business-analyst-w-m-d-at-capgemini-4313232645?position=36&pageNum=0&refId=L2FSa60hWmX2wi4g3gpzpw%3D%3D&trackingId=4aAIfHTHtFyvTguS90Bm%2Bg%3D%3D,Not specified,2025-10-10 18:00:40.793464,2025-10-10,,de.linkedin.com/jobs/view/it-business-analyst-w-m-d-at-capgemini-4313232645
(Senior) Data Engineer – Databricks (m/w/d),areto group,Berlin,LinkedIn,https://de.linkedin.com/jobs/view/senior-data-engineer-%E2%80%93-databricks-m-w-d-at-areto-group-4310720745?position=41&pageNum=0&refId=L2FSa60hWmX2wi4g3gpzpw%3D%3D&trackingId=Nwzgpn%2FL0I%2BkKgRT2yiLPw%3D%3D,Not specified,2025-10-10 18:00:40.794079,2025-10-10,,de.linkedin.com/jobs/view/senior-data-engineer-%E2%80%93-databricks-m-w-d-at-areto-group-4310720745
Finance Analyst (m/w/d),Netto Germany,Berlin,LinkedIn,https://de.linkedin.com/jobs/view/finance-analyst-m-w-d-at-netto-germany-4312815344?position=42&pageNum=0&refId=L2FSa60hWmX2wi4g3gpzpw%3D%3D&trackingId=5Ifa3J9N%2FYeiydz1fCTsxA%3D%3D,Not specified,2025-10-10 18:00:40.794195,2025-10-10,,de.linkedin.com/jobs/view/finance-analyst-m-w-d-at-netto-germany-4312815344
Computational Scientist (alle Geschlechter) - Advanced Cheminformatics,Bayer,Berlin,LinkedIn,https://de.linkedin.com/jobs/view/computational-scientist-alle-geschlechter-advanced-cheminformatics-at-bayer-4313240646?position=50&pageNum=0&refId=L2FSa60hWmX2wi4g3gpzpw%3D%3D&trackingId=db%2F44XoyTcUZaDW8QnPtrw%3D%3D,Not specified,2025-10-10 18:00:40.795109,2025-10-10,,de.linkedin.com/jobs/view/computational-scientist-alle-geschlechter-advanced-cheminformatics-at-bayer-4313240646
Business Analyst (m/w/d),MediaMarkt Business BE,Dietzenbach,LinkedIn,https://de.linkedin.com/jobs/view/business-analyst-m-w-d-at-mediamarkt-business-be-4312941981?position=1&pageNum=0&refId=rGIr%2FCJdyyPjhsG9K58ufg%3D%3D&trackingId=phArZZucTvT8dVGasaK1tw%3D%3D,Not specified,2025-10-10 18:00:43.903589,2025-10-10,,de.linkedin.com/jobs/view/business-analyst-m-w-d-at-mediamarkt-business-be-4312941981
Senior Consultant Group Strategy (m/f/d),Lufthansa,Frankfurt am Main,LinkedIn,https://de.linkedin.com/jobs/view/senior-consultant-group-strategy-m-f-d-at-lufthansa-4310700853?position=2&pageNum=0&refId=rGIr%2FCJdyyPjhsG9K58ufg%3D%3D&trackingId=bqEokTFPWTfhNydlhLbyag%3D%3D,Not specified,2025-10-10 18:00:43.903751,2025-10-10,,de.linkedin.com/jobs/view/senior-consultant-group-strategy-m-f-d-at-lufthansa-4310700853
M&A Analyst (m/w/d),Robert Walters,Frankfurt am Main,LinkedIn,https://de.linkedin.com/jobs/view/m-a-analyst-m-w-d-at-robert-walters-4312178777?position=4&pageNum=0&refId=rGIr%2FCJdyyPjhsG9K58ufg%3D%3D&trackingId=VpDGiz6do9uN8JKHFqU1Og%3D%3D,Not specified,2025-10-10 18:00:43.904017,2025-10-09,,de.linkedin.com/jobs/view/m-a-analyst-m-w-d-at-robert-walters-4312178777
Business Analyst (m/w/d),MediaMarktSaturn Business,Dietzenbach,LinkedIn,https://de.linkedin.com/jobs/view/business-analyst-m-w-d-at-mediamarktsaturn-business-4312945889?position=5&pageNum=0&refId=rGIr%2FCJdyyPjhsG9K58ufg%3D%3D&trackingId=oQQ0UQx%2FIivlNRXGQIsq5w%3D%3D,Not specified,2025-10-10 18:00:43.904144,2025-10-10,,de.linkedin.com/jobs/view/business-analyst-m-w-d-at-mediamarktsaturn-business-4312945889
"Associate, Global Consultant Relations",BlackRock,Frankfurt am Main,LinkedIn,https://de.linkedin.com/jobs/view/associate-global-consultant-relations-at-blackrock-4302544650?position=6&pageNum=0&refId=rGIr%2FCJdyyPjhsG9K58ufg%3D%3D&trackingId=Izh95bXsKrF3wkL4kzylHw%3D%3D,Not specified,2025-10-10 18:00:43.904267,2025-10-10,,de.linkedin.com/jobs/view/associate-global-consultant-relations-at-blackrock-4302544650
Planning Specialist,BYD EUROPE,Frankfurt,LinkedIn,https://de.linkedin.com/jobs/view/planning-specialist-at-byd-europe-4312609690?position=7&pageNum=0&refId=rGIr%2FCJdyyPjhsG9K58ufg%3D%3D&trackingId=1NI%2BgWsCNgtpmtxAaETczg%3D%3D,Not specified,2025-10-10 18:00:43.904387,2025-10-10,,de.linkedin.com/jobs/view/planning-specialist-at-byd-europe-4312609690
Investment Banking Sr Analyst - C11 - FRANKFURT,Citi,Frankfurt am Main,LinkedIn,https://de.linkedin.com/jobs/view/investment-banking-sr-analyst-c11-frankfurt-at-citi-4280875376?position=9&pageNum=0&refId=rGIr%2FCJdyyPjhsG9K58ufg%3D%3D&trackingId=ueloUdvPffB50AFMjEh3Gw%3D%3D,Not specified,2025-10-10 18:00:43.904628,2025-10-10,,de.linkedin.com/jobs/view/investment-banking-sr-analyst-c11-frankfurt-at-citi-4280875376
"DACH Investment Banking Analyst, Associate & VP",Metis Search,Frankfurt/Rhein-Main,LinkedIn,https://de.linkedin.com/jobs/view/dach-investment-banking-analyst-associate-vp-at-metis-search-4266965004?position=11&pageNum=0&refId=rGIr%2FCJdyyPjhsG9K58ufg%3D%3D&trackingId=vc3MpBEJaRWC1Ef4ZH8GiA%3D%3D,Not specified,2025-10-10 18:00:43.904878,2025-10-10,,de.linkedin.com/jobs/view/dach-investment-banking-analyst-associate-vp-at-metis-search-4266965004
Senior Consultant Group Strategy (m/f/d),Lufthansa,Frankfurt,LinkedIn,https://de.linkedin.com/jobs/view/senior-consultant-group-strategy-m-f-d-at-lufthansa-4310705696?position=12&pageNum=0&refId=rGIr%2FCJdyyPjhsG9K58ufg%3D%3D&trackingId=zpZvL2%2By2ayXCeByh6pJaQ%3D%3D,Not specified,2025-10-10 18:00:43.905003,2025-10-10,,de.linkedin.com/jobs/view/senior-consultant-group-strategy-m-f-d-at-lufthansa-4310705696
Scientist Bioinformatics R&D,BioNTech SE,Frankfurt/Rhein-Main,LinkedIn,https://de.linkedin.com/jobs/view/scientist-bioinformatics-r-d-at-biontech-se-4312916771?position=13&pageNum=0&refId=rGIr%2FCJdyyPjhsG9K58ufg%3D%3D&trackingId=Rfm%2BpioHEcDoQFI%2BgOs4KA%3D%3D,Not specified,2025-10-10 18:00:43.905127,2025-10-10,,de.linkedin.com/jobs/view/scientist-bioinformatics-r-d-at-biontech-se-4312916771
Process Design Consultant,CONSULTYS,Frankfurt/Rhein-Main,LinkedIn,https://de.linkedin.com/jobs/view/process-design-consultant-at-consultys-4312820036?position=14&pageNum=0&refId=rGIr%2FCJdyyPjhsG9K58ufg%3D%3D&trackingId=eLSTYGwKcfV%2F%2FfEwANT39w%3D%3D,Not specified,2025-10-10 18:00:43.905252,2025-10-10,,de.linkedin.com/jobs/view/process-design-consultant-at-consultys-4312820036
Process Package Lead,CONSULTYS,Frankfurt/Rhein-Main,LinkedIn,https://de.linkedin.com/jobs/view/process-package-lead-at-consultys-4312805759?position=22&pageNum=0&refId=rGIr%2FCJdyyPjhsG9K58ufg%3D%3D&trackingId=o9UG3twuTAt%2Fpr5r2000zw%3D%3D,Not specified,2025-10-10 18:00:43.906249,2025-10-10,,de.linkedin.com/jobs/view/process-package-lead-at-consultys-4312805759
Innovation Scientist,Corden Pharma - A Full-Service CDMO,Frankfurt,LinkedIn,https://de.linkedin.com/jobs/view/innovation-scientist-at-corden-pharma-a-full-service-cdmo-4281498524?position=41&pageNum=0&refId=rGIr%2FCJdyyPjhsG9K58ufg%3D%3D&trackingId=UOvf5PeBicVdyOFXW%2ButKA%3D%3D,Not specified,2025-10-10 18:00:43.908601,2025-10-10,,de.linkedin.com/jobs/view/innovation-scientist-at-corden-pharma-a-full-service-cdmo-4281498524
Process Engineer - OLED Evaporator,Applied Materials,Alzenau,LinkedIn,https://de.linkedin.com/jobs/view/process-engineer-oled-evaporator-at-applied-materials-4291141374?position=44&pageNum=0&refId=rGIr%2FCJdyyPjhsG9K58ufg%3D%3D&trackingId=nIEQcPQpY9Qdi4Fu6avrcQ%3D%3D,Not specified,2025-10-10 18:00:43.908977,2025-10-10,,de.linkedin.com/jobs/view/process-engineer-oled-evaporator-at-applied-materials-4291141374
Cross-Hire Specialist (m/w/d),Algeco GmbH,Frankfurt,LinkedIn,https://de.linkedin.com/jobs/view/cross-hire-specialist-m-w-d-at-algeco-gmbh-4301066203?position=48&pageNum=0&refId=rGIr%2FCJdyyPjhsG9K58ufg%3D%3D&trackingId=I9bbbtUjqb1pdndtBxYZOQ%3D%3D,Not specified,2025-10-10 18:00:43.909476,2025-10-10,,de.linkedin.com/jobs/view/cross-hire-specialist-m-w-d-at-algeco-gmbh-4301066203
(Software) Performance Analyst (m/w/d),SINC GmbH,Wiesbaden,LinkedIn,https://de.linkedin.com/jobs/view/software-performance-analyst-m-w-d-at-sinc-gmbh-4102588267?position=52&pageNum=0&refId=rGIr%2FCJdyyPjhsG9K58ufg%3D%3D&trackingId=4eIsSw4oeRcdbPPFYBn4eQ%3D%3D,Not specified,2025-10-10 18:00:43.909971,2025-10-10,,de.linkedin.com/jobs/view/software-performance-analyst-m-w-d-at-sinc-gmbh-4102588267
Marketing Communications Specialist EMEA & SA (m/w/d),Chemetall,Frankfurt am Main,LinkedIn,https://de.linkedin.com/jobs/view/marketing-communications-specialist-emea-sa-m-w-d-at-chemetall-4302694244?position=56&pageNum=0&refId=rGIr%2FCJdyyPjhsG9K58ufg%3D%3D&trackingId=7Cvgaotbtpi4U0VoaKJAVA%3D%3D,Not specified,2025-10-10 18:00:43.910432,2025-10-10,,de.linkedin.com/jobs/view/marketing-communications-specialist-emea-sa-m-w-d-at-chemetall-4302694244
IT Business Analyst (m/w/d),Eurofins,Wesseling,LinkedIn,https://de.linkedin.com/jobs/view/it-business-analyst-m-w-d-at-eurofins-4312955837?position=1&pageNum=0&refId=keQ8dkLO0fRdj1DjcsTNug%3D%3D&trackingId=zTjfkuZstWLYYIW3S%2BTHQw%3D%3D,Not specified,2025-10-10 18:00:46.885016,2025-10-10,,de.linkedin.com/jobs/view/it-business-analyst-m-w-d-at-eurofins-4312955837
Business Analyst (m/w/d),vigo Krankenversicherung VVaG,Düsseldorf,LinkedIn,https://de.linkedin.com/jobs/view/business-analyst-m-w-d-at-vigo-krankenversicherung-vvag-4310294031?position=3&pageNum=0&refId=keQ8dkLO0fRdj1DjcsTNug%3D%3D&trackingId=aU91sCAoKzqbJbi7Sx4s5A%3D%3D,Not specified,2025-10-10 18:00:46.885332,2025-10-10,,de.linkedin.com/jobs/view/business-analyst-m-w-d-at-vigo-krankenversicherung-vvag-4310294031
"Report writers
Job ID : 264405",Urban Resilience Hub by UN-Habitat's CRGP,Bonn,LinkedIn,https://de.linkedin.com/jobs/view/report-writers%0Ajob-id-264405-at-urban-resilience-hub-by-un-habitat-s-crgp-4312773233?position=10&pageNum=0&refId=keQ8dkLO0fRdj1DjcsTNug%3D%3D&trackingId=BBlSPv5hKuhJ5SvJmJC8Wg%3D%3D,Not specified,2025-10-10 18:00:46.886308,2025-10-09,,de.linkedin.com/jobs/view/report-writers%0Ajob-id-264405-at-urban-resilience-hub-by-un-habitat-s-crgp-4312773233
Business Analyst Merchandising (m/f/d),C&A,Düsseldorf,LinkedIn,https://de.linkedin.com/jobs/view/business-analyst-merchandising-m-f-d-at-c-a-4292016773?position=14&pageNum=0&refId=keQ8dkLO0fRdj1DjcsTNug%3D%3D&trackingId=ZNolcwlTwB4RrmP6NrNOhQ%3D%3D,Not specified,2025-10-10 18:00:46.886854,2025-10-10,,de.linkedin.com/jobs/view/business-analyst-merchandising-m-f-d-at-c-a-4292016773
Junior Consultant (m/w/d),Empion,Düsseldorf,LinkedIn,https://de.linkedin.com/jobs/view/junior-consultant-m-w-d-at-empion-4312970205?position=20&pageNum=0&refId=keQ8dkLO0fRdj1DjcsTNug%3D%3D&trackingId=GJC3kN%2FvuY1Z9xdSLwPOyA%3D%3D,Not specified,2025-10-10 18:00:46.887678,2025-10-10,,de.linkedin.com/jobs/view/junior-consultant-m-w-d-at-empion-4312970205
Looking for IT Talents (f/m/d) - We Welcome Your Initiative,Siegwerk,Siegburg,LinkedIn,https://de.linkedin.com/jobs/view/looking-for-it-talents-f-m-d-we-welcome-your-initiative-at-siegwerk-4255737176?position=21&pageNum=0&refId=keQ8dkLO0fRdj1DjcsTNug%3D%3D&trackingId=tg%2FHkaJEgZEo0HrlvSFpPw%3D%3D,Not specified,2025-10-10 18:00:46.887813,2025-10-10,,de.linkedin.com/jobs/view/looking-for-it-talents-f-m-d-we-welcome-your-initiative-at-siegwerk-4255737176
Azure Data Engineer (m/w/d),areto group,Köln,LinkedIn,https://de.linkedin.com/jobs/view/azure-data-engineer-m-w-d-at-areto-group-4310718684?position=22&pageNum=0&refId=keQ8dkLO0fRdj1DjcsTNug%3D%3D&trackingId=BBGlwQxA73Hbg%2BtWXuAsTA%3D%3D,Not specified,2025-10-10 18:00:46.887947,2025-10-10,,de.linkedin.com/jobs/view/azure-data-engineer-m-w-d-at-areto-group-4310718684
Fraud Specialist (m/w/d),Mobilize Financial Services,Neuss,LinkedIn,https://de.linkedin.com/jobs/view/fraud-specialist-m-w-d-at-mobilize-financial-services-4310291055?position=28&pageNum=0&refId=keQ8dkLO0fRdj1DjcsTNug%3D%3D&trackingId=seeHhnq31wFIQmB8e4T%2FFA%3D%3D,Not specified,2025-10-10 18:00:46.888769,2025-10-10,,de.linkedin.com/jobs/view/fraud-specialist-m-w-d-at-mobilize-financial-services-4310291055
(Junior) Cloud Data Engineer (all genders),DYMATRIX,Region Köln/Bonn,LinkedIn,https://de.linkedin.com/jobs/view/junior-cloud-data-engineer-all-genders-at-dymatrix-4310711004?position=32&pageNum=0&refId=keQ8dkLO0fRdj1DjcsTNug%3D%3D&trackingId=61%2F2jiwBgOX1wC03h6RPqg%3D%3D,Not specified,2025-10-10 18:00:46.889310,2025-10-10,,de.linkedin.com/jobs/view/junior-cloud-data-engineer-all-genders-at-dymatrix-4310711004
Oracle Data Engineer (m/w/d),areto group,Köln,LinkedIn,https://de.linkedin.com/jobs/view/oracle-data-engineer-m-w-d-at-areto-group-4310724685?position=35&pageNum=0&refId=keQ8dkLO0fRdj1DjcsTNug%3D%3D&trackingId=h%2BsXwvHrUTe40T%2B%2F%2FG7fTA%3D%3D,Not specified,2025-10-10 18:00:46.889690,2025-10-10,,de.linkedin.com/jobs/view/oracle-data-engineer-m-w-d-at-areto-group-4310724685
Snowflake Data Engineer (m/w/d),areto group,Köln,LinkedIn,https://de.linkedin.com/jobs/view/snowflake-data-engineer-m-w-d-at-areto-group-4310713845?position=41&pageNum=0&refId=keQ8dkLO0fRdj1DjcsTNug%3D%3D&trackingId=j%2B3BEmh70BE6y3Ejt%2F7MCw%3D%3D,Not specified,2025-10-10 18:00:46.890448,2025-10-10,,de.linkedin.com/jobs/view/snowflake-data-engineer-m-w-d-at-areto-group-4310713845
(Senior) Consultant Business Transformation (m/w/d),algol consulting,Köln,LinkedIn,https://de.linkedin.com/jobs/view/senior-consultant-business-transformation-m-w-d-at-algol-consulting-4312971134?position=45&pageNum=0&refId=keQ8dkLO0fRdj1DjcsTNug%3D%3D&trackingId=T5dUzHF0gxCuWMp%2BFSqUvg%3D%3D,Not specified,2025-10-10 18:00:46.890943,2025-10-10,,de.linkedin.com/jobs/view/senior-consultant-business-transformation-m-w-d-at-algol-consulting-4312971134
Business Analyst Workflowmanagementsystem (all genders) 1,adesso insurance solutions GmbH,Köln,LinkedIn,https://de.linkedin.com/jobs/view/business-analyst-workflowmanagementsystem-all-genders-1-at-adesso-insurance-solutions-gmbh-4267694965?position=49&pageNum=0&refId=keQ8dkLO0fRdj1DjcsTNug%3D%3D&trackingId=w7ZKw7fRx%2FNq3N76aHBtTg%3D%3D,Not specified,2025-10-10 18:00:46.891442,2025-10-10,,de.linkedin.com/jobs/view/business-analyst-workflowmanagementsystem-all-genders-1-at-adesso-insurance-solutions-gmbh-4267694965
Business Analyst Workflowmanagementsystem (all genders) 1,adesso insurance solutions GmbH,Düsseldorf,LinkedIn,https://de.linkedin.com/jobs/view/business-analyst-workflowmanagementsystem-all-genders-1-at-adesso-insurance-solutions-gmbh-4267699277?position=51&pageNum=0&refId=keQ8dkLO0fRdj1DjcsTNug%3D%3D&trackingId=IeGNTbquAh7vig3Ho5hx9A%3D%3D,Not specified,2025-10-10 18:00:46.891699,2025-10-10,,de.linkedin.com/jobs/view/business-analyst-workflowmanagementsystem-all-genders-1-at-adesso-insurance-solutions-gmbh-4267699277
(Senior) Strategy Consultant - Paid Social (m/w/d),Adbaker GmbH,Köln,LinkedIn,https://de.linkedin.com/jobs/view/senior-strategy-consultant-paid-social-m-w-d-at-adbaker-gmbh-4310716693?position=52&pageNum=0&refId=keQ8dkLO0fRdj1DjcsTNug%3D%3D&trackingId=gAT1LIaWsnmwXXza48jO4g%3D%3D,Not specified,2025-10-10 18:00:46.891828,2025-10-10,,de.linkedin.com/jobs/view/senior-strategy-consultant-paid-social-m-w-d-at-adbaker-gmbh-4310716693
Senior IT Data Architect & Analyst (m/f/x) (Non-Tariff),DHL,Bonn,LinkedIn,https://de.linkedin.com/jobs/view/senior-it-data-architect-analyst-m-f-x-non-tariff-at-dhl-4312146209?position=53&pageNum=0&refId=keQ8dkLO0fRdj1DjcsTNug%3D%3D&trackingId=ZGYCFXGrMToZ%2FTmS%2BhXH2g%3D%3D,Not specified,2025-10-10 18:00:46.891956,2025-10-09,,de.linkedin.com/jobs/view/senior-it-data-architect-analyst-m-f-x-non-tariff-at-dhl-4312146209
(Senior) Consultant Business Transformation (m/w/d),algol consulting,Köln,LinkedIn,https://de.linkedin.com/jobs/view/senior-consultant-business-transformation-m-w-d-at-algol-consulting-4312959590?position=54&pageNum=0&refId=keQ8dkLO0fRdj1DjcsTNug%3D%3D&trackingId=4hSLF8cgrkT7majD7FG01w%3D%3D,Not specified,2025-10-10 18:00:46.892082,2025-10-10,,de.linkedin.com/jobs/view/senior-consultant-business-transformation-m-w-d-at-algol-consulting-4312959590
Business Analyst Workflowmanagementsystem (all genders) 1,adesso insurance solutions GmbH,Bonn,LinkedIn,https://de.linkedin.com/jobs/view/business-analyst-workflowmanagementsystem-all-genders-1-at-adesso-insurance-solutions-gmbh-4267694964?position=56&pageNum=0&refId=keQ8dkLO0fRdj1DjcsTNug%3D%3D&trackingId=2vUxaPAUni4LPWDR80720w%3D%3D,Not specified,2025-10-10 18:00:46.892340,2025-10-10,,de.linkedin.com/jobs/view/business-analyst-workflowmanagementsystem-all-genders-1-at-adesso-insurance-solutions-gmbh-4267694964
Bachelorarbeit: Marktanalyse und Businessplan,Hermann Bantleon GmbH,Ulm,LinkedIn,https://de.linkedin.com/jobs/view/bachelorarbeit-marktanalyse-und-businessplan-at-hermann-bantleon-gmbh-4313208285?position=2&pageNum=0&refId=GKPOyO7buNKvkV9XlASpyw%3D%3D&trackingId=WIrglEMMfo%2BS%2ByH2r7rUwQ%3D%3D,Not specified,2025-10-10 18:00:49.693231,2025-10-10,,de.linkedin.com/jobs/view/bachelorarbeit-marktanalyse-und-businessplan-at-hermann-bantleon-gmbh-4313208285
IT Business Solution Analyst (m/w/d),Liebherr Group,Ochsenhausen,LinkedIn,https://de.linkedin.com/jobs/view/it-business-solution-analyst-m-w-d-at-liebherr-group-4312680381?position=3&pageNum=0&refId=GKPOyO7buNKvkV9XlASpyw%3D%3D&trackingId=TuWJ6dnqIIgF5i89Y04TuA%3D%3D,Not specified,2025-10-10 18:00:49.693407,2025-10-10,,de.linkedin.com/jobs/view/it-business-solution-analyst-m-w-d-at-liebherr-group-4312680381
Projekt- oder Bachelorarbeit: Digitalisierungspotenziale,Hermann Bantleon GmbH,Ulm,LinkedIn,https://de.linkedin.com/jobs/view/projekt-oder-bachelorarbeit-digitalisierungspotenziale-at-hermann-bantleon-gmbh-4312996944?position=5&pageNum=0&refId=GKPOyO7buNKvkV9XlASpyw%3D%3D&trackingId=dQ8SDPd6dvCcP2tw%2FHxaiQ%3D%3D,Not specified,2025-10-10 18:00:49.693746,2025-10-10,,de.linkedin.com/jobs/view/projekt-oder-bachelorarbeit-digitalisierungspotenziale-at-hermann-bantleon-gmbh-4312996944
IT Business Solution Analyst - Supply Chain Planning (m/w/d),Liebherr Group,Ochsenhausen,LinkedIn,https://de.linkedin.com/jobs/view/it-business-solution-analyst-supply-chain-planning-m-w-d-at-liebherr-group-4312675496?position=8&pageNum=0&refId=GKPOyO7buNKvkV9XlASpyw%3D%3D&trackingId=Hbk2U6ESyaCOcq2cQW38VQ%3D%3D,Not specified,2025-10-10 18:00:49.694258,2025-10-10,,de.linkedin.com/jobs/view/it-business-solution-analyst-supply-chain-planning-m-w-d-at-liebherr-group-4312675496
Radar- und Simulationsingenieur (all gender),ALTEN,Ulm,LinkedIn,https://de.linkedin.com/jobs/view/radar-und-simulationsingenieur-all-gender-at-alten-4310718097?position=12&pageNum=0&refId=GKPOyO7buNKvkV9XlASpyw%3D%3D&trackingId=9ubwYHYrL7YqRj1wJXrTzA%3D%3D,Not specified,2025-10-10 18:00:49.694888,2025-10-10,,de.linkedin.com/jobs/view/radar-und-simulationsingenieur-all-gender-at-alten-4310718097
Project Assistance & PMO (m/w/d),ep group,Biberach an der Riß,LinkedIn,https://de.linkedin.com/jobs/view/project-assistance-pmo-m-w-d-at-ep-group-4312795757?position=17&pageNum=0&refId=GKPOyO7buNKvkV9XlASpyw%3D%3D&trackingId=Z4Y%2BsLJ3wdN6rKjhtKkwNg%3D%3D,Not specified,2025-10-10 18:00:49.695587,2025-10-10,,de.linkedin.com/jobs/view/project-assistance-pmo-m-w-d-at-ep-group-4312795757
Steuerfachangestellter / Steuerfachwirt (m/w/d),JL Recruiting - Jobs,Ulm,LinkedIn,https://de.linkedin.com/jobs/view/steuerfachangestellter-steuerfachwirt-m-w-d-at-jl-recruiting-jobs-4312988580?position=19&pageNum=0&refId=GKPOyO7buNKvkV9XlASpyw%3D%3D&trackingId=f7O1cc1o3dAOs0KU8U6K%2Fg%3D%3D,Not specified,2025-10-10 18:00:49.695859,2025-10-10,,de.linkedin.com/jobs/view/steuerfachangestellter-steuerfachwirt-m-w-d-at-jl-recruiting-jobs-4312988580
Solution Engineer Mobilfunk-Parameterplanung (m/w/d),ep group,Ulm,LinkedIn,https://de.linkedin.com/jobs/view/solution-engineer-mobilfunk-parameterplanung-m-w-d-at-ep-group-4312912003?position=23&pageNum=0&refId=GKPOyO7buNKvkV9XlASpyw%3D%3D&trackingId=CbzGkTuVPAfzkBUIokThSg%3D%3D,Not specified,2025-10-10 18:00:49.696401,2025-10-10,,de.linkedin.com/jobs/view/solution-engineer-mobilfunk-parameterplanung-m-w-d-at-ep-group-4312912003
"Fachlagerist (m/w/d) – Wareneingang, Kommissionierung, Warenausgang",allgaier GmbH,Günzburg,LinkedIn,https://de.linkedin.com/jobs/view/fachlagerist-m-w-d-%E2%80%93-wareneingang-kommissionierung-warenausgang-at-allgaier-gmbh-4313216022?position=24&pageNum=0&refId=GKPOyO7buNKvkV9XlASpyw%3D%3D&trackingId=zvjFlHkcm4BJrlGeBJEBVA%3D%3D,Not specified,2025-10-10 18:00:49.696536,2025-10-10,,de.linkedin.com/jobs/view/fachlagerist-m-w-d-%E2%80%93-wareneingang-kommissionierung-warenausgang-at-allgaier-gmbh-4313216022
Spezialist für Ophthalmologie und Medizinprodukteanwendung (m/w/d) DIREKTVERMITTLUNG,mamgo | Talente 🔗 Jobs,Ulm,LinkedIn,https://de.linkedin.com/jobs/view/spezialist-f%C3%BCr-ophthalmologie-und-medizinprodukteanwendung-m-w-d-direktvermittlung-at-mamgo-talente-%F0%9F%94%97-jobs-4312993326?position=29&pageNum=0&refId=GKPOyO7buNKvkV9XlASpyw%3D%3D&trackingId=SIru7ul2NGouuRxCnjj%2FdA%3D%3D,Not specified,2025-10-10 18:00:49.697220,2025-10-10,,de.linkedin.com/jobs/view/spezialist-f%C3%BCr-ophthalmologie-und-medizinprodukteanwendung-m-w-d-direktvermittlung-at-mamgo-talente-%F0%9F%94%97-jobs-4312993326
Spezialist Leistungselektronik (m/w/d),ep group,Ulm,LinkedIn,https://de.linkedin.com/jobs/view/spezialist-leistungselektronik-m-w-d-at-ep-group-4302856663?position=33&pageNum=0&refId=GKPOyO7buNKvkV9XlASpyw%3D%3D&trackingId=GOwNF0WuZp%2FmBbhjelnRRw%3D%3D,Not specified,2025-10-10 18:00:49.697762,2025-10-10,,de.linkedin.com/jobs/view/spezialist-leistungselektronik-m-w-d-at-ep-group-4302856663
Steuerfachangestellter - DATEV / Jahresabschlüsse / Mandanten (m/w/d) - HSD Stumpp Dachner Bohn Partnerschaft mbB Steuerberatungsgesellschaft,Jobs via eFinancialCareers,Ehingen (Donau),LinkedIn,https://de.linkedin.com/jobs/view/steuerfachangestellter-datev-jahresabschl%C3%BCsse-mandanten-m-w-d-hsd-stumpp-dachner-bohn-partnerschaft-mbb-steuerberatungsgesellschaft-at-jobs-via-efinancialcareers-4310227186?position=35&pageNum=0&refId=GKPOyO7buNKvkV9XlASpyw%3D%3D&trackingId=0j%2FL8%2FSp%2FFbDTeSxbGHP1Q%3D%3D,Not specified,2025-10-10 18:00:49.698034,2025-10-09,,de.linkedin.com/jobs/view/steuerfachangestellter-datev-jahresabschl%C3%BCsse-mandanten-m-w-d-hsd-stumpp-dachner-bohn-partnerschaft-mbb-steuerberatungsgesellschaft-at-jobs-via-efinancialcareers-4310227186
Stellvertretender Abteilungsleiter Verkauf (m/w/d),"Peek & Cloppenburg* B.V. & Co. KG, Düsseldorf",Ulm,LinkedIn,https://de.linkedin.com/jobs/view/stellvertretender-abteilungsleiter-verkauf-m-w-d-at-peek-cloppenburg-b-v-co-kg-d%C3%BCsseldorf-4312800815?position=36&pageNum=0&refId=GKPOyO7buNKvkV9XlASpyw%3D%3D&trackingId=aZqMW8VCOeHCNE14LGgE8w%3D%3D,Not specified,2025-10-10 18:00:49.698171,2025-10-10,,de.linkedin.com/jobs/view/stellvertretender-abteilungsleiter-verkauf-m-w-d-at-peek-cloppenburg-b-v-co-kg-d%C3%BCsseldorf-4312800815
Auszubildender (w/m/d) Kaufmann für Spedition und Logistikdienstleistungen - Herbrechtingen (2026),HARTMANN GROUP,Herbrechtingen,LinkedIn,https://de.linkedin.com/jobs/view/auszubildender-w-m-d-kaufmann-f%C3%BCr-spedition-und-logistikdienstleistungen-herbrechtingen-2026-at-hartmann-group-4260120449?position=37&pageNum=0&refId=GKPOyO7buNKvkV9XlASpyw%3D%3D&trackingId=GXhskWuAHgxE2F8tqIiJEQ%3D%3D,Not specified,2025-10-10 18:00:49.698307,2025-10-10,,de.linkedin.com/jobs/view/auszubildender-w-m-d-kaufmann-f%C3%BCr-spedition-und-logistikdienstleistungen-herbrechtingen-2026-at-hartmann-group-4260120449
Risikocontroller (m|w|d),Internationales Bankhaus Bodensee AG,Friedrichshafen,LinkedIn,https://de.linkedin.com/jobs/view/risikocontroller-m-w-d-at-internationales-bankhaus-bodensee-ag-4312971306?position=5&pageNum=0&refId=f5vZNd%2FNItJ1Z%2BmQS8PC4Q%3D%3D&trackingId=mpWRG%2BRDttUUQn2Qml%2Fbow%3D%3D,Not specified,2025-10-10 18:00:54.956564,2025-10-10,,de.linkedin.com/jobs/view/risikocontroller-m-w-d-at-internationales-bankhaus-bodensee-ag-4312971306
Business Analyst (w/m/d) - Schwerpunkt Kalibrierung & Messtechnik 100%,Kistler Group,"Winterthur, Zürich, Schweiz",LinkedIn,https://ch.linkedin.com/jobs/view/business-analyst-w-m-d-schwerpunkt-kalibrierung-messtechnik-100%25-at-kistler-group-4312975778?position=8&pageNum=0&refId=f5vZNd%2FNItJ1Z%2BmQS8PC4Q%3D%3D&trackingId=S5pNqjdwij1wrt5woVb3YA%3D%3D,Not specified,2025-10-10 18:00:54.956945,2025-10-10,,ch.linkedin.com/jobs/view/business-analyst-w-m-d-schwerpunkt-kalibrierung-messtechnik-100%25-at-kistler-group-4312975778
Fachspezialist/in in der Instandhaltungs-Planung,"STIHL Kettenwerk GmbH & Co KG, Waiblingen (DE), Zweigniederlassung Wil SG","Wil (Sankt Gallen), Sankt Gallen, Schweiz",LinkedIn,https://ch.linkedin.com/jobs/view/fachspezialist-in-in-der-instandhaltungs-planung-at-stihl-kettenwerk-gmbh-co-kg-waiblingen-de-zweigniederlassung-wil-sg-4226123303?position=10&pageNum=0&refId=f5vZNd%2FNItJ1Z%2BmQS8PC4Q%3D%3D&trackingId=5ZxL5yzbyGrAjn1iyoIKbw%3D%3D,Not specified,2025-10-10 18:00:54.957199,2025-10-10,,ch.linkedin.com/jobs/view/fachspezialist-in-in-der-instandhaltungs-planung-at-stihl-kettenwerk-gmbh-co-kg-waiblingen-de-zweigniederlassung-wil-sg-4226123303
Rechtspraktikant/Rechtspraktikantin,Kanton Thurgau,"Frauenfeld, Thurgau, Schweiz",LinkedIn,https://ch.linkedin.com/jobs/view/rechtspraktikant-rechtspraktikantin-at-kanton-thurgau-4307600551?position=14&pageNum=0&refId=f5vZNd%2FNItJ1Z%2BmQS8PC4Q%3D%3D&trackingId=nbvpaz9brMzkmnTM%2BgfLuw%3D%3D,Not specified,2025-10-10 18:00:54.957703,2025-10-10,,ch.linkedin.com/jobs/view/rechtspraktikant-rechtspraktikantin-at-kanton-thurgau-4307600551
Datenmanager (w/m/d) in der Abrechnungsbearbeitung am Standort Düsseldorf,Kassenärztliche Vereinigung Nordrhein,"Deutschland, Österreich und die Schweiz",LinkedIn,https://www.linkedin.com/jobs/view/datenmanager-w-m-d-in-der-abrechnungsbearbeitung-am-standort-d%C3%BCsseldorf-at-kassen%C3%A4rztliche-vereinigung-nordrhein-4312962812?position=15&pageNum=0&refId=f5vZNd%2FNItJ1Z%2BmQS8PC4Q%3D%3D&trackingId=QKOAym4X0TaScUtNTPpM%2FA%3D%3D,Not specified,2025-10-10 18:00:54.957829,2025-10-10,,www.linkedin.com/jobs/view/datenmanager-w-m-d-in-der-abrechnungsbearbeitung-am-standort-d%C3%BCsseldorf-at-kassen%C3%A4rztliche-vereinigung-nordrhein-4312962812
Prozessingenieur (m/w/d),Rocken®,"Winterthur, Zürich, Schweiz",LinkedIn,https://ch.linkedin.com/jobs/view/prozessingenieur-m-w-d-at-rocken%C2%AE-4312600107?position=16&pageNum=0&refId=f5vZNd%2FNItJ1Z%2BmQS8PC4Q%3D%3D&trackingId=IZ3A74IPhvlskL%2FUoluN2w%3D%3D,Not specified,2025-10-10 18:00:54.957954,2025-10-10,,ch.linkedin.com/jobs/view/prozessingenieur-m-w-d-at-rocken%C2%AE-4312600107
Site Microbiologist,Johnson & Johnson Innovative Medicine,"Schaffhausen, Schaffhausen, Schweiz",LinkedIn,https://ch.linkedin.com/jobs/view/site-microbiologist-at-johnson-johnson-innovative-medicine-4312737435?position=17&pageNum=0&refId=f5vZNd%2FNItJ1Z%2BmQS8PC4Q%3D%3D&trackingId=QB67GsRtSJYrBaqOszmE%2FQ%3D%3D,Not specified,2025-10-10 18:00:54.958079,2025-10-09,,ch.linkedin.com/jobs/view/site-microbiologist-at-johnson-johnson-innovative-medicine-4312737435
Einkaufsassistent:in,Fust,"Oberbüren, Sankt Gallen, Schweiz",LinkedIn,https://ch.linkedin.com/jobs/view/einkaufsassistent-in-at-fust-4312601268?position=18&pageNum=0&refId=f5vZNd%2FNItJ1Z%2BmQS8PC4Q%3D%3D&trackingId=OPA1iY70KvysnAKo5xnA6A%3D%3D,Not specified,2025-10-10 18:00:54.958207,2025-10-10,,ch.linkedin.com/jobs/view/einkaufsassistent-in-at-fust-4312601268
DH-Studierender Soziale Arbeit (m/w/d) für 2026,Stiftung Liebenau,Liebenau,LinkedIn,https://de.linkedin.com/jobs/view/dh-studierender-soziale-arbeit-m-w-d-f%C3%BCr-2026-at-stiftung-liebenau-4313247177?position=21&pageNum=0&refId=f5vZNd%2FNItJ1Z%2BmQS8PC4Q%3D%3D&trackingId=NPPr4V8BrlMKu%2BTLUPYi%2Bg%3D%3D,Not specified,2025-10-10 18:00:54.958582,2025-10-10,,de.linkedin.com/jobs/view/dh-studierender-soziale-arbeit-m-w-d-f%C3%BCr-2026-at-stiftung-liebenau-4313247177
Fachlagerist (m/w/d) in 88682 Salem,Dippel Personalmanagement GmbH,Salem,LinkedIn,https://de.linkedin.com/jobs/view/fachlagerist-m-w-d-in-88682-salem-at-dippel-personalmanagement-gmbh-4313200816?position=23&pageNum=0&refId=f5vZNd%2FNItJ1Z%2BmQS8PC4Q%3D%3D&trackingId=PC2zfdyKzCqr7vBgBSXIHg%3D%3D,Not specified,2025-10-10 18:00:54.958829,2025-10-10,,de.linkedin.com/jobs/view/fachlagerist-m-w-d-in-88682-salem-at-dippel-personalmanagement-gmbh-4313200816
Prozessingenieur in der Metallgussbranche (m/w/d),Rocken®,"Flawil, Sankt Gallen, Schweiz",LinkedIn,https://ch.linkedin.com/jobs/view/prozessingenieur-in-der-metallgussbranche-m-w-d-at-rocken%C2%AE-4312183293?position=24&pageNum=0&refId=f5vZNd%2FNItJ1Z%2BmQS8PC4Q%3D%3D&trackingId=vsSUY6yC6D460pNQlqulcw%3D%3D,Not specified,2025-10-10 18:00:54.958953,2025-10-09,,ch.linkedin.com/jobs/view/prozessingenieur-in-der-metallgussbranche-m-w-d-at-rocken%C2%AE-4312183293
Lagerhelfer (m/w/d) in 72505 Krauchenwies,Dippel Personalmanagement GmbH,Krauchenwies,LinkedIn,https://de.linkedin.com/jobs/view/lagerhelfer-m-w-d-in-72505-krauchenwies-at-dippel-personalmanagement-gmbh-4313209308?position=25&pageNum=0&refId=f5vZNd%2FNItJ1Z%2BmQS8PC4Q%3D%3D&trackingId=xHMVD8U1vcHpuNOA22v5Ow%3D%3D,Not specified,2025-10-10 18:00:54.959069,2025-10-10,,de.linkedin.com/jobs/view/lagerhelfer-m-w-d-in-72505-krauchenwies-at-dippel-personalmanagement-gmbh-4313209308
Lagerhelfer (m/w/d) nach 72505 Krauchenwies,Dippel Personalmanagement GmbH,Krauchenwies,LinkedIn,https://de.linkedin.com/jobs/view/lagerhelfer-m-w-d-nach-72505-krauchenwies-at-dippel-personalmanagement-gmbh-4313200817?position=26&pageNum=0&refId=f5vZNd%2FNItJ1Z%2BmQS8PC4Q%3D%3D&trackingId=TjBiXCIhxhpPPj2ye4xRtw%3D%3D,Not specified,2025-10-10 18:00:54.959184,2025-10-10,,de.linkedin.com/jobs/view/lagerhelfer-m-w-d-nach-72505-krauchenwies-at-dippel-personalmanagement-gmbh-4313200817
Fachlagerist (m/w/d) nach 78333 Stockach,Dippel Personalmanagement GmbH,Stockach,LinkedIn,https://de.linkedin.com/jobs/view/fachlagerist-m-w-d-nach-78333-stockach-at-dippel-personalmanagement-gmbh-4312994953?position=27&pageNum=0&refId=f5vZNd%2FNItJ1Z%2BmQS8PC4Q%3D%3D&trackingId=LQ01yeFgdp7NaGXBcC%2B39w%3D%3D,Not specified,2025-10-10 18:00:54.959300,2025-10-10,,de.linkedin.com/jobs/view/fachlagerist-m-w-d-nach-78333-stockach-at-dippel-personalmanagement-gmbh-4312994953
Senior Pharmaceutical Botanist,Nutreco,"Arbon, Thurgau, Schweiz",LinkedIn,https://ch.linkedin.com/jobs/view/senior-pharmaceutical-botanist-at-nutreco-4240081844?position=29&pageNum=0&refId=f5vZNd%2FNItJ1Z%2BmQS8PC4Q%3D%3D&trackingId=Qo6HBTwl2KxVh5X3q6mzkg%3D%3D,Not specified,2025-10-10 18:00:54.959529,2025-10-10,,ch.linkedin.com/jobs/view/senior-pharmaceutical-botanist-at-nutreco-4240081844
"Senior Kaufmännische Bewirtschafter, (m/w/d), Winterthur, 80-100% (Winterthur, CH, 8400)",Wincasa,"Winterthur, Zürich, Schweiz",LinkedIn,https://ch.linkedin.com/jobs/view/senior-kaufm%C3%A4nnische-bewirtschafter-m-w-d-winterthur-80-100%25-winterthur-ch-8400-at-wincasa-4281330781?position=30&pageNum=0&refId=f5vZNd%2FNItJ1Z%2BmQS8PC4Q%3D%3D&trackingId=w3aTFR3sSkgS2kjbowqkNw%3D%3D,Not specified,2025-10-10 18:00:54.959644,2025-10-10,,ch.linkedin.com/jobs/view/senior-kaufm%C3%A4nnische-bewirtschafter-m-w-d-winterthur-80-100%25-winterthur-ch-8400-at-wincasa-4281330781
"Helfer - Lagerwirtschaft, Transport (m/w/d) in 78224 Singen",Dippel Personalmanagement GmbH,Singen (Hohentwiel),LinkedIn,https://de.linkedin.com/jobs/view/helfer-lagerwirtschaft-transport-m-w-d-in-78224-singen-at-dippel-personalmanagement-gmbh-4313204661?position=31&pageNum=0&refId=f5vZNd%2FNItJ1Z%2BmQS8PC4Q%3D%3D&trackingId=CiD%2B8BrcWfUFiVsrnSFuhQ%3D%3D,Not specified,2025-10-10 18:00:54.959759,2025-10-10,,de.linkedin.com/jobs/view/helfer-lagerwirtschaft-transport-m-w-d-in-78224-singen-at-dippel-personalmanagement-gmbh-4313204661
Unterassistentin / Unterassistent Urologie,Kantonsspital Winterthur,"Winterthur, Zürich, Schweiz",LinkedIn,https://ch.linkedin.com/jobs/view/unterassistentin-unterassistent-urologie-at-kantonsspital-winterthur-4312672269?position=32&pageNum=0&refId=f5vZNd%2FNItJ1Z%2BmQS8PC4Q%3D%3D&trackingId=jlX8tpOavpuazPUKpvR6AA%3D%3D,Not specified,2025-10-10 18:00:54.959874,2025-10-10,,ch.linkedin.com/jobs/view/unterassistentin-unterassistent-urologie-at-kantonsspital-winterthur-4312672269
Fachlagerist (m/w/d) in 88212 Ravensburg,Dippel Personalmanagement GmbH,Ravensburg,LinkedIn,https://de.linkedin.com/jobs/view/fachlagerist-m-w-d-in-88212-ravensburg-at-dippel-personalmanagement-gmbh-4313205655?position=33&pageNum=0&refId=f5vZNd%2FNItJ1Z%2BmQS8PC4Q%3D%3D&trackingId=6MRFXYv1zho7ZwwsvtMOBw%3D%3D,Not specified,2025-10-10 18:00:54.959991,2025-10-10,,de.linkedin.com/jobs/view/fachlagerist-m-w-d-in-88212-ravensburg-at-dippel-personalmanagement-gmbh-4313205655
Junior Business Analyst – Dealer Incentives,astara,"Zürich, Zürich, Schweiz",LinkedIn,https://ch.linkedin.com/jobs/view/junior-business-analyst-%E2%80%93-dealer-incentives-at-astara-4292593100?position=2&pageNum=0&refId=WQyZnr3D3CdicNEdf0rmgg%3D%3D&trackingId=xY9ZM6ppzXszDGO3%2BF64Fw%3D%3D,Not specified,2025-10-10 18:00:57.929996,2025-10-10,,ch.linkedin.com/jobs/view/junior-business-analyst-%E2%80%93-dealer-incentives-at-astara-4292593100
Continuous Improvement Specialist,AYES - Management & Technology Consulting,Zürich Metropolitan Area,LinkedIn,https://ch.linkedin.com/jobs/view/continuous-improvement-specialist-at-ayes-management-technology-consulting-4312975755?position=4&pageNum=0&refId=WQyZnr3D3CdicNEdf0rmgg%3D%3D&trackingId=36RZCP0OCMoMvLCZ%2F28ebA%3D%3D,Not specified,2025-10-10 18:00:57.930262,2025-10-10,,ch.linkedin.com/jobs/view/continuous-improvement-specialist-at-ayes-management-technology-consulting-4312975755
Senior Strategy Lead - Operational Excellence,On,"Zürich, Zürich, Schweiz",LinkedIn,https://ch.linkedin.com/jobs/view/senior-strategy-lead-operational-excellence-at-on-4312820629?position=11&pageNum=0&refId=WQyZnr3D3CdicNEdf0rmgg%3D%3D&trackingId=muC%2Fz0ZLVsbXYcHTReC0cg%3D%3D,Not specified,2025-10-10 18:00:57.931188,2025-10-10,,ch.linkedin.com/jobs/view/senior-strategy-lead-operational-excellence-at-on-4312820629
ASAP: Market Intelligence Specialist - FMCG (m/w/d),Michael Page,"Zürich, Zürich, Schweiz",LinkedIn,https://ch.linkedin.com/jobs/view/asap-market-intelligence-specialist-fmcg-m-w-d-at-michael-page-4312981053?position=16&pageNum=0&refId=WQyZnr3D3CdicNEdf0rmgg%3D%3D&trackingId=1WsPV8u6XPRTEmTK8pr0Iw%3D%3D,Not specified,2025-10-10 18:00:57.931856,2025-10-10,,ch.linkedin.com/jobs/view/asap-market-intelligence-specialist-fmcg-m-w-d-at-michael-page-4312981053
Junior Digital Marketing Analyst,Swisslinx,"Luzern, Luzern, Schweiz",LinkedIn,https://ch.linkedin.com/jobs/view/junior-digital-marketing-analyst-at-swisslinx-4312817821?position=20&pageNum=0&refId=WQyZnr3D3CdicNEdf0rmgg%3D%3D&trackingId=Tr2B%2Bf2taAW79%2BHeLbiTKw%3D%3D,Not specified,2025-10-10 18:00:57.932395,2025-10-10,,ch.linkedin.com/jobs/view/junior-digital-marketing-analyst-at-swisslinx-4312817821
Laboranten - (Senior) Analyst LBS oder LC-MS 100%,Celerion,"Fehraltorf, Zürich, Schweiz",LinkedIn,https://ch.linkedin.com/jobs/view/laboranten-senior-analyst-lbs-oder-lc-ms-100%25-at-celerion-4292579005?position=26&pageNum=0&refId=WQyZnr3D3CdicNEdf0rmgg%3D%3D&trackingId=%2BQWUTgq3ZVDEv%2BQMtzukNA%3D%3D,Not specified,2025-10-10 18:00:57.933206,2025-10-10,,ch.linkedin.com/jobs/view/laboranten-senior-analyst-lbs-oder-lc-ms-100%25-at-celerion-4292579005
Graduate - Audit Insurance,KPMG Switzerland,"Zürich, Zürich, Schweiz",LinkedIn,https://ch.linkedin.com/jobs/view/graduate-audit-insurance-at-kpmg-switzerland-4312905758?position=28&pageNum=0&refId=WQyZnr3D3CdicNEdf0rmgg%3D%3D&trackingId=zIUoonyWedMhAAMbcooO2Q%3D%3D,Not specified,2025-10-10 18:00:57.933473,2025-10-10,,ch.linkedin.com/jobs/view/graduate-audit-insurance-at-kpmg-switzerland-4312905758
Chemiker:in/Chemieingenieur:in Stoffflussmanagement,Dottikon Exclusive Synthesis AG,"Dottikon, Aargau, Schweiz",LinkedIn,https://ch.linkedin.com/jobs/view/chemiker-in-chemieingenieur-in-stoffflussmanagement-at-dottikon-exclusive-synthesis-ag-3919813485?position=30&pageNum=0&refId=WQyZnr3D3CdicNEdf0rmgg%3D%3D&trackingId=oXncXKb7lDVdSDxq8HWVdw%3D%3D,Not specified,2025-10-10 18:00:57.933716,2025-10-10,,ch.linkedin.com/jobs/view/chemiker-in-chemieingenieur-in-stoffflussmanagement-at-dottikon-exclusive-synthesis-ag-3919813485
Data Consultant - Denodo,Capco,Zürich Metropolitan Area,LinkedIn,https://ch.linkedin.com/jobs/view/data-consultant-denodo-at-capco-4312749387?position=33&pageNum=0&refId=WQyZnr3D3CdicNEdf0rmgg%3D%3D&trackingId=IJlKVrvK5NLazZaovlvsjw%3D%3D,Not specified,2025-10-10 18:00:57.934088,2025-10-09,,ch.linkedin.com/jobs/view/data-consultant-denodo-at-capco-4312749387
Big Data Engineer,"SmartEdge, Lda","Zürich, Zürich, Schweiz",LinkedIn,https://ch.linkedin.com/jobs/view/big-data-engineer-at-smartedge-lda-4312808401?position=35&pageNum=0&refId=WQyZnr3D3CdicNEdf0rmgg%3D%3D&trackingId=O0XhTb5pVhuqx%2FHvK9aUYA%3D%3D,Not specified,2025-10-10 18:00:57.934332,2025-10-10,,ch.linkedin.com/jobs/view/big-data-engineer-at-smartedge-lda-4312808401
Consultant Reward Zürich (Graduate) - EY,Jobs via eFinancialCareers,"Zürich, Zürich, Schweiz",LinkedIn,https://ch.linkedin.com/jobs/view/consultant-reward-z%C3%BCrich-graduate-ey-at-jobs-via-efinancialcareers-4310893062?position=38&pageNum=0&refId=WQyZnr3D3CdicNEdf0rmgg%3D%3D&trackingId=7GftGN2zCao725Dqezwi8w%3D%3D,Not specified,2025-10-10 18:00:57.934701,2025-10-10,,ch.linkedin.com/jobs/view/consultant-reward-z%C3%BCrich-graduate-ey-at-jobs-via-efinancialcareers-4310893062
Asset Technology Engineer,Airswift,"Zürich, Schweiz",LinkedIn,https://ch.linkedin.com/jobs/view/asset-technology-engineer-at-airswift-4310249253?position=39&pageNum=0&refId=WQyZnr3D3CdicNEdf0rmgg%3D%3D&trackingId=h6fclym9nkrryuDsQ0Dh0A%3D%3D,Not specified,2025-10-10 18:00:57.934825,2025-10-09,,ch.linkedin.com/jobs/view/asset-technology-engineer-at-airswift-4310249253
"Portfoliomanagerin/Portfoliomanager Liegenschaften, 80 - 100%",Gemeinde Horgen,"Horgen, Zürich, Schweiz",LinkedIn,https://ch.linkedin.com/jobs/view/portfoliomanagerin-portfoliomanager-liegenschaften-80-100%25-at-gemeinde-horgen-4305577331?position=40&pageNum=0&refId=WQyZnr3D3CdicNEdf0rmgg%3D%3D&trackingId=qD6rq25O0O48PbV71NEo%2BQ%3D%3D,Not specified,2025-10-10 18:00:57.934949,2025-10-10,,ch.linkedin.com/jobs/view/portfoliomanagerin-portfoliomanager-liegenschaften-80-100%25-at-gemeinde-horgen-4305577331
Sourcing Analyst / Solution Consultant,Archlet,"Zürich, Schweiz",LinkedIn,https://ch.linkedin.com/jobs/view/sourcing-analyst-solution-consultant-at-archlet-4313238678?position=46&pageNum=0&refId=WQyZnr3D3CdicNEdf0rmgg%3D%3D&trackingId=BSbtMtHD0SzrVXbDvSgDVQ%3D%3D,Not specified,2025-10-10 18:00:57.935690,2025-10-10,,ch.linkedin.com/jobs/view/sourcing-analyst-solution-consultant-at-archlet-4313238678
Global Prescription Leader - Data Center 80-100%,Siemens,"Zug, Zug, Schweiz",LinkedIn,https://ch.linkedin.com/jobs/view/global-prescription-leader-data-center-80-100%25-at-siemens-4312800877?position=48&pageNum=0&refId=WQyZnr3D3CdicNEdf0rmgg%3D%3D&trackingId=0SBFc4VnHwKek1cuOISANg%3D%3D,Not specified,2025-10-10 18:00:57.935937,2025-10-10,,ch.linkedin.com/jobs/view/global-prescription-leader-data-center-80-100%25-at-siemens-4312800877
Produktionschemiker:in,Dottikon Exclusive Synthesis AG,"Dottikon, Aargau, Schweiz",LinkedIn,https://ch.linkedin.com/jobs/view/produktionschemiker-in-at-dottikon-exclusive-synthesis-ag-3955068797?position=50&pageNum=0&refId=WQyZnr3D3CdicNEdf0rmgg%3D%3D&trackingId=3Cakqr8%2BK%2F4AFKNwhET7gg%3D%3D,Not specified,2025-10-10 18:00:57.936181,2025-10-10,,ch.linkedin.com/jobs/view/produktionschemiker-in-at-dottikon-exclusive-synthesis-ag-3955068797
Graduate - Audit Insurance,KPMG Switzerland,"Zürich, Zürich, Schweiz",LinkedIn,https://ch.linkedin.com/jobs/view/graduate-audit-insurance-at-kpmg-switzerland-4312907674?position=52&pageNum=0&refId=WQyZnr3D3CdicNEdf0rmgg%3D%3D&trackingId=bOLeTs345Y1kBpIvHcb7tg%3D%3D,Not specified,2025-10-10 18:00:57.936429,2025-10-10,,ch.linkedin.com/jobs/view/graduate-audit-insurance-at-kpmg-switzerland-4312907674
Senior Coffee Specialist,Nestlé Nespresso SA,"Baden, Aargau, Schweiz",LinkedIn,https://ch.linkedin.com/jobs/view/senior-coffee-specialist-at-nestl%C3%A9-nespresso-sa-4277621422?position=59&pageNum=0&refId=WQyZnr3D3CdicNEdf0rmgg%3D%3D&trackingId=iLYbW84W92EYvDFDux4nxQ%3D%3D,Not specified,2025-10-10 18:00:57.937279,2025-10-10,,ch.linkedin.com/jobs/view/senior-coffee-specialist-at-nestl%C3%A9-nespresso-sa-4277621422
Business Intelligence Developer (m/w/d),SANHA Group,Essen,LinkedIn,https://de.linkedin.com/jobs/view/business-intelligence-developer-m-w-d-at-sanha%C2%AE-group-4312629352?position=1&pageNum=0&refId=K%2FR4MDGSx1sZwmHURfxv2A%3D%3D&trackingId=OghOSg%2Bqs694UNjY8LnCPw%3D%3D,Not specified,2025-10-10 18:01:01.042147,2025-10-10,,de.linkedin.com/jobs/view/business-intelligence-developer-m-w-d-at-sanha%C2%AE-group-4312629352
Business Analyst / Consultant – Kundenportal & Assetkommunikation,Instaffo,Essen,LinkedIn,https://de.linkedin.com/jobs/view/business-analyst-consultant-%E2%80%93-kundenportal-assetkommunikation-at-instaffo-4302837226?position=4&pageNum=0&refId=K%2FR4MDGSx1sZwmHURfxv2A%3D%3D&trackingId=md7ZrIsr8fyRODbVYrxmbA%3D%3D,Not specified,2025-10-10 18:01:01.042532,2025-10-10,,de.linkedin.com/jobs/view/business-analyst-consultant-%E2%80%93-kundenportal-assetkommunikation-at-instaffo-4302837226
Planning & Consulting Specialist (w/m/d),Aeculap AG,Essen,LinkedIn,https://de.linkedin.com/jobs/view/planning-consulting-specialist-w-m-d-at-aeculap-ag-4310286279?position=29&pageNum=0&refId=K%2FR4MDGSx1sZwmHURfxv2A%3D%3D&trackingId=Jq4gEWGsSRR7ocXEIZiZGA%3D%3D,Not specified,2025-10-10 18:01:01.045325,2025-10-10,,de.linkedin.com/jobs/view/planning-consulting-specialist-w-m-d-at-aeculap-ag-4310286279
Junior Consultant (m/w/d),Empion,Essen,LinkedIn,https://de.linkedin.com/jobs/view/junior-consultant-m-w-d-at-empion-4312972139?position=30&pageNum=0&refId=K%2FR4MDGSx1sZwmHURfxv2A%3D%3D&trackingId=aBAwdD%2Be%2FENnqli5kyIhcw%3D%3D,Not specified,2025-10-10 18:01:01.045434,2025-10-10,,de.linkedin.com/jobs/view/junior-consultant-m-w-d-at-empion-4312972139
Dozent Wirtschaftsinformatik Data Analytics und Big Data (m/w/d) - Jobbird.com,Jobster,Düsseldorf,LinkedIn,https://de.linkedin.com/jobs/view/dozent-wirtschaftsinformatik-data-analytics-und-big-data-m-w-d-jobbird-com-at-jobster-4312805060?position=46&pageNum=0&refId=K%2FR4MDGSx1sZwmHURfxv2A%3D%3D&trackingId=iytRp33iG7T%2BgMvLG7QYbA%3D%3D,Not specified,2025-10-10 18:01:01.047173,2025-10-10,,de.linkedin.com/jobs/view/dozent-wirtschaftsinformatik-data-analytics-und-big-data-m-w-d-jobbird-com-at-jobster-4312805060
Performance Strategist (m/w/d),dentsu,Düsseldorf,LinkedIn,https://de.linkedin.com/jobs/view/performance-strategist-m-w-d-at-dentsu-4291922549?position=49&pageNum=0&refId=K%2FR4MDGSx1sZwmHURfxv2A%3D%3D&trackingId=GPy89L3hUNAdMRmJNoyDMQ%3D%3D,Not specified,2025-10-10 18:01:01.047496,2025-10-10,,de.linkedin.com/jobs/view/performance-strategist-m-w-d-at-dentsu-4291922549
Senior Kreditanalyst m/w/d,DZ BANK AG,Düsseldorf,LinkedIn,https://de.linkedin.com/jobs/view/senior-kreditanalyst-m-w-d-at-dz-bank-ag-4311771483?position=50&pageNum=0&refId=K%2FR4MDGSx1sZwmHURfxv2A%3D%3D&trackingId=UHeI5480U11plNStbYIKxA%3D%3D,Not specified,2025-10-10 18:01:01.047605,2025-10-10,,de.linkedin.com/jobs/view/senior-kreditanalyst-m-w-d-at-dz-bank-ag-4311771483
Auftragsmanager (m/w/d) - 1KOMMA5° Düsseldorf,1KOMMA5°,Düsseldorf,LinkedIn,https://de.linkedin.com/jobs/view/auftragsmanager-m-w-d-1komma5%C2%B0-d%C3%BCsseldorf-at-1komma5%C2%B0-4310204775?position=58&pageNum=0&refId=K%2FR4MDGSx1sZwmHURfxv2A%3D%3D&trackingId=nuGnH6g7Y0Z%2Fuhj81S85Uw%3D%3D,Not specified,2025-10-10 18:01:01.048474,2025-10-09,,de.linkedin.com/jobs/view/auftragsmanager-m-w-d-1komma5%C2%B0-d%C3%BCsseldorf-at-1komma5%C2%B0-4310204775
Senior Data Engineer (m/f/d) Remote,SoSafe,Köln,LinkedIn,https://de.linkedin.com/jobs/view/senior-data-engineer-m-f-d-remote-at-sosafe-4302554314?position=60&pageNum=0&refId=K%2FR4MDGSx1sZwmHURfxv2A%3D%3D&trackingId=M6%2FokpoYQpqzNhgg8bmbhw%3D%3D,Not specified,2025-10-10 18:01:01.048688,2025-10-10,,de.linkedin.com/jobs/view/senior-data-engineer-m-f-d-remote-at-sosafe-4302554314
EXPERT EN GESTION D'ENTREPRISE,GCL - l'innovation dans l'accompagnement des entreprises,"Colmar, Großer Osten, Frankreich",LinkedIn,https://fr.linkedin.com/jobs/view/expert-en-gestion-d-entreprise-at-gcl-l-innovation-dans-l-accompagnement-des-entreprises-4312968077?position=1&pageNum=0&refId=xMyCF%2FgeIvkgEPXzLqKndQ%3D%3D&trackingId=ADn5cMaSIPOC2hf9almeAg%3D%3D,Not specified,2025-10-10 18:01:03.891989,2025-10-10,,fr.linkedin.com/jobs/view/expert-en-gestion-d-entreprise-at-gcl-l-innovation-dans-l-accompagnement-des-entreprises-4312968077
Senior Data Engineer (m/w/d),M&M Software GmbH,Sankt Georgen im Schwarzwald,LinkedIn,https://de.linkedin.com/jobs/view/senior-data-engineer-m-w-d-at-m-m-software-gmbh-4312183978?position=3&pageNum=0&refId=xMyCF%2FgeIvkgEPXzLqKndQ%3D%3D&trackingId=RGw0%2BYVOxVoQguHbI1gWLw%3D%3D,Not specified,2025-10-10 18:01:03.892329,2025-10-10,,de.linkedin.com/jobs/view/senior-data-engineer-m-w-d-at-m-m-software-gmbh-4312183978
Teamleiter Kundenberatung,PSD Bank RheinNeckarSaar eG,Freiburg im Breisgau,LinkedIn,https://de.linkedin.com/jobs/view/teamleiter-kundenberatung-at-psd-bank-rheinneckarsaar-eg-4312983135?position=6&pageNum=0&refId=xMyCF%2FgeIvkgEPXzLqKndQ%3D%3D&trackingId=83ti49DkFCJ5xtwzNG5tXA%3D%3D,Not specified,2025-10-10 18:01:03.892638,2025-10-10,,de.linkedin.com/jobs/view/teamleiter-kundenberatung-at-psd-bank-rheinneckarsaar-eg-4312983135
Coordinateur Sécurité Qualité et Environnement H/F,MALTEP,"Herrlisheim-près-Colmar, Großer Osten, Frankreich",LinkedIn,https://fr.linkedin.com/jobs/view/coordinateur-s%C3%A9curit%C3%A9-qualit%C3%A9-et-environnement-h-f-at-maltep-4312970502?position=7&pageNum=0&refId=xMyCF%2FgeIvkgEPXzLqKndQ%3D%3D&trackingId=YIqzdJ4On29s287fBLLa4g%3D%3D,Not specified,2025-10-10 18:01:03.892795,2025-10-10,,fr.linkedin.com/jobs/view/coordinateur-s%C3%A9curit%C3%A9-qualit%C3%A9-et-environnement-h-f-at-maltep-4312970502
Dozent Informatik Aktuelle Themen (m/w/d) - Jobbird.com,Jobster,Freiburg im Breisgau,LinkedIn,https://de.linkedin.com/jobs/view/dozent-informatik-aktuelle-themen-m-w-d-jobbird-com-at-jobster-4312807032?position=15&pageNum=0&refId=xMyCF%2FgeIvkgEPXzLqKndQ%3D%3D&trackingId=Yq0oThYwxZeTQmjNz0TobQ%3D%3D,Not specified,2025-10-10 18:01:03.894038,2025-10-10,,de.linkedin.com/jobs/view/dozent-informatik-aktuelle-themen-m-w-d-jobbird-com-at-jobster-4312807032
Employé fruits et légumes H/F,Coopérative U,"Schœnau, Großer Osten, Frankreich",LinkedIn,https://fr.linkedin.com/jobs/view/employ%C3%A9-fruits-et-l%C3%A9gumes-h-f-at-coop%C3%A9rative-u-4313232793?position=16&pageNum=0&refId=xMyCF%2FgeIvkgEPXzLqKndQ%3D%3D&trackingId=JLMYoKpIIt%2FwRkncxVWKvQ%3D%3D,Not specified,2025-10-10 18:01:03.894191,2025-10-10,,fr.linkedin.com/jobs/view/employ%C3%A9-fruits-et-l%C3%A9gumes-h-f-at-coop%C3%A9rative-u-4313232793
Wissenschaftler / Design Responsible (m/w/d),Thermo Fisher Scientific,Freiburg im Breisgau,LinkedIn,https://de.linkedin.com/jobs/view/wissenschaftler-design-responsible-m-w-d-at-thermo-fisher-scientific-4301032196?position=17&pageNum=0&refId=xMyCF%2FgeIvkgEPXzLqKndQ%3D%3D&trackingId=2z1Kie6usDwH%2F52zhs63SA%3D%3D,Not specified,2025-10-10 18:01:03.894342,2025-10-10,,de.linkedin.com/jobs/view/wissenschaftler-design-responsible-m-w-d-at-thermo-fisher-scientific-4301032196
EDV-Anwendungsbetreuung,Stadt Freiburg,Freiburg im Breisgau,LinkedIn,https://de.linkedin.com/jobs/view/edv-anwendungsbetreuung-at-stadt-freiburg-4310705442?position=18&pageNum=0&refId=xMyCF%2FgeIvkgEPXzLqKndQ%3D%3D&trackingId=nS3Rsgu3O5xwf7OF%2BlWSVw%3D%3D,Not specified,2025-10-10 18:01:03.894500,2025-10-10,,de.linkedin.com/jobs/view/edv-anwendungsbetreuung-at-stadt-freiburg-4310705442
EMPLOYE(E) DE RESTAURATION / LIVREUR(SE) H/F,Sodexo,"Chalampé, Großer Osten, Frankreich",LinkedIn,https://fr.linkedin.com/jobs/view/employe-e-de-restauration-livreur-se-h-f-at-sodexo-4312809900?position=21&pageNum=0&refId=xMyCF%2FgeIvkgEPXzLqKndQ%3D%3D&trackingId=4RAF0M255c0frr6PzdhBpA%3D%3D,Not specified,2025-10-10 18:01:03.894920,2025-10-10,,fr.linkedin.com/jobs/view/employe-e-de-restauration-livreur-se-h-f-at-sodexo-4312809900
Dozent Soziale Arbeit Fallverstehen Kinder- und Jugendhilfe (m/w/d) - Jobbird.com,Jobster,Freiburg im Breisgau,LinkedIn,https://de.linkedin.com/jobs/view/dozent-soziale-arbeit-fallverstehen-kinder-und-jugendhilfe-m-w-d-jobbird-com-at-jobster-4312699181?position=22&pageNum=0&refId=xMyCF%2FgeIvkgEPXzLqKndQ%3D%3D&trackingId=L0TIc1PPgrT89nXc6i2dEA%3D%3D,Not specified,2025-10-10 18:01:03.895056,2025-10-10,,de.linkedin.com/jobs/view/dozent-soziale-arbeit-fallverstehen-kinder-und-jugendhilfe-m-w-d-jobbird-com-at-jobster-4312699181
Dozent Bauingenieurwesen (m/w/d) - Jobbird.com,Jobster,Freiburg im Breisgau,LinkedIn,https://de.linkedin.com/jobs/view/dozent-bauingenieurwesen-m-w-d-jobbird-com-at-jobster-4312693295?position=23&pageNum=0&refId=xMyCF%2FgeIvkgEPXzLqKndQ%3D%3D&trackingId=t9LlKxeFzPxXdywd1DLC9A%3D%3D,Not specified,2025-10-10 18:01:03.895191,2025-10-10,,de.linkedin.com/jobs/view/dozent-bauingenieurwesen-m-w-d-jobbird-com-at-jobster-4312693295
Baumpfleger*in,Stadt Freiburg,Freiburg im Breisgau,LinkedIn,https://de.linkedin.com/jobs/view/baumpfleger-in-at-stadt-freiburg-4310705441?position=24&pageNum=0&refId=xMyCF%2FgeIvkgEPXzLqKndQ%3D%3D&trackingId=iA3PNystU9Jln%2FkKfC9kbQ%3D%3D,Not specified,2025-10-10 18:01:03.895327,2025-10-10,,de.linkedin.com/jobs/view/baumpfleger-in-at-stadt-freiburg-4310705441
Dozent Soziale Arbeit Bildungs- und Erziehungsbereiche und ihre Didaktik (m/w/d) - Jobbird.com,Jobster,Freiburg im Breisgau,LinkedIn,https://de.linkedin.com/jobs/view/dozent-soziale-arbeit-bildungs-und-erziehungsbereiche-und-ihre-didaktik-m-w-d-jobbird-com-at-jobster-4312688573?position=25&pageNum=0&refId=xMyCF%2FgeIvkgEPXzLqKndQ%3D%3D&trackingId=XG9smvzk66eJePa5QqbqvA%3D%3D,Not specified,2025-10-10 18:01:03.895461,2025-10-10,,de.linkedin.com/jobs/view/dozent-soziale-arbeit-bildungs-und-erziehungsbereiche-und-ihre-didaktik-m-w-d-jobbird-com-at-jobster-4312688573
Dozent Kindheitspädagogik (m/w/d) - Jobbird.com,Jobster,Freiburg im Breisgau,LinkedIn,https://de.linkedin.com/jobs/view/dozent-kindheitsp%C3%A4dagogik-m-w-d-jobbird-com-at-jobster-4312800118?position=26&pageNum=0&refId=xMyCF%2FgeIvkgEPXzLqKndQ%3D%3D&trackingId=ox%2Fvsp8B6r2Th9ltlvL%2FpQ%3D%3D,Not specified,2025-10-10 18:01:03.895597,2025-10-10,,de.linkedin.com/jobs/view/dozent-kindheitsp%C3%A4dagogik-m-w-d-jobbird-com-at-jobster-4312800118
Dozent Bauingenieurwesen Grundlagen im Massivbau (m/w/d) - Jobbird.com,Jobster,Freiburg im Breisgau,LinkedIn,https://de.linkedin.com/jobs/view/dozent-bauingenieurwesen-grundlagen-im-massivbau-m-w-d-jobbird-com-at-jobster-4312807001?position=27&pageNum=0&refId=xMyCF%2FgeIvkgEPXzLqKndQ%3D%3D&trackingId=g2tkrWkfTY%2Bs0EdAq4OEWA%3D%3D,Not specified,2025-10-10 18:01:03.895733,2025-10-10,,de.linkedin.com/jobs/view/dozent-bauingenieurwesen-grundlagen-im-massivbau-m-w-d-jobbird-com-at-jobster-4312807001
Dozent Tourismusmanagement Aktuelle Themen (m/w/d) - Jobbird.com,Jobster,Freiburg im Breisgau,LinkedIn,https://de.linkedin.com/jobs/view/dozent-tourismusmanagement-aktuelle-themen-m-w-d-jobbird-com-at-jobster-4312803141?position=28&pageNum=0&refId=xMyCF%2FgeIvkgEPXzLqKndQ%3D%3D&trackingId=xhMkNvL4ZVCumvFHfeZMjw%3D%3D,Not specified,2025-10-10 18:01:03.895868,2025-10-10,,de.linkedin.com/jobs/view/dozent-tourismusmanagement-aktuelle-themen-m-w-d-jobbird-com-at-jobster-4312803141
Dozent Bauingenieurwesen Baustoffkunde (m/w/d) - Jobbird.com,Jobster,Freiburg im Breisgau,LinkedIn,https://de.linkedin.com/jobs/view/dozent-bauingenieurwesen-baustoffkunde-m-w-d-jobbird-com-at-jobster-4312687669?position=29&pageNum=0&refId=xMyCF%2FgeIvkgEPXzLqKndQ%3D%3D&trackingId=htvJh%2BNxcIn%2FqAmfSURoxA%3D%3D,Not specified,2025-10-10 18:01:03.896004,2025-10-10,,de.linkedin.com/jobs/view/dozent-bauingenieurwesen-baustoffkunde-m-w-d-jobbird-com-at-jobster-4312687669
Dozent Soziale Arbeit Entwicklungspsychologie und Sozialisation (m/w/d) - Jobbird.com,Jobster,Freiburg im Breisgau,LinkedIn,https://de.linkedin.com/jobs/view/dozent-soziale-arbeit-entwicklungspsychologie-und-sozialisation-m-w-d-jobbird-com-at-jobster-4312680985?position=30&pageNum=0&refId=xMyCF%2FgeIvkgEPXzLqKndQ%3D%3D&trackingId=a3gmKU9hcqqAzbMmS2kOBA%3D%3D,Not specified,2025-10-10 18:01:03.896140,2025-10-10,,de.linkedin.com/jobs/view/dozent-soziale-arbeit-entwicklungspsychologie-und-sozialisation-m-w-d-jobbird-com-at-jobster-4312680985
Leiter:in Fahrzeugtechnik und -planung,Deutsche Bahn,Freiburg im Breisgau,LinkedIn,https://de.linkedin.com/jobs/view/leiter-in-fahrzeugtechnik-und-planung-at-deutsche-bahn-4312930728?position=31&pageNum=0&refId=xMyCF%2FgeIvkgEPXzLqKndQ%3D%3D&trackingId=sWYGl2kD9u7pwMJknllSVw%3D%3D,Not specified,2025-10-10 18:01:03.896277,2025-10-10,,de.linkedin.com/jobs/view/leiter-in-fahrzeugtechnik-und-planung-at-deutsche-bahn-4312930728
Dozent Mediendesign Medienpsychologie (m/w/d) - Jobbird.com,Jobster,Freiburg im Breisgau,LinkedIn,https://de.linkedin.com/jobs/view/dozent-mediendesign-medienpsychologie-m-w-d-jobbird-com-at-jobster-4312693358?position=32&pageNum=0&refId=xMyCF%2FgeIvkgEPXzLqKndQ%3D%3D&trackingId=0iXYctFPBB3gIZ%2FzMBAkWg%3D%3D,Not specified,2025-10-10 18:01:03.896413,2025-10-10,,de.linkedin.com/jobs/view/dozent-mediendesign-medienpsychologie-m-w-d-jobbird-com-at-jobster-4312693358
Dozent Kindheitspädagogik Selbstreflexion pädagogische Handlungsfelder (m/w/d) - Jobbird.com,Jobster,Freiburg im Breisgau,LinkedIn,https://de.linkedin.com/jobs/view/dozent-kindheitsp%C3%A4dagogik-selbstreflexion-p%C3%A4dagogische-handlungsfelder-m-w-d-jobbird-com-at-jobster-4312688464?position=34&pageNum=0&refId=xMyCF%2FgeIvkgEPXzLqKndQ%3D%3D&trackingId=EfDCFD8czvRQ9dm8ydN3gQ%3D%3D,Not specified,2025-10-10 18:01:03.896684,2025-10-10,,de.linkedin.com/jobs/view/dozent-kindheitsp%C3%A4dagogik-selbstreflexion-p%C3%A4dagogische-handlungsfelder-m-w-d-jobbird-com-at-jobster-4312688464
Dozent Kindheitspädagogik Arbeitsrecht und Personalrecht für soziale Einrichtungen (m/w/d) - Jobbird.com,Jobster,Freiburg im Breisgau,LinkedIn,https://de.linkedin.com/jobs/view/dozent-kindheitsp%C3%A4dagogik-arbeitsrecht-und-personalrecht-f%C3%BCr-soziale-einrichtungen-m-w-d-jobbird-com-at-jobster-4312679960?position=36&pageNum=0&refId=xMyCF%2FgeIvkgEPXzLqKndQ%3D%3D&trackingId=Ev2%2B4%2FaKdyqMBw4hp1KnXw%3D%3D,Not specified,2025-10-10 18:01:03.896954,2025-10-10,,de.linkedin.com/jobs/view/dozent-kindheitsp%C3%A4dagogik-arbeitsrecht-und-personalrecht-f%C3%BCr-soziale-einrichtungen-m-w-d-jobbird-com-at-jobster-4312679960
Stagiaire - Analyse Qualité Retour / Mécanique (H/F),Liebherr Group,"Colmar, Großer Osten, Frankreich",LinkedIn,https://fr.linkedin.com/jobs/view/stagiaire-analyse-qualit%C3%A9-retour-m%C3%A9canique-h-f-at-liebherr-group-4255097183?position=37&pageNum=0&refId=xMyCF%2FgeIvkgEPXzLqKndQ%3D%3D&trackingId=I6ylpypkXxo%2FMB0FoEhx9Q%3D%3D,Not specified,2025-10-10 18:01:03.897089,2025-10-10,,fr.linkedin.com/jobs/view/stagiaire-analyse-qualit%C3%A9-retour-m%C3%A9canique-h-f-at-liebherr-group-4255097183
"Senior Full Stack Entwickler Java, TypeScript & React - Lexware Office",Instaffo,Freiburg im Breisgau,LinkedIn,https://de.linkedin.com/jobs/view/senior-full-stack-entwickler-java-typescript-react-lexware-office-at-instaffo-4313221560?position=38&pageNum=0&refId=xMyCF%2FgeIvkgEPXzLqKndQ%3D%3D&trackingId=jAN2XFSGuEMi4AAnNNKKMg%3D%3D,Not specified,2025-10-10 18:01:03.897224,2025-10-10,,de.linkedin.com/jobs/view/senior-full-stack-entwickler-java-typescript-react-lexware-office-at-instaffo-4313221560
Schülerpraktikum Elektroniker:in für Betriebstechnik 2025 (w/m/d),Deutsche Bahn,Freiburg im Breisgau,LinkedIn,https://de.linkedin.com/jobs/view/sch%C3%BClerpraktikum-elektroniker-in-f%C3%BCr-betriebstechnik-2025-w-m-d-at-deutsche-bahn-4292806810?position=40&pageNum=0&refId=xMyCF%2FgeIvkgEPXzLqKndQ%3D%3D&trackingId=9SG2NdNyQN2l9NN1xOokkw%3D%3D,Not specified,2025-10-10 18:01:03.897493,2025-10-10,,de.linkedin.com/jobs/view/sch%C3%BClerpraktikum-elektroniker-in-f%C3%BCr-betriebstechnik-2025-w-m-d-at-deutsche-bahn-4292806810
IT Business Analyst (m/w/d),LorenzInformatik - We love IT,Metropolregion Nürnberg,LinkedIn,https://de.linkedin.com/jobs/view/it-business-analyst-m-w-d-at-lorenzinformatik-we-love-it-4312669513?position=1&pageNum=0&refId=zbJ2Ei4duJgiAdD%2BAKRaGA%3D%3D&trackingId=asV9ZEIVDB4Si9WjvNlj%2Bw%3D%3D,Not specified,2025-10-10 18:01:06.758222,2025-10-10,,de.linkedin.com/jobs/view/it-business-analyst-m-w-d-at-lorenzinformatik-we-love-it-4312669513
Growth & Business Development Lead (m/w/d),ZOLLHOF – Tech Incubator,Nürnberg,LinkedIn,https://de.linkedin.com/jobs/view/growth-business-development-lead-m-w-d-at-zollhof-%E2%80%93-tech-incubator-4310726602?position=4&pageNum=0&refId=zbJ2Ei4duJgiAdD%2BAKRaGA%3D%3D&trackingId=ThgK0uDgGFPd3bOKGczXSA%3D%3D,Not specified,2025-10-10 18:01:06.758622,2025-10-10,,de.linkedin.com/jobs/view/growth-business-development-lead-m-w-d-at-zollhof-%E2%80%93-tech-incubator-4310726602
Projektleiter Supply Chain Performance Improvement (all gender),ALTEN Germany,Metropolregion Nürnberg,LinkedIn,https://de.linkedin.com/jobs/view/projektleiter-supply-chain-performance-improvement-all-gender-at-alten-germany-4300306414?position=5&pageNum=0&refId=zbJ2Ei4duJgiAdD%2BAKRaGA%3D%3D&trackingId=N6Ju1xRh2TPooV8tUnomjw%3D%3D,Not specified,2025-10-10 18:01:06.758747,2025-10-10,,de.linkedin.com/jobs/view/projektleiter-supply-chain-performance-improvement-all-gender-at-alten-germany-4300306414
Steueranalyst,Kennametal,Nürnberg,LinkedIn,https://de.linkedin.com/jobs/view/steueranalyst-at-kennametal-4312988726?position=6&pageNum=0&refId=zbJ2Ei4duJgiAdD%2BAKRaGA%3D%3D&trackingId=GL87qAi14x9EUm0E99KrVw%3D%3D,Not specified,2025-10-10 18:01:06.758874,2025-10-10,,de.linkedin.com/jobs/view/steueranalyst-at-kennametal-4312988726
Scholarship Lead - Program Design & Funding (m/f/d),ZOLLHOF – Tech Incubator,Nürnberg,LinkedIn,https://de.linkedin.com/jobs/view/scholarship-lead-program-design-funding-m-f-d-at-zollhof-%E2%80%93-tech-incubator-4310712891?position=8&pageNum=0&refId=zbJ2Ei4duJgiAdD%2BAKRaGA%3D%3D&trackingId=AUYuQLgIQ4jLBt%2BNrQDdeA%3D%3D,Not specified,2025-10-10 18:01:06.759127,2025-10-10,,de.linkedin.com/jobs/view/scholarship-lead-program-design-funding-m-f-d-at-zollhof-%E2%80%93-tech-incubator-4310712891
Senior Business Analyst - Militärische Kommunikationssysteme (m/w/d),BWI GmbH,Nürnberg,LinkedIn,https://de.linkedin.com/jobs/view/senior-business-analyst-milit%C3%A4rische-kommunikationssysteme-m-w-d-at-bwi-gmbh-4280960642?position=14&pageNum=0&refId=zbJ2Ei4duJgiAdD%2BAKRaGA%3D%3D&trackingId=o4KOVJQz01DU3a7dx%2BN9VQ%3D%3D,Not specified,2025-10-10 18:01:06.759872,2025-10-10,,de.linkedin.com/jobs/view/senior-business-analyst-milit%C3%A4rische-kommunikationssysteme-m-w-d-at-bwi-gmbh-4280960642
Dozent Wirtschaftsinformatik Einführung (m/w/d) - Jobbird.com,Jobster,Nürnberg,LinkedIn,https://de.linkedin.com/jobs/view/dozent-wirtschaftsinformatik-einf%C3%BChrung-m-w-d-jobbird-com-at-jobster-4312806012?position=18&pageNum=0&refId=zbJ2Ei4duJgiAdD%2BAKRaGA%3D%3D&trackingId=QgP%2FkhG%2BWA5yC5wMRIu10g%3D%3D,Not specified,2025-10-10 18:01:06.760373,2025-10-10,,de.linkedin.com/jobs/view/dozent-wirtschaftsinformatik-einf%C3%BChrung-m-w-d-jobbird-com-at-jobster-4312806012
(Senior) Business Process Expert (w/m/d) Run Excellence,ING Deutschland,Nürnberg,LinkedIn,https://de.linkedin.com/jobs/view/senior-business-process-expert-w-m-d-run-excellence-at-ing-deutschland-4312814986?position=20&pageNum=0&refId=zbJ2Ei4duJgiAdD%2BAKRaGA%3D%3D&trackingId=%2Fvzg5NlgGADv%2FCaZp88xdw%3D%3D,Not specified,2025-10-10 18:01:06.760624,2025-10-10,,de.linkedin.com/jobs/view/senior-business-process-expert-w-m-d-run-excellence-at-ing-deutschland-4312814986
Business Consultant Health Insurance (all genders),adesso SE,Nürnberg,LinkedIn,https://de.linkedin.com/jobs/view/business-consultant-health-insurance-all-genders-at-adesso-se-3996450746?position=21&pageNum=0&refId=zbJ2Ei4duJgiAdD%2BAKRaGA%3D%3D&trackingId=J40fgK9b2zBvh2Pw9eE4qQ%3D%3D,Not specified,2025-10-10 18:01:06.760750,2025-10-10,,de.linkedin.com/jobs/view/business-consultant-health-insurance-all-genders-at-adesso-se-3996450746
Dozent Personal- und Unternehmensführung (m/w/d) - Jobbird.com,Jobster,Nürnberg,LinkedIn,https://de.linkedin.com/jobs/view/dozent-personal-und-unternehmensf%C3%BChrung-m-w-d-jobbird-com-at-jobster-4312686795?position=25&pageNum=0&refId=zbJ2Ei4duJgiAdD%2BAKRaGA%3D%3D&trackingId=A9MOl55IaYRRFjrvhTbhVg%3D%3D,Not specified,2025-10-10 18:01:06.761253,2025-10-10,,de.linkedin.com/jobs/view/dozent-personal-und-unternehmensf%C3%BChrung-m-w-d-jobbird-com-at-jobster-4312686795
Dozent Kindheitspädagogik (m/w/d) - Jobbird.com,Jobster,Nürnberg,LinkedIn,https://de.linkedin.com/jobs/view/dozent-kindheitsp%C3%A4dagogik-m-w-d-jobbird-com-at-jobster-4312690447?position=29&pageNum=0&refId=zbJ2Ei4duJgiAdD%2BAKRaGA%3D%3D&trackingId=vkej53filp5kiL2GQkV9Sg%3D%3D,Not specified,2025-10-10 18:01:06.761750,2025-10-10,,de.linkedin.com/jobs/view/dozent-kindheitsp%C3%A4dagogik-m-w-d-jobbird-com-at-jobster-4312690447
Dozent Immobilienmanagement Wohn- und Gewerbeimmobilien (m/w/d) - Jobbird.com,Jobster,Nürnberg,LinkedIn,https://de.linkedin.com/jobs/view/dozent-immobilienmanagement-wohn-und-gewerbeimmobilien-m-w-d-jobbird-com-at-jobster-4312807020?position=34&pageNum=0&refId=zbJ2Ei4duJgiAdD%2BAKRaGA%3D%3D&trackingId=4szBxl9Fxb7PFJ%2Bo80rGwQ%3D%3D,Not specified,2025-10-10 18:01:06.762335,2025-10-10,,de.linkedin.com/jobs/view/dozent-immobilienmanagement-wohn-und-gewerbeimmobilien-m-w-d-jobbird-com-at-jobster-4312807020
Dozent Bauingenieurwesen (m/w/d) - Jobbird.com,Jobster,Nürnberg,LinkedIn,https://de.linkedin.com/jobs/view/dozent-bauingenieurwesen-m-w-d-jobbird-com-at-jobster-4312688540?position=36&pageNum=0&refId=zbJ2Ei4duJgiAdD%2BAKRaGA%3D%3D&trackingId=ysLFfbJCul9xUGjT5%2Bsb1g%3D%3D,Not specified,2025-10-10 18:01:06.762567,2025-10-10,,de.linkedin.com/jobs/view/dozent-bauingenieurwesen-m-w-d-jobbird-com-at-jobster-4312688540
Dozent Bauingenieurwesen Grundlagen im Massivbau (m/w/d) - Jobbird.com,Jobster,Nürnberg,LinkedIn,https://de.linkedin.com/jobs/view/dozent-bauingenieurwesen-grundlagen-im-massivbau-m-w-d-jobbird-com-at-jobster-4312687702?position=40&pageNum=0&refId=zbJ2Ei4duJgiAdD%2BAKRaGA%3D%3D&trackingId=SDCNhWi6qE5C4QXO5Wv8%2FA%3D%3D,Not specified,2025-10-10 18:01:06.763030,2025-10-10,,de.linkedin.com/jobs/view/dozent-bauingenieurwesen-grundlagen-im-massivbau-m-w-d-jobbird-com-at-jobster-4312687702
Dozent Tourismusmanagement Aktuelle Themen (m/w/d) - Jobbird.com,Jobster,Nürnberg,LinkedIn,https://de.linkedin.com/jobs/view/dozent-tourismusmanagement-aktuelle-themen-m-w-d-jobbird-com-at-jobster-4312683948?position=42&pageNum=0&refId=zbJ2Ei4duJgiAdD%2BAKRaGA%3D%3D&trackingId=p1CvBkjaOSAgeNPk1UH1uQ%3D%3D,Not specified,2025-10-10 18:01:06.763261,2025-10-10,,de.linkedin.com/jobs/view/dozent-tourismusmanagement-aktuelle-themen-m-w-d-jobbird-com-at-jobster-4312683948
Schülerpraktikum Zugverkehrssteuerer (w/m/d) Nordbayern 2025,Deutsche Bahn,Neuhaus an der Pegnitz,LinkedIn,https://de.linkedin.com/jobs/view/sch%C3%BClerpraktikum-zugverkehrssteuerer-w-m-d-nordbayern-2025-at-deutsche-bahn-4292806807?position=46&pageNum=0&refId=zbJ2Ei4duJgiAdD%2BAKRaGA%3D%3D&trackingId=W%2BPhFq8QFAuZuIOi%2F2iabw%3D%3D,Not specified,2025-10-10 18:01:06.763726,2025-10-10,,de.linkedin.com/jobs/view/sch%C3%BClerpraktikum-zugverkehrssteuerer-w-m-d-nordbayern-2025-at-deutsche-bahn-4292806807
Ausbildungsvorbereitung Chance plus Service im Bahnhof 2025 (w/m/d),Deutsche Bahn,Nürnberg,LinkedIn,https://de.linkedin.com/jobs/view/ausbildungsvorbereitung-chance-plus-service-im-bahnhof-2025-w-m-d-at-deutsche-bahn-4244432926?position=47&pageNum=0&refId=zbJ2Ei4duJgiAdD%2BAKRaGA%3D%3D&trackingId=w9ON1isCYB9P4joowGRCJw%3D%3D,Not specified,2025-10-10 18:01:06.763844,2025-10-10,,de.linkedin.com/jobs/view/ausbildungsvorbereitung-chance-plus-service-im-bahnhof-2025-w-m-d-at-deutsche-bahn-4244432926
Data Management Engineer (m/w/d),Everllence,Augsburg,LinkedIn,https://de.linkedin.com/jobs/view/data-management-engineer-m-w-d-at-everllence-4302471247?position=2&pageNum=0&refId=z1wv1IeekWj1bZtHqqxUkg%3D%3D&trackingId=EsyzwcbSTxIjvb80p%2FMAyA%3D%3D,Not specified,2025-10-10 18:01:09.630953,2025-10-10,,de.linkedin.com/jobs/view/data-management-engineer-m-w-d-at-everllence-4302471247
RTA,Hessing Stiftung,Augsburg,LinkedIn,https://de.linkedin.com/jobs/view/rta-at-hessing-foundation-4312765484?position=6&pageNum=0&refId=z1wv1IeekWj1bZtHqqxUkg%3D%3D&trackingId=Z3Hzmu2OSKxyfLw0zjEOBQ%3D%3D,Not specified,2025-10-10 18:01:09.631585,2025-10-09,,de.linkedin.com/jobs/view/rta-at-hessing-foundation-4312765484
Studienassistenz / Study Nurse (m/w/d),GRÜN Software Group,Augsburg,LinkedIn,https://de.linkedin.com/jobs/view/studienassistenz-study-nurse-m-w-d-at-gr%C3%BCn-software-group-4310290683?position=15&pageNum=0&refId=z1wv1IeekWj1bZtHqqxUkg%3D%3D&trackingId=fROUUHYXIi%2FV2wkd4ZCZ%2Fw%3D%3D,Not specified,2025-10-10 18:01:09.632923,2025-10-10,,de.linkedin.com/jobs/view/studienassistenz-study-nurse-m-w-d-at-gr%C3%BCn-software-group-4310290683
Berufspraktikant m/w/d,Katholische Jugendfürsorge der Diözese Augsburg e.V. (KJF),Augsburg,LinkedIn,https://de.linkedin.com/jobs/view/berufspraktikant-m-w-d-at-katholische-jugendf%C3%BCrsorge-der-di%C3%B6zese-augsburg-e-v-kjf-4312966974?position=16&pageNum=0&refId=z1wv1IeekWj1bZtHqqxUkg%3D%3D&trackingId=OIyrqlxjjqqVaqh9rtvOkg%3D%3D,Not specified,2025-10-10 18:01:09.633059,2025-10-10,,de.linkedin.com/jobs/view/berufspraktikant-m-w-d-at-katholische-jugendf%C3%BCrsorge-der-di%C3%B6zese-augsburg-e-v-kjf-4312966974
Berufspraktikant m/w/d,Katholische Jugendfürsorge der Diözese Augsburg e.V. (KJF),Diedorf Markt,LinkedIn,https://de.linkedin.com/jobs/view/berufspraktikant-m-w-d-at-katholische-jugendf%C3%BCrsorge-der-di%C3%B6zese-augsburg-e-v-kjf-4312970851?position=17&pageNum=0&refId=z1wv1IeekWj1bZtHqqxUkg%3D%3D&trackingId=yM80feQJ4Dwk%2Fvp%2BDgZ%2F2w%3D%3D,Not specified,2025-10-10 18:01:09.633195,2025-10-10,,de.linkedin.com/jobs/view/berufspraktikant-m-w-d-at-katholische-jugendf%C3%BCrsorge-der-di%C3%B6zese-augsburg-e-v-kjf-4312970851
Berufspraktikant m/w/d,Katholische Jugendfürsorge der Diözese Augsburg e.V. (KJF),Mering,LinkedIn,https://de.linkedin.com/jobs/view/berufspraktikant-m-w-d-at-katholische-jugendf%C3%BCrsorge-der-di%C3%B6zese-augsburg-e-v-kjf-4312986079?position=18&pageNum=0&refId=z1wv1IeekWj1bZtHqqxUkg%3D%3D&trackingId=V5h2rJtqYvPrgJ%2BdOa1nyg%3D%3D,Not specified,2025-10-10 18:01:09.633334,2025-10-10,,de.linkedin.com/jobs/view/berufspraktikant-m-w-d-at-katholische-jugendf%C3%BCrsorge-der-di%C3%B6zese-augsburg-e-v-kjf-4312986079
"Dozent Informatik Betriebssysteme, Rechnernetze und verteilte Systeme (m/w/d) - Jobbird.com",Jobster,Augsburg,LinkedIn,https://de.linkedin.com/jobs/view/dozent-informatik-betriebssysteme-rechnernetze-und-verteilte-systeme-m-w-d-jobbird-com-at-jobster-4312806019?position=19&pageNum=0&refId=z1wv1IeekWj1bZtHqqxUkg%3D%3D&trackingId=3IL339WpMeSCnGnWpf9xwA%3D%3D,Not specified,2025-10-10 18:01:09.633473,2025-10-10,,de.linkedin.com/jobs/view/dozent-informatik-betriebssysteme-rechnernetze-und-verteilte-systeme-m-w-d-jobbird-com-at-jobster-4312806019
Business Consultant Health Insurance (all genders),adesso SE,Augsburg,LinkedIn,https://de.linkedin.com/jobs/view/business-consultant-health-insurance-all-genders-at-adesso-se-3996449936?position=20&pageNum=0&refId=z1wv1IeekWj1bZtHqqxUkg%3D%3D&trackingId=i13HVg0wRHvc3YHiCNH%2Bdg%3D%3D,Not specified,2025-10-10 18:01:09.633611,2025-10-10,,de.linkedin.com/jobs/view/business-consultant-health-insurance-all-genders-at-adesso-se-3996449936
Dozent Informatik Aktuelle Themen (m/w/d) - Jobbird.com,Jobster,Augsburg,LinkedIn,https://de.linkedin.com/jobs/view/dozent-informatik-aktuelle-themen-m-w-d-jobbird-com-at-jobster-4312693307?position=22&pageNum=0&refId=z1wv1IeekWj1bZtHqqxUkg%3D%3D&trackingId=sIfpDljWh3j%2BhYN1jd4Kog%3D%3D,Not specified,2025-10-10 18:01:09.633885,2025-10-10,,de.linkedin.com/jobs/view/dozent-informatik-aktuelle-themen-m-w-d-jobbird-com-at-jobster-4312693307
Dozent Tourismusmanagement Aktuelle Themen (m/w/d) - Jobbird.com,Jobster,Augsburg,LinkedIn,https://de.linkedin.com/jobs/view/dozent-tourismusmanagement-aktuelle-themen-m-w-d-jobbird-com-at-jobster-4312686896?position=23&pageNum=0&refId=z1wv1IeekWj1bZtHqqxUkg%3D%3D&trackingId=QXed59JHnJaxK7QqA%2FTq4g%3D%3D,Not specified,2025-10-10 18:01:09.634022,2025-10-10,,de.linkedin.com/jobs/view/dozent-tourismusmanagement-aktuelle-themen-m-w-d-jobbird-com-at-jobster-4312686896
Dozent Soziale Arbeit Fallverstehen Kinder- und Jugendhilfe (m/w/d) - Jobbird.com,Jobster,Augsburg,LinkedIn,https://de.linkedin.com/jobs/view/dozent-soziale-arbeit-fallverstehen-kinder-und-jugendhilfe-m-w-d-jobbird-com-at-jobster-4312800009?position=24&pageNum=0&refId=z1wv1IeekWj1bZtHqqxUkg%3D%3D&trackingId=kEOcZx1iESHiQhkeCncD9Q%3D%3D,Not specified,2025-10-10 18:01:09.634158,2025-10-10,,de.linkedin.com/jobs/view/dozent-soziale-arbeit-fallverstehen-kinder-und-jugendhilfe-m-w-d-jobbird-com-at-jobster-4312800009
Dozent Kindheitspädagogik (m/w/d) - Jobbird.com,Jobster,Augsburg,LinkedIn,https://de.linkedin.com/jobs/view/dozent-kindheitsp%C3%A4dagogik-m-w-d-jobbird-com-at-jobster-4312694313?position=25&pageNum=0&refId=z1wv1IeekWj1bZtHqqxUkg%3D%3D&trackingId=439ErAIy%2FW8RFOu3QGwrAw%3D%3D,Not specified,2025-10-10 18:01:09.634295,2025-10-10,,de.linkedin.com/jobs/view/dozent-kindheitsp%C3%A4dagogik-m-w-d-jobbird-com-at-jobster-4312694313
Dozent Bauingenieurwesen (m/w/d) - Jobbird.com,Jobster,Augsburg,LinkedIn,https://de.linkedin.com/jobs/view/dozent-bauingenieurwesen-m-w-d-jobbird-com-at-jobster-4312693239?position=26&pageNum=0&refId=z1wv1IeekWj1bZtHqqxUkg%3D%3D&trackingId=%2BV9moEOitnBvfQxyPUPWCg%3D%3D,Not specified,2025-10-10 18:01:09.634431,2025-10-10,,de.linkedin.com/jobs/view/dozent-bauingenieurwesen-m-w-d-jobbird-com-at-jobster-4312693239
Dozent Bauingenieurwesen Grundlagen im Massivbau (m/w/d) - Jobbird.com,Jobster,Augsburg,LinkedIn,https://de.linkedin.com/jobs/view/dozent-bauingenieurwesen-grundlagen-im-massivbau-m-w-d-jobbird-com-at-jobster-4312699269?position=27&pageNum=0&refId=z1wv1IeekWj1bZtHqqxUkg%3D%3D&trackingId=gEn3uA3v%2BSS8zulIxNtY3Q%3D%3D,Not specified,2025-10-10 18:01:09.634569,2025-10-10,,de.linkedin.com/jobs/view/dozent-bauingenieurwesen-grundlagen-im-massivbau-m-w-d-jobbird-com-at-jobster-4312699269
Abschlussarbeit: Automatisierter Validierungsworkflow für Turbomaschinenanalyse,Everllence,Augsburg,LinkedIn,https://de.linkedin.com/jobs/view/abschlussarbeit-automatisierter-validierungsworkflow-f%C3%BCr-turbomaschinenanalyse-at-everllence-4302411213?position=29&pageNum=0&refId=z1wv1IeekWj1bZtHqqxUkg%3D%3D&trackingId=7lbf6%2FjViyv3jgrfrPYzPQ%3D%3D,Not specified,2025-10-10 18:01:09.634841,2025-10-10,,de.linkedin.com/jobs/view/abschlussarbeit-automatisierter-validierungsworkflow-f%C3%BCr-turbomaschinenanalyse-at-everllence-4302411213
Dozent Immobilienmanagement Immobilieneigentum (m/w/d) - Jobbird.com,Jobster,Augsburg,LinkedIn,https://de.linkedin.com/jobs/view/dozent-immobilienmanagement-immobilieneigentum-m-w-d-jobbird-com-at-jobster-4312698130?position=30&pageNum=0&refId=z1wv1IeekWj1bZtHqqxUkg%3D%3D&trackingId=D5wgDyu9Ma3BJwPOYarJvQ%3D%3D,Not specified,2025-10-10 18:01:09.634980,2025-10-10,,de.linkedin.com/jobs/view/dozent-immobilienmanagement-immobilieneigentum-m-w-d-jobbird-com-at-jobster-4312698130
Dozent Vermietung und Mietrecht (m/w/d) - Jobbird.com,Jobster,Augsburg,LinkedIn,https://de.linkedin.com/jobs/view/dozent-vermietung-und-mietrecht-m-w-d-jobbird-com-at-jobster-4312680991?position=36&pageNum=0&refId=z1wv1IeekWj1bZtHqqxUkg%3D%3D&trackingId=jLWTJDvFevc7JMZclb2GXg%3D%3D,Not specified,2025-10-10 18:01:09.635800,2025-10-10,,de.linkedin.com/jobs/view/dozent-vermietung-und-mietrecht-m-w-d-jobbird-com-at-jobster-4312680991
Ausbildungsvorbereitung Chance plus Gleisbau (w/m/d) 2025,Deutsche Bahn,Augsburg,LinkedIn,https://de.linkedin.com/jobs/view/ausbildungsvorbereitung-chance-plus-gleisbau-w-m-d-2025-at-deutsche-bahn-4289202906?position=37&pageNum=0&refId=z1wv1IeekWj1bZtHqqxUkg%3D%3D&trackingId=iKKcio3LhhtDUI401Wod3g%3D%3D,Not specified,2025-10-10 18:01:09.635937,2025-10-10,,de.linkedin.com/jobs/view/ausbildungsvorbereitung-chance-plus-gleisbau-w-m-d-2025-at-deutsche-bahn-4289202906
Ausbildungsvorbereitung Chance plus Gleisbau 2025 (w/m/d),Deutsche Bahn,Augsburg,LinkedIn,https://de.linkedin.com/jobs/view/ausbildungsvorbereitung-chance-plus-gleisbau-2025-w-m-d-at-deutsche-bahn-4254821200?position=38&pageNum=0&refId=z1wv1IeekWj1bZtHqqxUkg%3D%3D&trackingId=Rp284uj1Yx6Yse%2BRrbI3og%3D%3D,Not specified,2025-10-10 18:01:09.636072,2025-10-10,,de.linkedin.com/jobs/view/ausbildungsvorbereitung-chance-plus-gleisbau-2025-w-m-d-at-deutsche-bahn-4254821200
Steuerfachangestellter - Einkommensteuer / Jahresabschlüsse / DATEV (m/w/d) - Mattern Partnerschaft mbB,Jobs via eFinancialCareers,Fürstenfeldbruck,LinkedIn,https://de.linkedin.com/jobs/view/steuerfachangestellter-einkommensteuer-jahresabschl%C3%BCsse-datev-m-w-d-mattern-partnerschaft-mbb-at-jobs-via-efinancialcareers-4310215388?position=39&pageNum=0&refId=z1wv1IeekWj1bZtHqqxUkg%3D%3D&trackingId=1nA%2F8qcXoZ6Z5up%2FfIvdpg%3D%3D,Not specified,2025-10-10 18:01:09.636208,2025-10-09,,de.linkedin.com/jobs/view/steuerfachangestellter-einkommensteuer-jahresabschl%C3%BCsse-datev-m-w-d-mattern-partnerschaft-mbb-at-jobs-via-efinancialcareers-4310215388
Spezialist (m|w|d) Umsatzsteuer in Augsburg,Jobs via eFinancialCareers,Augsburg,LinkedIn,https://de.linkedin.com/jobs/view/spezialist-m-w-d-umsatzsteuer-in-augsburg-at-jobs-via-efinancialcareers-4313209385?position=40&pageNum=0&refId=z1wv1IeekWj1bZtHqqxUkg%3D%3D&trackingId=QYvwD7m9EiHgytXq4t0TxA%3D%3D,Not specified,2025-10-10 18:01:09.636345,2025-10-10,,de.linkedin.com/jobs/view/spezialist-m-w-d-umsatzsteuer-in-augsburg-at-jobs-via-efinancialcareers-4313209385
Steuerfachangestellte - Jahresabschluss / Steuererklärungen / Finanzbuchhaltung (m/w/d),Jobs via eFinancialCareers,Augsburg,LinkedIn,https://de.linkedin.com/jobs/view/steuerfachangestellte-jahresabschluss-steuererkl%C3%A4rungen-finanzbuchhaltung-m-w-d-at-jobs-via-efinancialcareers-4310225220?position=41&pageNum=0&refId=z1wv1IeekWj1bZtHqqxUkg%3D%3D&trackingId=uNi9AW7s%2BDX8YUXnaySZoQ%3D%3D,Not specified,2025-10-10 18:01:09.636484,2025-10-09,,de.linkedin.com/jobs/view/steuerfachangestellte-jahresabschluss-steuererkl%C3%A4rungen-finanzbuchhaltung-m-w-d-at-jobs-via-efinancialcareers-4310225220
Kosten- und Risikomanager (all gender),ALTEN Germany,Erlangen,LinkedIn,https://de.linkedin.com/jobs/view/kosten-und-risikomanager-all-gender-at-alten-germany-4300310318?position=6&pageNum=0&refId=vYFvWb6m%2BQtP3VaPpQQT9A%3D%3D&trackingId=xyoow84DOE0SOWGg2athUw%3D%3D,Not specified,2025-10-10 18:01:12.600704,2025-10-10,,de.linkedin.com/jobs/view/kosten-und-risikomanager-all-gender-at-alten-germany-4300310318
Projektleiter Supply Chain Performance Improvement (all gender),ALTEN Germany,Nürnberg,LinkedIn,https://de.linkedin.com/jobs/view/projektleiter-supply-chain-performance-improvement-all-gender-at-alten-germany-4291110947?position=14&pageNum=0&refId=vYFvWb6m%2BQtP3VaPpQQT9A%3D%3D&trackingId=PzlmGeTnQeQpNMDuiWI%2Bqg%3D%3D,Not specified,2025-10-10 18:01:12.601709,2025-10-10,,de.linkedin.com/jobs/view/projektleiter-supply-chain-performance-improvement-all-gender-at-alten-germany-4291110947
Akademischer Rat/Akademische Rätin (m/w/d),FAU Erlangen-Nürnberg,Erlangen,LinkedIn,https://de.linkedin.com/jobs/view/akademischer-rat-akademische-r%C3%A4tin-m-w-d-at-fau-erlangen-n%C3%BCrnberg-4310228949?position=18&pageNum=0&refId=vYFvWb6m%2BQtP3VaPpQQT9A%3D%3D&trackingId=0kZo1j3i7zzDw4EJoMa6Ag%3D%3D,Not specified,2025-10-10 18:01:12.602205,2025-10-09,,de.linkedin.com/jobs/view/akademischer-rat-akademische-r%C3%A4tin-m-w-d-at-fau-erlangen-n%C3%BCrnberg-4310228949
Labortechniker Elektronikentwicklung (all gender),ALTEN Germany,Erlangen,LinkedIn,https://de.linkedin.com/jobs/view/labortechniker-elektronikentwicklung-all-gender-at-alten-germany-4299993984?position=37&pageNum=0&refId=vYFvWb6m%2BQtP3VaPpQQT9A%3D%3D&trackingId=PbgXVo%2FJOM4nhx%2F7YF3CGA%3D%3D,Not specified,2025-10-10 18:01:12.604578,2025-10-10,,de.linkedin.com/jobs/view/labortechniker-elektronikentwicklung-all-gender-at-alten-germany-4299993984
Labortechniker Elektronikentwicklung (all gender),ALTEN Germany,Erlangen,LinkedIn,https://de.linkedin.com/jobs/view/labortechniker-elektronikentwicklung-all-gender-at-alten-germany-4301043999?position=41&pageNum=0&refId=vYFvWb6m%2BQtP3VaPpQQT9A%3D%3D&trackingId=hURqvI0c46WrMbH58hTnpQ%3D%3D,Not specified,2025-10-10 18:01:12.605058,2025-10-10,,de.linkedin.com/jobs/view/labortechniker-elektronikentwicklung-all-gender-at-alten-germany-4301043999
Hausmeister (m/w/d),iba AG,Fürth,LinkedIn,https://de.linkedin.com/jobs/view/hausmeister-m-w-d-at-iba-ag-4312760455?position=46&pageNum=0&refId=vYFvWb6m%2BQtP3VaPpQQT9A%3D%3D&trackingId=Yvj4F7gZO41CUfxi70clzA%3D%3D,Not specified,2025-10-10 18:01:12.605648,2025-10-09,,de.linkedin.com/jobs/view/hausmeister-m-w-d-at-iba-ag-4312760455
Masterand (w/m/d) FEM-Simulation Oberleitung/Stromabnehmer,Siemens,Erlangen,LinkedIn,https://de.linkedin.com/jobs/view/masterand-w-m-d-fem-simulation-oberleitung-stromabnehmer-at-siemens-4312179256?position=50&pageNum=0&refId=vYFvWb6m%2BQtP3VaPpQQT9A%3D%3D&trackingId=UdkFT4A4QZK0kpZKUKbaog%3D%3D,Not specified,2025-10-10 18:01:12.606112,2025-10-09,,de.linkedin.com/jobs/view/masterand-w-m-d-fem-simulation-oberleitung-stromabnehmer-at-siemens-4312179256
Master Angewandte Chemie (m/w/d) - ContiTech,Continental,Hannover,LinkedIn,https://de.linkedin.com/jobs/view/master-angewandte-chemie-m-w-d-contitech-at-continental-4311511317?position=5&pageNum=0&refId=0LRnPdKvBm6wHO4QY2Ehyg%3D%3D&trackingId=WCBisSdHaM%2FgWmFuVIMKvQ%3D%3D,Not specified,2025-10-10 18:01:15.564263,2025-10-10,,de.linkedin.com/jobs/view/master-angewandte-chemie-m-w-d-contitech-at-continental-4311511317
Prozessspezialist Instandhaltung & Systemintegration (m/w/d),Avacon Netz GmbH,Gehrden,LinkedIn,https://de.linkedin.com/jobs/view/prozessspezialist-instandhaltung-systemintegration-m-w-d-at-avacon-netz-gmbh-4313244407?position=8&pageNum=0&refId=0LRnPdKvBm6wHO4QY2Ehyg%3D%3D&trackingId=OdxOownLR3P7fkjWb2eTsQ%3D%3D,Not specified,2025-10-10 18:01:15.564619,2025-10-10,,de.linkedin.com/jobs/view/prozessspezialist-instandhaltung-systemintegration-m-w-d-at-avacon-netz-gmbh-4313244407
Prozessspezialist Instandhaltung & Systemintegration (m/w/d),Avacon Netz GmbH,Burgwedel,LinkedIn,https://de.linkedin.com/jobs/view/prozessspezialist-instandhaltung-systemintegration-m-w-d-at-avacon-netz-gmbh-4313253140?position=9&pageNum=0&refId=0LRnPdKvBm6wHO4QY2Ehyg%3D%3D&trackingId=v%2FF6caybkWpTv8rdp4ECVw%3D%3D,Not specified,2025-10-10 18:01:15.564737,2025-10-10,,de.linkedin.com/jobs/view/prozessspezialist-instandhaltung-systemintegration-m-w-d-at-avacon-netz-gmbh-4313253140
Prozessspezialist Instandhaltung & Systemintegration (m/w/d),Avacon Netz GmbH,Sarstedt,LinkedIn,https://de.linkedin.com/jobs/view/prozessspezialist-instandhaltung-systemintegration-m-w-d-at-avacon-netz-gmbh-4313240551?position=10&pageNum=0&refId=0LRnPdKvBm6wHO4QY2Ehyg%3D%3D&trackingId=SuAh80hPnv65VhiAtdtbYA%3D%3D,Not specified,2025-10-10 18:01:15.564854,2025-10-10,,de.linkedin.com/jobs/view/prozessspezialist-instandhaltung-systemintegration-m-w-d-at-avacon-netz-gmbh-4313240551
Business Analyst Taxonomie Berichterstattung,Finanz Informatik,Hannover,LinkedIn,https://de.linkedin.com/jobs/view/business-analyst-taxonomie-berichterstattung-at-finanz-informatik-4280815814?position=12&pageNum=0&refId=0LRnPdKvBm6wHO4QY2Ehyg%3D%3D&trackingId=iMBeQCrXyZYesbL9tVmq3w%3D%3D,Not specified,2025-10-10 18:01:15.565087,2025-10-10,,de.linkedin.com/jobs/view/business-analyst-taxonomie-berichterstattung-at-finanz-informatik-4280815814
Kreditanalyst (w/m/d) internationales Spezialkreditmanagement,VHV Versicherungen,Hannover,LinkedIn,https://de.linkedin.com/jobs/view/kreditanalyst-w-m-d-internationales-spezialkreditmanagement-at-vhv-versicherungen-4281148841?position=18&pageNum=0&refId=0LRnPdKvBm6wHO4QY2Ehyg%3D%3D&trackingId=FsMVANqrxiM2ksDKuJDvWw%3D%3D,Not specified,2025-10-10 18:01:15.565788,2025-10-10,,de.linkedin.com/jobs/view/kreditanalyst-w-m-d-internationales-spezialkreditmanagement-at-vhv-versicherungen-4281148841
Operativer Einkäufer (m/w/d),KKH Kaufmännische Krankenkasse,Hannover,LinkedIn,https://de.linkedin.com/jobs/view/operativer-eink%C3%A4ufer-m-w-d-at-kkh-kaufm%C3%A4nnische-krankenkasse-4313209175?position=19&pageNum=0&refId=0LRnPdKvBm6wHO4QY2Ehyg%3D%3D&trackingId=%2BhSTUNWFGkLDrGeyCxbhzg%3D%3D,Not specified,2025-10-10 18:01:15.565906,2025-10-10,,de.linkedin.com/jobs/view/operativer-eink%C3%A4ufer-m-w-d-at-kkh-kaufm%C3%A4nnische-krankenkasse-4313209175
Naturwissenschaftler:in in Bereich Befundung in der NGS Diagnostik,Intega Solutions,Hannover,LinkedIn,https://de.linkedin.com/jobs/view/naturwissenschaftler-in-in-bereich-befundung-in-der-ngs-diagnostik-at-intega-solutions-4312722985?position=21&pageNum=0&refId=0LRnPdKvBm6wHO4QY2Ehyg%3D%3D&trackingId=VJSk%2BFUajrZEEi8GdC%2BgZg%3D%3D,Not specified,2025-10-10 18:01:15.566141,2025-10-09,,de.linkedin.com/jobs/view/naturwissenschaftler-in-in-bereich-befundung-in-der-ngs-diagnostik-at-intega-solutions-4312722985
IT Business Analyst Forms Management,Finanz Informatik,Hannover,LinkedIn,https://de.linkedin.com/jobs/view/it-business-analyst-forms-management-at-finanz-informatik-4291921510?position=25&pageNum=0&refId=0LRnPdKvBm6wHO4QY2Ehyg%3D%3D&trackingId=2Ehzi9pQKL65kkLCSkyg6g%3D%3D,Not specified,2025-10-10 18:01:15.566608,2025-10-10,,de.linkedin.com/jobs/view/it-business-analyst-forms-management-at-finanz-informatik-4291921510
Business Consultant Health Insurance (all genders),adesso SE,Hannover,LinkedIn,https://de.linkedin.com/jobs/view/business-consultant-health-insurance-all-genders-at-adesso-se-3996456084?position=26&pageNum=0&refId=0LRnPdKvBm6wHO4QY2Ehyg%3D%3D&trackingId=ZpGDKdOowNulLQM2v%2F7kag%3D%3D,Not specified,2025-10-10 18:01:15.566727,2025-10-10,,de.linkedin.com/jobs/view/business-consultant-health-insurance-all-genders-at-adesso-se-3996456084
Dozent Informatik Aktuelle Themen (m/w/d) - Jobbird.com,Jobster,Hannover,LinkedIn,https://de.linkedin.com/jobs/view/dozent-informatik-aktuelle-themen-m-w-d-jobbird-com-at-jobster-4312699203?position=30&pageNum=0&refId=0LRnPdKvBm6wHO4QY2Ehyg%3D%3D&trackingId=U4k%2BT7uacg7d8gjSq4gpWg%3D%3D,Not specified,2025-10-10 18:01:15.567203,2025-10-10,,de.linkedin.com/jobs/view/dozent-informatik-aktuelle-themen-m-w-d-jobbird-com-at-jobster-4312699203
Dozent Wirtschaftsingenieurwesen Smart Devices (m/w/d) - Jobbird.com,Jobster,Hannover,LinkedIn,https://de.linkedin.com/jobs/view/dozent-wirtschaftsingenieurwesen-smart-devices-m-w-d-jobbird-com-at-jobster-4312698242?position=31&pageNum=0&refId=0LRnPdKvBm6wHO4QY2Ehyg%3D%3D&trackingId=sr3yKuhe3hWF4h8V%2FrumCw%3D%3D,Not specified,2025-10-10 18:01:15.567320,2025-10-10,,de.linkedin.com/jobs/view/dozent-wirtschaftsingenieurwesen-smart-devices-m-w-d-jobbird-com-at-jobster-4312698242
Steuerfachangestellter (m/w/d) in der Buchhaltung,AGL Activ Services GmbH,Hannover,LinkedIn,https://de.linkedin.com/jobs/view/steuerfachangestellter-m-w-d-in-der-buchhaltung-at-agl-activ-services-gmbh-4312995834?position=32&pageNum=0&refId=0LRnPdKvBm6wHO4QY2Ehyg%3D%3D&trackingId=nM0KuyMqEODTELtw6Ndb2w%3D%3D,Not specified,2025-10-10 18:01:15.567438,2025-10-10,,de.linkedin.com/jobs/view/steuerfachangestellter-m-w-d-in-der-buchhaltung-at-agl-activ-services-gmbh-4312995834
Study Nurse (w/d/m) Klinische Studien Hämatologie,Medizinische Hochschule Hannover,Hannover,LinkedIn,https://de.linkedin.com/jobs/view/study-nurse-w-d-m-klinische-studien-h%C3%A4matologie-at-medizinische-hochschule-hannover-4312814179?position=36&pageNum=0&refId=0LRnPdKvBm6wHO4QY2Ehyg%3D%3D&trackingId=Psk%2BPfo8NqjK9xYGu1pRmQ%3D%3D,Not specified,2025-10-10 18:01:15.567883,2025-10-10,,de.linkedin.com/jobs/view/study-nurse-w-d-m-klinische-studien-h%C3%A4matologie-at-medizinische-hochschule-hannover-4312814179
Steuerfachangestellter (m/w/d),Mitte,Hannover,LinkedIn,https://de.linkedin.com/jobs/view/steuerfachangestellter-m-w-d-at-mitte-4310701492?position=43&pageNum=0&refId=0LRnPdKvBm6wHO4QY2Ehyg%3D%3D&trackingId=tYIYQ5mKQxA2Oiku%2BPLc6Q%3D%3D,Not specified,2025-10-10 18:01:15.568651,2025-10-10,,de.linkedin.com/jobs/view/steuerfachangestellter-m-w-d-at-mitte-4310701492
Steuerfachangestellter (m/w/d),Mitte,Hannover,LinkedIn,https://de.linkedin.com/jobs/view/steuerfachangestellter-m-w-d-at-mitte-4310295619?position=45&pageNum=0&refId=0LRnPdKvBm6wHO4QY2Ehyg%3D%3D&trackingId=Q0oekN4rjddSwV5XUsvvcg%3D%3D,Not specified,2025-10-10 18:01:15.568872,2025-10-10,,de.linkedin.com/jobs/view/steuerfachangestellter-m-w-d-at-mitte-4310295619
Steuerfachangestellter / Steuerfachwirt (m/w/d),JL Recruiting - Jobs,Hannover,LinkedIn,https://de.linkedin.com/jobs/view/steuerfachangestellter-steuerfachwirt-m-w-d-at-jl-recruiting-jobs-4312984704?position=46&pageNum=0&refId=0LRnPdKvBm6wHO4QY2Ehyg%3D%3D&trackingId=OYkwA3wOGoKO03eu7UIeeQ%3D%3D,Not specified,2025-10-10 18:01:15.568981,2025-10-10,,de.linkedin.com/jobs/view/steuerfachangestellter-steuerfachwirt-m-w-d-at-jl-recruiting-jobs-4312984704
Dozent Elektrotechnik Elektrische Maschinen und Antriebe (m/w/d) - Jobbird.com,Jobster,Hannover,LinkedIn,https://de.linkedin.com/jobs/view/dozent-elektrotechnik-elektrische-maschinen-und-antriebe-m-w-d-jobbird-com-at-jobster-4312683927?position=48&pageNum=0&refId=0LRnPdKvBm6wHO4QY2Ehyg%3D%3D&trackingId=DMIwZWAhskFSJMxco5dytQ%3D%3D,Not specified,2025-10-10 18:01:15.569201,2025-10-10,,de.linkedin.com/jobs/view/dozent-elektrotechnik-elektrische-maschinen-und-antriebe-m-w-d-jobbird-com-at-jobster-4312683927
Servicekraft Restaurant (m/w/d) - Jobbird.com,Jobster,Hannover,LinkedIn,https://de.linkedin.com/jobs/view/servicekraft-restaurant-m-w-d-jobbird-com-at-jobster-4312805040?position=49&pageNum=0&refId=0LRnPdKvBm6wHO4QY2Ehyg%3D%3D&trackingId=1NVTM8I3HaDIZ92sS550PQ%3D%3D,Not specified,2025-10-10 18:01:15.569311,2025-10-10,,de.linkedin.com/jobs/view/servicekraft-restaurant-m-w-d-jobbird-com-at-jobster-4312805040
Servicekraft Restaurant (m/w/d) - Jobbird.com,Jobster,Hannover,LinkedIn,https://de.linkedin.com/jobs/view/servicekraft-restaurant-m-w-d-jobbird-com-at-jobster-4312695321?position=53&pageNum=0&refId=0LRnPdKvBm6wHO4QY2Ehyg%3D%3D&trackingId=rxv0FHEOQlZNG15AE%2BAVsA%3D%3D,Not specified,2025-10-10 18:01:15.569754,2025-10-10,,de.linkedin.com/jobs/view/servicekraft-restaurant-m-w-d-jobbird-com-at-jobster-4312695321
Dozent Bauingenieurwesen Privates und öffentliches Baurecht (m/w/d) - Jobbird.com,Jobster,Hannover,LinkedIn,https://de.linkedin.com/jobs/view/dozent-bauingenieurwesen-privates-und-%C3%B6ffentliches-baurecht-m-w-d-jobbird-com-at-jobster-4312697340?position=54&pageNum=0&refId=0LRnPdKvBm6wHO4QY2Ehyg%3D%3D&trackingId=5MSFVcnPxFuv%2Bxh6eSMiNw%3D%3D,Not specified,2025-10-10 18:01:15.569870,2025-10-10,,de.linkedin.com/jobs/view/dozent-bauingenieurwesen-privates-und-%C3%B6ffentliches-baurecht-m-w-d-jobbird-com-at-jobster-4312697340
Spezialist gewerbliche Kreditsachbearbeitung risikorelevant (m/w/d),Sparkasse Celle • Gifhorn • Wolfsburg,Celle,LinkedIn,https://de.linkedin.com/jobs/view/spezialist-gewerbliche-kreditsachbearbeitung-risikorelevant-m-w-d-at-sparkasse-celle-%E2%80%A2-gifhorn-%E2%80%A2-wolfsburg-4312992999?position=55&pageNum=0&refId=0LRnPdKvBm6wHO4QY2Ehyg%3D%3D&trackingId=U7gaVI%2F8MxubtyZOA8ZqTw%3D%3D,Not specified,2025-10-10 18:01:15.569982,2025-10-10,,de.linkedin.com/jobs/view/spezialist-gewerbliche-kreditsachbearbeitung-risikorelevant-m-w-d-at-sparkasse-celle-%E2%80%A2-gifhorn-%E2%80%A2-wolfsburg-4312992999
Dozent Bauingenieurwesen (m/w/d) - Jobbird.com,Jobster,Hannover,LinkedIn,https://de.linkedin.com/jobs/view/dozent-bauingenieurwesen-m-w-d-jobbird-com-at-jobster-4312691308?position=57&pageNum=0&refId=0LRnPdKvBm6wHO4QY2Ehyg%3D%3D&trackingId=ihXJ0FCfrTkVUAuM%2Bc1Rzg%3D%3D,Not specified,2025-10-10 18:01:15.570211,2025-10-10,,de.linkedin.com/jobs/view/dozent-bauingenieurwesen-m-w-d-jobbird-com-at-jobster-4312691308
Solution Area Specialist - AI Business Solutions (AI Business Process),Microsoft,"Baden-Württemberg, Deutschland",LinkedIn,https://de.linkedin.com/jobs/view/solution-area-specialist-ai-business-solutions-ai-business-process-at-microsoft-4312722170?position=2&pageNum=0&refId=pyJ017sq4P6WottXDXBPqA%3D%3D&trackingId=le9OFESF0mJt7hCri7f%2BdA%3D%3D,Not specified,2025-10-10 18:01:18.644255,2025-10-09,,de.linkedin.com/jobs/view/solution-area-specialist-ai-business-solutions-ai-business-process-at-microsoft-4312722170
Manufacturing Consultant,Frankland Automation,Region Stuttgart,LinkedIn,https://de.linkedin.com/jobs/view/manufacturing-consultant-at-frankland-automation-4313204506?position=3&pageNum=0&refId=pyJ017sq4P6WottXDXBPqA%3D%3D&trackingId=YD9kY4mmzLGH2V%2FIP96WlA%3D%3D,Not specified,2025-10-10 18:01:18.644383,2025-10-10,,de.linkedin.com/jobs/view/manufacturing-consultant-at-frankland-automation-4313204506
Technical Consultant (all genders) - BCG Platinion,BCG Platinion,Stuttgart,LinkedIn,https://de.linkedin.com/jobs/view/technical-consultant-all-genders-bcg-platinion-at-bcg-platinion-4062721549?position=7&pageNum=0&refId=pyJ017sq4P6WottXDXBPqA%3D%3D&trackingId=dlVk4TYSYT8tea7wA4tkQQ%3D%3D,Not specified,2025-10-10 18:01:18.644886,2025-10-10,,de.linkedin.com/jobs/view/technical-consultant-all-genders-bcg-platinion-at-bcg-platinion-4062721549
AI Business Process Solution Sales Professional (ABS SSP),Microsoft,"Baden-Württemberg, Deutschland",LinkedIn,https://de.linkedin.com/jobs/view/ai%C2%A0business%C2%A0process-solution%C2%A0sales%C2%A0professional-abs-ssp-at-microsoft-4313225885?position=8&pageNum=0&refId=pyJ017sq4P6WottXDXBPqA%3D%3D&trackingId=l0dabr23Uj1S8UZeRxuoEg%3D%3D,Not specified,2025-10-10 18:01:18.645011,2025-10-10,,de.linkedin.com/jobs/view/ai%C2%A0business%C2%A0process-solution%C2%A0sales%C2%A0professional-abs-ssp-at-microsoft-4313225885
Strategic Account Technology,Microsoft,"Baden-Württemberg, Deutschland",LinkedIn,https://de.linkedin.com/jobs/view/strategic-account-technology-at-microsoft-4312766819?position=10&pageNum=0&refId=pyJ017sq4P6WottXDXBPqA%3D%3D&trackingId=7tAzcXJnmzk5ywAEhpJCvg%3D%3D,Not specified,2025-10-10 18:01:18.645262,2025-10-09,,de.linkedin.com/jobs/view/strategic-account-technology-at-microsoft-4312766819
Managing Consultant Azure AI Services (all genders),adesso SE,Stuttgart,LinkedIn,https://de.linkedin.com/jobs/view/managing-consultant-azure-ai-services-all-genders-at-adesso-se-4312821568?position=32&pageNum=0&refId=pyJ017sq4P6WottXDXBPqA%3D%3D&trackingId=VnSriSrV6B7kKpk7%2FHwYDQ%3D%3D,Not specified,2025-10-10 18:01:18.647954,2025-10-10,,de.linkedin.com/jobs/view/managing-consultant-azure-ai-services-all-genders-at-adesso-se-4312821568
Global Black Belt Specialist (GBB)  - AI Business Process,Microsoft,"Baden-Württemberg, Deutschland",LinkedIn,https://de.linkedin.com/jobs/view/global-black-belt-specialist-gbb-ai-business-process-at-microsoft-4312962882?position=35&pageNum=0&refId=pyJ017sq4P6WottXDXBPqA%3D%3D&trackingId=2jtJ729tjqhpMQ%2BIO5ec6w%3D%3D,Not specified,2025-10-10 18:01:18.648303,2025-10-10,,de.linkedin.com/jobs/view/global-black-belt-specialist-gbb-ai-business-process-at-microsoft-4312962882
Data Architect (m/w/d),Syntegon,Stuttgart,LinkedIn,https://de.linkedin.com/jobs/view/data-architect-m-w-d-at-syntegon-4312818451?position=37&pageNum=0&refId=pyJ017sq4P6WottXDXBPqA%3D%3D&trackingId=dGC9fbgOA%2BL6s%2Bod5qXLjg%3D%3D,Not specified,2025-10-10 18:01:18.648536,2025-10-10,,de.linkedin.com/jobs/view/data-architect-m-w-d-at-syntegon-4312818451
Senior Site Technician,nLighten,Region Stuttgart,LinkedIn,https://de.linkedin.com/jobs/view/senior-site-technician-at-nlighten-4310718169?position=46&pageNum=0&refId=pyJ017sq4P6WottXDXBPqA%3D%3D&trackingId=oEzZYcHQCD%2FwcHzjXrFTLQ%3D%3D,Not specified,2025-10-10 18:01:18.649586,2025-10-10,,de.linkedin.com/jobs/view/senior-site-technician-at-nlighten-4310718169
Rockstardevelopers: Senior Fullstack Entwickler (m/w/d) Hybrid Homeoffice plus München / Stuttgart / Mannheim,RockstarDevelopers GmbH,Stuttgart,LinkedIn,https://de.linkedin.com/jobs/view/rockstardevelopers-senior-fullstack-entwickler-m-w-d-hybrid-homeoffice-plus-m%C3%BCnchen-stuttgart-mannheim-at-rockstardevelopers-gmbh-4310272982?position=47&pageNum=0&refId=pyJ017sq4P6WottXDXBPqA%3D%3D&trackingId=869SEKuk1EnGAREgZULelg%3D%3D,Not specified,2025-10-10 18:01:18.649701,2025-10-10,,de.linkedin.com/jobs/view/rockstardevelopers-senior-fullstack-entwickler-m-w-d-hybrid-homeoffice-plus-m%C3%BCnchen-stuttgart-mannheim-at-rockstardevelopers-gmbh-4310272982
Lead Consultant AI Salesforce (all genders),adesso SE,Stuttgart,LinkedIn,https://de.linkedin.com/jobs/view/lead-consultant-ai-salesforce-all-genders-at-adesso-se-4291591079?position=54&pageNum=0&refId=pyJ017sq4P6WottXDXBPqA%3D%3D&trackingId=5Ldy8OW%2FrKNnYZULGImx6A%3D%3D,Not specified,2025-10-10 18:01:18.650518,2025-10-10,,de.linkedin.com/jobs/view/lead-consultant-ai-salesforce-all-genders-at-adesso-se-4291591079
Solution Area Specialist - German Speaker,Microsoft,"Baden-Württemberg, Deutschland",LinkedIn,https://de.linkedin.com/jobs/view/solution-area-specialist-german-speaker-at-microsoft-4312728065?position=58&pageNum=0&refId=pyJ017sq4P6WottXDXBPqA%3D%3D&trackingId=U7j0A8PEs65Mfts3WuVCHQ%3D%3D,Not specified,2025-10-10 18:01:18.650987,2025-10-09,,de.linkedin.com/jobs/view/solution-area-specialist-german-speaker-at-microsoft-4312728065
Business AI Implementation (Junior) Specialist (f/m/d),SAP Business ByDesign - France,Potsdam,LinkedIn,https://de.linkedin.com/jobs/view/business-ai-implementation-junior-specialist-f-m-d-at-sap-business-bydesign-france-4310200884?position=6&pageNum=0&refId=10duQMM2JVjhl2WjZgT0Xw%3D%3D&trackingId=WHoX69fpNz%2Fx6Od9QMLpyA%3D%3D,Not specified,2025-10-10 18:01:21.713914,2025-10-09,,de.linkedin.com/jobs/view/business-ai-implementation-junior-specialist-f-m-d-at-sap-business-bydesign-france-4310200884
Produktdesigner - AI Agents (all people) | Hybrid oder remote,ExB Group,Berlin,LinkedIn,https://de.linkedin.com/jobs/view/produktdesigner-ai-agents-all-people-hybrid-oder-remote-at-exb-group-4310283148?position=17&pageNum=0&refId=10duQMM2JVjhl2WjZgT0Xw%3D%3D&trackingId=vgRYSF6nrg%2Fnux144636NA%3D%3D,Not specified,2025-10-10 18:01:21.715312,2025-10-10,,de.linkedin.com/jobs/view/produktdesigner-ai-agents-all-people-hybrid-oder-remote-at-exb-group-4310283148
Solution Area Specialist - AI Business Solutions (AI Business Process),Microsoft,Berlin,LinkedIn,https://de.linkedin.com/jobs/view/solution-area-specialist-ai-business-solutions-ai-business-process-at-microsoft-4312714691?position=21&pageNum=0&refId=10duQMM2JVjhl2WjZgT0Xw%3D%3D&trackingId=hGEtbl2UzqRDRgE1t%2BLmew%3D%3D,Not specified,2025-10-10 18:01:21.715818,2025-10-09,,de.linkedin.com/jobs/view/solution-area-specialist-ai-business-solutions-ai-business-process-at-microsoft-4312714691
Business AI Implementation (Junior) Specialist (f/m/d),SAP,Potsdam,LinkedIn,https://de.linkedin.com/jobs/view/business-ai-implementation-junior-specialist-f-m-d-at-sap-4310249692?position=23&pageNum=0&refId=10duQMM2JVjhl2WjZgT0Xw%3D%3D&trackingId=Ph6LeMuzeep059iHOYnBZQ%3D%3D,Not specified,2025-10-10 18:01:21.716072,2025-10-09,,de.linkedin.com/jobs/view/business-ai-implementation-junior-specialist-f-m-d-at-sap-4310249692
Business AI Implementation (Junior) Specialist (f/m/d),SAP,Potsdam,LinkedIn,https://de.linkedin.com/jobs/view/business-ai-implementation-junior-specialist-f-m-d-at-sap-4310259011?position=24&pageNum=0&refId=10duQMM2JVjhl2WjZgT0Xw%3D%3D&trackingId=3BVut23HOdE25nEivv1BDQ%3D%3D,Not specified,2025-10-10 18:01:21.716197,2025-10-09,,de.linkedin.com/jobs/view/business-ai-implementation-junior-specialist-f-m-d-at-sap-4310259011
AI Business Process Solution Sales Professional (ABS SSP),Microsoft,Berlin,LinkedIn,https://de.linkedin.com/jobs/view/ai%C2%A0business%C2%A0process-solution%C2%A0sales%C2%A0professional-abs-ssp-at-microsoft-4313235403?position=31&pageNum=0&refId=10duQMM2JVjhl2WjZgT0Xw%3D%3D&trackingId=Ux7qvp4k1Qz0lLEqhz5rYg%3D%3D,Not specified,2025-10-10 18:01:21.717072,2025-10-10,,de.linkedin.com/jobs/view/ai%C2%A0business%C2%A0process-solution%C2%A0sales%C2%A0professional-abs-ssp-at-microsoft-4313235403
"Experte für Unterwasser-Navigation,  Kalman-Filter, Spatial AI (m/w/x)",EvoLogics GmbH,Berlin,LinkedIn,https://de.linkedin.com/jobs/view/experte-f%C3%BCr-unterwasser-navigation-kalman-filter-spatial-ai-m-w-x-at-evologics-gmbh-4310284351?position=36&pageNum=0&refId=10duQMM2JVjhl2WjZgT0Xw%3D%3D&trackingId=mPJRFiKB6ItnKq7Vf0Advw%3D%3D,Not specified,2025-10-10 18:01:21.717657,2025-10-10,,de.linkedin.com/jobs/view/experte-f%C3%BCr-unterwasser-navigation-kalman-filter-spatial-ai-m-w-x-at-evologics-gmbh-4310284351
SOC Analyst (w/m/d) - Germany based,Kraken,Berlin,LinkedIn,https://de.linkedin.com/jobs/view/soc-analyst-w-m-d-germany-based-at-kraken-4313210311?position=37&pageNum=0&refId=10duQMM2JVjhl2WjZgT0Xw%3D%3D&trackingId=dhfZd05qur58Df7EE6BBHw%3D%3D,Not specified,2025-10-10 18:01:21.717774,2025-10-10,,de.linkedin.com/jobs/view/soc-analyst-w-m-d-germany-based-at-kraken-4313210311
ID 926/2025 - (Umwelt-) Informatiker*in,Hochschule für Technik und Wirtschaft Berlin,Berlin,LinkedIn,https://de.linkedin.com/jobs/view/id-926-2025-umwelt-informatiker-in-at-hochschule-f%C3%BCr-technik-und-wirtschaft-berlin-4312740854?position=40&pageNum=0&refId=10duQMM2JVjhl2WjZgT0Xw%3D%3D&trackingId=kCUWlpSE1AFZ8Tf1D9wmvg%3D%3D,Not specified,2025-10-10 18:01:21.718146,2025-10-09,,de.linkedin.com/jobs/view/id-926-2025-umwelt-informatiker-in-at-hochschule-f%C3%BCr-technik-und-wirtschaft-berlin-4312740854
Strategic Account Technology,Microsoft,Berlin,LinkedIn,https://de.linkedin.com/jobs/view/strategic-account-technology-at-microsoft-4312769751?position=43&pageNum=0&refId=10duQMM2JVjhl2WjZgT0Xw%3D%3D&trackingId=4Lv9bFFCf%2BgpIpmJyE9ugA%3D%3D,Not specified,2025-10-10 18:01:21.718498,2025-10-09,,de.linkedin.com/jobs/view/strategic-account-technology-at-microsoft-4312769751
Workflow Specialist/No-Code Entwickler (m/w/d) Burgermeister,Burgermeister,Berlin,LinkedIn,https://de.linkedin.com/jobs/view/workflow-specialist-no-code-entwickler-m-w-d-burgermeister-at-burgermeister-4312828697?position=44&pageNum=0&refId=10duQMM2JVjhl2WjZgT0Xw%3D%3D&trackingId=%2FLwddJ9ti46wNcKhXR7Q1Q%3D%3D,Not specified,2025-10-10 18:01:21.718614,2025-10-10,,de.linkedin.com/jobs/view/workflow-specialist-no-code-entwickler-m-w-d-burgermeister-at-burgermeister-4312828697
IT Consultant (all genders) - BCG Platinion,BCG Platinion,Berlin,LinkedIn,https://de.linkedin.com/jobs/view/it-consultant-all-genders-bcg-platinion-at-bcg-platinion-4062756352?position=46&pageNum=0&refId=10duQMM2JVjhl2WjZgT0Xw%3D%3D&trackingId=KaBwIh2yND0mlh7MADhkhg%3D%3D,Not specified,2025-10-10 18:01:21.718844,2025-10-10,,de.linkedin.com/jobs/view/it-consultant-all-genders-bcg-platinion-at-bcg-platinion-4062756352
Senior Backend Engineer/Développeur Logiciel Backend,Reliant AI,Berlin,LinkedIn,https://de.linkedin.com/jobs/view/senior-backend-engineer-d%C3%A9veloppeur-logiciel-backend-at-reliant-ai-4310240790?position=52&pageNum=0&refId=10duQMM2JVjhl2WjZgT0Xw%3D%3D&trackingId=CmTY1439e%2Bd7Ah9ElMY6Og%3D%3D,Not specified,2025-10-10 18:01:21.719546,2025-10-09,,de.linkedin.com/jobs/view/senior-backend-engineer-d%C3%A9veloppeur-logiciel-backend-at-reliant-ai-4310240790
GTM Growth Specialist (d/f/m) - AI & Automation,Leapsome,Berlin,LinkedIn,https://de.linkedin.com/jobs/view/gtm-growth-specialist-d-f-m-ai-automation-at-leapsome-4280822604?position=55&pageNum=0&refId=10duQMM2JVjhl2WjZgT0Xw%3D%3D&trackingId=wIAbjCfmmqosn4f3coy%2FIg%3D%3D,Not specified,2025-10-10 18:01:21.719891,2025-10-10,,de.linkedin.com/jobs/view/gtm-growth-specialist-d-f-m-ai-automation-at-leapsome-4280822604
AI Software Developer,BITA,Frankfurt/Rhein-Main,LinkedIn,https://de.linkedin.com/jobs/view/ai-software-developer-at-bita-4312156731?position=1&pageNum=0&refId=zSvitZubvbkwEy2usQs88A%3D%3D&trackingId=kOgwGLN6%2Btc%2FvdIco4Z5IA%3D%3D,Not specified,2025-10-10 18:01:24.935935,2025-10-09,,de.linkedin.com/jobs/view/ai-software-developer-at-bita-4312156731
Deployment Strategist (Multiple Levels),Salesforce,Frankfurt,LinkedIn,https://de.linkedin.com/jobs/view/deployment-strategist-multiple-levels-at-salesforce-4279129082?position=14&pageNum=0&refId=zSvitZubvbkwEy2usQs88A%3D%3D&trackingId=ts2FoCGK6c9ippr6Lmv9Xg%3D%3D,Not specified,2025-10-10 18:01:24.937199,2025-10-10,,de.linkedin.com/jobs/view/deployment-strategist-multiple-levels-at-salesforce-4279129082
Abschlussarbeit im Bereich Softwareentwicklung mit KI,RMG Messtechnik GmbH,Butzbach,LinkedIn,https://de.linkedin.com/jobs/view/abschlussarbeit-im-bereich-softwareentwicklung-mit-ki-at-rmg-messtechnik-gmbh-4310276978?position=18&pageNum=0&refId=zSvitZubvbkwEy2usQs88A%3D%3D&trackingId=7fk45SvdC90y5u%2Bcg1aWPA%3D%3D,Not specified,2025-10-10 18:01:24.937548,2025-10-10,,de.linkedin.com/jobs/view/abschlussarbeit-im-bereich-softwareentwicklung-mit-ki-at-rmg-messtechnik-gmbh-4310276978
Senior Consultant Digital Strategy & AI (m/w/d),Empion,Mainz,LinkedIn,https://de.linkedin.com/jobs/view/senior-consultant-digital-strategy-ai-m-w-d-at-empion-4312953998?position=20&pageNum=0&refId=zSvitZubvbkwEy2usQs88A%3D%3D&trackingId=mJF6OoBsIPe%2FUqf%2F7Y81sw%3D%3D,Not specified,2025-10-10 18:01:24.937725,2025-10-10,,de.linkedin.com/jobs/view/senior-consultant-digital-strategy-ai-m-w-d-at-empion-4312953998
Algorithm Engineer  (Motion Planning) Team Leader,VINFAST,Frankfurt am Main,LinkedIn,https://de.linkedin.com/jobs/view/algorithm-engineer-motion-planning-team-leader-at-vinfast-4312933600?position=21&pageNum=0&refId=zSvitZubvbkwEy2usQs88A%3D%3D&trackingId=HFFZ8DACR18U6LIKhPn5NQ%3D%3D,Not specified,2025-10-10 18:01:24.937813,2025-10-10,,de.linkedin.com/jobs/view/algorithm-engineer-motion-planning-team-leader-at-vinfast-4312933600
Expert Algorithm Engineer (Motion Planning),VINFAST,Frankfurt am Main,LinkedIn,https://de.linkedin.com/jobs/view/expert-algorithm-engineer-motion-planning-at-vinfast-4312605939?position=22&pageNum=0&refId=zSvitZubvbkwEy2usQs88A%3D%3D&trackingId=OP865MxxZcu5h1iNBoPkwQ%3D%3D,Not specified,2025-10-10 18:01:24.937900,2025-10-10,,de.linkedin.com/jobs/view/expert-algorithm-engineer-motion-planning-at-vinfast-4312605939
Legal Assistant (m/f/d),Northern Data Group,Frankfurt,LinkedIn,https://de.linkedin.com/jobs/view/legal-assistant-m-f-d-at-northern-data-group-4310296050?position=27&pageNum=0&refId=zSvitZubvbkwEy2usQs88A%3D%3D&trackingId=je5fI%2Flf1qrFyEI4mJrXVA%3D%3D,Not specified,2025-10-10 18:01:24.938334,2025-10-10,,de.linkedin.com/jobs/view/legal-assistant-m-f-d-at-northern-data-group-4310296050
Data Regulation Business Partner (m/f/x),Ramboll,Frankfurt,LinkedIn,https://de.linkedin.com/jobs/view/data-regulation-business-partner-m-f-x-at-ramboll-4311153780?position=29&pageNum=0&refId=zSvitZubvbkwEy2usQs88A%3D%3D&trackingId=d%2BHhZ5aEdfFsSZGamwYdkg%3D%3D,Not specified,2025-10-10 18:01:24.938511,2025-10-10,,de.linkedin.com/jobs/view/data-regulation-business-partner-m-f-x-at-ramboll-4311153780
Leiter Industrial Engineering (m/w/d),HÖRMANN Gruppe,Ginsheim-Gustavsburg,LinkedIn,https://de.linkedin.com/jobs/view/leiter-industrial-engineering-m-w-d-at-h%C3%B6rmann-gruppe-4312665441?position=35&pageNum=0&refId=zSvitZubvbkwEy2usQs88A%3D%3D&trackingId=k%2BG5hE1PfgW3wwlVn2YjAg%3D%3D,Not specified,2025-10-10 18:01:24.939033,2025-10-10,,de.linkedin.com/jobs/view/leiter-industrial-engineering-m-w-d-at-h%C3%B6rmann-gruppe-4312665441
Managing Consultant Azure AI Services (all genders),adesso SE,Frankfurt,LinkedIn,https://de.linkedin.com/jobs/view/managing-consultant-azure-ai-services-all-genders-at-adesso-se-4312826400?position=40&pageNum=0&refId=zSvitZubvbkwEy2usQs88A%3D%3D&trackingId=%2F5s8c%2Bgp1ikt9YX3%2BCcIWw%3D%3D,Not specified,2025-10-10 18:01:24.939469,2025-10-10,,de.linkedin.com/jobs/view/managing-consultant-azure-ai-services-all-genders-at-adesso-se-4312826400
Junior PHP Entwickler (Frankfurt),Zero to One Search | Recruitment Agency,Frankfurt am Main,LinkedIn,https://de.linkedin.com/jobs/view/junior-php-entwickler-frankfurt-at-zero-to-one-search-recruitment-agency-4310725049?position=49&pageNum=0&refId=zSvitZubvbkwEy2usQs88A%3D%3D&trackingId=13mMrHtChDSLXJ5Mfb3I6A%3D%3D,Not specified,2025-10-10 18:01:24.940255,2025-10-10,,de.linkedin.com/jobs/view/junior-php-entwickler-frankfurt-at-zero-to-one-search-recruitment-agency-4310725049
"Senior, Specialist Solution Engineer",Salesforce,Frankfurt,LinkedIn,https://de.linkedin.com/jobs/view/senior-specialist-solution-engineer-at-salesforce-4275915764?position=50&pageNum=0&refId=zSvitZubvbkwEy2usQs88A%3D%3D&trackingId=KYWOmy0RbOd6zi7LqmPo2Q%3D%3D,Not specified,2025-10-10 18:01:24.940338,2025-10-10,,de.linkedin.com/jobs/view/senior-specialist-solution-engineer-at-salesforce-4275915764
Fullstack Developer (m/w/d),Experis Deutschland,Offenbach am Main,LinkedIn,https://de.linkedin.com/jobs/view/fullstack-developer-m-w-d-at-experis-deutschland-4312829307?position=53&pageNum=0&refId=zSvitZubvbkwEy2usQs88A%3D%3D&trackingId=9q7W3nTPg2Lsq5OPMZLIyA%3D%3D,Not specified,2025-10-10 18:01:24.940605,2025-10-10,,de.linkedin.com/jobs/view/fullstack-developer-m-w-d-at-experis-deutschland-4312829307
Mediengestalter*in Druckvorstufe,Resopal GmbH,Gross-Umstadt,LinkedIn,https://de.linkedin.com/jobs/view/mediengestalter-in-druckvorstufe-at-resopal-gmbh-4312961815?position=57&pageNum=0&refId=zSvitZubvbkwEy2usQs88A%3D%3D&trackingId=wfInOIjoarJ7pV6sqSegHg%3D%3D,Not specified,2025-10-10 18:01:24.940969,2025-10-10,,de.linkedin.com/jobs/view/mediengestalter-in-druckvorstufe-at-resopal-gmbh-4312961815
Technical Consultant (all genders) - BCG Platinion,BCG Platinion,Düsseldorf,LinkedIn,https://de.linkedin.com/jobs/view/technical-consultant-all-genders-bcg-platinion-at-bcg-platinion-4132374666?position=11&pageNum=0&refId=B4ZxvzzI%2BmP6xOb3pE2mjA%3D%3D&trackingId=e4AR6wd6uDSn8kke4KlGLg%3D%3D,Not specified,2025-10-10 18:01:27.997018,2025-10-10,,de.linkedin.com/jobs/view/technical-consultant-all-genders-bcg-platinion-at-bcg-platinion-4132374666
Kommunikationsdesigner:in (all genders),FOND OF,Region Köln/Bonn,LinkedIn,https://de.linkedin.com/jobs/view/kommunikationsdesigner-in-all-genders-at-fond-of-4312662881?position=21&pageNum=0&refId=B4ZxvzzI%2BmP6xOb3pE2mjA%3D%3D&trackingId=IR81JAlPErGrxa0uNUIy%2Bg%3D%3D,Not specified,2025-10-10 18:01:27.998160,2025-10-10,,de.linkedin.com/jobs/view/kommunikationsdesigner-in-all-genders-at-fond-of-4312662881
Kommunikationsdesigner (m/w/d),Everbrent GmbH,Köln,LinkedIn,https://de.linkedin.com/jobs/view/kommunikationsdesigner-m-w-d-at-everbrent-gmbh-4310707545?position=25&pageNum=0&refId=B4ZxvzzI%2BmP6xOb3pE2mjA%3D%3D&trackingId=z0iGRXbacFeHXkpXF23d9g%3D%3D,Not specified,2025-10-10 18:01:27.998662,2025-10-10,,de.linkedin.com/jobs/view/kommunikationsdesigner-m-w-d-at-everbrent-gmbh-4310707545
Volontär für den Bereich gewerblich-technische Berufe | m/w/d,Westermann Gruppe,Köln,LinkedIn,https://de.linkedin.com/jobs/view/volont%C3%A4r-f%C3%BCr-den-bereich-gewerblich-technische-berufe-m-w-d-at-westermann-gruppe-4309992839?position=27&pageNum=0&refId=B4ZxvzzI%2BmP6xOb3pE2mjA%3D%3D&trackingId=uLJ4WHxKIJkKGhPcjiJ%2F5g%3D%3D,Not specified,2025-10-10 18:01:27.998910,2025-10-09,,de.linkedin.com/jobs/view/volont%C3%A4r-f%C3%BCr-den-bereich-gewerblich-technische-berufe-m-w-d-at-westermann-gruppe-4309992839
Teamleiter:in Software-Engineering,Amoria Bond,Bergisch Gladbach,LinkedIn,https://de.linkedin.com/jobs/view/teamleiter-in-software-engineering-at-amoria-bond-4310716354?position=28&pageNum=0&refId=B4ZxvzzI%2BmP6xOb3pE2mjA%3D%3D&trackingId=UDMfutdP6yJs6uBxX5m2Hw%3D%3D,Not specified,2025-10-10 18:01:27.999035,2025-10-10,,de.linkedin.com/jobs/view/teamleiter-in-software-engineering-at-amoria-bond-4310716354
Managing Consultant Azure AI Services (all genders),adesso SE,Köln,LinkedIn,https://de.linkedin.com/jobs/view/managing-consultant-azure-ai-services-all-genders-at-adesso-se-4312834115?position=32&pageNum=0&refId=B4ZxvzzI%2BmP6xOb3pE2mjA%3D%3D&trackingId=upIQ0yI7doHgT5Wtrc2WJg%3D%3D,Not specified,2025-10-10 18:01:27.999535,2025-10-10,,de.linkedin.com/jobs/view/managing-consultant-azure-ai-services-all-genders-at-adesso-se-4312834115
"Frontend Software Developer (TypeScript/React, f/m/d)",ONIQ,Köln,LinkedIn,https://de.linkedin.com/jobs/view/frontend-software-developer-typescript-react-f-m-d-at-oniq-4310731130?position=39&pageNum=0&refId=B4ZxvzzI%2BmP6xOb3pE2mjA%3D%3D&trackingId=SZBbTH8l0CRzg%2Fa8pvmS6Q%3D%3D,Not specified,2025-10-10 18:01:28.000414,2025-10-10,,de.linkedin.com/jobs/view/frontend-software-developer-typescript-react-f-m-d-at-oniq-4310731130
Auftragsmanager (m/w/d) - 1KOMMA5° Remscheid,1KOMMA5°,Wuppertal,LinkedIn,https://de.linkedin.com/jobs/view/auftragsmanager-m-w-d-1komma5%C2%B0-remscheid-at-1komma5%C2%B0-4312755721?position=47&pageNum=0&refId=B4ZxvzzI%2BmP6xOb3pE2mjA%3D%3D&trackingId=EZQLDxE%2FlmVO%2FR%2FXpnrO3Q%3D%3D,Not specified,2025-10-10 18:01:28.001375,2025-10-09,,de.linkedin.com/jobs/view/auftragsmanager-m-w-d-1komma5%C2%B0-remscheid-at-1komma5%C2%B0-4312755721
Managing Consultant Azure AI Services (all genders),adesso SE,Bonn,LinkedIn,https://de.linkedin.com/jobs/view/managing-consultant-azure-ai-services-all-genders-at-adesso-se-4312830306?position=48&pageNum=0&refId=B4ZxvzzI%2BmP6xOb3pE2mjA%3D%3D&trackingId=nVbD0QJUi3KepcpnCc%2BpPg%3D%3D,Not specified,2025-10-10 18:01:28.001492,2025-10-10,,de.linkedin.com/jobs/view/managing-consultant-azure-ai-services-all-genders-at-adesso-se-4312830306
Managing Consultant Azure AI Services (all genders),adesso SE,Düsseldorf,LinkedIn,https://de.linkedin.com/jobs/view/managing-consultant-azure-ai-services-all-genders-at-adesso-se-4312832211?position=51&pageNum=0&refId=B4ZxvzzI%2BmP6xOb3pE2mjA%3D%3D&trackingId=0YS5FxDxlI7EXg1uhoPCEQ%3D%3D,Not specified,2025-10-10 18:01:28.001840,2025-10-10,,de.linkedin.com/jobs/view/managing-consultant-azure-ai-services-all-genders-at-adesso-se-4312832211
Minijobber:in / 520€ Basis / Aushilfe in der Logistik / Lager (m/w/d),DocCheck,Köln,LinkedIn,https://de.linkedin.com/jobs/view/minijobber-in-520%E2%82%AC-basis-aushilfe-in-der-logistik-lager-m-w-d-at-doccheck-4312821120?position=53&pageNum=0&refId=B4ZxvzzI%2BmP6xOb3pE2mjA%3D%3D&trackingId=C95KXarVBiA1%2Bz%2F1PzaDjQ%3D%3D,Not specified,2025-10-10 18:01:28.002072,2025-10-10,,de.linkedin.com/jobs/view/minijobber-in-520%E2%82%AC-basis-aushilfe-in-der-logistik-lager-m-w-d-at-doccheck-4312821120
Senior IT Architect (all genders) - BCG Platinion,BCG Platinion,Düsseldorf,LinkedIn,https://de.linkedin.com/jobs/view/senior-it-architect-all-genders-bcg-platinion-at-bcg-platinion-4132377217?position=56&pageNum=0&refId=B4ZxvzzI%2BmP6xOb3pE2mjA%3D%3D&trackingId=9SVBIiBHWjX949Tl9VdTKg%3D%3D,Not specified,2025-10-10 18:01:28.002423,2025-10-10,,de.linkedin.com/jobs/view/senior-it-architect-all-genders-bcg-platinion-at-bcg-platinion-4132377217
Managing Consultant Azure AI Services (all genders),adesso SE,Ulm,LinkedIn,https://de.linkedin.com/jobs/view/managing-consultant-azure-ai-services-all-genders-at-adesso-se-4312819631?position=3&pageNum=0&refId=EiRny5fFwA8QIN2zV39GXQ%3D%3D&trackingId=KVtZsz%2B3o3GdxDB%2F%2BXMZLA%3D%3D,Not specified,2025-10-10 18:01:30.675003,2025-10-10,,de.linkedin.com/jobs/view/managing-consultant-azure-ai-services-all-genders-at-adesso-se-4312819631
Solution Engineer Infrastructure,Microsoft,"Thurgau, Schweiz",LinkedIn,https://ch.linkedin.com/jobs/view/solution-engineer-infrastructure-at-microsoft-4312730029?position=3&pageNum=0&refId=JInoi1l2Oli30ZUnnDPM9g%3D%3D&trackingId=T3CRZhrax9%2BLVkGzJfQAcA%3D%3D,Not specified,2025-10-10 18:01:33.431455,2025-10-09,,ch.linkedin.com/jobs/view/solution-engineer-infrastructure-at-microsoft-4312730029
Solution Engineer Infrastructure,Microsoft,"Schaffhausen, Schaffhausen, Schweiz",LinkedIn,https://ch.linkedin.com/jobs/view/solution-engineer-infrastructure-at-microsoft-4312709928?position=4&pageNum=0&refId=JInoi1l2Oli30ZUnnDPM9g%3D%3D&trackingId=4uS3e%2FMSm1vzReTuqAnlSQ%3D%3D,Not specified,2025-10-10 18:01:33.431560,2025-10-09,,ch.linkedin.com/jobs/view/solution-engineer-infrastructure-at-microsoft-4312709928
Solution Engineer Infrastructure,Microsoft,"Sankt Gallen, Sankt Gallen, Schweiz",LinkedIn,https://ch.linkedin.com/jobs/view/solution-engineer-infrastructure-at-microsoft-4312726082?position=7&pageNum=0&refId=JInoi1l2Oli30ZUnnDPM9g%3D%3D&trackingId=TP9RZlJi8CEVSo50bWfwWw%3D%3D,Not specified,2025-10-10 18:01:33.432000,2025-10-09,,ch.linkedin.com/jobs/view/solution-engineer-infrastructure-at-microsoft-4312726082
Global Black Belt Specialist (GBB)  - AI Business Process,Microsoft,"Thurgau, Schweiz",LinkedIn,https://ch.linkedin.com/jobs/view/global-black-belt-specialist-gbb-ai-business-process-at-microsoft-4312983119?position=8&pageNum=0&refId=JInoi1l2Oli30ZUnnDPM9g%3D%3D&trackingId=2t7s06qMC4QPzobhAVTCSQ%3D%3D,Not specified,2025-10-10 18:01:33.432105,2025-10-10,,ch.linkedin.com/jobs/view/global-black-belt-specialist-gbb-ai-business-process-at-microsoft-4312983119
Global Black Belt Specialist (GBB)  - AI Business Process,Microsoft,"Sankt Gallen, Sankt Gallen, Schweiz",LinkedIn,https://ch.linkedin.com/jobs/view/global-black-belt-specialist-gbb-ai-business-process-at-microsoft-4312967688?position=17&pageNum=0&refId=JInoi1l2Oli30ZUnnDPM9g%3D%3D&trackingId=WRaMJq2xH9G9L1opYSjYxQ%3D%3D,Not specified,2025-10-10 18:01:33.433409,2025-10-10,,ch.linkedin.com/jobs/view/global-black-belt-specialist-gbb-ai-business-process-at-microsoft-4312967688
Global Black Belt Specialist (GBB)  - AI Business Process,Microsoft,"Schaffhausen, Schaffhausen, Schweiz",LinkedIn,https://ch.linkedin.com/jobs/view/global-black-belt-specialist-gbb-ai-business-process-at-microsoft-4312983115?position=18&pageNum=0&refId=JInoi1l2Oli30ZUnnDPM9g%3D%3D&trackingId=%2FauPwmV3SXBdnzqzjoJn%2Fg%3D%3D,Not specified,2025-10-10 18:01:33.433513,2025-10-10,,ch.linkedin.com/jobs/view/global-black-belt-specialist-gbb-ai-business-process-at-microsoft-4312983115
Enterprise Integration Architect (all genders),AXA,"Winterthur, Zürich, Schweiz",LinkedIn,https://ch.linkedin.com/jobs/view/enterprise-integration-architect-all-genders-at-axa-4312699859?position=21&pageNum=0&refId=JInoi1l2Oli30ZUnnDPM9g%3D%3D&trackingId=8voAEf7zeGSyQpSz4MTQ1w%3D%3D,Not specified,2025-10-10 18:01:33.434154,2025-10-10,,ch.linkedin.com/jobs/view/enterprise-integration-architect-all-genders-at-axa-4312699859
Experience Designer for Digital Transformation,UBS,"Zürich, Zürich, Schweiz",LinkedIn,https://ch.linkedin.com/jobs/view/experience-designer-for-digital-transformation-at-ubs-4291923716?position=12&pageNum=0&refId=vIN5zNCudIU0avG%2Btf2Rqg%3D%3D&trackingId=VV7Z01hXIIETm4tcHPkVug%3D%3D,Not specified,2025-10-10 18:01:36.359293,2025-10-10,,ch.linkedin.com/jobs/view/experience-designer-for-digital-transformation-at-ubs-4291923716
"Technical Consultant (all genders) - BCG Platinion Zurich, Switzerland",BCG Platinion,"Zürich, Zürich, Schweiz",LinkedIn,https://ch.linkedin.com/jobs/view/technical-consultant-all-genders-bcg-platinion-zurich-switzerland-at-bcg-platinion-4062718855?position=14&pageNum=0&refId=vIN5zNCudIU0avG%2Btf2Rqg%3D%3D&trackingId=IhrafDXyV4IOsb7MBd8XWA%3D%3D,Not specified,2025-10-10 18:01:36.359490,2025-10-10,,ch.linkedin.com/jobs/view/technical-consultant-all-genders-bcg-platinion-zurich-switzerland-at-bcg-platinion-4062718855
Bexio KI Treuhänder/-in,rombro.ch,"Volketswil, Zürich, Schweiz",LinkedIn,https://ch.linkedin.com/jobs/view/bexio-ki-treuh%C3%A4nder-in-at-rombro-ch-4310256923?position=17&pageNum=0&refId=vIN5zNCudIU0avG%2Btf2Rqg%3D%3D&trackingId=SaL8ZZmv08L7yrDfXPVDYw%3D%3D,Not specified,2025-10-10 18:01:36.359789,2025-10-09,,ch.linkedin.com/jobs/view/bexio-ki-treuh%C3%A4nder-in-at-rombro-ch-4310256923
Solution Engineer Infrastructure,Microsoft,"Zürich, Zürich, Schweiz",LinkedIn,https://ch.linkedin.com/jobs/view/solution-engineer-infrastructure-at-microsoft-4312711816?position=22&pageNum=0&refId=vIN5zNCudIU0avG%2Btf2Rqg%3D%3D&trackingId=DU9Z8e6dXVqwpIKs7X52tQ%3D%3D,Not specified,2025-10-10 18:01:36.360285,2025-10-09,,ch.linkedin.com/jobs/view/solution-engineer-infrastructure-at-microsoft-4312711816
Solution Engineer Infrastructure,Microsoft,"Zug, Zug, Schweiz",LinkedIn,https://ch.linkedin.com/jobs/view/solution-engineer-infrastructure-at-microsoft-4312728078?position=25&pageNum=0&refId=vIN5zNCudIU0avG%2Btf2Rqg%3D%3D&trackingId=EiAqo4QPSui7Eh0ew2GxyQ%3D%3D,Not specified,2025-10-10 18:01:36.360577,2025-10-09,,ch.linkedin.com/jobs/view/solution-engineer-infrastructure-at-microsoft-4312728078
Global Black Belt Specialist (GBB)  - AI Business Process,Microsoft,"Schwyz, Schweiz",LinkedIn,https://ch.linkedin.com/jobs/view/global-black-belt-specialist-gbb-ai-business-process-at-microsoft-4313229810?position=32&pageNum=0&refId=vIN5zNCudIU0avG%2Btf2Rqg%3D%3D&trackingId=yeJN1TvbM%2B8ApYxshWIEsA%3D%3D,Not specified,2025-10-10 18:01:36.361263,2025-10-10,,ch.linkedin.com/jobs/view/global-black-belt-specialist-gbb-ai-business-process-at-microsoft-4313229810
Solution Engineer Infrastructure,Microsoft,"Aargau, Schweiz",LinkedIn,https://ch.linkedin.com/jobs/view/solution-engineer-infrastructure-at-microsoft-4312718288?position=34&pageNum=0&refId=vIN5zNCudIU0avG%2Btf2Rqg%3D%3D&trackingId=IQ8j0urOMXU9gE1xmLJ%2FWw%3D%3D,Not specified,2025-10-10 18:01:36.361464,2025-10-09,,ch.linkedin.com/jobs/view/solution-engineer-infrastructure-at-microsoft-4312718288
Solution Engineer Infrastructure,Microsoft,"Schwyz, Schwyz, Schweiz",LinkedIn,https://ch.linkedin.com/jobs/view/solution-engineer-infrastructure-at-microsoft-4312728079?position=37&pageNum=0&refId=vIN5zNCudIU0avG%2Btf2Rqg%3D%3D&trackingId=V8yunI5AqSImiz14C1a6uA%3D%3D,Not specified,2025-10-10 18:01:36.361761,2025-10-09,,ch.linkedin.com/jobs/view/solution-engineer-infrastructure-at-microsoft-4312728079
Solution Engineer Infrastructure,Microsoft,"Luzern, Luzern, Schweiz",LinkedIn,https://ch.linkedin.com/jobs/view/solution-engineer-infrastructure-at-microsoft-4312717312?position=38&pageNum=0&refId=vIN5zNCudIU0avG%2Btf2Rqg%3D%3D&trackingId=YFOGlx8h0CXp2uuQoqFY6A%3D%3D,Not specified,2025-10-10 18:01:36.361860,2025-10-09,,ch.linkedin.com/jobs/view/solution-engineer-infrastructure-at-microsoft-4312717312
Value Business Case Lead (f/m/x),IBM,"Zürich, Zürich, Schweiz",LinkedIn,https://ch.linkedin.com/jobs/view/value-business-case-lead-f-m-x-at-ibm-4301065237?position=40&pageNum=0&refId=vIN5zNCudIU0avG%2Btf2Rqg%3D%3D&trackingId=5yRNgvQrpO2IsVxuQ9r8DA%3D%3D,Not specified,2025-10-10 18:01:36.362058,2025-10-10,,ch.linkedin.com/jobs/view/value-business-case-lead-f-m-x-at-ibm-4301065237
"IT Architect (all genders) - BCG Platinion Zurich, Switzerland",BCG Platinion,"Zürich, Zürich, Schweiz",LinkedIn,https://ch.linkedin.com/jobs/view/it-architect-all-genders-bcg-platinion-zurich-switzerland-at-bcg-platinion-4062724081?position=44&pageNum=0&refId=vIN5zNCudIU0avG%2Btf2Rqg%3D%3D&trackingId=3DiU9TH%2FUNt0uL3f4ElGcQ%3D%3D,Not specified,2025-10-10 18:01:36.362449,2025-10-10,,ch.linkedin.com/jobs/view/it-architect-all-genders-bcg-platinion-zurich-switzerland-at-bcg-platinion-4062724081
(Senior) Consultant Immigration - EY,Jobs via eFinancialCareers,"Zürich, Zürich, Schweiz",LinkedIn,https://ch.linkedin.com/jobs/view/senior-consultant-immigration-ey-at-jobs-via-efinancialcareers-4309030747?position=47&pageNum=0&refId=vIN5zNCudIU0avG%2Btf2Rqg%3D%3D&trackingId=1%2BmPIxYU3h2zaYnqnqutug%3D%3D,Not specified,2025-10-10 18:01:36.362744,2025-10-10,,ch.linkedin.com/jobs/view/senior-consultant-immigration-ey-at-jobs-via-efinancialcareers-4309030747
Global Black Belt Specialist (GBB)  - AI Business Process,Microsoft,"Zug, Zug, Schweiz",LinkedIn,https://ch.linkedin.com/jobs/view/global-black-belt-specialist-gbb-ai-business-process-at-microsoft-4312969652?position=48&pageNum=0&refId=vIN5zNCudIU0avG%2Btf2Rqg%3D%3D&trackingId=2C19uMtKx19O6XezGnmmpw%3D%3D,Not specified,2025-10-10 18:01:36.362842,2025-10-10,,ch.linkedin.com/jobs/view/global-black-belt-specialist-gbb-ai-business-process-at-microsoft-4312969652
Staff Incubation Engineer,Snyk,"Zürich, Zürich, Schweiz",LinkedIn,https://ch.linkedin.com/jobs/view/staff-incubation-engineer-at-snyk-4310722045?position=50&pageNum=0&refId=vIN5zNCudIU0avG%2Btf2Rqg%3D%3D&trackingId=m5cNLVp4G8BVaf7WwQfc8A%3D%3D,Not specified,2025-10-10 18:01:36.363039,2025-10-10,,ch.linkedin.com/jobs/view/staff-incubation-engineer-at-snyk-4310722045
Global Black Belt Specialist (GBB)  - AI Business Process,Microsoft,"Schwyz, Schwyz, Schweiz",LinkedIn,https://ch.linkedin.com/jobs/view/global-black-belt-specialist-gbb-ai-business-process-at-microsoft-4312978392?position=55&pageNum=0&refId=vIN5zNCudIU0avG%2Btf2Rqg%3D%3D&trackingId=UTQjqN1lIr%2F25IztVhiaWw%3D%3D,Not specified,2025-10-10 18:01:36.363536,2025-10-10,,ch.linkedin.com/jobs/view/global-black-belt-specialist-gbb-ai-business-process-at-microsoft-4312978392
Global Black Belt Specialist (GBB)  - AI Business Process,Microsoft,"Aargau, Schweiz",LinkedIn,https://ch.linkedin.com/jobs/view/global-black-belt-specialist-gbb-ai-business-process-at-microsoft-4312978390?position=60&pageNum=0&refId=vIN5zNCudIU0avG%2Btf2Rqg%3D%3D&trackingId=mwqF7ELUA9d32AIdZbIDgw%3D%3D,Not specified,2025-10-10 18:01:36.364031,2025-10-10,,ch.linkedin.com/jobs/view/global-black-belt-specialist-gbb-ai-business-process-at-microsoft-4312978390
Full Stack AI Engineer / Softwareentwickler,Instaffo,Bochum,LinkedIn,https://de.linkedin.com/jobs/view/full-stack-ai-engineer-softwareentwickler-at-instaffo-4278656371?position=51&pageNum=0&refId=vsdzP13hOkIHb5WMITWfdA%3D%3D&trackingId=1HXmx3iIyztFCcolQfPUYA%3D%3D,Not specified,2025-10-10 18:01:39.243682,2025-10-10,,de.linkedin.com/jobs/view/full-stack-ai-engineer-softwareentwickler-at-instaffo-4278656371
Content Writer with Czech,Careerxtra,Essen,LinkedIn,https://de.linkedin.com/jobs/view/content-writer-with-czech-at-careerxtra-4310257861?position=53&pageNum=0&refId=vsdzP13hOkIHb5WMITWfdA%3D%3D&trackingId=PlwMA3wYkNZE21Eh5pn0NQ%3D%3D,Not specified,2025-10-10 18:01:39.243908,2025-10-09,,de.linkedin.com/jobs/view/content-writer-with-czech-at-careerxtra-4310257861
Managing Consultant Azure AI Services (all genders),adesso SE,Essen,LinkedIn,https://de.linkedin.com/jobs/view/managing-consultant-azure-ai-services-all-genders-at-adesso-se-4312827426?position=55&pageNum=0&refId=vsdzP13hOkIHb5WMITWfdA%3D%3D&trackingId=rIXKejPCBS4R7RdGCJ%2BE4w%3D%3D,Not specified,2025-10-10 18:01:39.244103,2025-10-10,,de.linkedin.com/jobs/view/managing-consultant-azure-ai-services-all-genders-at-adesso-se-4312827426
Projektleiter (m/w/d) Einführung Artifical Intelligence (AI),"IKA – Laboratory, Analytical and Process Technology",Staufen im Breisgau,LinkedIn,https://de.linkedin.com/jobs/view/projektleiter-m-w-d-einf%C3%BChrung-artifical-intelligence-ai-at-ika-%E2%80%93-laboratory-analytical-and-process-technology-4313241729?position=1&pageNum=0&refId=4E1GUYVwz%2FUhxbOuv9pCcg%3D%3D&trackingId=DUAgNrJDP3Pf83sOS6n8Gg%3D%3D,Not specified,2025-10-10 18:01:41.790177,2025-10-10,,de.linkedin.com/jobs/view/projektleiter-m-w-d-einf%C3%BChrung-artifical-intelligence-ai-at-ika-%E2%80%93-laboratory-analytical-and-process-technology-4313241729
Contrôleur de gestion - Pôle grands comptes F/H,WeMa,"Colmar, Großer Osten, Frankreich",LinkedIn,https://fr.linkedin.com/jobs/view/contr%C3%B4leur-de-gestion-p%C3%B4le-grands-comptes-f-h-at-wema-4312758839?position=3&pageNum=0&refId=4E1GUYVwz%2FUhxbOuv9pCcg%3D%3D&trackingId=aJUk61jH%2FLW4YSIMBneyPA%3D%3D,Not specified,2025-10-10 18:01:41.790649,2025-10-09,,fr.linkedin.com/jobs/view/contr%C3%B4leur-de-gestion-p%C3%B4le-grands-comptes-f-h-at-wema-4312758839
Contrôleur de gestion - Pôle grands comptes F/H,WeMa - Calculus International,"Colmar, Großer Osten, Frankreich",LinkedIn,https://fr.linkedin.com/jobs/view/contr%C3%B4leur-de-gestion-p%C3%B4le-grands-comptes-f-h-at-wema-calculus-international-4312796124?position=6&pageNum=0&refId=4E1GUYVwz%2FUhxbOuv9pCcg%3D%3D&trackingId=4LBRPNPzVwLzQy8zJFFBwg%3D%3D,Not specified,2025-10-10 18:01:41.791255,2025-10-09,,fr.linkedin.com/jobs/view/contr%C3%B4leur-de-gestion-p%C3%B4le-grands-comptes-f-h-at-wema-calculus-international-4312796124
Managing Consultant Azure AI Services (all genders),adesso SE,Nürnberg,LinkedIn,https://de.linkedin.com/jobs/view/managing-consultant-azure-ai-services-all-genders-at-adesso-se-4312813759?position=10&pageNum=0&refId=1FEedf%2B%2B65bKasdAiHKGFw%3D%3D&trackingId=PYWRGdbJXbeKXxte6w63VQ%3D%3D,Not specified,2025-10-10 18:01:44.561282,2025-10-10,,de.linkedin.com/jobs/view/managing-consultant-azure-ai-services-all-genders-at-adesso-se-4312813759
Managing Consultant Azure AI Services (all genders),adesso SE,Augsburg,LinkedIn,https://de.linkedin.com/jobs/view/managing-consultant-azure-ai-services-all-genders-at-adesso-se-4312821567?position=3&pageNum=0&refId=ffY2DXYmARIG84GBxX4SHA%3D%3D&trackingId=dF9LMp548Z6UkM4j7wNAFg%3D%3D,Not specified,2025-10-10 18:01:47.097988,2025-10-10,,de.linkedin.com/jobs/view/managing-consultant-azure-ai-services-all-genders-at-adesso-se-4312821567
Datenschutzkoordinator (m/w/d),IU Internationale Hochschule,Augsburg,LinkedIn,https://de.linkedin.com/jobs/view/datenschutzkoordinator-m-w-d-at-iu-international-university-of-applied-sciences-4302194284?position=5&pageNum=0&refId=ffY2DXYmARIG84GBxX4SHA%3D%3D&trackingId=RU3OQC%2Bl56mcIOUvykvnhQ%3D%3D,Not specified,2025-10-10 18:01:47.098598,2025-10-10,,de.linkedin.com/jobs/view/datenschutzkoordinator-m-w-d-at-iu-international-university-of-applied-sciences-4302194284
Global Technology Excellence & Automation Senior Expert (m/f/d),Trench Group,Erlangen,LinkedIn,https://de.linkedin.com/jobs/view/global-technology-excellence-automation-senior-expert-m-f-d-at-trench-group-4313205195?position=9&pageNum=0&refId=OGM52y%2BXfL%2BPh0zqANRSPA%3D%3D&trackingId=aZjGNHH4dpgSj%2BVyYNsdZQ%3D%3D,Not specified,2025-10-10 18:01:49.821608,2025-10-10,,de.linkedin.com/jobs/view/global-technology-excellence-automation-senior-expert-m-f-d-at-trench-group-4313205195
IT/OT Sicherheitsexperte (w/m/d) für Energieübertragungsanlagen,iSK GmbH Personaldienstleistungen,Erlangen,LinkedIn,https://de.linkedin.com/jobs/view/it-ot-sicherheitsexperte-w-m-d-f%C3%BCr-energie%C3%BCbertragungsanlagen-at-isk-gmbh-personaldienstleistungen-4310276771?position=10&pageNum=0&refId=OGM52y%2BXfL%2BPh0zqANRSPA%3D%3D&trackingId=nZyYG9Vakd%2BCHi1Bj4etYQ%3D%3D,Not specified,2025-10-10 18:01:49.821879,2025-10-10,,de.linkedin.com/jobs/view/it-ot-sicherheitsexperte-w-m-d-f%C3%BCr-energie%C3%BCbertragungsanlagen-at-isk-gmbh-personaldienstleistungen-4310276771
Bachelorarbeit (w/m/d) Entwicklung eines KI-gestützten Analysesystems für die strategische Bewertung von Batterietechnologien im Schienenverkehr,Siemens,Erlangen,LinkedIn,https://de.linkedin.com/jobs/view/bachelorarbeit-w-m-d-entwicklung-eines-ki-gest%C3%BCtzten-analysesystems-f%C3%BCr-die-strategische-bewertung-von-batterietechnologien-im-schienenverkehr-at-siemens-4312152129?position=15&pageNum=0&refId=OGM52y%2BXfL%2BPh0zqANRSPA%3D%3D&trackingId=R7msKc78cXhorDD%2FdEqmXA%3D%3D,Not specified,2025-10-10 18:01:49.823172,2025-10-09,,de.linkedin.com/jobs/view/bachelorarbeit-w-m-d-entwicklung-eines-ki-gest%C3%BCtzten-analysesystems-f%C3%BCr-die-strategische-bewertung-von-batterietechnologien-im-schienenverkehr-at-siemens-4312152129
C/C++ Softwareentwickler Computergrafik (all gender),ALTEN Germany,Erlangen,LinkedIn,https://de.linkedin.com/jobs/view/c-c%2B%2B-softwareentwickler-computergrafik-all-gender-at-alten-germany-4300306294?position=17&pageNum=0&refId=OGM52y%2BXfL%2BPh0zqANRSPA%3D%3D&trackingId=kacrznj50wkICdWBPSfTrA%3D%3D,Not specified,2025-10-10 18:01:49.823680,2025-10-10,,de.linkedin.com/jobs/view/c-c%2B%2B-softwareentwickler-computergrafik-all-gender-at-alten-germany-4300306294
Angebotsingenieur für Systeme der Gasturbinen und Generatoren (w/m/d),Siemens Energy,Erlangen,LinkedIn,https://de.linkedin.com/jobs/view/angebotsingenieur-f%C3%BCr-systeme-der-gasturbinen-und-generatoren-w-m-d-at-siemens-energy-4302406490?position=24&pageNum=0&refId=OGM52y%2BXfL%2BPh0zqANRSPA%3D%3D&trackingId=jzBl6ih1K%2BpOUfK7yEtliA%3D%3D,Not specified,2025-10-10 18:01:49.825476,2025-10-10,,de.linkedin.com/jobs/view/angebotsingenieur-f%C3%BCr-systeme-der-gasturbinen-und-generatoren-w-m-d-at-siemens-energy-4302406490
Leitung (m/w/d) IT-Strategie & Informationssicherheit,Harzwasserwerke GmbH,Hildesheim,LinkedIn,https://de.linkedin.com/jobs/view/leitung-m-w-d-it-strategie-informationssicherheit-at-harzwasserwerke-gmbh-4310206608?position=3&pageNum=0&refId=CPyJAuuF4e55m35aNjJaPA%3D%3D&trackingId=pobuxxgQclpEb%2BMp0jvbvA%3D%3D,Not specified,2025-10-10 18:01:52.519889,2025-10-09,,de.linkedin.com/jobs/view/leitung-m-w-d-it-strategie-informationssicherheit-at-harzwasserwerke-gmbh-4310206608
Managing Consultant Azure AI Services (all genders),adesso SE,Hannover,LinkedIn,https://de.linkedin.com/jobs/view/managing-consultant-azure-ai-services-all-genders-at-adesso-se-4312828344?position=7&pageNum=0&refId=CPyJAuuF4e55m35aNjJaPA%3D%3D&trackingId=ICHglRjG854Z6TSK6297ig%3D%3D,Not specified,2025-10-10 18:01:52.520528,2025-10-10,,de.linkedin.com/jobs/view/managing-consultant-azure-ai-services-all-genders-at-adesso-se-4312828344
Java Softwareentwickler,Finanz Informatik,Hannover,LinkedIn,https://de.linkedin.com/jobs/view/java-softwareentwickler-at-finanz-informatik-4291929170?position=15&pageNum=0&refId=CPyJAuuF4e55m35aNjJaPA%3D%3D&trackingId=%2Fed3ZNvDeIbJPHPGZ0AB4Q%3D%3D,Not specified,2025-10-10 18:01:52.521817,2025-10-10,,de.linkedin.com/jobs/view/java-softwareentwickler-at-finanz-informatik-4291929170
Lead Frontend Engineer (Angular) (m/w/d),Siemens,Hannover,LinkedIn,https://de.linkedin.com/jobs/view/lead-frontend-engineer-angular-m-w-d-at-siemens-4312149423?position=16&pageNum=0&refId=CPyJAuuF4e55m35aNjJaPA%3D%3D&trackingId=oYflky6pyEAeU%2Bi6G53Vtw%3D%3D,Not specified,2025-10-10 18:01:52.521975,2025-10-09,,de.linkedin.com/jobs/view/lead-frontend-engineer-angular-m-w-d-at-siemens-4312149423
