title,company,location,source,url,salary,scraped_at,posted_at,description,job_id
Senior Machine Learning Engineer,Enigma,"Baden-Württemberg, Germany",LinkedIn,https://de.linkedin.com/jobs/view/senior-machine-learning-engineer-at-enigma-4293820903?position=1&pageNum=0&refId=bDlr%2BNpTQpPaJjyT7paBpw%3D%3D&trackingId=wYPz4EPpP2gA6kik9WL38w%3D%3D,Not specified,2025-09-01 21:10:54.028185,2025-09-01,,de.linkedin.com/jobs/view/senior-machine-learning-engineer-at-enigma-4293820903
Data Steward (m/f/d),Philips,"Böblingen, Baden-Württemberg, Germany",LinkedIn,https://de.linkedin.com/jobs/view/data-steward-m-f-d-at-philips-4271712242?position=8&pageNum=0&refId=bDlr%2BNpTQpPaJjyT7paBpw%3D%3D&trackingId=%2B7bBv3%2Bnt7jeGDZ9pQ30Rw%3D%3D,Not specified,2025-09-01 21:10:54.030494,2025-09-01,,de.linkedin.com/jobs/view/data-steward-m-f-d-at-philips-4271712242
Principal Statistical Geneticist,KEMIO Consulting,"Baden-Württemberg, Germany",LinkedIn,https://de.linkedin.com/jobs/view/principal-statistical-geneticist-at-kemio-consulting-4293764964?position=11&pageNum=0&refId=bDlr%2BNpTQpPaJjyT7paBpw%3D%3D&trackingId=XncELCWeJqhUHqMi8shurA%3D%3D,Not specified,2025-09-01 21:10:54.030908,2025-09-01,,de.linkedin.com/jobs/view/principal-statistical-geneticist-at-kemio-consulting-4293764964
Machine Learning (GenAI) Engineer,Orange Quarter,"Berlin, Germany",LinkedIn,https://de.linkedin.com/jobs/view/machine-learning-genai-engineer-at-orange-quarter-4291792916?position=7&pageNum=0&refId=j3%2BV8%2FTfgfP26yzM%2FFGojw%3D%3D&trackingId=9P9a%2Fh9yFoTkRJM5Kh2aJQ%3D%3D,Not specified,2025-09-01 21:10:56.889214,2025-09-01,,de.linkedin.com/jobs/view/machine-learning-genai-engineer-at-orange-quarter-4291792916
Senior Machine Learning Engineer,SGI,"Berlin, Germany",LinkedIn,https://de.linkedin.com/jobs/view/senior-machine-learning-engineer-at-sgi-4251788068?position=8&pageNum=0&refId=j3%2BV8%2FTfgfP26yzM%2FFGojw%3D%3D&trackingId=SNPnAoi9ZFs0C9xlqY4kqg%3D%3D,Not specified,2025-09-01 21:10:56.889350,2025-09-01,,de.linkedin.com/jobs/view/senior-machine-learning-engineer-at-sgi-4251788068
GenAi Specialist,The Law Brain Co.,"Berlin, Berlin, Germany",LinkedIn,https://de.linkedin.com/jobs/view/genai-specialist-at-the-law-brain-co-4294106555?position=10&pageNum=0&refId=j3%2BV8%2FTfgfP26yzM%2FFGojw%3D%3D&trackingId=U2iq5Pm%2FyUsgbll5gq71dA%3D%3D,Not specified,2025-09-01 21:10:56.889620,2025-09-01,,de.linkedin.com/jobs/view/genai-specialist-at-the-law-brain-co-4294106555
Data Analyst (m/w/d),GEMA,"Berlin, Germany",LinkedIn,https://de.linkedin.com/jobs/view/data-analyst-m-w-d-at-gema-4293744658?position=12&pageNum=0&refId=j3%2BV8%2FTfgfP26yzM%2FFGojw%3D%3D&trackingId=SCJs7mM9DuRor3jSdcdzLQ%3D%3D,Not specified,2025-09-01 21:10:56.889872,2025-09-01,,de.linkedin.com/jobs/view/data-analyst-m-w-d-at-gema-4293744658
Business Intelligence Analyst (Mensch),Solandeo GmbH,"Berlin, Germany",LinkedIn,https://de.linkedin.com/jobs/view/business-intelligence-analyst-mensch-at-solandeo-gmbh-4291756740?position=15&pageNum=0&refId=j3%2BV8%2FTfgfP26yzM%2FFGojw%3D%3D&trackingId=NFRqlC0NO8phVCcY6s%2FEmQ%3D%3D,Not specified,2025-09-01 21:10:56.890241,2025-09-01,,de.linkedin.com/jobs/view/business-intelligence-analyst-mensch-at-solandeo-gmbh-4291756740
Data Analyst / Experience Analytics - Digital Workplace (w/m/d),E.ON Digital Technology,"Berlin, Berlin, Germany",LinkedIn,https://de.linkedin.com/jobs/view/data-analyst-experience-analytics-digital-workplace-w-m-d-at-e-on-digital-technology-4283633648?position=22&pageNum=0&refId=j3%2BV8%2FTfgfP26yzM%2FFGojw%3D%3D&trackingId=hTz%2F%2BQu09sGXBU1ivJ%2BwCw%3D%3D,Not specified,2025-09-01 21:10:56.891110,2025-09-01,,de.linkedin.com/jobs/view/data-analyst-experience-analytics-digital-workplace-w-m-d-at-e-on-digital-technology-4283633648
Big Data Architect,Databricks,"Berlin, Berlin, Germany",LinkedIn,https://de.linkedin.com/jobs/view/big-data-architect-at-databricks-4291778853?position=23&pageNum=0&refId=j3%2BV8%2FTfgfP26yzM%2FFGojw%3D%3D&trackingId=D%2Bb7%2FRccMTSXb0bt6c%2F3rQ%3D%3D,Not specified,2025-09-01 21:10:56.891235,2025-09-01,,de.linkedin.com/jobs/view/big-data-architect-at-databricks-4291778853
Administrative Assistant,ZS,"Berlin, Berlin, Germany",LinkedIn,https://de.linkedin.com/jobs/view/administrative-assistant-at-zs-4292211416?position=27&pageNum=0&refId=j3%2BV8%2FTfgfP26yzM%2FFGojw%3D%3D&trackingId=LJQN2V2vrR1ttzYeeJSXUg%3D%3D,Not specified,2025-09-01 21:10:56.891741,2025-09-01,,de.linkedin.com/jobs/view/administrative-assistant-at-zs-4292211416
Embedded Linux Field Engineer for Devices/IoT,Canonical,"Berlin, Berlin, Germany",LinkedIn,https://de.linkedin.com/jobs/view/embedded-linux-field-engineer-for-devices-iot-at-canonical-4293706053?position=28&pageNum=0&refId=j3%2BV8%2FTfgfP26yzM%2FFGojw%3D%3D&trackingId=joUGRIa8VD%2BOjOyrG06L%2Bw%3D%3D,Not specified,2025-09-01 21:10:56.891864,2025-09-01,,de.linkedin.com/jobs/view/embedded-linux-field-engineer-for-devices-iot-at-canonical-4293706053
Senior Analyst - Warner Scott Recruitment,Jobs via eFinancialCareers,"Berlin, Berlin, Germany",LinkedIn,https://de.linkedin.com/jobs/view/senior-analyst-warner-scott-recruitment-at-jobs-via-efinancialcareers-4282950313?position=31&pageNum=0&refId=j3%2BV8%2FTfgfP26yzM%2FFGojw%3D%3D&trackingId=lZuejyY%2F8%2BFlX%2B8SxEec6Q%3D%3D,Not specified,2025-09-01 21:10:56.892237,2025-09-01,,de.linkedin.com/jobs/view/senior-analyst-warner-scott-recruitment-at-jobs-via-efinancialcareers-4282950313
(Senior) Analytics Consultant (m/f/d),Experian,"Frankfurt, Hesse, Germany",LinkedIn,https://de.linkedin.com/jobs/view/senior-analytics-consultant-m-f-d-at-experian-4283169955?position=1&pageNum=0&refId=Bxb0jnYFVfXpKf3Tr1wi0A%3D%3D&trackingId=ssjt2u7SzMEjuT%2Bm18dXwQ%3D%3D,Not specified,2025-09-01 21:10:59.755923,2025-09-01,,de.linkedin.com/jobs/view/senior-analytics-consultant-m-f-d-at-experian-4283169955
Data & Business Analytics Specialist (f/m/d),Deutsche Börse,"Frankfurt, Hesse, Germany",LinkedIn,https://de.linkedin.com/jobs/view/data-business-analytics-specialist-f-m-d-at-deutsche-b%C3%B6rse-4293830832?position=2&pageNum=0&refId=Bxb0jnYFVfXpKf3Tr1wi0A%3D%3D&trackingId=ykOxi9VNE%2BGZXeXMSQor1w%3D%3D,Not specified,2025-09-01 21:10:59.756072,2025-09-01,,de.linkedin.com/jobs/view/data-business-analytics-specialist-f-m-d-at-deutsche-b%C3%B6rse-4293830832
(Junior) Project & Data Analyst - LSCM (m/f/d),Bridgestone EMEA,"Frankfurt am Main, Hesse, Germany",LinkedIn,https://de.linkedin.com/jobs/view/junior-project-data-analyst-lscm-m-f-d-at-bridgestone-emea-4293783137?position=5&pageNum=0&refId=Bxb0jnYFVfXpKf3Tr1wi0A%3D%3D&trackingId=1Sww%2FDqJworYAHjfJtaHWQ%3D%3D,Not specified,2025-09-01 21:10:59.756489,2025-09-01,,de.linkedin.com/jobs/view/junior-project-data-analyst-lscm-m-f-d-at-bridgestone-emea-4293783137
Biostatistician (m/f/d),Da Vinci Engineering GmbH,"Frankfurt am Main, Hesse, Germany",LinkedIn,https://de.linkedin.com/jobs/view/biostatistician-m-f-d-at-da-vinci-engineering-gmbh-4290533838?position=6&pageNum=0&refId=Bxb0jnYFVfXpKf3Tr1wi0A%3D%3D&trackingId=cvfqqFV0BIRUN%2BllSgCuOA%3D%3D,Not specified,2025-09-01 21:10:59.756631,2025-09-01,,de.linkedin.com/jobs/view/biostatistician-m-f-d-at-da-vinci-engineering-gmbh-4290533838
(Junior) Project & Data Analyst - LSCM (m/w/d),Bridgestone EMEA,"Frankfurt am Main, Hesse, Germany",LinkedIn,https://de.linkedin.com/jobs/view/junior-project-data-analyst-lscm-m-w-d-at-bridgestone-emea-4293786001?position=7&pageNum=0&refId=Bxb0jnYFVfXpKf3Tr1wi0A%3D%3D&trackingId=KJ4m6LLlgn0u8Yf%2Bo83Ocw%3D%3D,Not specified,2025-09-01 21:10:59.756768,2025-09-01,,de.linkedin.com/jobs/view/junior-project-data-analyst-lscm-m-w-d-at-bridgestone-emea-4293786001
(Junior) IT Specialist,Mind Detect,Frankfurt Rhine-Main Metropolitan Area,LinkedIn,https://de.linkedin.com/jobs/view/junior-it-specialist-at-mind-detect-4281284695?position=10&pageNum=0&refId=Bxb0jnYFVfXpKf3Tr1wi0A%3D%3D&trackingId=zMVlqL2MdhPyDd40%2F6OlBA%3D%3D,Not specified,2025-09-01 21:10:59.757167,2025-08-31,,de.linkedin.com/jobs/view/junior-it-specialist-at-mind-detect-4281284695
KI-Umsetzungsspezialist (m/w/d),Alexander Lang Consulting GmbH,"Frankfurt, Hesse, Germany",LinkedIn,https://de.linkedin.com/jobs/view/ki-umsetzungsspezialist-m-w-d-at-alexander-lang-consulting-gmbh-4293586451?position=11&pageNum=0&refId=Bxb0jnYFVfXpKf3Tr1wi0A%3D%3D&trackingId=kKE%2F0FZaIAXO1U2iwpOXaQ%3D%3D,Not specified,2025-09-01 21:10:59.757304,2025-09-01,,de.linkedin.com/jobs/view/ki-umsetzungsspezialist-m-w-d-at-alexander-lang-consulting-gmbh-4293586451
Data Analyst / Experience Analytics - Digital Workplace (w/m/d),E.ON Digital Technology,"Frankfurt am Main, Hesse, Germany",LinkedIn,https://de.linkedin.com/jobs/view/data-analyst-experience-analytics-digital-workplace-w-m-d-at-e-on-digital-technology-4283631890?position=13&pageNum=0&refId=Bxb0jnYFVfXpKf3Tr1wi0A%3D%3D&trackingId=aikV%2FOEBYTVfvpytvDP%2FnA%3D%3D,Not specified,2025-09-01 21:10:59.757571,2025-09-01,,de.linkedin.com/jobs/view/data-analyst-experience-analytics-digital-workplace-w-m-d-at-e-on-digital-technology-4283631890
"Senior Data Architekt (m/w/d) - Data Science, Machine Learning oder KI",GULP – experts united,"Frankfurt, Hesse, Germany",LinkedIn,https://de.linkedin.com/jobs/view/senior-data-architekt-m-w-d-data-science-machine-learning-oder-ki-at-gulp-%E2%80%93-experts-united-4293771907?position=14&pageNum=0&refId=Bxb0jnYFVfXpKf3Tr1wi0A%3D%3D&trackingId=wgjO4XYzoNNns8K7j5kFgA%3D%3D,Not specified,2025-09-01 21:10:59.757717,2025-09-01,,de.linkedin.com/jobs/view/senior-data-architekt-m-w-d-data-science-machine-learning-oder-ki-at-gulp-%E2%80%93-experts-united-4293771907
zeroG - (Senior) Business Data Analyst (m/f/d),Lufthansa Group,"Frankfurt am Main, Hesse, Germany",LinkedIn,https://de.linkedin.com/jobs/view/zerog-senior-business-data-analyst-m-f-d-at-lufthansa-group-4293810704?position=15&pageNum=0&refId=Bxb0jnYFVfXpKf3Tr1wi0A%3D%3D&trackingId=wUrOGrwBfdRkggiWwdypTw%3D%3D,Not specified,2025-09-01 21:10:59.757847,2025-09-01,,de.linkedin.com/jobs/view/zerog-senior-business-data-analyst-m-f-d-at-lufthansa-group-4293810704
(Senior) Business Data Analyst (m/f/d),zeroG - AI in Aviation,"Frankfurt am Main, Hesse, Germany",LinkedIn,https://de.linkedin.com/jobs/view/senior-business-data-analyst-m-f-d-at-zerog-ai-in-aviation-4293814497?position=17&pageNum=0&refId=Bxb0jnYFVfXpKf3Tr1wi0A%3D%3D&trackingId=4gl7aQqHWxt%2FfLseZ3buRg%3D%3D,Not specified,2025-09-01 21:10:59.758115,2025-09-01,,de.linkedin.com/jobs/view/senior-business-data-analyst-m-f-d-at-zerog-ai-in-aviation-4293814497
Senior Consultant Data & Analytics - Process Mining (all genders),adesso SE,"Frankfurt, Hesse, Germany",LinkedIn,https://de.linkedin.com/jobs/view/senior-consultant-data-analytics-process-mining-all-genders-at-adesso-se-4137442822?position=26&pageNum=0&refId=Bxb0jnYFVfXpKf3Tr1wi0A%3D%3D&trackingId=nWMLm%2BLGrDWEO9Sb%2BpA%2Fsg%3D%3D,Not specified,2025-09-01 21:10:59.759325,2025-09-01,,de.linkedin.com/jobs/view/senior-consultant-data-analytics-process-mining-all-genders-at-adesso-se-4137442822
Machine Learning / NLP / AI Engineer (f/m/x),how.fm,"Cologne, North Rhine-Westphalia, Germany",LinkedIn,https://de.linkedin.com/jobs/view/machine-learning-nlp-ai-engineer-f-m-x-at-how-fm-4293804273?position=1&pageNum=0&refId=0B19kiYLUzgMX5xgRZ8J6w%3D%3D&trackingId=uvlD6%2FpMurvFVscGfM0xrw%3D%3D,Not specified,2025-09-01 21:11:02.564359,2025-09-01,,de.linkedin.com/jobs/view/machine-learning-nlp-ai-engineer-f-m-x-at-how-fm-4293804273
Machine Learning / NLP / AI Engineer,how.fm,"Cologne, North Rhine-Westphalia, Germany",LinkedIn,https://de.linkedin.com/jobs/view/machine-learning-nlp-ai-engineer-at-how-fm-4293774632?position=2&pageNum=0&refId=0B19kiYLUzgMX5xgRZ8J6w%3D%3D&trackingId=k3zrcjBIIxErXmvxFmS4Rw%3D%3D,Not specified,2025-09-01 21:11:02.564492,2025-09-01,,de.linkedin.com/jobs/view/machine-learning-nlp-ai-engineer-at-how-fm-4293774632
(Senior) Data Science Consultant,Centric Software,"Düsseldorf, North Rhine-Westphalia, Germany",LinkedIn,https://de.linkedin.com/jobs/view/senior-data-science-consultant-at-centric-software-4291790097?position=6&pageNum=0&refId=0B19kiYLUzgMX5xgRZ8J6w%3D%3D&trackingId=ml9nikhN%2FfFhLjGcHAHQ7A%3D%3D,Not specified,2025-09-01 21:11:02.564939,2025-09-01,,de.linkedin.com/jobs/view/senior-data-science-consultant-at-centric-software-4291790097
Data Engineer (m/w/d),Düsseldorf Airport,"Düsseldorf, North Rhine-Westphalia, Germany",LinkedIn,https://de.linkedin.com/jobs/view/data-engineer-m-w-d-at-d%C3%BCsseldorf-airport-4294102319?position=7&pageNum=0&refId=0B19kiYLUzgMX5xgRZ8J6w%3D%3D&trackingId=eVm7FaOa2Z4%2FMJn6niBtjg%3D%3D,Not specified,2025-09-01 21:11:02.565046,2025-09-01,,de.linkedin.com/jobs/view/data-engineer-m-w-d-at-d%C3%BCsseldorf-airport-4294102319
Senior Machine Learning / AI Engineer (all genders),adesso SE,"Cologne, North Rhine-Westphalia, Germany",LinkedIn,https://de.linkedin.com/jobs/view/senior-machine-learning-ai-engineer-all-genders-at-adesso-se-3733036949?position=8&pageNum=0&refId=0B19kiYLUzgMX5xgRZ8J6w%3D%3D&trackingId=E%2BLRr3h5DpQF6Opc1nU2og%3D%3D,Not specified,2025-09-01 21:11:02.565156,2025-09-01,,de.linkedin.com/jobs/view/senior-machine-learning-ai-engineer-all-genders-at-adesso-se-3733036949
wissenschaftliche Mitarbeiterin/ wissenschaftlicher Mitarbeiter (w/m/d) mit dem Ziel der Promotion im Bereich Spatial Data Science,Bundesamt für Bauwesen und Raumordnung,"Bonn, North Rhine-Westphalia, Germany",LinkedIn,https://de.linkedin.com/jobs/view/wissenschaftliche-mitarbeiterin-wissenschaftlicher-mitarbeiter-w-m-d-mit-dem-ziel-der-promotion-im-bereich-spatial-data-science-at-bundesamt-f%C3%BCr-bauwesen-und-raumordnung-4293737742?position=14&pageNum=0&refId=0B19kiYLUzgMX5xgRZ8J6w%3D%3D&trackingId=NePBTtleU1khfqlEd5Bzpw%3D%3D,Not specified,2025-09-01 21:11:02.565815,2025-09-01,,de.linkedin.com/jobs/view/wissenschaftliche-mitarbeiterin-wissenschaftlicher-mitarbeiter-w-m-d-mit-dem-ziel-der-promotion-im-bereich-spatial-data-science-at-bundesamt-f%C3%BCr-bauwesen-und-raumordnung-4293737742
Embedded Linux Field Engineer for Devices/IoT,Canonical,"Düsseldorf, North Rhine-Westphalia, Germany",LinkedIn,https://de.linkedin.com/jobs/view/embedded-linux-field-engineer-for-devices-iot-at-canonical-4293709006?position=16&pageNum=0&refId=0B19kiYLUzgMX5xgRZ8J6w%3D%3D&trackingId=0eNKsZuhFyi4iNiWtHuHnw%3D%3D,Not specified,2025-09-01 21:11:02.566034,2025-09-01,,de.linkedin.com/jobs/view/embedded-linux-field-engineer-for-devices-iot-at-canonical-4293709006
Senior Consultant Data & Analytics - Process Mining (all genders),adesso SE,"Cologne, North Rhine-Westphalia, Germany",LinkedIn,https://de.linkedin.com/jobs/view/senior-consultant-data-analytics-process-mining-all-genders-at-adesso-se-4137444672?position=21&pageNum=0&refId=0B19kiYLUzgMX5xgRZ8J6w%3D%3D&trackingId=rwSQLBk%2Bb6b80L9eR3D3KQ%3D%3D,Not specified,2025-09-01 21:11:02.566565,2025-09-01,,de.linkedin.com/jobs/view/senior-consultant-data-analytics-process-mining-all-genders-at-adesso-se-4137444672
Senior Consultant Data & Analytics - Process Mining (all genders),adesso SE,"Bonn, North Rhine-Westphalia, Germany",LinkedIn,https://de.linkedin.com/jobs/view/senior-consultant-data-analytics-process-mining-all-genders-at-adesso-se-4137445431?position=22&pageNum=0&refId=0B19kiYLUzgMX5xgRZ8J6w%3D%3D&trackingId=73O%2BW8nhyOa3YMghGnlWlQ%3D%3D,Not specified,2025-09-01 21:11:02.566664,2025-09-01,,de.linkedin.com/jobs/view/senior-consultant-data-analytics-process-mining-all-genders-at-adesso-se-4137445431
Senior IT-Consultant / Engineer Dataiku (all genders),adesso SE,"Cologne, North Rhine-Westphalia, Germany",LinkedIn,https://de.linkedin.com/jobs/view/senior-it-consultant-engineer-dataiku-all-genders-at-adesso-se-3939447828?position=24&pageNum=0&refId=0B19kiYLUzgMX5xgRZ8J6w%3D%3D&trackingId=oprcgjyf7spqJX0IUPF5xA%3D%3D,Not specified,2025-09-01 21:11:02.566864,2025-09-01,,de.linkedin.com/jobs/view/senior-it-consultant-engineer-dataiku-all-genders-at-adesso-se-3939447828
Senior Cloud Platform Engineer (m/f/d),TieTalent,"Neu Ulm, Bavaria, Germany",LinkedIn,https://de.linkedin.com/jobs/view/senior-cloud-platform-engineer-m-f-d-at-tietalent-4293517436?position=2&pageNum=0&refId=ZLJoqqnQSTrA%2B5YOKbA%2FoA%3D%3D&trackingId=tIYqaBE4XV5bzmoLgqOmVQ%3D%3D,Not specified,2025-09-01 21:11:05.287893,2025-08-31,,de.linkedin.com/jobs/view/senior-cloud-platform-engineer-m-f-d-at-tietalent-4293517436
Consultant BPM / Prozessmanagement (all genders),adesso SE,"Ulm, Baden-Württemberg, Germany",LinkedIn,https://de.linkedin.com/jobs/view/consultant-bpm-prozessmanagement-all-genders-at-adesso-se-3733040719?position=3&pageNum=0&refId=ZLJoqqnQSTrA%2B5YOKbA%2FoA%3D%3D&trackingId=Gdx%2Fulj2IHyBPBsd0GPEgA%3D%3D,Not specified,2025-09-01 21:11:05.288108,2025-09-01,,de.linkedin.com/jobs/view/consultant-bpm-prozessmanagement-all-genders-at-adesso-se-3733040719
Datenanalyst:in Beschaffung – Bussnang,Stadler,"Bussnang, Thurgau, Switzerland",LinkedIn,https://ch.linkedin.com/jobs/view/datenanalyst-in-beschaffung-%E2%80%93-bussnang-at-stadler-4293547748?position=3&pageNum=0&refId=Wc8inZ%2FeSqULsdrLVHspCw%3D%3D&trackingId=jGaGKodPTY%2B%2FABqHht0r7Q%3D%3D,Not specified,2025-09-01 21:11:07.883490,2025-09-01,,ch.linkedin.com/jobs/view/datenanalyst-in-beschaffung-%E2%80%93-bussnang-at-stadler-4293547748
AI Steward,Thomson Reuters,"Zug, Zug, Switzerland",LinkedIn,https://ch.linkedin.com/jobs/view/ai-steward-at-thomson-reuters-4293791795?position=3&pageNum=0&refId=MFWnMae%2FiLkP9h7GzeXyZA%3D%3D&trackingId=s5DMyq1%2BipLc02BIPs2RLw%3D%3D,Not specified,2025-09-01 21:11:10.607559,2025-09-01,,ch.linkedin.com/jobs/view/ai-steward-at-thomson-reuters-4293791795
Associate Business Planning Analyst,Tesla,"Zug, Zug, Switzerland",LinkedIn,https://ch.linkedin.com/jobs/view/associate-business-planning-analyst-at-tesla-4293788580?position=10&pageNum=0&refId=MFWnMae%2FiLkP9h7GzeXyZA%3D%3D&trackingId=x7UX3SQxyLE76TV16TLDww%3D%3D,Not specified,2025-09-01 21:11:10.608268,2025-09-01,,ch.linkedin.com/jobs/view/associate-business-planning-analyst-at-tesla-4293788580
Enterprise Architect - Commercial Insurance 80-100%,Zurich Insurance,"Zurich, Zurich, Switzerland",LinkedIn,https://ch.linkedin.com/jobs/view/enterprise-architect-commercial-insurance-80-100%25-at-zurich-insurance-4293521643?position=17&pageNum=0&refId=MFWnMae%2FiLkP9h7GzeXyZA%3D%3D&trackingId=r8uwA5A%2B26Qo%2FlIP4tGn7A%3D%3D,Not specified,2025-09-01 21:11:10.608962,2025-09-01,,ch.linkedin.com/jobs/view/enterprise-architect-commercial-insurance-80-100%25-at-zurich-insurance-4293521643
Data Platform Architect,LGT Capital Partners,"Pfäffikon, Schwyz, Switzerland",LinkedIn,https://ch.linkedin.com/jobs/view/data-platform-architect-at-lgt-capital-partners-4249678137?position=18&pageNum=0&refId=MFWnMae%2FiLkP9h7GzeXyZA%3D%3D&trackingId=cKj%2BlLQui9h%2BvVQw8r3vDg%3D%3D,Not specified,2025-09-01 21:11:10.609060,2025-09-01,,ch.linkedin.com/jobs/view/data-platform-architect-at-lgt-capital-partners-4249678137
Senior Artificial Intelligence Specialist (all genders),adesso SE,"Essen, North Rhine-Westphalia, Germany",LinkedIn,https://de.linkedin.com/jobs/view/senior-artificial-intelligence-specialist-all-genders-at-adesso-se-3733040386?position=10&pageNum=0&refId=4vJtSUqs1L9M%2Fw1c%2FI9xZA%3D%3D&trackingId=u7ndKMBYizDyidzLrbGj6A%3D%3D,Not specified,2025-09-01 21:11:13.395551,2025-09-01,,de.linkedin.com/jobs/view/senior-artificial-intelligence-specialist-all-genders-at-adesso-se-3733040386
Senior Consultant Data & Analytics - Process Mining (all genders),adesso SE,"Essen, North Rhine-Westphalia, Germany",LinkedIn,https://de.linkedin.com/jobs/view/senior-consultant-data-analytics-process-mining-all-genders-at-adesso-se-4137443797?position=24&pageNum=0&refId=4vJtSUqs1L9M%2Fw1c%2FI9xZA%3D%3D&trackingId=6lEDUz80Q6vpW2gE8sVclQ%3D%3D,Not specified,2025-09-01 21:11:13.397733,2025-09-01,,de.linkedin.com/jobs/view/senior-consultant-data-analytics-process-mining-all-genders-at-adesso-se-4137443797
Embedded Linux Field Engineer for Devices/IoT,Canonical,"Nuremberg, Bavaria, Germany",LinkedIn,https://de.linkedin.com/jobs/view/embedded-linux-field-engineer-for-devices-iot-at-canonical-4293499918?position=1&pageNum=0&refId=w2XHakGcXUd112wtBegd0Q%3D%3D&trackingId=lv7MUCPHgq6RgITmGkIPMQ%3D%3D,Not specified,2025-09-01 21:11:19.020660,2025-09-01,,de.linkedin.com/jobs/view/embedded-linux-field-engineer-for-devices-iot-at-canonical-4293499918
Software Architect Azure AI (all genders),adesso SE,"Nuremberg, Bavaria, Germany",LinkedIn,https://de.linkedin.com/jobs/view/software-architect-azure-ai-all-genders-at-adesso-se-4180521885?position=3&pageNum=0&refId=w2XHakGcXUd112wtBegd0Q%3D%3D&trackingId=crkP3D3LbjyzYjUotjTptA%3D%3D,Not specified,2025-09-01 21:11:19.021202,2025-09-01,,de.linkedin.com/jobs/view/software-architect-azure-ai-all-genders-at-adesso-se-4180521885
Technical Specialist Digital Analytics (m/w/d),dentsu,"Augsburg, Bavaria, Germany",LinkedIn,https://de.linkedin.com/jobs/view/technical-specialist-digital-analytics-m-w-d-at-dentsu-4293836367?position=2&pageNum=0&refId=%2FR%2BJ4citMKB2sGQ%2B%2Bgfxsw%3D%3D&trackingId=GQkeJlzEiLU3ROf8uB7sCg%3D%3D,Not specified,2025-09-01 21:11:21.655018,2025-09-01,,de.linkedin.com/jobs/view/technical-specialist-digital-analytics-m-w-d-at-dentsu-4293836367
"Technology Analyst - IT Service Management, End Point (EUC) - Erlangen (M/F/D)",Infosys,"Erlangen, Bavaria, Germany",LinkedIn,https://de.linkedin.com/jobs/view/technology-analyst-it-service-management-end-point-euc-erlangen-m-f-d-at-infosys-4291784663?position=5&pageNum=0&refId=XqgTstnI4OEN6r%2FhdDbh%2FA%3D%3D&trackingId=Ik3hQqwXLuloYj7hUft06A%3D%3D,Not specified,2025-09-01 21:11:24.437427,2025-09-01,,de.linkedin.com/jobs/view/technology-analyst-it-service-management-end-point-euc-erlangen-m-f-d-at-infosys-4291784663
IT Business Consultant (f/m/d) Data Architecture for Sustainability,Siemens,"Erlangen, Bavaria, Germany",LinkedIn,https://de.linkedin.com/jobs/view/it-business-consultant-f-m-d-data-architecture-for-sustainability-at-siemens-4293802922?position=8&pageNum=0&refId=XqgTstnI4OEN6r%2FhdDbh%2FA%3D%3D&trackingId=gO%2FFULsAIcHXgiqSn0DzVg%3D%3D,Not specified,2025-09-01 21:11:24.437976,2025-09-01,,de.linkedin.com/jobs/view/it-business-consultant-f-m-d-data-architecture-for-sustainability-at-siemens-4293802922
Senior Machine Learning / AI Engineer (all genders),adesso SE,"Hannover, Lower Saxony, Germany",LinkedIn,https://de.linkedin.com/jobs/view/senior-machine-learning-ai-engineer-all-genders-at-adesso-se-3733039491?position=2&pageNum=0&refId=y2LhymkzTncV9%2FVNOF7KCw%3D%3D&trackingId=yBlIoLlBqDNpKie7Rni9mw%3D%3D,Not specified,2025-09-01 21:11:27.087799,2025-09-01,,de.linkedin.com/jobs/view/senior-machine-learning-ai-engineer-all-genders-at-adesso-se-3733039491
Senior Consultant Data & Analytics - Process Mining (all genders),adesso SE,"Hannover, Lower Saxony, Germany",LinkedIn,https://de.linkedin.com/jobs/view/senior-consultant-data-analytics-process-mining-all-genders-at-adesso-se-4137446413?position=5&pageNum=0&refId=y2LhymkzTncV9%2FVNOF7KCw%3D%3D&trackingId=XZ3R3oO3TqZHLsdW9IPLQw%3D%3D,Not specified,2025-09-01 21:11:27.088362,2025-09-01,,de.linkedin.com/jobs/view/senior-consultant-data-analytics-process-mining-all-genders-at-adesso-se-4137446413
Business Analyst,"Lightweight Engineering at FAST, KIT","Baden-Württemberg, Germany",LinkedIn,https://de.linkedin.com/jobs/view/business-analyst-at-lightweight-engineering-at-fast-kit-4293582965?position=1&pageNum=0&refId=HkGDLMBVxetb0x8ud%2FVcQg%3D%3D&trackingId=TNm1hd4ak6kQ6IHU34vWPA%3D%3D,Not specified,2025-09-01 21:11:29.848438,2025-09-01,,de.linkedin.com/jobs/view/business-analyst-at-lightweight-engineering-at-fast-kit-4293582965
Business-Analyst:in Print/Outputmanagement,SV SparkassenVersicherung,"Stuttgart, Baden-Württemberg, Germany",LinkedIn,https://de.linkedin.com/jobs/view/business-analyst-in-print-outputmanagement-at-sv-sparkassenversicherung-4291784304?position=4&pageNum=0&refId=HkGDLMBVxetb0x8ud%2FVcQg%3D%3D&trackingId=6JcdTXEkC32IwYIwoKSgAA%3D%3D,Not specified,2025-09-01 21:11:29.848959,2025-09-01,,de.linkedin.com/jobs/view/business-analyst-in-print-outputmanagement-at-sv-sparkassenversicherung-4291784304
Projektassistenz (m/w/d) Qualifizierungsstrategie,Da Vinci Engineering GmbH,"Stuttgart, Baden-Württemberg, Germany",LinkedIn,https://de.linkedin.com/jobs/view/projektassistenz-m-w-d-qualifizierungsstrategie-at-da-vinci-engineering-gmbh-4290555722?position=5&pageNum=0&refId=HkGDLMBVxetb0x8ud%2FVcQg%3D%3D&trackingId=JghLf6aE3iMgLOQdt0g4fw%3D%3D,Not specified,2025-09-01 21:11:29.849110,2025-09-01,,de.linkedin.com/jobs/view/projektassistenz-m-w-d-qualifizierungsstrategie-at-da-vinci-engineering-gmbh-4290555722
(Junior) Consultant Strategie- und Managementberatung (w/m/d),KPMG Deutschland,"Stuttgart, Baden-Württemberg, Germany",LinkedIn,https://de.linkedin.com/jobs/view/junior-consultant-strategie-und-managementberatung-w-m-d-at-kpmg-deutschland-3959688600?position=8&pageNum=0&refId=HkGDLMBVxetb0x8ud%2FVcQg%3D%3D&trackingId=QgUPM%2FH5I0R1btBOwwjrxQ%3D%3D,Not specified,2025-09-01 21:11:29.849564,2025-09-01,,de.linkedin.com/jobs/view/junior-consultant-strategie-und-managementberatung-w-m-d-at-kpmg-deutschland-3959688600
Business Consultant (m/w/d) für Softwareprojekte bei PDV GmbH,PDV.group,"Stuttgart, Baden-Württemberg, Germany",LinkedIn,https://de.linkedin.com/jobs/view/business-consultant-m-w-d-f%C3%BCr-softwareprojekte-bei-pdv-gmbh-at-pdv-group-4292224768?position=11&pageNum=0&refId=HkGDLMBVxetb0x8ud%2FVcQg%3D%3D&trackingId=heYMpNy%2F2Q0EBi2sNSUUmw%3D%3D,Not specified,2025-09-01 21:11:29.850037,2025-09-01,,de.linkedin.com/jobs/view/business-consultant-m-w-d-f%C3%BCr-softwareprojekte-bei-pdv-gmbh-at-pdv-group-4292224768
German Social Media Content Analyst in Lisbon w/Relocation bonus,Elemental Insights,"Stuttgart, Baden-Württemberg, Germany",LinkedIn,https://de.linkedin.com/jobs/view/german-social-media-content-analyst-in-lisbon-w-relocation-bonus-at-elemental-insights-4293518420?position=15&pageNum=0&refId=HkGDLMBVxetb0x8ud%2FVcQg%3D%3D&trackingId=idH1T63vMVKCW9KFtF4Evg%3D%3D,Not specified,2025-09-01 21:11:29.850643,2025-08-31,,de.linkedin.com/jobs/view/german-social-media-content-analyst-in-lisbon-w-relocation-bonus-at-elemental-insights-4293518420
Analyst (m/w/d) – Indirekte Immobilienanlage,"Baden-Württembergische Versorgungsanstalt für Ärzte, Zahnärzte und Tierärzte","Tübingen, Baden-Württemberg, Germany",LinkedIn,https://de.linkedin.com/jobs/view/analyst-m-w-d-%E2%80%93-indirekte-immobilienanlage-at-baden-w%C3%BCrttembergische-versorgungsanstalt-f%C3%BCr-%C3%A4rzte-zahn%C3%A4rzte-und-tier%C3%A4rzte-4293743607?position=18&pageNum=0&refId=HkGDLMBVxetb0x8ud%2FVcQg%3D%3D&trackingId=PvDLn5agh2LycpqVIIvcdQ%3D%3D,Not specified,2025-09-01 21:11:29.851101,2025-09-01,,de.linkedin.com/jobs/view/analyst-m-w-d-%E2%80%93-indirekte-immobilienanlage-at-baden-w%C3%BCrttembergische-versorgungsanstalt-f%C3%BCr-%C3%A4rzte-zahn%C3%A4rzte-und-tier%C3%A4rzte-4293743607
Aushilfe für das DAAD-Projekt StuttWay4Ukraine,SFB 1313 | University of Stuttgart,Stuttgart Region,LinkedIn,https://de.linkedin.com/jobs/view/aushilfe-f%C3%BCr-das-daad-projekt-stuttway4ukraine-at-sfb-1313-university-of-stuttgart-4291745399?position=31&pageNum=0&refId=HkGDLMBVxetb0x8ud%2FVcQg%3D%3D&trackingId=HUadertSJ6gbJz7dZcEz9w%3D%3D,Not specified,2025-09-01 21:11:29.853037,2025-09-01,,de.linkedin.com/jobs/view/aushilfe-f%C3%BCr-das-daad-projekt-stuttway4ukraine-at-sfb-1313-university-of-stuttgart-4291745399
Sachbearbeiter Einkauf (m/w/d),Bungalow GmbH & Co. KG,"Stuttgart, Baden-Württemberg, Germany",LinkedIn,https://de.linkedin.com/jobs/view/sachbearbeiter-einkauf-m-w-d-at-bungalow-gmbh-co-kg-4293763925?position=52&pageNum=0&refId=HkGDLMBVxetb0x8ud%2FVcQg%3D%3D&trackingId=tWDvW7YvfItO1FdUQzDqyQ%3D%3D,Not specified,2025-09-01 21:11:29.855882,2025-09-01,,de.linkedin.com/jobs/view/sachbearbeiter-einkauf-m-w-d-at-bungalow-gmbh-co-kg-4293763925
Ferienjob im Bereich Gastronomie des Werkes Sindelfingen 2025,Mercedes-Benz Gastronomie GmbH,"Sindelfingen, Baden-Württemberg, Germany",LinkedIn,https://de.linkedin.com/jobs/view/ferienjob-im-bereich-gastronomie-des-werkes-sindelfingen-2025-at-mercedes-benz-gastronomie-gmbh-4291759327?position=56&pageNum=0&refId=HkGDLMBVxetb0x8ud%2FVcQg%3D%3D&trackingId=9sGA%2BW%2B3b4B7iUfBCfwwQw%3D%3D,Not specified,2025-09-01 21:11:29.856415,2025-09-01,,de.linkedin.com/jobs/view/ferienjob-im-bereich-gastronomie-des-werkes-sindelfingen-2025-at-mercedes-benz-gastronomie-gmbh-4291759327
Integration Engineer - Azure Integration,IC Resources,"Böblingen, Baden-Württemberg, Germany",LinkedIn,https://de.linkedin.com/jobs/view/integration-engineer-azure-integration-at-ic-resources-4293798638?position=60&pageNum=0&refId=HkGDLMBVxetb0x8ud%2FVcQg%3D%3D&trackingId=x%2BZsBVnZzDinuPJ9pakJ9w%3D%3D,Not specified,2025-09-01 21:11:29.856957,2025-09-01,,de.linkedin.com/jobs/view/integration-engineer-azure-integration-at-ic-resources-4293798638
Analytics Engineer,PERGOLUX,"Berlin, Berlin, Germany",LinkedIn,https://de.linkedin.com/jobs/view/analytics-engineer-at-pergolux-4293840395?position=11&pageNum=0&refId=KGCSDthhoHlyCPek06OESw%3D%3D&trackingId=hNmdEv8e9JP1%2FANMpSgZWg%3D%3D,Not specified,2025-09-01 21:11:32.717251,2025-09-01,,de.linkedin.com/jobs/view/analytics-engineer-at-pergolux-4293840395
Business Analyst (m/w/d),HR Group,"Berlin, Berlin, Germany",LinkedIn,https://de.linkedin.com/jobs/view/business-analyst-m-w-d-at-hr-group-4293758856?position=16&pageNum=0&refId=KGCSDthhoHlyCPek06OESw%3D%3D&trackingId=pn4a16%2FnJBY8%2BdGYhFstRQ%3D%3D,Not specified,2025-09-01 21:11:32.718015,2025-09-01,,de.linkedin.com/jobs/view/business-analyst-m-w-d-at-hr-group-4293758856
Business-Analyst:in,Empion,"Berlin, Berlin, Germany",LinkedIn,https://de.linkedin.com/jobs/view/business-analyst-in-at-empion-4293736270?position=21&pageNum=0&refId=KGCSDthhoHlyCPek06OESw%3D%3D&trackingId=TDTtdGCre4ssaZBJRD76EA%3D%3D,Not specified,2025-09-01 21:11:32.718794,2025-09-01,,de.linkedin.com/jobs/view/business-analyst-in-at-empion-4293736270
Analyst COO Office (w/m/d),Enpal,"Berlin, Berlin, Germany",LinkedIn,https://de.linkedin.com/jobs/view/analyst-coo-office-w-m-d-at-enpal-4181559213?position=22&pageNum=0&refId=KGCSDthhoHlyCPek06OESw%3D%3D&trackingId=1vmuSUqZvg45sP4962QXFw%3D%3D,Not specified,2025-09-01 21:11:32.718951,2025-09-01,,de.linkedin.com/jobs/view/analyst-coo-office-w-m-d-at-enpal-4181559213
Junior Data Engineer (all genders),HeyJobs,"Berlin, Germany",LinkedIn,https://de.linkedin.com/jobs/view/junior-data-engineer-all-genders-at-heyjobs-4292200486?position=23&pageNum=0&refId=KGCSDthhoHlyCPek06OESw%3D%3D&trackingId=otKDdzdUW%2BO8wBg%2BZOtTsw%3D%3D,Not specified,2025-09-01 21:11:32.719111,2025-09-01,,de.linkedin.com/jobs/view/junior-data-engineer-all-genders-at-heyjobs-4292200486
Analyst Venture Building Hypergrowth (w/m/d),Enpal,"Berlin, Berlin, Germany",LinkedIn,https://de.linkedin.com/jobs/view/analyst-venture-building-hypergrowth-w-m-d-at-enpal-4181553920?position=24&pageNum=0&refId=KGCSDthhoHlyCPek06OESw%3D%3D&trackingId=3h4flL%2B%2FG8mNboKBQaYo1A%3D%3D,Not specified,2025-09-01 21:11:32.719269,2025-09-01,,de.linkedin.com/jobs/view/analyst-venture-building-hypergrowth-w-m-d-at-enpal-4181553920
Research Associate (Health Services Research/Epidemiology),UNSW,"Berlin, Berlin, Germany",LinkedIn,https://de.linkedin.com/jobs/view/research-associate-health-services-research-epidemiology-at-unsw-4291748629?position=33&pageNum=0&refId=KGCSDthhoHlyCPek06OESw%3D%3D&trackingId=ccmIksRyzFQqFUu4uOPFvQ%3D%3D,Not specified,2025-09-01 21:11:32.720677,2025-09-01,,de.linkedin.com/jobs/view/research-associate-health-services-research-epidemiology-at-unsw-4291748629
Senior Data Engineer -Data Modelling,unybrands,"Berlin, Germany",LinkedIn,https://de.linkedin.com/jobs/view/senior-data-engineer-data-modelling-at-unybrands-4293810971?position=50&pageNum=0&refId=KGCSDthhoHlyCPek06OESw%3D%3D&trackingId=SOsPuFMxY16%2FOwX4V8V80w%3D%3D,Not specified,2025-09-01 21:11:32.725221,2025-09-01,,de.linkedin.com/jobs/view/senior-data-engineer-data-modelling-at-unybrands-4293810971
Senior Trading & Promotion Analyst (m/w/d),Just Eat Takeaway.com,"Berlin, Germany",LinkedIn,https://de.linkedin.com/jobs/view/senior-trading-promotion-analyst-m-w-d-at-just-eat-takeaway-com-4249796725?position=56&pageNum=0&refId=KGCSDthhoHlyCPek06OESw%3D%3D&trackingId=7ilDJQysuNVsUuHoLnjNKw%3D%3D,Not specified,2025-09-01 21:11:32.726047,2025-09-01,,de.linkedin.com/jobs/view/senior-trading-promotion-analyst-m-w-d-at-just-eat-takeaway-com-4249796725
Associate (m/w/d) im Bereich Corporate,AssociateNet,"Berlin, Berlin, Germany",LinkedIn,https://de.linkedin.com/jobs/view/associate-m-w-d-im-bereich-corporate-at-associatenet-4293728464?position=57&pageNum=0&refId=KGCSDthhoHlyCPek06OESw%3D%3D&trackingId=rlKZzx2qz2pxF6hDix8jZA%3D%3D,Not specified,2025-09-01 21:11:32.726187,2025-09-01,,de.linkedin.com/jobs/view/associate-m-w-d-im-bereich-corporate-at-associatenet-4293728464
Investment Banking Analyst (m/w/d),GKES - Gunnar Kühne Executive Search GmbH,"Frankfurt, Hesse, Germany",LinkedIn,https://de.linkedin.com/jobs/view/investment-banking-analyst-m-w-d-at-gkes-gunnar-k%C3%BChne-executive-search-gmbh-4280740450?position=2&pageNum=0&refId=RWr9GsbRv%2FMgyk7Wnx25rQ%3D%3D&trackingId=vO0HWDw%2BiViUIgPiPLtRFQ%3D%3D,Not specified,2025-09-01 21:11:35.714163,2025-09-01,,de.linkedin.com/jobs/view/investment-banking-analyst-m-w-d-at-gkes-gunnar-k%C3%BChne-executive-search-gmbh-4280740450
Analyst Asset Management (m/w/d),Reneo,"Frankfurt, Hesse, Germany",LinkedIn,https://de.linkedin.com/jobs/view/analyst-asset-management-m-w-d-at-reneo-4292213502?position=13&pageNum=0&refId=RWr9GsbRv%2FMgyk7Wnx25rQ%3D%3D&trackingId=KbC28VAfyzJsXHiA7QaJMQ%3D%3D,Not specified,2025-09-01 21:11:35.716110,2025-09-01,,de.linkedin.com/jobs/view/analyst-asset-management-m-w-d-at-reneo-4292213502
Agentic AI Research Engineer (m/w/d),Dematic,"Heusenstamm, Hesse, Germany",LinkedIn,https://de.linkedin.com/jobs/view/agentic-ai-research-engineer-m-w-d-at-dematic-4257960663?position=18&pageNum=0&refId=RWr9GsbRv%2FMgyk7Wnx25rQ%3D%3D&trackingId=0qn6BEH6zh0ba9C2jj%2Fi9Q%3D%3D,Not specified,2025-09-01 21:11:35.716930,2025-09-01,,de.linkedin.com/jobs/view/agentic-ai-research-engineer-m-w-d-at-dematic-4257960663
Research Associate (Health Services Research/Epidemiology),UNSW,"Frankfurt, Hesse, Germany",LinkedIn,https://de.linkedin.com/jobs/view/research-associate-health-services-research-epidemiology-at-unsw-4291742869?position=20&pageNum=0&refId=RWr9GsbRv%2FMgyk7Wnx25rQ%3D%3D&trackingId=cqd19puzUDMA9nqngj0bhA%3D%3D,Not specified,2025-09-01 21:11:35.717234,2025-09-01,,de.linkedin.com/jobs/view/research-associate-health-services-research-epidemiology-at-unsw-4291742869
Business Process Expert (all genders),Merck Life Science,"Darmstadt, Hesse, Germany",LinkedIn,https://de.linkedin.com/jobs/view/business-process-expert-all-genders-at-merck-life-science-4294133572?position=24&pageNum=0&refId=RWr9GsbRv%2FMgyk7Wnx25rQ%3D%3D&trackingId=nm%2BEJTr987HHUrGqLJ6abA%3D%3D,Not specified,2025-09-01 21:11:35.717843,2025-09-01,,de.linkedin.com/jobs/view/business-process-expert-all-genders-at-merck-life-science-4294133572
Partner (m/w/d),ANXO Management Consulting GmbH,"Frankfurt, Hesse, Germany",LinkedIn,https://de.linkedin.com/jobs/view/partner-m-w-d-at-anxo-management-consulting-gmbh-4293490363?position=25&pageNum=0&refId=RWr9GsbRv%2FMgyk7Wnx25rQ%3D%3D&trackingId=rjzRCDXCJk%2B32%2FrSrKnclw%3D%3D,Not specified,2025-09-01 21:11:35.717995,2025-08-31,,de.linkedin.com/jobs/view/partner-m-w-d-at-anxo-management-consulting-gmbh-4293490363
Investment Banking 2026 Summer Analyst - Frankfurt,Bank of America,"Frankfurt, Hesse, Germany",LinkedIn,https://de.linkedin.com/jobs/view/investment-banking-2026-summer-analyst-frankfurt-at-bank-of-america-4293599386?position=29&pageNum=0&refId=RWr9GsbRv%2FMgyk7Wnx25rQ%3D%3D&trackingId=g0LVuwu6mTJsUM39sSq1%2Bw%3D%3D,Not specified,2025-09-01 21:11:35.718609,2025-09-01,,de.linkedin.com/jobs/view/investment-banking-2026-summer-analyst-frankfurt-at-bank-of-america-4293599386
Associate (m/w/d) Kartellrecht & Investitionskontrolle,AssociateNet,"Frankfurt, Hesse, Germany",LinkedIn,https://de.linkedin.com/jobs/view/associate-m-w-d-kartellrecht-investitionskontrolle-at-associatenet-4293733280?position=36&pageNum=0&refId=RWr9GsbRv%2FMgyk7Wnx25rQ%3D%3D&trackingId=DkaHWuPUmCLbg4TrMEDAOg%3D%3D,Not specified,2025-09-01 21:11:35.719680,2025-09-01,,de.linkedin.com/jobs/view/associate-m-w-d-kartellrecht-investitionskontrolle-at-associatenet-4293733280
Open Data Consultant (w/m/d),CONITAS,"Mainz, Rhineland-Palatinate, Germany",LinkedIn,https://de.linkedin.com/jobs/view/open-data-consultant-w-m-d-at-conitas-4293812816?position=39&pageNum=0&refId=RWr9GsbRv%2FMgyk7Wnx25rQ%3D%3D&trackingId=hZSX3bPZpNyCbufW6E2F3A%3D%3D,Not specified,2025-09-01 21:11:35.720138,2025-09-01,,de.linkedin.com/jobs/view/open-data-consultant-w-m-d-at-conitas-4293812816
Regulations Specialist,[Europe] HD Hyundai Construction Equipment,"Offenbach, Hesse, Germany",LinkedIn,https://de.linkedin.com/jobs/view/regulations-specialist-at-europe-hd-hyundai-construction-equipment-4291779734?position=44&pageNum=0&refId=RWr9GsbRv%2FMgyk7Wnx25rQ%3D%3D&trackingId=79UWSBTIw7Tl9kVxWsxmfQ%3D%3D,Not specified,2025-09-01 21:11:35.720899,2025-09-01,,de.linkedin.com/jobs/view/regulations-specialist-at-europe-hd-hyundai-construction-equipment-4291779734
Prozessoptimierer Kunststofftechnik (m/w/d),TieTalent,"Friedrichsdorf, Hesse, Germany",LinkedIn,https://de.linkedin.com/jobs/view/prozessoptimierer-kunststofftechnik-m-w-d-at-tietalent-4293575813?position=53&pageNum=0&refId=RWr9GsbRv%2FMgyk7Wnx25rQ%3D%3D&trackingId=LLyMyX6SFqd7rYlilPK9GA%3D%3D,Not specified,2025-09-01 21:11:35.722264,2025-09-01,,de.linkedin.com/jobs/view/prozessoptimierer-kunststofftechnik-m-w-d-at-tietalent-4293575813
Data Engineer,MAM Gruppe,"Cologne, North Rhine-Westphalia, Germany",LinkedIn,https://de.linkedin.com/jobs/view/data-engineer-at-mam-gruppe-4280849130?position=5&pageNum=0&refId=uWdqNQLCOqwpET1CFFWiOQ%3D%3D&trackingId=cAfxXYwpMdc0aURcVpn9sg%3D%3D,Not specified,2025-09-01 21:11:38.580198,2025-09-01,,de.linkedin.com/jobs/view/data-engineer-at-mam-gruppe-4280849130
Business Consultant - IAM,Cubiq Recruitment,"Cologne, North Rhine-Westphalia, Germany",LinkedIn,https://de.linkedin.com/jobs/view/business-consultant-iam-at-cubiq-recruitment-4278833341?position=7&pageNum=0&refId=uWdqNQLCOqwpET1CFFWiOQ%3D%3D&trackingId=%2BSl2k4NJpfq0TYKEFTBVLQ%3D%3D,Not specified,2025-09-01 21:11:38.580464,2025-09-01,,de.linkedin.com/jobs/view/business-consultant-iam-at-cubiq-recruitment-4278833341
Business Analyst - Filialnetzanalyse (m/w/d),REWE Group,"Cologne, North Rhine-Westphalia, Germany",LinkedIn,https://de.linkedin.com/jobs/view/business-analyst-filialnetzanalyse-m-w-d-at-rewe-group-4294121531?position=13&pageNum=0&refId=uWdqNQLCOqwpET1CFFWiOQ%3D%3D&trackingId=2hKFMcg6wFZyQM3XMzV0JQ%3D%3D,Not specified,2025-09-01 21:11:38.581263,2025-09-01,,de.linkedin.com/jobs/view/business-analyst-filialnetzanalyse-m-w-d-at-rewe-group-4294121531
Consolidation and Reporting Specialist (m/f/d) in Venlo,Redcare Pharmacy,Greater Dusseldorf Area,LinkedIn,https://de.linkedin.com/jobs/view/consolidation-and-reporting-specialist-m-f-d-in-venlo-at-redcare-pharmacy-4291759832?position=17&pageNum=0&refId=uWdqNQLCOqwpET1CFFWiOQ%3D%3D&trackingId=pFHAGdDjBGvy0WTcEKzksQ%3D%3D,Not specified,2025-09-01 21:11:38.581805,2025-09-01,,de.linkedin.com/jobs/view/consolidation-and-reporting-specialist-m-f-d-in-venlo-at-redcare-pharmacy-4291759832
Consulting Associate (European Competition practice) - m/f/d,Charles River Associates,"Düsseldorf, North Rhine-Westphalia, Germany",LinkedIn,https://de.linkedin.com/jobs/view/consulting-associate-european-competition-practice-m-f-d-at-charles-river-associates-4257037365?position=24&pageNum=0&refId=uWdqNQLCOqwpET1CFFWiOQ%3D%3D&trackingId=ZDIT%2BJga5JVcNLG7fnbytw%3D%3D,Not specified,2025-09-01 21:11:38.582725,2025-09-01,,de.linkedin.com/jobs/view/consulting-associate-european-competition-practice-m-f-d-at-charles-river-associates-4257037365
Enterprise Resources Planning Implementation Consultant,BDG Solutions GmbH,"Leverkusen, North Rhine-Westphalia, Germany",LinkedIn,https://de.linkedin.com/jobs/view/enterprise-resources-planning-implementation-consultant-at-bdg-solutions-gmbh-4293745495?position=35&pageNum=0&refId=uWdqNQLCOqwpET1CFFWiOQ%3D%3D&trackingId=BCON%2B8Pngwotp79tOxaq%2Fg%3D%3D,Not specified,2025-09-01 21:11:38.584090,2025-09-01,,de.linkedin.com/jobs/view/enterprise-resources-planning-implementation-consultant-at-bdg-solutions-gmbh-4293745495
Pensionsexpert:in,Robert Half,"Cologne, North Rhine-Westphalia, Germany",LinkedIn,https://de.linkedin.com/jobs/view/pensionsexpert-in-at-robert-half-4293733349?position=38&pageNum=0&refId=uWdqNQLCOqwpET1CFFWiOQ%3D%3D&trackingId=4i%2BzO5HBp%2FdyPgM0dJcllg%3D%3D,Not specified,2025-09-01 21:11:38.584461,2025-09-01,,de.linkedin.com/jobs/view/pensionsexpert-in-at-robert-half-4293733349
German Social Media Content Analyst in Lisbon w/Relocation bonus,Elemental Insights,"Düsseldorf, North Rhine-Westphalia, Germany",LinkedIn,https://de.linkedin.com/jobs/view/german-social-media-content-analyst-in-lisbon-w-relocation-bonus-at-elemental-insights-4293519406?position=39&pageNum=0&refId=uWdqNQLCOqwpET1CFFWiOQ%3D%3D&trackingId=g7DFEPKAPGpU7t0vFjpY1Q%3D%3D,Not specified,2025-09-01 21:11:38.584585,2025-08-31,,de.linkedin.com/jobs/view/german-social-media-content-analyst-in-lisbon-w-relocation-bonus-at-elemental-insights-4293519406
wissenschaftliche:r Mitarbeiter:in (d/m/w) im Bereich IT-Sicherheit/CSP,Bonn-Rhein-Sieg University of Applied Sciences,"Sankt Augustin, North Rhine-Westphalia, Germany",LinkedIn,https://de.linkedin.com/jobs/view/wissenschaftliche-r-mitarbeiter-in-d-m-w-im-bereich-it-sicherheit-csp-at-bonn-rhein-sieg-university-of-applied-sciences-4282731421?position=41&pageNum=0&refId=uWdqNQLCOqwpET1CFFWiOQ%3D%3D&trackingId=2Ho2Wp2vLyvbshWSAAU3TA%3D%3D,Not specified,2025-09-01 21:11:38.584832,2025-09-01,,de.linkedin.com/jobs/view/wissenschaftliche-r-mitarbeiter-in-d-m-w-im-bereich-it-sicherheit-csp-at-bonn-rhein-sieg-university-of-applied-sciences-4282731421
Sachbearbeiter Underwriting Leben (m/w/d),AXA,"Cologne, North Rhine-Westphalia, Germany",LinkedIn,https://de.linkedin.com/jobs/view/sachbearbeiter-underwriting-leben-m-w-d-at-axa-4294118055?position=46&pageNum=0&refId=uWdqNQLCOqwpET1CFFWiOQ%3D%3D&trackingId=dJFWVhs3izKlbdiAeEX%2FEA%3D%3D,Not specified,2025-09-01 21:11:38.585449,2025-09-01,,de.linkedin.com/jobs/view/sachbearbeiter-underwriting-leben-m-w-d-at-axa-4294118055
German Social Media Content Analyst in Lisbon w/Relocation bonus,Elemental Insights,"Cologne, North Rhine-Westphalia, Germany",LinkedIn,https://de.linkedin.com/jobs/view/german-social-media-content-analyst-in-lisbon-w-relocation-bonus-at-elemental-insights-4293523218?position=47&pageNum=0&refId=uWdqNQLCOqwpET1CFFWiOQ%3D%3D&trackingId=tJMeMtyYNWP4p%2FfXUk6r%2Fg%3D%3D,Not specified,2025-09-01 21:11:38.585574,2025-08-31,,de.linkedin.com/jobs/view/german-social-media-content-analyst-in-lisbon-w-relocation-bonus-at-elemental-insights-4293523218
Global eCatalog Specialist (d/f/m),Henkel,"Düsseldorf, North Rhine-Westphalia, Germany",LinkedIn,https://de.linkedin.com/jobs/view/global-ecatalog-specialist-d-f-m-at-henkel-4293716341?position=48&pageNum=0&refId=uWdqNQLCOqwpET1CFFWiOQ%3D%3D&trackingId=d%2BywwjaHHqGWVa%2FlPu572A%3D%3D,Not specified,2025-09-01 21:11:38.585698,2025-09-01,,de.linkedin.com/jobs/view/global-ecatalog-specialist-d-f-m-at-henkel-4293716341
Associate Transaction Services (m/w/d),Rödl & Partner,"Cologne, North Rhine-Westphalia, Germany",LinkedIn,https://de.linkedin.com/jobs/view/associate-transaction-services-m-w-d-at-r%C3%B6dl-partner-4122646568?position=50&pageNum=0&refId=uWdqNQLCOqwpET1CFFWiOQ%3D%3D&trackingId=oM4eWbR8dKLPBCz1f%2BSYXg%3D%3D,Not specified,2025-09-01 21:11:38.585937,2025-09-01,,de.linkedin.com/jobs/view/associate-transaction-services-m-w-d-at-r%C3%B6dl-partner-4122646568
Business Consultant Datenmigration (all genders),adesso SE,"Cologne, North Rhine-Westphalia, Germany",LinkedIn,https://de.linkedin.com/jobs/view/business-consultant-datenmigration-all-genders-at-adesso-se-4157077339?position=53&pageNum=0&refId=uWdqNQLCOqwpET1CFFWiOQ%3D%3D&trackingId=afr839t7QTgelrDAb5FLFw%3D%3D,Not specified,2025-09-01 21:11:38.586310,2025-09-01,,de.linkedin.com/jobs/view/business-consultant-datenmigration-all-genders-at-adesso-se-4157077339
Sachbearbeiter Underwriting Leben (m/w/d),AXA,"Cologne, North Rhine-Westphalia, Germany",LinkedIn,https://de.linkedin.com/jobs/view/sachbearbeiter-underwriting-leben-m-w-d-at-axa-4294116247?position=56&pageNum=0&refId=uWdqNQLCOqwpET1CFFWiOQ%3D%3D&trackingId=Y6wYmtu0gHGo%2BJvYz1s8Wg%3D%3D,Not specified,2025-09-01 21:11:38.586675,2025-09-01,,de.linkedin.com/jobs/view/sachbearbeiter-underwriting-leben-m-w-d-at-axa-4294116247
Knowledge Management Specialist (m/w/d),Liebherr Group,"Kirchdorf an der Iller, Baden-Württemberg, Germany",LinkedIn,https://de.linkedin.com/jobs/view/knowledge-management-specialist-m-w-d-at-liebherr-group-4217223508?position=3&pageNum=0&refId=9Gx8CnR3f1exqdTO%2FBequw%3D%3D&trackingId=mO74IiL0bHGhAu6z4LovRQ%3D%3D,Not specified,2025-09-01 21:11:41.293059,2025-09-01,,de.linkedin.com/jobs/view/knowledge-management-specialist-m-w-d-at-liebherr-group-4217223508
Leiter Projektmanagement (m/w/d),Liebherr Group,"Kirchdorf an der Iller, Baden-Württemberg, Germany",LinkedIn,https://de.linkedin.com/jobs/view/leiter-projektmanagement-m-w-d-at-liebherr-group-4270260250?position=5&pageNum=0&refId=9Gx8CnR3f1exqdTO%2FBequw%3D%3D&trackingId=XOE6N%2FZS0BxHBMP25ViiGw%3D%3D,Not specified,2025-09-01 21:11:41.293427,2025-09-01,,de.linkedin.com/jobs/view/leiter-projektmanagement-m-w-d-at-liebherr-group-4270260250
"Meteorolog I v Sektorju za podporo podnebno odvisnim dejavnostim, Uradu za meteorologijo, hidrologijo in oceanografijo",Vlada Republike Slovenije,"Münsterlingen, Thurgau, Switzerland",LinkedIn,https://ch.linkedin.com/jobs/view/meteorolog-i-v-sektorju-za-podporo-podnebno-odvisnim-dejavnostim-uradu-za-meteorologijo-hidrologijo-in-oceanografijo-at-vlada-republike-slovenije-4293598141?position=1&pageNum=0&refId=PSG4UEYEW7sBupIpRBByng%3D%3D&trackingId=NnM%2FeJxQouCt%2BMUHScy%2FXg%3D%3D,Not specified,2025-09-01 21:11:43.989509,2025-09-01,,ch.linkedin.com/jobs/view/meteorolog-i-v-sektorju-za-podporo-podnebno-odvisnim-dejavnostim-uradu-za-meteorologijo-hidrologijo-in-oceanografijo-at-vlada-republike-slovenije-4293598141
German Social Media Content Analyst in Lisbon w/Relocation bonus,Elemental Insights,"Winterthur, Zurich, Switzerland",LinkedIn,https://ch.linkedin.com/jobs/view/german-social-media-content-analyst-in-lisbon-w-relocation-bonus-at-elemental-insights-4293523211?position=4&pageNum=0&refId=PSG4UEYEW7sBupIpRBByng%3D%3D&trackingId=c4yRHoNfvGqDnnaC%2F0C6SQ%3D%3D,Not specified,2025-09-01 21:11:43.989847,2025-08-31,,ch.linkedin.com/jobs/view/german-social-media-content-analyst-in-lisbon-w-relocation-bonus-at-elemental-insights-4293523211
Informatikerin/Informatiker,Kanton Thurgau,"Frauenfeld, Thurgau, Switzerland",LinkedIn,https://ch.linkedin.com/jobs/view/informatikerin-informatiker-at-kanton-thurgau-4288787764?position=10&pageNum=0&refId=PSG4UEYEW7sBupIpRBByng%3D%3D&trackingId=Zmrme8XfYwZlu6YEMMOvFg%3D%3D,Not specified,2025-09-01 21:11:43.990868,2025-09-01,,ch.linkedin.com/jobs/view/informatikerin-informatiker-at-kanton-thurgau-4288787764
Consultant als Business Analyst Public (all genders),adesso Schweiz AG,"St Gallen, St Gallen, Switzerland",LinkedIn,https://ch.linkedin.com/jobs/view/consultant-als-business-analyst-public-all-genders-at-adesso-schweiz-ag-4183827785?position=11&pageNum=0&refId=PSG4UEYEW7sBupIpRBByng%3D%3D&trackingId=N%2FkWPyUARNjTngZNi9BseA%3D%3D,Not specified,2025-09-01 21:11:43.991044,2025-09-01,,ch.linkedin.com/jobs/view/consultant-als-business-analyst-public-all-genders-at-adesso-schweiz-ag-4183827785
Beratungsperson Betriebswirtschaft,Kanton Thurgau,"Salenstein, Thurgau, Switzerland",LinkedIn,https://ch.linkedin.com/jobs/view/beratungsperson-betriebswirtschaft-at-kanton-thurgau-4293593823?position=14&pageNum=0&refId=PSG4UEYEW7sBupIpRBByng%3D%3D&trackingId=bQuze3USytJ10NDxO%2BsWtQ%3D%3D,Not specified,2025-09-01 21:11:43.991572,2025-09-01,,ch.linkedin.com/jobs/view/beratungsperson-betriebswirtschaft-at-kanton-thurgau-4293593823
Stagiaire universitaire en communication,Bundesverwaltungsgericht - Tribunal administratif fédéral,"St Gallen, St Gallen, Switzerland",LinkedIn,https://ch.linkedin.com/jobs/view/stagiaire-universitaire-en-communication-at-bundesverwaltungsgericht-tribunal-administratif-f%C3%A9d%C3%A9ral-4289661730?position=15&pageNum=0&refId=PSG4UEYEW7sBupIpRBByng%3D%3D&trackingId=12GcQc7%2BRfNQ4IRqhraVng%3D%3D,Not specified,2025-09-01 21:11:43.991749,2025-09-01,,ch.linkedin.com/jobs/view/stagiaire-universitaire-en-communication-at-bundesverwaltungsgericht-tribunal-administratif-f%C3%A9d%C3%A9ral-4289661730
Biomedizinische Analytikerin / Biomedizinischer Analytiker,Kantonsspital Winterthur,"Winterthur, Zurich, Switzerland",LinkedIn,https://ch.linkedin.com/jobs/view/biomedizinische-analytikerin-biomedizinischer-analytiker-at-kantonsspital-winterthur-4293800236?position=19&pageNum=0&refId=PSG4UEYEW7sBupIpRBByng%3D%3D&trackingId=Lkspsqvkn9AcyXacDceNrA%3D%3D,Not specified,2025-09-01 21:11:43.992459,2025-09-01,,ch.linkedin.com/jobs/view/biomedizinische-analytikerin-biomedizinischer-analytiker-at-kantonsspital-winterthur-4293800236
Audit Seniors - EY Assurance Services - Zurich,EY,"St Gallen, St Gallen, Switzerland",LinkedIn,https://ch.linkedin.com/jobs/view/audit-seniors-ey-assurance-services-zurich-at-ey-4291772374?position=27&pageNum=0&refId=PSG4UEYEW7sBupIpRBByng%3D%3D&trackingId=GfGOdi7Qtsx0wyEiosk7Iw%3D%3D,Not specified,2025-09-01 21:11:43.993867,2025-09-01,,ch.linkedin.com/jobs/view/audit-seniors-ey-assurance-services-zurich-at-ey-4291772374
Operative Einkäuferin / Operativer Einkäufer,Kantonsspital Winterthur,"Winterthur, Zurich, Switzerland",LinkedIn,https://ch.linkedin.com/jobs/view/operative-eink%C3%A4uferin-operativer-eink%C3%A4ufer-at-kantonsspital-winterthur-4293598316?position=36&pageNum=0&refId=PSG4UEYEW7sBupIpRBByng%3D%3D&trackingId=WOVtWIYOJ8KOpFUNUIIWbA%3D%3D,Not specified,2025-09-01 21:11:43.995337,2025-09-01,,ch.linkedin.com/jobs/view/operative-eink%C3%A4uferin-operativer-eink%C3%A4ufer-at-kantonsspital-winterthur-4293598316
Senior Business Analyst,LIONSCOUT | GROUP,"Zurich, Switzerland",LinkedIn,https://ch.linkedin.com/jobs/view/senior-business-analyst-at-lionscout-group-4291794858?position=2&pageNum=0&refId=ogcjVflevnc4bxyFOeeuMA%3D%3D&trackingId=Z64rOm0siarXFEn8t1%2B4jg%3D%3D,Not specified,2025-09-01 21:11:46.884641,2025-09-01,,ch.linkedin.com/jobs/view/senior-business-analyst-at-lionscout-group-4291794858
Data Management Specialist,ABB,"Uster, Zurich, Switzerland",LinkedIn,https://ch.linkedin.com/jobs/view/data-management-specialist-at-abb-4290262210?position=5&pageNum=0&refId=ogcjVflevnc4bxyFOeeuMA%3D%3D&trackingId=vPdUwYPInny3WOlZdMeH%2Fw%3D%3D,Not specified,2025-09-01 21:11:46.885093,2025-09-01,,ch.linkedin.com/jobs/view/data-management-specialist-at-abb-4290262210
(Senior) Business Solutioneer (x/w/m),Infometis,"Zurich, Zurich, Switzerland",LinkedIn,https://ch.linkedin.com/jobs/view/senior-business-solutioneer-x-w-m-at-infometis-4291795960?position=8&pageNum=0&refId=ogcjVflevnc4bxyFOeeuMA%3D%3D&trackingId=jnxJRS44SrohRGZ2HxfspA%3D%3D,Not specified,2025-09-01 21:11:46.885562,2025-09-01,,ch.linkedin.com/jobs/view/senior-business-solutioneer-x-w-m-at-infometis-4291795960
Office Assistant (m/w/d) 100%,PFISTERER,"Küssnacht am Rigi, Schwyz, Switzerland",LinkedIn,https://ch.linkedin.com/jobs/view/office-assistant-m-w-d-100%25-at-pfisterer-4292215119?position=19&pageNum=0&refId=ogcjVflevnc4bxyFOeeuMA%3D%3D&trackingId=KPj1vKIxbHb77u3qv5Pw5A%3D%3D,Not specified,2025-09-01 21:11:46.887215,2025-09-01,,ch.linkedin.com/jobs/view/office-assistant-m-w-d-100%25-at-pfisterer-4292215119
German Social Media Content Analyst in Lisbon w/Relocation bonus,Elemental Insights,"Zurich, Zurich, Switzerland",LinkedIn,https://ch.linkedin.com/jobs/view/german-social-media-content-analyst-in-lisbon-w-relocation-bonus-at-elemental-insights-4293527015?position=36&pageNum=0&refId=ogcjVflevnc4bxyFOeeuMA%3D%3D&trackingId=dt8ND%2B5cMC53LtkwwphkKQ%3D%3D,Not specified,2025-09-01 21:11:46.889529,2025-08-31,,ch.linkedin.com/jobs/view/german-social-media-content-analyst-in-lisbon-w-relocation-bonus-at-elemental-insights-4293527015
Consultant als Business Analyst Public (all genders),adesso Schweiz AG,"Zurich, Zurich, Switzerland",LinkedIn,https://ch.linkedin.com/jobs/view/consultant-als-business-analyst-public-all-genders-at-adesso-schweiz-ag-4183834055?position=38&pageNum=0&refId=ogcjVflevnc4bxyFOeeuMA%3D%3D&trackingId=WSiFKRjXM%2BRGJ4nFt3xfFw%3D%3D,Not specified,2025-09-01 21:11:46.889794,2025-09-01,,ch.linkedin.com/jobs/view/consultant-als-business-analyst-public-all-genders-at-adesso-schweiz-ag-4183834055
EDI/OCR SME,Johnson & Johnson MedTech,"Zug, Zug, Switzerland",LinkedIn,https://ch.linkedin.com/jobs/view/edi-ocr-sme-at-johnson-johnson-medtech-4293783538?position=47&pageNum=0&refId=ogcjVflevnc4bxyFOeeuMA%3D%3D&trackingId=SGTAF%2FjbcruiW6tqH%2B50Pw%3D%3D,Not specified,2025-09-01 21:11:46.891006,2025-09-01,,ch.linkedin.com/jobs/view/edi-ocr-sme-at-johnson-johnson-medtech-4293783538
Trading Engineer,SGI,"Zurich, Zurich, Switzerland",LinkedIn,https://ch.linkedin.com/jobs/view/trading-engineer-at-sgi-4293753127?position=51&pageNum=0&refId=ogcjVflevnc4bxyFOeeuMA%3D%3D&trackingId=ZWQkzXGCBVu4Hg08mp%2F8fg%3D%3D,Not specified,2025-09-01 21:11:46.891545,2025-09-01,,ch.linkedin.com/jobs/view/trading-engineer-at-sgi-4293753127
Bauphysiker,GS Bauphysik & Akustik GmbH,"Schaffhausen, Switzerland",LinkedIn,https://ch.linkedin.com/jobs/view/bauphysiker-at-gs-bauphysik-akustik-gmbh-4293297433?position=58&pageNum=0&refId=ogcjVflevnc4bxyFOeeuMA%3D%3D&trackingId=rQ6kP%2FBWO4bfCcKeqOS10w%3D%3D,Not specified,2025-09-01 21:11:46.892498,2025-09-01,,ch.linkedin.com/jobs/view/bauphysiker-at-gs-bauphysik-akustik-gmbh-4293297433
Consolidation and Reporting Specialist (m/f/d) in Venlo,Redcare Pharmacy,"Krefeld, North Rhine-Westphalia, Germany",LinkedIn,https://de.linkedin.com/jobs/view/consolidation-and-reporting-specialist-m-f-d-in-venlo-at-redcare-pharmacy-4291767598?position=14&pageNum=0&refId=YbFt7Ra2gXj4jDoiDjlfBQ%3D%3D&trackingId=PBJD92yvPGqNclEqK2AfSw%3D%3D,Not specified,2025-09-01 21:11:49.735927,2025-09-01,,de.linkedin.com/jobs/view/consolidation-and-reporting-specialist-m-f-d-in-venlo-at-redcare-pharmacy-4291767598
Analyst:in (Gebäude-) Wertermittlungen,HDI Group,"Essen, North Rhine-Westphalia, Germany",LinkedIn,https://de.linkedin.com/jobs/view/analyst-in-geb%C3%A4ude-wertermittlungen-at-hdi-group-4160165984?position=20&pageNum=0&refId=YbFt7Ra2gXj4jDoiDjlfBQ%3D%3D&trackingId=Ce8bTJHwgp03k%2BsAS%2F3nEQ%3D%3D,Not specified,2025-09-01 21:11:49.736742,2025-09-01,,de.linkedin.com/jobs/view/analyst-in-geb%C3%A4ude-wertermittlungen-at-hdi-group-4160165984
Consolidation and Reporting Specialist (m/f/d) in Venlo,Redcare Pharmacy,"Mönchengladbach, North Rhine-Westphalia, Germany",LinkedIn,https://de.linkedin.com/jobs/view/consolidation-and-reporting-specialist-m-f-d-in-venlo-at-redcare-pharmacy-4291756941?position=21&pageNum=0&refId=YbFt7Ra2gXj4jDoiDjlfBQ%3D%3D&trackingId=xS7PkcDyEVrG9KsLe2s%2FHw%3D%3D,Not specified,2025-09-01 21:11:49.736879,2025-09-01,,de.linkedin.com/jobs/view/consolidation-and-reporting-specialist-m-f-d-in-venlo-at-redcare-pharmacy-4291756941
Sustainability IT Business Analyst ESG (m/w/d),DP World,"Duisburg, North Rhine-Westphalia, Germany",LinkedIn,https://de.linkedin.com/jobs/view/sustainability-it-business-analyst-esg-m-w-d-at-dp-world-4232182574?position=48&pageNum=0&refId=YbFt7Ra2gXj4jDoiDjlfBQ%3D%3D&trackingId=MR3lMEVPe%2BEhuhoKUJIUtA%3D%3D,Not specified,2025-09-01 21:11:49.740428,2025-09-01,,de.linkedin.com/jobs/view/sustainability-it-business-analyst-esg-m-w-d-at-dp-world-4232182574
Assistenzarzt Psychiatrie / Psychotherapie / Psychosomatische Medizin  (m/w/d),Contilia,"Essen, North Rhine-Westphalia, Germany",LinkedIn,https://de.linkedin.com/jobs/view/assistenzarzt-psychiatrie-psychotherapie-psychosomatische-medizin-m-w-d-at-contilia-4291732621?position=57&pageNum=0&refId=YbFt7Ra2gXj4jDoiDjlfBQ%3D%3D&trackingId=7dtWMCMkT3U6AWa%2FVuMR%2FA%3D%3D,Not specified,2025-09-01 21:11:49.741544,2025-08-31,,de.linkedin.com/jobs/view/assistenzarzt-psychiatrie-psychotherapie-psychosomatische-medizin-m-w-d-at-contilia-4291732621
Assistant Magasin H/F,Claire's,"Colmar, Grand Est, France",LinkedIn,https://fr.linkedin.com/jobs/view/assistant-magasin-h-f-at-claire-s-4294115906?position=32&pageNum=0&refId=wndUk2x%2BV7kwznxAdnc%2FHA%3D%3D&trackingId=aTZuE7KtHIqYUCiEbYRcdg%3D%3D,Not specified,2025-09-01 21:11:52.452389,2025-09-01,,fr.linkedin.com/jobs/view/assistant-magasin-h-f-at-claire-s-4294115906
Baumpfleger*in für Freiburgs Stadtgrün,Stadt Freiburg,"Freiburg, Baden-Württemberg, Germany",LinkedIn,https://de.linkedin.com/jobs/view/baumpfleger-in-f%C3%BCr-freiburgs-stadtgr%C3%BCn-at-stadt-freiburg-4292230015?position=36&pageNum=0&refId=wndUk2x%2BV7kwznxAdnc%2FHA%3D%3D&trackingId=YEEYBxvKMVytjUl3%2BE79yA%3D%3D,Not specified,2025-09-01 21:11:52.452998,2025-09-01,,de.linkedin.com/jobs/view/baumpfleger-in-f%C3%BCr-freiburgs-stadtgr%C3%BCn-at-stadt-freiburg-4292230015
(Senior) Associate Valuation Services (m/w/d),Rödl & Partner,"Nuremberg, Bavaria, Germany",LinkedIn,https://de.linkedin.com/jobs/view/senior-associate-valuation-services-m-w-d-at-r%C3%B6dl-partner-4157272921?position=3&pageNum=0&refId=oedbLzANR27TrRtEDKHd%2FA%3D%3D&trackingId=Ck%2BxoMe5EDNtfm21I7aT3w%3D%3D,Not specified,2025-09-01 21:11:55.175989,2025-09-01,,de.linkedin.com/jobs/view/senior-associate-valuation-services-m-w-d-at-r%C3%B6dl-partner-4157272921
Power Electronics R&D Engineer – Automotive (Senior / Principal Level),European Tech Recruit,"Nuremberg, Bavaria, Germany",LinkedIn,https://de.linkedin.com/jobs/view/power-electronics-r-d-engineer-%E2%80%93-automotive-senior-principal-level-at-european-tech-recruit-4294102157?position=7&pageNum=0&refId=oedbLzANR27TrRtEDKHd%2FA%3D%3D&trackingId=90Q9%2FBNQ%2FRTr3YR7QNfbxA%3D%3D,Not specified,2025-09-01 21:11:55.176378,2025-09-01,,de.linkedin.com/jobs/view/power-electronics-r-d-engineer-%E2%80%93-automotive-senior-principal-level-at-european-tech-recruit-4294102157
Spezialist (m/w/d) IT-Vertragsmanagement,UNIVERSA Versicherungen,"Nuremberg, Bavaria, Germany",LinkedIn,https://de.linkedin.com/jobs/view/spezialist-m-w-d-it-vertragsmanagement-at-universa-versicherungen-4291788429?position=11&pageNum=0&refId=oedbLzANR27TrRtEDKHd%2FA%3D%3D&trackingId=9wxSeyXw%2BwWv2yLyt96ULg%3D%3D,Not specified,2025-09-01 21:11:55.176761,2025-09-01,,de.linkedin.com/jobs/view/spezialist-m-w-d-it-vertragsmanagement-at-universa-versicherungen-4291788429
(Junior) Consultant Telekommunikation / Glasfaserausbau (m/w/d),Rödl & Partner,"Nuremberg, Bavaria, Germany",LinkedIn,https://de.linkedin.com/jobs/view/junior-consultant-telekommunikation-glasfaserausbau-m-w-d-at-r%C3%B6dl-partner-4122647535?position=12&pageNum=0&refId=oedbLzANR27TrRtEDKHd%2FA%3D%3D&trackingId=lDk01gFqmBDCDkIFyfjmNQ%3D%3D,Not specified,2025-09-01 21:11:55.176856,2025-09-01,,de.linkedin.com/jobs/view/junior-consultant-telekommunikation-glasfaserausbau-m-w-d-at-r%C3%B6dl-partner-4122647535
German Social Media Content Analyst in Lisbon w/Relocation bonus,Elemental Insights,"Nuremberg, Bavaria, Germany",LinkedIn,https://de.linkedin.com/jobs/view/german-social-media-content-analyst-in-lisbon-w-relocation-bonus-at-elemental-insights-4293519401?position=14&pageNum=0&refId=oedbLzANR27TrRtEDKHd%2FA%3D%3D&trackingId=sYZsmMgYYZPHE3ElfGQhxQ%3D%3D,Not specified,2025-09-01 21:11:55.177045,2025-08-31,,de.linkedin.com/jobs/view/german-social-media-content-analyst-in-lisbon-w-relocation-bonus-at-elemental-insights-4293519401
Consultant Audit / Wirtschaftsprüfung (m/w/d),Rödl & Partner,"Nuremberg, Bavaria, Germany",LinkedIn,https://de.linkedin.com/jobs/view/consultant-audit-wirtschaftspr%C3%BCfung-m-w-d-at-r%C3%B6dl-partner-4122647538?position=20&pageNum=0&refId=oedbLzANR27TrRtEDKHd%2FA%3D%3D&trackingId=1DmjWZgtnrirjh4yNzrB3A%3D%3D,Not specified,2025-09-01 21:11:55.177616,2025-09-01,,de.linkedin.com/jobs/view/consultant-audit-wirtschaftspr%C3%BCfung-m-w-d-at-r%C3%B6dl-partner-4122647538
Instore TO Specialist (m/w/d),Electrolux Group,"Nuremberg, Bavaria, Germany",LinkedIn,https://de.linkedin.com/jobs/view/instore-to-specialist-m-w-d-at-electrolux-group-4293777563?position=21&pageNum=0&refId=oedbLzANR27TrRtEDKHd%2FA%3D%3D&trackingId=180bGRCWh1gDiauBd%2Bn08g%3D%3D,Not specified,2025-09-01 21:11:55.177710,2025-09-01,,de.linkedin.com/jobs/view/instore-to-specialist-m-w-d-at-electrolux-group-4293777563
Stellvertretender Abteilungsleiter - Bedientheke (m/w/d),TieTalent,"Lähr, Bavaria, Germany",LinkedIn,https://de.linkedin.com/jobs/view/stellvertretender-abteilungsleiter-bedientheke-m-w-d-at-tietalent-4293515428?position=28&pageNum=0&refId=oedbLzANR27TrRtEDKHd%2FA%3D%3D&trackingId=Uq8WtUJyW3NRtPBcSFt%2Bjg%3D%3D,Not specified,2025-09-01 21:11:55.178380,2025-08-31,,de.linkedin.com/jobs/view/stellvertretender-abteilungsleiter-bedientheke-m-w-d-at-tietalent-4293515428
Fachangestellter für Bäderbetriebe/ Meister für Bäderbetriebe als Teamleitung Bad (m/w/d),Fackelmann Therme Hersbruck,"Hersbruck, Bavaria, Germany",LinkedIn,https://de.linkedin.com/jobs/view/fachangestellter-f%C3%BCr-b%C3%A4derbetriebe-meister-f%C3%BCr-b%C3%A4derbetriebe-als-teamleitung-bad-m-w-d-at-fackelmann-therme-hersbruck-4291782334?position=29&pageNum=0&refId=oedbLzANR27TrRtEDKHd%2FA%3D%3D&trackingId=%2B09KdXRpTSAo%2B%2FtzcVzMdw%3D%3D,Not specified,2025-09-01 21:11:55.178477,2025-09-01,,de.linkedin.com/jobs/view/fachangestellter-f%C3%BCr-b%C3%A4derbetriebe-meister-f%C3%BCr-b%C3%A4derbetriebe-als-teamleitung-bad-m-w-d-at-fackelmann-therme-hersbruck-4291782334
FACHANGESTELLTER FÜR BÄDERBETRIEBE/ MEISTER FÜR BÄDERBETRIEBE ALS STELLVERTRETENDE BETRIEBSLEITUNG (m/w/d),Fackelmann Therme Hersbruck,"Hersbruck, Bavaria, Germany",LinkedIn,https://de.linkedin.com/jobs/view/fachangestellter-f%C3%BCr-b%C3%A4derbetriebe-meister-f%C3%BCr-b%C3%A4derbetriebe-als-stellvertretende-betriebsleitung-m-w-d-at-fackelmann-therme-hersbruck-4291770686?position=33&pageNum=0&refId=oedbLzANR27TrRtEDKHd%2FA%3D%3D&trackingId=dWahM7GSC8pIvo559sIocg%3D%3D,Not specified,2025-09-01 21:11:55.178860,2025-09-01,,de.linkedin.com/jobs/view/fachangestellter-f%C3%BCr-b%C3%A4derbetriebe-meister-f%C3%BCr-b%C3%A4derbetriebe-als-stellvertretende-betriebsleitung-m-w-d-at-fackelmann-therme-hersbruck-4291770686
Produkt- und Prozessspezialist AUWA Chemie (m/w/d) Region Südost,AUWA Chemie GmbH,"Augsburg, Bavaria, Germany",LinkedIn,https://de.linkedin.com/jobs/view/produkt-und-prozessspezialist-auwa-chemie-m-w-d-region-s%C3%BCdost-at-auwa-chemie-gmbh-4293742499?position=5&pageNum=0&refId=KVNMkPwbQMuv8lTQbNOb6g%3D%3D&trackingId=dp8A%2BZwaclrTKvS5iKV%2FXg%3D%3D,Not specified,2025-09-01 21:11:57.883235,2025-09-01,,de.linkedin.com/jobs/view/produkt-und-prozessspezialist-auwa-chemie-m-w-d-region-s%C3%BCdost-at-auwa-chemie-gmbh-4293742499
Wissenschaftliche*r Mitarbeiter*in (all genders) – Neuromorphic Computing Solutions,Fraunhofer IIS,"Erlangen, Bavaria, Germany",LinkedIn,https://de.linkedin.com/jobs/view/wissenschaftliche-r-mitarbeiter-in-all-genders-%E2%80%93-neuromorphic-computing-solutions-at-fraunhofer-iis-4293791481?position=10&pageNum=0&refId=1s7HQWi4tL90pEo%2Bj5AgIg%3D%3D&trackingId=ctfxMlJ1FQwc1%2FN8bfqWFA%3D%3D,Not specified,2025-09-01 21:12:00.721185,2025-09-01,,de.linkedin.com/jobs/view/wissenschaftliche-r-mitarbeiter-in-all-genders-%E2%80%93-neuromorphic-computing-solutions-at-fraunhofer-iis-4293791481
Channel Strategy Analyst (m/w/d),Clarios,"Hannover, Lower Saxony, Germany",LinkedIn,https://de.linkedin.com/jobs/view/channel-strategy-analyst-m-w-d-at-clarios-4228342531?position=1&pageNum=0&refId=8Hv%2Bmtf46oKaQHXKKqJZAA%3D%3D&trackingId=fa33j8k9AUmY%2FC1rv77iog%3D%3D,Not specified,2025-09-01 21:12:03.677624,2025-09-01,,de.linkedin.com/jobs/view/channel-strategy-analyst-m-w-d-at-clarios-4228342531
Bench Chemist,Arxada,"Hannover, Lower Saxony, Germany",LinkedIn,https://de.linkedin.com/jobs/view/bench-chemist-at-arxada-4243304274?position=10&pageNum=0&refId=8Hv%2Bmtf46oKaQHXKKqJZAA%3D%3D&trackingId=qi%2FFDm1dZIT1Ul6VKRQY4w%3D%3D,Not specified,2025-09-01 21:12:03.678928,2025-09-01,,de.linkedin.com/jobs/view/bench-chemist-at-arxada-4243304274
Monitoring & Observability Consultant (m/w/d),TieTalent,"Burgdorf, Lower Saxony, Germany",LinkedIn,https://de.linkedin.com/jobs/view/monitoring-observability-consultant-m-w-d-at-tietalent-4293517406?position=12&pageNum=0&refId=8Hv%2Bmtf46oKaQHXKKqJZAA%3D%3D&trackingId=u5X6AjIerdXezK3003eW4w%3D%3D,Not specified,2025-09-01 21:12:03.679215,2025-08-31,,de.linkedin.com/jobs/view/monitoring-observability-consultant-m-w-d-at-tietalent-4293517406
Informatiker:in als Fachgebietsleiter:in Data- und Identity-Management,TieTalent,"Burgdorf, Lower Saxony, Germany",LinkedIn,https://de.linkedin.com/jobs/view/informatiker-in-als-fachgebietsleiter-in-data-und-identity-management-at-tietalent-4293515454?position=24&pageNum=0&refId=8Hv%2Bmtf46oKaQHXKKqJZAA%3D%3D&trackingId=3GSMsry9%2BDhQ2y7OI7j0gg%3D%3D,Not specified,2025-09-01 21:12:03.681101,2025-08-31,,de.linkedin.com/jobs/view/informatiker-in-als-fachgebietsleiter-in-data-und-identity-management-at-tietalent-4293515454
Teamassistenz für Unternehmensberatung (m/w/d),RG Finance GmbH,"Hannover, Lower Saxony, Germany",LinkedIn,https://de.linkedin.com/jobs/view/teamassistenz-f%C3%BCr-unternehmensberatung-m-w-d-at-rg-finance-gmbh-4291760757?position=28&pageNum=0&refId=8Hv%2Bmtf46oKaQHXKKqJZAA%3D%3D&trackingId=IYj7j7eARFsM1ZiRL%2Bzpcg%3D%3D,Not specified,2025-09-01 21:12:03.681679,2025-09-01,,de.linkedin.com/jobs/view/teamassistenz-f%C3%BCr-unternehmensberatung-m-w-d-at-rg-finance-gmbh-4291760757
Cloud Data Engineer - Databricks (all genders),adesso SE,"Hannover, Lower Saxony, Germany",LinkedIn,https://de.linkedin.com/jobs/view/cloud-data-engineer-databricks-all-genders-at-adesso-se-4139522282?position=46&pageNum=0&refId=8Hv%2Bmtf46oKaQHXKKqJZAA%3D%3D&trackingId=bhslxOYwKjmylfDcbvapvw%3D%3D,Not specified,2025-09-01 21:12:03.684242,2025-09-01,,de.linkedin.com/jobs/view/cloud-data-engineer-databricks-all-genders-at-adesso-se-4139522282
(Junior) Einkäufer (m/w/d) Category Management: Duft,Dirk Rossmann GmbH,"Burgwedel, Lower Saxony, Germany",LinkedIn,https://de.linkedin.com/jobs/view/junior-eink%C3%A4ufer-m-w-d-category-management-duft-at-dirk-rossmann-gmbh-4293765245?position=56&pageNum=0&refId=8Hv%2Bmtf46oKaQHXKKqJZAA%3D%3D&trackingId=kfqt44jNg3yfJVWDH7BtSg%3D%3D,Not specified,2025-09-01 21:12:03.685602,2025-09-01,,de.linkedin.com/jobs/view/junior-eink%C3%A4ufer-m-w-d-category-management-duft-at-dirk-rossmann-gmbh-4293765245
(Junior-)Redakteur (m/w/d) für Gesellschaftswissenschaften,Dr. Josef Raabe Verlags-GmbH,"Stuttgart, Baden-Württemberg, Germany",LinkedIn,https://de.linkedin.com/jobs/view/junior-redakteur-m-w-d-f%C3%BCr-gesellschaftswissenschaften-at-dr-josef-raabe-verlags-gmbh-4291799896?position=7&pageNum=0&refId=fwtYkMz0Ao%2BDFGIHk2fD%2Bg%3D%3D&trackingId=uBfNOeG7zWT3uK%2B4ZN7zkA%3D%3D,Not specified,2025-09-01 21:12:06.438991,2025-09-01,,de.linkedin.com/jobs/view/junior-redakteur-m-w-d-f%C3%BCr-gesellschaftswissenschaften-at-dr-josef-raabe-verlags-gmbh-4291799896
"Quereinsteiger als Softwareentwickler mit Fokus auf Java, C# & Unity (m/w/d) - Auch ohne Vorkenntnisse",Smart Future Campus,"Leonberg, Baden-Württemberg, Germany",LinkedIn,https://de.linkedin.com/jobs/view/quereinsteiger-als-softwareentwickler-mit-fokus-auf-java-c%23-unity-m-w-d-auch-ohne-vorkenntnisse-at-smart-future-campus-4294135128?position=11&pageNum=0&refId=fwtYkMz0Ao%2BDFGIHk2fD%2Bg%3D%3D&trackingId=gx%2BLadumxN4iREa2u7jzqw%3D%3D,Not specified,2025-09-01 21:12:06.439624,2025-09-01,,de.linkedin.com/jobs/view/quereinsteiger-als-softwareentwickler-mit-fokus-auf-java-c%23-unity-m-w-d-auch-ohne-vorkenntnisse-at-smart-future-campus-4294135128
"Quereinsteiger als Softwareentwickler mit Fokus auf Java, C# & Unity (m/w/d) - Auch ohne Vorkenntnisse",Smart Future Campus,"Ludwigsburg, Baden-Württemberg, Germany",LinkedIn,https://de.linkedin.com/jobs/view/quereinsteiger-als-softwareentwickler-mit-fokus-auf-java-c%23-unity-m-w-d-auch-ohne-vorkenntnisse-at-smart-future-campus-4294134096?position=12&pageNum=0&refId=fwtYkMz0Ao%2BDFGIHk2fD%2Bg%3D%3D&trackingId=sXIcmrjV3mFnw4Z0rqigSg%3D%3D,Not specified,2025-09-01 21:12:06.439786,2025-09-01,,de.linkedin.com/jobs/view/quereinsteiger-als-softwareentwickler-mit-fokus-auf-java-c%23-unity-m-w-d-auch-ohne-vorkenntnisse-at-smart-future-campus-4294134096
Senior Consultant (w/m/d) Digital Change Management,Horváth,"Stuttgart, Baden-Württemberg, Germany",LinkedIn,https://de.linkedin.com/jobs/view/senior-consultant-w-m-d-digital-change-management-at-horv%C3%A1th-4292215473?position=13&pageNum=0&refId=fwtYkMz0Ao%2BDFGIHk2fD%2Bg%3D%3D&trackingId=3Gj6EdEqnv4oQAfPIYs7eQ%3D%3D,Not specified,2025-09-01 21:12:06.439947,2025-09-01,,de.linkedin.com/jobs/view/senior-consultant-w-m-d-digital-change-management-at-horv%C3%A1th-4292215473
Unterstützung in Multi-Material VPP,"Lightweight Engineering at FAST, KIT","Baden-Württemberg, Germany",LinkedIn,https://de.linkedin.com/jobs/view/unterst%C3%BCtzung-in-multi-material-vpp-at-lightweight-engineering-at-fast-kit-4293586457?position=27&pageNum=0&refId=fwtYkMz0Ao%2BDFGIHk2fD%2Bg%3D%3D&trackingId=o6SdxPbbL%2Bi%2FlGI%2BcKFjFw%3D%3D,Not specified,2025-09-01 21:12:06.441945,2025-09-01,,de.linkedin.com/jobs/view/unterst%C3%BCtzung-in-multi-material-vpp-at-lightweight-engineering-at-fast-kit-4293586457
Azure Cloud Consultant (f/m/x),Avanade,"Stuttgart, Baden-Württemberg, Germany",LinkedIn,https://de.linkedin.com/jobs/view/azure-cloud-consultant-f-m-x-at-avanade-4293816357?position=39&pageNum=0&refId=fwtYkMz0Ao%2BDFGIHk2fD%2Bg%3D%3D&trackingId=beVGpWb6zdYQnVw%2B4xhaKg%3D%3D,Not specified,2025-09-01 21:12:06.443601,2025-09-01,,de.linkedin.com/jobs/view/azure-cloud-consultant-f-m-x-at-avanade-4293816357
AI Media Engineer (m/w/x),KLAR-Franchise GmbH,"Berlin, Berlin, Germany",LinkedIn,https://de.linkedin.com/jobs/view/ai-media-engineer-m-w-x-at-klar-franchise-gmbh-4293826520?position=2&pageNum=0&refId=D3jaAxQ9sEb9vTriE3Nmyg%3D%3D&trackingId=BUAQh3twaVMlWcMtJd3AiQ%3D%3D,Not specified,2025-09-01 21:12:09.248688,2025-08-31,,de.linkedin.com/jobs/view/ai-media-engineer-m-w-x-at-klar-franchise-gmbh-4293826520
AI Associate,Langdock,"Berlin, Berlin, Germany",LinkedIn,https://de.linkedin.com/jobs/view/ai-associate-at-langdock-4291766574?position=8&pageNum=0&refId=D3jaAxQ9sEb9vTriE3Nmyg%3D%3D&trackingId=VMXQAm5bZNzYW6UDfFo51A%3D%3D,Not specified,2025-09-01 21:12:09.249317,2025-09-01,,de.linkedin.com/jobs/view/ai-associate-at-langdock-4291766574
Venture Development Tech Analyst (w/m/d),Enpal,"Berlin, Berlin, Germany",LinkedIn,https://de.linkedin.com/jobs/view/venture-development-tech-analyst-w-m-d-at-enpal-4013856743?position=15&pageNum=0&refId=D3jaAxQ9sEb9vTriE3Nmyg%3D%3D&trackingId=L0Xgq4VT2kzUC4%2FJow3sPQ%3D%3D,Not specified,2025-09-01 21:12:09.250057,2025-09-01,,de.linkedin.com/jobs/view/venture-development-tech-analyst-w-m-d-at-enpal-4013856743
Senior Machine Learning Engineer (m/f/d),Moonfare,"Berlin, Germany",LinkedIn,https://de.linkedin.com/jobs/view/senior-machine-learning-engineer-m-f-d-at-moonfare-4292205491?position=23&pageNum=0&refId=D3jaAxQ9sEb9vTriE3Nmyg%3D%3D&trackingId=oHNSn%2FY1kXGzN4LvXbFBYA%3D%3D,Not specified,2025-09-01 21:12:09.250990,2025-09-01,,de.linkedin.com/jobs/view/senior-machine-learning-engineer-m-f-d-at-moonfare-4292205491
Recruitment Consultant (Relocation to Berlin),Orange Quarter,"Berlin, Germany",LinkedIn,https://de.linkedin.com/jobs/view/recruitment-consultant-relocation-to-berlin-at-orange-quarter-4290387788?position=26&pageNum=0&refId=D3jaAxQ9sEb9vTriE3Nmyg%3D%3D&trackingId=3g6%2BbegpRjDpVflDlHacSw%3D%3D,Not specified,2025-09-01 21:12:09.251457,2025-09-01,,de.linkedin.com/jobs/view/recruitment-consultant-relocation-to-berlin-at-orange-quarter-4290387788
Technical Consultant (all genders) - BCG Platinion,BCG Platinion,"Berlin, Berlin, Germany",LinkedIn,https://de.linkedin.com/jobs/view/technical-consultant-all-genders-bcg-platinion-at-bcg-platinion-4062721554?position=31&pageNum=0&refId=D3jaAxQ9sEb9vTriE3Nmyg%3D%3D&trackingId=Y4ULPdAHeJIaGenuZhA79Q%3D%3D,Not specified,2025-09-01 21:12:09.252071,2025-09-01,,de.linkedin.com/jobs/view/technical-consultant-all-genders-bcg-platinion-at-bcg-platinion-4062721554
Tech Consultant (m/w/d),A11,"Berlin, Berlin, Germany",LinkedIn,https://de.linkedin.com/jobs/view/tech-consultant-m-w-d-at-a11-4266687435?position=38&pageNum=0&refId=D3jaAxQ9sEb9vTriE3Nmyg%3D%3D&trackingId=SLTKvA6NpLeqN1ubbi7Iug%3D%3D,Not specified,2025-09-01 21:12:09.252784,2025-09-01,,de.linkedin.com/jobs/view/tech-consultant-m-w-d-at-a11-4266687435
Senior AI Data Engineer,Tripledot Studios,"Berlin, Berlin, Germany",LinkedIn,https://de.linkedin.com/jobs/view/senior-ai-data-engineer-at-tripledot-studios-4291771003?position=47&pageNum=0&refId=D3jaAxQ9sEb9vTriE3Nmyg%3D%3D&trackingId=ZyyUZ6M6Ksv3%2F01X6ar7zQ%3D%3D,Not specified,2025-09-01 21:12:09.253820,2025-09-01,,de.linkedin.com/jobs/view/senior-ai-data-engineer-at-tripledot-studios-4291771003
Chief of Staff (m/f/d),A11,"Berlin, Berlin, Germany",LinkedIn,https://de.linkedin.com/jobs/view/chief-of-staff-m-f-d-at-a11-4294126621?position=49&pageNum=0&refId=D3jaAxQ9sEb9vTriE3Nmyg%3D%3D&trackingId=53msN5%2FnipHekb4I3LW9Eg%3D%3D,Not specified,2025-09-01 21:12:09.254029,2025-09-01,,de.linkedin.com/jobs/view/chief-of-staff-m-f-d-at-a11-4294126621
Senior Consultant (w/m/d) Digital Change Management,Horváth,"Berlin, Berlin, Germany",LinkedIn,https://de.linkedin.com/jobs/view/senior-consultant-w-m-d-digital-change-management-at-horv%C3%A1th-4292214436?position=58&pageNum=0&refId=D3jaAxQ9sEb9vTriE3Nmyg%3D%3D&trackingId=KAGJUClXEkC0pBHRFZ5bVA%3D%3D,Not specified,2025-09-01 21:12:09.254971,2025-09-01,,de.linkedin.com/jobs/view/senior-consultant-w-m-d-digital-change-management-at-horv%C3%A1th-4292214436
Consultant PIM (all genders welcome),COSMO CONSULT,"Berlin, Berlin, Germany",LinkedIn,https://de.linkedin.com/jobs/view/consultant-pim-all-genders-welcome-at-cosmo-consult-4291742701?position=59&pageNum=0&refId=D3jaAxQ9sEb9vTriE3Nmyg%3D%3D&trackingId=BGvcMsi%2FxsUe0%2FVIVTxk3Q%3D%3D,Not specified,2025-09-01 21:12:09.255075,2025-09-01,,de.linkedin.com/jobs/view/consultant-pim-all-genders-welcome-at-cosmo-consult-4291742701
"Quereinsteiger als Softwareentwickler mit Fokus auf Java, C# & Unity (m/w/d) - Auch ohne Vorkenntnisse",Smart Future Campus,"Oberursel, Hesse, Germany",LinkedIn,https://de.linkedin.com/jobs/view/quereinsteiger-als-softwareentwickler-mit-fokus-auf-java-c%23-unity-m-w-d-auch-ohne-vorkenntnisse-at-smart-future-campus-4294127539?position=17&pageNum=0&refId=jxobFTUyDVQwjbf4tve3Zw%3D%3D&trackingId=txybwHogNWhUatTNPOL3xg%3D%3D,Not specified,2025-09-01 21:12:12.206059,2025-09-01,,de.linkedin.com/jobs/view/quereinsteiger-als-softwareentwickler-mit-fokus-auf-java-c%23-unity-m-w-d-auch-ohne-vorkenntnisse-at-smart-future-campus-4294127539
"Quereinsteiger als Softwareentwickler mit Fokus auf Java, C# & Unity (m/w/d) - Auch ohne Vorkenntnisse",Smart Future Campus,"Offenbach, Hesse, Germany",LinkedIn,https://de.linkedin.com/jobs/view/quereinsteiger-als-softwareentwickler-mit-fokus-auf-java-c%23-unity-m-w-d-auch-ohne-vorkenntnisse-at-smart-future-campus-4294130284?position=18&pageNum=0&refId=jxobFTUyDVQwjbf4tve3Zw%3D%3D&trackingId=e7P57tCtFXH8dRVa58DEyw%3D%3D,Not specified,2025-09-01 21:12:12.206156,2025-09-01,,de.linkedin.com/jobs/view/quereinsteiger-als-softwareentwickler-mit-fokus-auf-java-c%23-unity-m-w-d-auch-ohne-vorkenntnisse-at-smart-future-campus-4294130284
Entwickler,Evernow GmbH,Frankfurt Rhine-Main Metropolitan Area,LinkedIn,https://de.linkedin.com/jobs/view/entwickler-at-evernow-gmbh-4293791859?position=19&pageNum=0&refId=jxobFTUyDVQwjbf4tve3Zw%3D%3D&trackingId=Jc9reDYspaYDD9xqq1KDgw%3D%3D,Not specified,2025-09-01 21:12:12.206252,2025-09-01,,de.linkedin.com/jobs/view/entwickler-at-evernow-gmbh-4293791859
Management Consultant Digitale Transformation (m/w/d),Empion,"Mainz, Rhineland-Palatinate, Germany",LinkedIn,https://de.linkedin.com/jobs/view/management-consultant-digitale-transformation-m-w-d-at-empion-4294106238?position=23&pageNum=0&refId=jxobFTUyDVQwjbf4tve3Zw%3D%3D&trackingId=v7S4jMG3l38A4DTX964YSw%3D%3D,Not specified,2025-09-01 21:12:12.206571,2025-09-01,,de.linkedin.com/jobs/view/management-consultant-digitale-transformation-m-w-d-at-empion-4294106238
Consultant PIM (all genders welcome),COSMO CONSULT,"Frankfurt am Main, Hesse, Germany",LinkedIn,https://de.linkedin.com/jobs/view/consultant-pim-all-genders-welcome-at-cosmo-consult-4291754323?position=24&pageNum=0&refId=jxobFTUyDVQwjbf4tve3Zw%3D%3D&trackingId=VzG6%2BoJkjqNIU7QGqZx9FA%3D%3D,Not specified,2025-09-01 21:12:12.206679,2025-09-01,,de.linkedin.com/jobs/view/consultant-pim-all-genders-welcome-at-cosmo-consult-4291754323
Technical Architect (m/f/d),CGI,"Darmstadt, Hesse, Germany",LinkedIn,https://de.linkedin.com/jobs/view/technical-architect-m-f-d-at-cgi-4074171342?position=26&pageNum=0&refId=jxobFTUyDVQwjbf4tve3Zw%3D%3D&trackingId=BR%2F%2Bt6nWY6jk4GfiA%2FhHEQ%3D%3D,Not specified,2025-09-01 21:12:12.206888,2025-09-01,,de.linkedin.com/jobs/view/technical-architect-m-f-d-at-cgi-4074171342
Senior Consultant (w/m/d) Digital Change Management,Horváth,"Frankfurt, Hesse, Germany",LinkedIn,https://de.linkedin.com/jobs/view/senior-consultant-w-m-d-digital-change-management-at-horv%C3%A1th-4292223260?position=28&pageNum=0&refId=jxobFTUyDVQwjbf4tve3Zw%3D%3D&trackingId=QdvSUfKRLFiDY5yf9pCNDA%3D%3D,Not specified,2025-09-01 21:12:12.207106,2025-09-01,,de.linkedin.com/jobs/view/senior-consultant-w-m-d-digital-change-management-at-horv%C3%A1th-4292223260
AI/SaaS Procurement Specialist (Build an AI-native global brand in Dubai),Puffy,Frankfurt Rhine-Main Metropolitan Area,LinkedIn,https://de.linkedin.com/jobs/view/ai-saas-procurement-specialist-build-an-ai-native-global-brand-in-dubai-at-puffy-4291789270?position=35&pageNum=0&refId=jxobFTUyDVQwjbf4tve3Zw%3D%3D&trackingId=UxBKs6GyQMGqzbtB1LjucQ%3D%3D,Not specified,2025-09-01 21:12:12.207872,2025-09-01,,de.linkedin.com/jobs/view/ai-saas-procurement-specialist-build-an-ai-native-global-brand-in-dubai-at-puffy-4291789270
Java Senior Big Data Engineer,Nexxen,"Frankfurt, Hesse, Germany",LinkedIn,https://de.linkedin.com/jobs/view/java-senior-big-data-engineer-at-nexxen-4247516687?position=36&pageNum=0&refId=jxobFTUyDVQwjbf4tve3Zw%3D%3D&trackingId=WVVMF6g7Jm2HSSxfCGd8cw%3D%3D,Not specified,2025-09-01 21:12:12.208013,2025-09-01,,de.linkedin.com/jobs/view/java-senior-big-data-engineer-at-nexxen-4247516687
Software Architect AI (all genders),adesso SE,"Frankfurt, Hesse, Germany",LinkedIn,https://de.linkedin.com/jobs/view/software-architect-ai-all-genders-at-adesso-se-3877899849?position=45&pageNum=0&refId=jxobFTUyDVQwjbf4tve3Zw%3D%3D&trackingId=nT8vOm%2B8tutXqh1hpDxPxQ%3D%3D,Not specified,2025-09-01 21:12:12.209002,2025-09-01,,de.linkedin.com/jobs/view/software-architect-ai-all-genders-at-adesso-se-3877899849
Azure Cloud Consultant (f/m/x),Avanade,"Frankfurt, Hesse, Germany",LinkedIn,https://de.linkedin.com/jobs/view/azure-cloud-consultant-f-m-x-at-avanade-4293818013?position=49&pageNum=0&refId=jxobFTUyDVQwjbf4tve3Zw%3D%3D&trackingId=Mbd%2BoFJNvcPXiEK3qQ0FpQ%3D%3D,Not specified,2025-09-01 21:12:12.209535,2025-09-01,,de.linkedin.com/jobs/view/azure-cloud-consultant-f-m-x-at-avanade-4293818013
AI Specialist (H/U/M/A/N) full-time remote/hybrid,freshcells systems engineering GmbH,"Düsseldorf, North Rhine-Westphalia, Germany",LinkedIn,https://de.linkedin.com/jobs/view/ai-specialist-h-u-m-a-n-full-time-remote-hybrid-at-freshcells-systems-engineering-gmbh-4291767511?position=1&pageNum=0&refId=Wbr0%2Bi2h9ZQlve2RM0LvYQ%3D%3D&trackingId=NRlLmGLc6bPVtkKIp1oULg%3D%3D,Not specified,2025-09-01 21:12:15.045510,2025-09-01,,de.linkedin.com/jobs/view/ai-specialist-h-u-m-a-n-full-time-remote-hybrid-at-freshcells-systems-engineering-gmbh-4291767511
AI Specialist (m/f/d),freshcells systems engineering GmbH,"Düsseldorf, North Rhine-Westphalia, Germany",LinkedIn,https://de.linkedin.com/jobs/view/ai-specialist-m-f-d-at-freshcells-systems-engineering-gmbh-4291762401?position=3&pageNum=0&refId=Wbr0%2Bi2h9ZQlve2RM0LvYQ%3D%3D&trackingId=%2F8AaJMo3Ox%2BrAWTAy72fgw%3D%3D,Not specified,2025-09-01 21:12:15.045712,2025-09-01,,de.linkedin.com/jobs/view/ai-specialist-m-f-d-at-freshcells-systems-engineering-gmbh-4291762401
Consultant PIM (all genders welcome),COSMO CONSULT,"Cologne, North Rhine-Westphalia, Germany",LinkedIn,https://de.linkedin.com/jobs/view/consultant-pim-all-genders-welcome-at-cosmo-consult-4291749422?position=18&pageNum=0&refId=Wbr0%2Bi2h9ZQlve2RM0LvYQ%3D%3D&trackingId=%2FsST1A7qiI0IYN%2BKuIXAmw%3D%3D,Not specified,2025-09-01 21:12:15.047080,2025-09-01,,de.linkedin.com/jobs/view/consultant-pim-all-genders-welcome-at-cosmo-consult-4291749422
Mitarbeiter Vertriebsinnendienst (w/m/d),TIMETOACT GROUP,"Cologne, North Rhine-Westphalia, Germany",LinkedIn,https://de.linkedin.com/jobs/view/mitarbeiter-vertriebsinnendienst-w-m-d-at-timetoact-group-4292203776?position=22&pageNum=0&refId=Wbr0%2Bi2h9ZQlve2RM0LvYQ%3D%3D&trackingId=B92%2BBtakm3E4h7HSK0jo4A%3D%3D,Not specified,2025-09-01 21:12:15.047445,2025-09-01,,de.linkedin.com/jobs/view/mitarbeiter-vertriebsinnendienst-w-m-d-at-timetoact-group-4292203776
Software-Architekt,Instaffo,"Neuss, North Rhine-Westphalia, Germany",LinkedIn,https://de.linkedin.com/jobs/view/software-architekt-at-instaffo-4202677144?position=25&pageNum=0&refId=Wbr0%2Bi2h9ZQlve2RM0LvYQ%3D%3D&trackingId=qt70t0ZIa5E7Q2N30%2BZD9g%3D%3D,Not specified,2025-09-01 21:12:15.047727,2025-09-01,,de.linkedin.com/jobs/view/software-architekt-at-instaffo-4202677144
Full-Stack-Entwickler (m/w/d),Einkaufsbüro Deutscher Eisenhändler (E/D/E Gruppe),"Wuppertal, North Rhine-Westphalia, Germany",LinkedIn,https://de.linkedin.com/jobs/view/full-stack-entwickler-m-w-d-at-einkaufsb%C3%BCro-deutscher-eisenh%C3%A4ndler-e-d-e-gruppe-4266740054?position=28&pageNum=0&refId=Wbr0%2Bi2h9ZQlve2RM0LvYQ%3D%3D&trackingId=vhShQhgyslSUZZ1HHrE1jA%3D%3D,Not specified,2025-09-01 21:12:15.048018,2025-09-01,,de.linkedin.com/jobs/view/full-stack-entwickler-m-w-d-at-einkaufsb%C3%BCro-deutscher-eisenh%C3%A4ndler-e-d-e-gruppe-4266740054
Senior Consultant (w/m/d) Digital Change Management,Horváth,"Düsseldorf, North Rhine-Westphalia, Germany",LinkedIn,https://de.linkedin.com/jobs/view/senior-consultant-w-m-d-digital-change-management-at-horv%C3%A1th-4292215472?position=32&pageNum=0&refId=Wbr0%2Bi2h9ZQlve2RM0LvYQ%3D%3D&trackingId=6yXGLjVLwYtBcxkgyUInwA%3D%3D,Not specified,2025-09-01 21:12:15.048381,2025-09-01,,de.linkedin.com/jobs/view/senior-consultant-w-m-d-digital-change-management-at-horv%C3%A1th-4292215472
Hardware Design Engineer (m/f/d),Quantum Systems,"Bonn, North Rhine-Westphalia, Germany",LinkedIn,https://de.linkedin.com/jobs/view/hardware-design-engineer-m-f-d-at-quantum-systems-4293580475?position=39&pageNum=0&refId=Wbr0%2Bi2h9ZQlve2RM0LvYQ%3D%3D&trackingId=oVtxnwB8gOEzl%2BBRzRJdRg%3D%3D,Not specified,2025-09-01 21:12:15.049027,2025-09-01,,de.linkedin.com/jobs/view/hardware-design-engineer-m-f-d-at-quantum-systems-4293580475
Software Architect AI (all genders),adesso SE,"Bonn, North Rhine-Westphalia, Germany",LinkedIn,https://de.linkedin.com/jobs/view/software-architect-ai-all-genders-at-adesso-se-3878306088?position=43&pageNum=0&refId=Wbr0%2Bi2h9ZQlve2RM0LvYQ%3D%3D&trackingId=xdCzI5XWEidObRq5NgcZnw%3D%3D,Not specified,2025-09-01 21:12:15.049397,2025-09-01,,de.linkedin.com/jobs/view/software-architect-ai-all-genders-at-adesso-se-3878306088
Hardware Design Engineer (m/f/d),Quantum Systems,"Rheinbach, North Rhine-Westphalia, Germany",LinkedIn,https://de.linkedin.com/jobs/view/hardware-design-engineer-m-f-d-at-quantum-systems-4293742529?position=44&pageNum=0&refId=Wbr0%2Bi2h9ZQlve2RM0LvYQ%3D%3D&trackingId=udqIW5DQaXArW%2Fj1LMQWPQ%3D%3D,Not specified,2025-09-01 21:12:15.049488,2025-09-01,,de.linkedin.com/jobs/view/hardware-design-engineer-m-f-d-at-quantum-systems-4293742529
Senior Software Development Engineer (Health) - Pagero,Thomson Reuters,"Langenfeld, North Rhine-Westphalia, Germany",LinkedIn,https://de.linkedin.com/jobs/view/senior-software-development-engineer-health-pagero-at-thomson-reuters-4258475508?position=54&pageNum=0&refId=Wbr0%2Bi2h9ZQlve2RM0LvYQ%3D%3D&trackingId=K8GQbSuVFJcAnPkksYRteA%3D%3D,Not specified,2025-09-01 21:12:15.050390,2025-09-01,,de.linkedin.com/jobs/view/senior-software-development-engineer-health-pagero-at-thomson-reuters-4258475508
Mid-Level/Senior Rechtsanwältin/Rechtsanwalt (m/w/d) Venture Capital/M&A/Corporate,YPOG,"Cologne, North Rhine-Westphalia, Germany",LinkedIn,https://de.linkedin.com/jobs/view/mid-level-senior-rechtsanw%C3%A4ltin-rechtsanwalt-m-w-d-venture-capital-m-a-corporate-at-ypog-4294129785?position=55&pageNum=0&refId=Wbr0%2Bi2h9ZQlve2RM0LvYQ%3D%3D&trackingId=LgkZs%2FoYTw3fwMuw4fOx2g%3D%3D,Not specified,2025-09-01 21:12:15.050480,2025-09-01,,de.linkedin.com/jobs/view/mid-level-senior-rechtsanw%C3%A4ltin-rechtsanwalt-m-w-d-venture-capital-m-a-corporate-at-ypog-4294129785
Azure Cloud Consultant (f/m/x),Avanade,"Neuss, North Rhine-Westphalia, Germany",LinkedIn,https://de.linkedin.com/jobs/view/azure-cloud-consultant-f-m-x-at-avanade-4293810777?position=58&pageNum=0&refId=Wbr0%2Bi2h9ZQlve2RM0LvYQ%3D%3D&trackingId=7Iqy77zgpyGfdSNeXWC3RQ%3D%3D,Not specified,2025-09-01 21:12:15.050749,2025-09-01,,de.linkedin.com/jobs/view/azure-cloud-consultant-f-m-x-at-avanade-4293810777
"Quereinsteiger als Softwareentwickler mit Fokus auf Java, C# & Unity (m/w/d) - Auch ohne Vorkenntnisse",Smart Future Campus,"Neu Ulm, Bavaria, Germany",LinkedIn,https://de.linkedin.com/jobs/view/quereinsteiger-als-softwareentwickler-mit-fokus-auf-java-c%23-unity-m-w-d-auch-ohne-vorkenntnisse-at-smart-future-campus-4294135134?position=2&pageNum=0&refId=SqfshniA3%2Fv1J%2FyDQrPRUw%3D%3D&trackingId=Ufu%2FjyhKXpvaPnp4KSGDgg%3D%3D,Not specified,2025-09-01 21:12:17.596099,2025-09-01,,de.linkedin.com/jobs/view/quereinsteiger-als-softwareentwickler-mit-fokus-auf-java-c%23-unity-m-w-d-auch-ohne-vorkenntnisse-at-smart-future-campus-4294135134
Industry Advisor,Microsoft,"Thurgau, Switzerland",LinkedIn,https://ch.linkedin.com/jobs/view/industry-advisor-at-microsoft-4293764319?position=2&pageNum=0&refId=QyrQbK9yY6%2F67HQIA4XLrw%3D%3D&trackingId=N0YtxKB8sKF1Or6jRtSBUA%3D%3D,Not specified,2025-09-01 21:12:20.176546,2025-09-01,,ch.linkedin.com/jobs/view/industry-advisor-at-microsoft-4293764319
Software Entwickler Simulation / Künstliche Intelligenz (KI) (d/f/m),TieTalent,"Immenstaad am Bodensee, Baden-Württemberg, Germany",LinkedIn,https://de.linkedin.com/jobs/view/software-entwickler-simulation-k%C3%BCnstliche-intelligenz-ki-d-f-m-at-tietalent-4293509750?position=3&pageNum=0&refId=QyrQbK9yY6%2F67HQIA4XLrw%3D%3D&trackingId=ZJ0XVxGq6ofq3%2BjqrtjJCw%3D%3D,Not specified,2025-09-01 21:12:20.176639,2025-08-31,,de.linkedin.com/jobs/view/software-entwickler-simulation-k%C3%BCnstliche-intelligenz-ki-d-f-m-at-tietalent-4293509750
Doktorand:in SNF-Projekt «KI und wissenschaftliches Arbeiten» im Zentrum Innovative Didaktik der ZHAW 100 %,ZHAW Zurich University of Applied Sciences,"Winterthur, Zurich, Switzerland",LinkedIn,https://ch.linkedin.com/jobs/view/doktorand-in-snf-projekt-%C2%ABki-und-wissenschaftliches-arbeiten%C2%BB-im-zentrum-innovative-didaktik-der-zhaw-100-%25-at-zhaw-zurich-university-of-applied-sciences-4294103931?position=4&pageNum=0&refId=QyrQbK9yY6%2F67HQIA4XLrw%3D%3D&trackingId=7ZTQp%2F5K%2FRCUQbLZRUV6vg%3D%3D,Not specified,2025-09-01 21:12:20.176730,2025-09-01,,ch.linkedin.com/jobs/view/doktorand-in-snf-projekt-%C2%ABki-und-wissenschaftliches-arbeiten%C2%BB-im-zentrum-innovative-didaktik-der-zhaw-100-%25-at-zhaw-zurich-university-of-applied-sciences-4294103931
Industry Advisor,Microsoft,"Schaffhausen, Schaffhausen, Switzerland",LinkedIn,https://ch.linkedin.com/jobs/view/industry-advisor-at-microsoft-4293762923?position=6&pageNum=0&refId=QyrQbK9yY6%2F67HQIA4XLrw%3D%3D&trackingId=lxNu71s4RKlF1iKE25fifQ%3D%3D,Not specified,2025-09-01 21:12:20.176913,2025-09-01,,ch.linkedin.com/jobs/view/industry-advisor-at-microsoft-4293762923
Industry Advisor,Microsoft,"St Gallen, St Gallen, Switzerland",LinkedIn,https://ch.linkedin.com/jobs/view/industry-advisor-at-microsoft-4293767240?position=7&pageNum=0&refId=QyrQbK9yY6%2F67HQIA4XLrw%3D%3D&trackingId=XvTzSoDF2TcH07dHHiGZ2Q%3D%3D,Not specified,2025-09-01 21:12:20.177004,2025-09-01,,ch.linkedin.com/jobs/view/industry-advisor-at-microsoft-4293767240
AI Prototyper / Prompt Engineer,Stealth Startup (AI + EdTech),"Zurich, Zurich, Switzerland",LinkedIn,https://ch.linkedin.com/jobs/view/ai-prototyper-prompt-engineer-at-stealth-startup-ai-%2B-edtech-4291749030?position=6&pageNum=0&refId=m3sMPu1z4ATGGgiH0iVpDw%3D%3D&trackingId=14OV5Ebwl1z1emxEzmf1Eg%3D%3D,Not specified,2025-09-01 21:12:22.996568,2025-09-01,,ch.linkedin.com/jobs/view/ai-prototyper-prompt-engineer-at-stealth-startup-ai-%2B-edtech-4291749030
Industry Advisor,Microsoft,"Zurich, Zurich, Switzerland",LinkedIn,https://ch.linkedin.com/jobs/view/industry-advisor-at-microsoft-4293764314?position=7&pageNum=0&refId=m3sMPu1z4ATGGgiH0iVpDw%3D%3D&trackingId=OvzrW1DxKyU6%2Bc7tDgT29w%3D%3D,Not specified,2025-09-01 21:12:22.996686,2025-09-01,,ch.linkedin.com/jobs/view/industry-advisor-at-microsoft-4293764314
Industry Advisor,Microsoft,"Zug, Zug, Switzerland",LinkedIn,https://ch.linkedin.com/jobs/view/industry-advisor-at-microsoft-4293765270?position=9&pageNum=0&refId=m3sMPu1z4ATGGgiH0iVpDw%3D%3D&trackingId=rS92MNiJwk7pm67j1gy7LQ%3D%3D,Not specified,2025-09-01 21:12:22.996914,2025-09-01,,ch.linkedin.com/jobs/view/industry-advisor-at-microsoft-4293765270
Industry Advisor,Microsoft,"Aargau, Switzerland",LinkedIn,https://ch.linkedin.com/jobs/view/industry-advisor-at-microsoft-4293762922?position=10&pageNum=0&refId=m3sMPu1z4ATGGgiH0iVpDw%3D%3D&trackingId=rXxVNkU%2Bathi4CSzFM5yeg%3D%3D,Not specified,2025-09-01 21:12:22.997028,2025-09-01,,ch.linkedin.com/jobs/view/industry-advisor-at-microsoft-4293762922
Industry Advisor,Microsoft,"Lucerne, Lucerne, Switzerland",LinkedIn,https://ch.linkedin.com/jobs/view/industry-advisor-at-microsoft-4293769220?position=16&pageNum=0&refId=m3sMPu1z4ATGGgiH0iVpDw%3D%3D&trackingId=PP4nzsMIwRRJ%2FP4tWFjYNg%3D%3D,Not specified,2025-09-01 21:12:22.997788,2025-09-01,,ch.linkedin.com/jobs/view/industry-advisor-at-microsoft-4293769220
Industry Advisor,Microsoft,"Schwyz, Schwyz, Switzerland",LinkedIn,https://ch.linkedin.com/jobs/view/industry-advisor-at-microsoft-4293766329?position=17&pageNum=0&refId=m3sMPu1z4ATGGgiH0iVpDw%3D%3D&trackingId=HoBzAzqGz9gxtF8%2FyeHGTg%3D%3D,Not specified,2025-09-01 21:12:22.997983,2025-09-01,,ch.linkedin.com/jobs/view/industry-advisor-at-microsoft-4293766329
Mechanical/Mechatronic Development Engineer,Flexion Robotics,"Zurich, Zurich, Switzerland",LinkedIn,https://ch.linkedin.com/jobs/view/mechanical-mechatronic-development-engineer-at-flexion-robotics-4293732936?position=19&pageNum=0&refId=m3sMPu1z4ATGGgiH0iVpDw%3D%3D&trackingId=e%2BuVr2WStF%2BwCgG0gkv1tQ%3D%3D,Not specified,2025-09-01 21:12:22.998227,2025-09-01,,ch.linkedin.com/jobs/view/mechanical-mechatronic-development-engineer-at-flexion-robotics-4293732936
Electrical Engineer with focus on power electronics,Flexion Robotics,"Zurich, Zurich, Switzerland",LinkedIn,https://ch.linkedin.com/jobs/view/electrical-engineer-with-focus-on-power-electronics-at-flexion-robotics-4293752031?position=29&pageNum=0&refId=m3sMPu1z4ATGGgiH0iVpDw%3D%3D&trackingId=THsTixlRuttYFGOK5w2kAg%3D%3D,Not specified,2025-09-01 21:12:22.999502,2025-09-01,,ch.linkedin.com/jobs/view/electrical-engineer-with-focus-on-power-electronics-at-flexion-robotics-4293752031
Begleiter Ai/Ai40 (m/w/d),Rhomberg Sersa Rail Group,"Zurich, Zurich, Switzerland",LinkedIn,https://ch.linkedin.com/jobs/view/begleiter-ai-ai40-m-w-d-at-rhomberg-sersa-rail-group-4280134146?position=47&pageNum=0&refId=m3sMPu1z4ATGGgiH0iVpDw%3D%3D&trackingId=aVSBobDGZ8ETgpTkVgfZ5w%3D%3D,Not specified,2025-09-01 21:12:23.001936,2025-09-01,,ch.linkedin.com/jobs/view/begleiter-ai-ai40-m-w-d-at-rhomberg-sersa-rail-group-4280134146
Audit Seniors - EY Assurance Services - Zurich,EY,"Zug, Zug, Switzerland",LinkedIn,https://ch.linkedin.com/jobs/view/audit-seniors-ey-assurance-services-zurich-at-ey-4291776215?position=52&pageNum=0&refId=m3sMPu1z4ATGGgiH0iVpDw%3D%3D&trackingId=XALolkv9KeLq8m%2FpnwLmFw%3D%3D,Not specified,2025-09-01 21:12:23.002392,2025-09-01,,ch.linkedin.com/jobs/view/audit-seniors-ey-assurance-services-zurich-at-ey-4291776215
Audit Seniors - EY Assurance Services - Zurich,EY,"Zurich, Zurich, Switzerland",LinkedIn,https://ch.linkedin.com/jobs/view/audit-seniors-ey-assurance-services-zurich-at-ey-4291774336?position=54&pageNum=0&refId=m3sMPu1z4ATGGgiH0iVpDw%3D%3D&trackingId=W%2BQoRPBDgc9nMI0xc0DMzw%3D%3D,Not specified,2025-09-01 21:12:23.002648,2025-09-01,,ch.linkedin.com/jobs/view/audit-seniors-ey-assurance-services-zurich-at-ey-4291774336
Sachbearbeiter:in Account Management Broker 80-100%,Allianz Suisse,"Wallisellen / Hof, Zurich, Switzerland",LinkedIn,https://ch.linkedin.com/jobs/view/sachbearbeiter-in-account-management-broker-80-100%25-at-allianz-suisse-4294130678?position=56&pageNum=0&refId=m3sMPu1z4ATGGgiH0iVpDw%3D%3D&trackingId=2ktfBMB4EJE6Ep1k7S44Hw%3D%3D,Not specified,2025-09-01 21:12:23.002927,2025-09-01,,ch.linkedin.com/jobs/view/sachbearbeiter-in-account-management-broker-80-100%25-at-allianz-suisse-4294130678
Audit Seniors - EY Assurance Services - Zurich,EY,"Aarau, Aargau, Switzerland",LinkedIn,https://ch.linkedin.com/jobs/view/audit-seniors-ey-assurance-services-zurich-at-ey-4291774335?position=58&pageNum=0&refId=m3sMPu1z4ATGGgiH0iVpDw%3D%3D&trackingId=CXGCtXhFcGnS7OOwUT45GQ%3D%3D,Not specified,2025-09-01 21:12:23.003202,2025-09-01,,ch.linkedin.com/jobs/view/audit-seniors-ey-assurance-services-zurich-at-ey-4291774335
"Quereinsteiger als Softwareentwickler mit Fokus auf Java, C# & Unity (m/w/d) - Auch ohne Vorkenntnisse",Smart Future Campus,"Meerbusch, North Rhine-Westphalia, Germany",LinkedIn,https://de.linkedin.com/jobs/view/quereinsteiger-als-softwareentwickler-mit-fokus-auf-java-c%23-unity-m-w-d-auch-ohne-vorkenntnisse-at-smart-future-campus-4294131286?position=17&pageNum=0&refId=wc9xXGp0ULHRI1Zuyu9pMQ%3D%3D&trackingId=CqPdH7JU3EZA3%2B%2Bo44D6Xw%3D%3D,Not specified,2025-09-01 21:12:25.799252,2025-09-01,,de.linkedin.com/jobs/view/quereinsteiger-als-softwareentwickler-mit-fokus-auf-java-c%23-unity-m-w-d-auch-ohne-vorkenntnisse-at-smart-future-campus-4294131286
"Quereinsteiger als Softwareentwickler mit Fokus auf Java, C# & Unity (m/w/d) - Auch ohne Vorkenntnisse",Smart Future Campus,"Moers, North Rhine-Westphalia, Germany",LinkedIn,https://de.linkedin.com/jobs/view/quereinsteiger-als-softwareentwickler-mit-fokus-auf-java-c%23-unity-m-w-d-auch-ohne-vorkenntnisse-at-smart-future-campus-4294127537?position=20&pageNum=0&refId=wc9xXGp0ULHRI1Zuyu9pMQ%3D%3D&trackingId=SEttsyVW%2Fbin0nFXKsXXqQ%3D%3D,Not specified,2025-09-01 21:12:25.799626,2025-09-01,,de.linkedin.com/jobs/view/quereinsteiger-als-softwareentwickler-mit-fokus-auf-java-c%23-unity-m-w-d-auch-ohne-vorkenntnisse-at-smart-future-campus-4294127537
"Quereinsteiger als Softwareentwickler mit Fokus auf Java, C# & Unity (m/w/d) - Auch ohne Vorkenntnisse",Smart Future Campus,"Mülheim an der Ruhr, North Rhine-Westphalia, Germany",LinkedIn,https://de.linkedin.com/jobs/view/quereinsteiger-als-softwareentwickler-mit-fokus-auf-java-c%23-unity-m-w-d-auch-ohne-vorkenntnisse-at-smart-future-campus-4294128517?position=21&pageNum=0&refId=wc9xXGp0ULHRI1Zuyu9pMQ%3D%3D&trackingId=qSlb6bSYFBzZX6ls6FQq4g%3D%3D,Not specified,2025-09-01 21:12:25.799722,2025-09-01,,de.linkedin.com/jobs/view/quereinsteiger-als-softwareentwickler-mit-fokus-auf-java-c%23-unity-m-w-d-auch-ohne-vorkenntnisse-at-smart-future-campus-4294128517
"Quereinsteiger als Softwareentwickler mit Fokus auf Java, C# & Unity (m/w/d) - Auch ohne Vorkenntnisse",Smart Future Campus,"Mönchengladbach, North Rhine-Westphalia, Germany",LinkedIn,https://de.linkedin.com/jobs/view/quereinsteiger-als-softwareentwickler-mit-fokus-auf-java-c%23-unity-m-w-d-auch-ohne-vorkenntnisse-at-smart-future-campus-4294125555?position=22&pageNum=0&refId=wc9xXGp0ULHRI1Zuyu9pMQ%3D%3D&trackingId=SoVbCafxiAi9ewSq%2BnSL8w%3D%3D,Not specified,2025-09-01 21:12:25.799819,2025-09-01,,de.linkedin.com/jobs/view/quereinsteiger-als-softwareentwickler-mit-fokus-auf-java-c%23-unity-m-w-d-auch-ohne-vorkenntnisse-at-smart-future-campus-4294125555
"Quereinsteiger als Softwareentwickler mit Fokus auf Java, C# & Unity (m/w/d) - Auch ohne Vorkenntnisse",Smart Future Campus,"Lobberich, North Rhine-Westphalia, Germany",LinkedIn,https://de.linkedin.com/jobs/view/quereinsteiger-als-softwareentwickler-mit-fokus-auf-java-c%23-unity-m-w-d-auch-ohne-vorkenntnisse-at-smart-future-campus-4294123681?position=24&pageNum=0&refId=wc9xXGp0ULHRI1Zuyu9pMQ%3D%3D&trackingId=ikvYyY72dV5EKtXNE1fi2w%3D%3D,Not specified,2025-09-01 21:12:25.800181,2025-09-01,,de.linkedin.com/jobs/view/quereinsteiger-als-softwareentwickler-mit-fokus-auf-java-c%23-unity-m-w-d-auch-ohne-vorkenntnisse-at-smart-future-campus-4294123681
IT-Architekt Azure (m/w/d),top itservices AG,"Essen, North Rhine-Westphalia, Germany",LinkedIn,https://de.linkedin.com/jobs/view/it-architekt-azure-m-w-d-at-top-itservices-ag-4294135021?position=54&pageNum=0&refId=wc9xXGp0ULHRI1Zuyu9pMQ%3D%3D&trackingId=NlxRxCkKmrfBYYXBCsIweg%3D%3D,Not specified,2025-09-01 21:12:25.804027,2025-09-01,,de.linkedin.com/jobs/view/it-architekt-azure-m-w-d-at-top-itservices-ag-4294135021
IT-Consultant Conversational AI (all genders),adesso SE,"Essen, North Rhine-Westphalia, Germany",LinkedIn,https://de.linkedin.com/jobs/view/it-consultant-conversational-ai-all-genders-at-adesso-se-4078611994?position=60&pageNum=0&refId=wc9xXGp0ULHRI1Zuyu9pMQ%3D%3D&trackingId=nAhzAgOJ4oA7P2K%2Bh79P5g%3D%3D,Not specified,2025-09-01 21:12:25.804601,2025-09-01,,de.linkedin.com/jobs/view/it-consultant-conversational-ai-all-genders-at-adesso-se-4078611994
"Quereinsteiger als Softwareentwickler mit Fokus auf Java, C# & Unity (m/w/d) - Auch ohne Vorkenntnisse",Smart Future Campus,"Lahr, Baden-Württemberg, Germany",LinkedIn,https://de.linkedin.com/jobs/view/quereinsteiger-als-softwareentwickler-mit-fokus-auf-java-c%23-unity-m-w-d-auch-ohne-vorkenntnisse-at-smart-future-campus-4294133224?position=4&pageNum=0&refId=5Po2KBFqwOKRGyib8OCdNg%3D%3D&trackingId=29wXQks8HSqgUU5kHdgo6Q%3D%3D,Not specified,2025-09-01 21:12:28.307779,2025-09-01,,de.linkedin.com/jobs/view/quereinsteiger-als-softwareentwickler-mit-fokus-auf-java-c%23-unity-m-w-d-auch-ohne-vorkenntnisse-at-smart-future-campus-4294133224
Bibliothekarin/Bibliothekar (m / w / d) oder Fachkraft Bibliotheks- und Informationsmanagement (m / w / d),HFU Business School,"Furtwangen, Baden-Württemberg, Germany",LinkedIn,https://de.linkedin.com/jobs/view/bibliothekarin-bibliothekar-m-w-d-oder-fachkraft-bibliotheks-und-informationsmanagement-m-w-d-at-hfu-business-school-4293765076?position=6&pageNum=0&refId=5Po2KBFqwOKRGyib8OCdNg%3D%3D&trackingId=6gjqZE1PGP1N1wmid%2FmD9A%3D%3D,Not specified,2025-09-01 21:12:28.308198,2025-09-01,,de.linkedin.com/jobs/view/bibliothekarin-bibliothekar-m-w-d-oder-fachkraft-bibliotheks-und-informationsmanagement-m-w-d-at-hfu-business-school-4293765076
Contrôleur de gestion - Pôle grand comptes F/H,WeMa,"Colmar, Grand Est, France",LinkedIn,https://fr.linkedin.com/jobs/view/contr%C3%B4leur-de-gestion-p%C3%B4le-grand-comptes-f-h-at-wema-4294121226?position=7&pageNum=0&refId=5Po2KBFqwOKRGyib8OCdNg%3D%3D&trackingId=XDiW%2B9ice3eLAGkOOJeu8Q%3D%3D,Not specified,2025-09-01 21:12:28.308405,2025-09-01,,fr.linkedin.com/jobs/view/contr%C3%B4leur-de-gestion-p%C3%B4le-grand-comptes-f-h-at-wema-4294121226
Spezialist:in Rechnungswesen (d/m/w),Haufe,"Freiburg, Baden-Württemberg, Germany",LinkedIn,https://de.linkedin.com/jobs/view/spezialist-in-rechnungswesen-d-m-w-at-haufe-4290937281?position=10&pageNum=0&refId=5Po2KBFqwOKRGyib8OCdNg%3D%3D&trackingId=c%2BK04q5SYAOIwoYJDNJfsA%3D%3D,Not specified,2025-09-01 21:12:28.309023,2025-09-01,,de.linkedin.com/jobs/view/spezialist-in-rechnungswesen-d-m-w-at-haufe-4290937281
"Quereinsteiger als Softwareentwickler mit Fokus auf Java, C# & Unity (m/w/d) - Auch ohne Vorkenntnisse",Smart Future Campus,"Nuremberg, Bavaria, Germany",LinkedIn,https://de.linkedin.com/jobs/view/quereinsteiger-als-softwareentwickler-mit-fokus-auf-java-c%23-unity-m-w-d-auch-ohne-vorkenntnisse-at-smart-future-campus-4294124598?position=3&pageNum=0&refId=MGD%2FiHaMoXzeOV48gWO4BQ%3D%3D&trackingId=eF1Kt4NzkyyvaDRqZZTZXA%3D%3D,Not specified,2025-09-01 21:12:30.841626,2025-09-01,,de.linkedin.com/jobs/view/quereinsteiger-als-softwareentwickler-mit-fokus-auf-java-c%23-unity-m-w-d-auch-ohne-vorkenntnisse-at-smart-future-campus-4294124598
Consultant PIM (all genders welcome),COSMO CONSULT,"Neumarkt in der Oberpfalz, Bavaria, Germany",LinkedIn,https://de.linkedin.com/jobs/view/consultant-pim-all-genders-welcome-at-cosmo-consult-4291751381?position=4&pageNum=0&refId=MGD%2FiHaMoXzeOV48gWO4BQ%3D%3D&trackingId=HCCH9dX1LBOrRC4EH9DpkQ%3D%3D,Not specified,2025-09-01 21:12:30.841727,2025-09-01,,de.linkedin.com/jobs/view/consultant-pim-all-genders-welcome-at-cosmo-consult-4291751381
Consultant PIM (all genders welcome),COSMO CONSULT,"Nuremberg, Bavaria, Germany",LinkedIn,https://de.linkedin.com/jobs/view/consultant-pim-all-genders-welcome-at-cosmo-consult-4291745618?position=5&pageNum=0&refId=MGD%2FiHaMoXzeOV48gWO4BQ%3D%3D&trackingId=BgHIuGDkgeLu8ioTovJFMg%3D%3D,Not specified,2025-09-01 21:12:30.841833,2025-09-01,,de.linkedin.com/jobs/view/consultant-pim-all-genders-welcome-at-cosmo-consult-4291745618
Softwareentwickler:in (m/w/d),PEIQ by multicom & GOGOL,"Bergkirchen, Bavaria, Germany",LinkedIn,https://de.linkedin.com/jobs/view/softwareentwickler-in-m-w-d-at-peiq-by-multicom-gogol-4291789877?position=2&pageNum=0&refId=x4MojrruC3T2h1NFzL1aVw%3D%3D&trackingId=smlWpyJbxZ1%2FIofKoP8J5Q%3D%3D,Not specified,2025-09-01 21:12:33.317192,2025-09-01,,de.linkedin.com/jobs/view/softwareentwickler-in-m-w-d-at-peiq-by-multicom-gogol-4291789877
"Quereinsteiger als Softwareentwickler mit Fokus auf Java, C# & Unity (m/w/d) - Auch ohne Vorkenntnisse",Smart Future Campus,"Langenhagen, Lower Saxony, Germany",LinkedIn,https://de.linkedin.com/jobs/view/quereinsteiger-als-softwareentwickler-mit-fokus-auf-java-c%23-unity-m-w-d-auch-ohne-vorkenntnisse-at-smart-future-campus-4294132270?position=3&pageNum=0&refId=iyWbVOKkIjkBXFwi6yMOaA%3D%3D&trackingId=tpukwzp5qoM9RadfDlpZVg%3D%3D,Not specified,2025-09-01 21:12:38.461968,2025-09-01,,de.linkedin.com/jobs/view/quereinsteiger-als-softwareentwickler-mit-fokus-auf-java-c%23-unity-m-w-d-auch-ohne-vorkenntnisse-at-smart-future-campus-4294132270
"Quereinsteiger als Softwareentwickler mit Fokus auf Java, C# & Unity (m/w/d) - Auch ohne Vorkenntnisse",Smart Future Campus,"Neustadt am Rübenberge, Lower Saxony, Germany",LinkedIn,https://de.linkedin.com/jobs/view/quereinsteiger-als-softwareentwickler-mit-fokus-auf-java-c%23-unity-m-w-d-auch-ohne-vorkenntnisse-at-smart-future-campus-4294127540?position=4&pageNum=0&refId=iyWbVOKkIjkBXFwi6yMOaA%3D%3D&trackingId=JY5ZscuLAKdrw7fzEkUAdg%3D%3D,Not specified,2025-09-01 21:12:38.462062,2025-09-01,,de.linkedin.com/jobs/view/quereinsteiger-als-softwareentwickler-mit-fokus-auf-java-c%23-unity-m-w-d-auch-ohne-vorkenntnisse-at-smart-future-campus-4294127540
Fullstack Softwareentwickler:in - Inputmanagement,HDI Group,"Hannover, Lower Saxony, Germany",LinkedIn,https://de.linkedin.com/jobs/view/fullstack-softwareentwickler-in-inputmanagement-at-hdi-group-4160172499?position=10&pageNum=0&refId=iyWbVOKkIjkBXFwi6yMOaA%3D%3D&trackingId=n8wF%2BLEdD0i5%2ByalFZ9k3A%3D%3D,Not specified,2025-09-01 21:12:38.462609,2025-09-01,,de.linkedin.com/jobs/view/fullstack-softwareentwickler-in-inputmanagement-at-hdi-group-4160172499
Senior Software Architect Conversational AI (all genders),adesso SE,"Hannover, Lower Saxony, Germany",LinkedIn,https://de.linkedin.com/jobs/view/senior-software-architect-conversational-ai-all-genders-at-adesso-se-4078625004?position=11&pageNum=0&refId=iyWbVOKkIjkBXFwi6yMOaA%3D%3D&trackingId=RVVly2bDdMH7hrAX7BJzbg%3D%3D,Not specified,2025-09-01 21:12:38.462699,2025-09-01,,de.linkedin.com/jobs/view/senior-software-architect-conversational-ai-all-genders-at-adesso-se-4078625004
