title,company,location,source,url,salary,scraped_at,posted_at,description,job_id
Senior Machine Learning Engineer,Enigma,"Baden-Württemberg, Deutschland",LinkedIn,https://de.linkedin.com/jobs/view/senior-machine-learning-engineer-at-enigma-4291068820?position=1&pageNum=0&refId=DkPEHbRrnEXC1oXLBcfj1w%3D%3D&trackingId=VMNCykBJoD1cNEgn0vQvEQ%3D%3D,Not specified,2025-08-26 14:54:15.886402,2025-08-26,,de.linkedin.com/jobs/view/senior-machine-learning-engineer-at-enigma-4291068820
Web Analyst,Instaffo,Stuttgart,LinkedIn,https://de.linkedin.com/jobs/view/web-analyst-at-instaffo-4227177122?position=5&pageNum=0&refId=DkPEHbRrnEXC1oXLBcfj1w%3D%3D&trackingId=BYWXWyj5hmVT0qfm3hhupA%3D%3D,Not specified,2025-08-26 14:54:15.888256,2025-08-26,,de.linkedin.com/jobs/view/web-analyst-at-instaffo-4227177122
Mircosoft Fabric Expert (all genders),MHP – A Porsche Company,Ludwigsburg,LinkedIn,https://de.linkedin.com/jobs/view/mircosoft-fabric-expert-all-genders-at-mhp-%E2%80%93-a-porsche-company-4291267133?position=11&pageNum=0&refId=DkPEHbRrnEXC1oXLBcfj1w%3D%3D&trackingId=TTKtcx8RstJ0UaqwUFwglQ%3D%3D,Not specified,2025-08-26 14:54:15.889197,2025-08-26,,de.linkedin.com/jobs/view/mircosoft-fabric-expert-all-genders-at-mhp-%E2%80%93-a-porsche-company-4291267133
AI Engineer,Flank,Berlin,LinkedIn,https://de.linkedin.com/jobs/view/ai-engineer-at-flank-4291260197?position=1&pageNum=0&refId=xn%2F%2FPpN3SZoPVN9arOIqrA%3D%3D&trackingId=qlwyxpom4O6gE%2FrBXoSpbQ%3D%3D,Not specified,2025-08-26 14:54:18.701333,2025-08-26,,de.linkedin.com/jobs/view/ai-engineer-at-flank-4291260197
IIoT Business Data Analyst (f/m/d),Valmet,"Berlin, Deutschland",LinkedIn,https://de.linkedin.com/jobs/view/iiot-business-data-analyst-f-m-d-at-valmet-4290946286?position=5&pageNum=0&refId=xn%2F%2FPpN3SZoPVN9arOIqrA%3D%3D&trackingId=2a8M3Mj7cgjJKvRvBlqexg%3D%3D,Not specified,2025-08-26 14:54:18.701736,2025-08-25,,de.linkedin.com/jobs/view/iiot-business-data-analyst-f-m-d-at-valmet-4290946286
Associate @ b2venture Fund,b2venture,Berlin,LinkedIn,https://de.linkedin.com/jobs/view/associate-%40-b2venture-fund-at-b2venture-4289600328?position=10&pageNum=0&refId=xn%2F%2FPpN3SZoPVN9arOIqrA%3D%3D&trackingId=adu7W%2BUyeiieiXJOnjihZw%3D%3D,Not specified,2025-08-26 14:54:18.702192,2025-08-26,,de.linkedin.com/jobs/view/associate-%40-b2venture-fund-at-b2venture-4289600328
"Linguistic Engineer, Automotive+",SoundHound AI,Berlin,LinkedIn,https://de.linkedin.com/jobs/view/linguistic-engineer-automotive%2B-at-soundhound-ai-4290915042?position=13&pageNum=0&refId=xn%2F%2FPpN3SZoPVN9arOIqrA%3D%3D&trackingId=%2BZu2IboQ30Kntu2vAxW7SA%3D%3D,Not specified,2025-08-26 14:54:18.702470,2025-08-25,,de.linkedin.com/jobs/view/linguistic-engineer-automotive%2B-at-soundhound-ai-4290915042
Analyst @ b2venture Fund,b2venture,Berlin,LinkedIn,https://de.linkedin.com/jobs/view/analyst-%40-b2venture-fund-at-b2venture-4288896808?position=16&pageNum=0&refId=xn%2F%2FPpN3SZoPVN9arOIqrA%3D%3D&trackingId=TXf5IRpuwhdmMHXpWyk8Kw%3D%3D,Not specified,2025-08-26 14:54:18.702746,2025-08-26,,de.linkedin.com/jobs/view/analyst-%40-b2venture-fund-at-b2venture-4288896808
Data Analyst (m/w/d),torq.partners,"Berlin, Deutschland",LinkedIn,https://de.linkedin.com/jobs/view/data-analyst-m-w-d-at-torq-partners-4287883972?position=22&pageNum=0&refId=xn%2F%2FPpN3SZoPVN9arOIqrA%3D%3D&trackingId=V1W0C2oHb49%2BD6avK91ToQ%3D%3D,Not specified,2025-08-26 14:54:18.703290,2025-08-26,,de.linkedin.com/jobs/view/data-analyst-m-w-d-at-torq-partners-4287883972
Senior Analytics Consultant (w/m/d),Civey,"Berlin, Deutschland",LinkedIn,https://de.linkedin.com/jobs/view/senior-analytics-consultant-w-m-d-at-civey-4288879031?position=30&pageNum=0&refId=xn%2F%2FPpN3SZoPVN9arOIqrA%3D%3D&trackingId=KShUhhwT21jaM4E8JohzKA%3D%3D,Not specified,2025-08-26 14:54:18.704026,2025-08-26,,de.linkedin.com/jobs/view/senior-analytics-consultant-w-m-d-at-civey-4288879031
Datenanalyst*in Ladeinfrastruktur,NOW GmbH,Berlin,LinkedIn,https://de.linkedin.com/jobs/view/datenanalyst-in-ladeinfrastruktur-at-now-gmbh-4291068510?position=35&pageNum=0&refId=xn%2F%2FPpN3SZoPVN9arOIqrA%3D%3D&trackingId=zsdIqeqMCNaG5w3x1tDx2g%3D%3D,Not specified,2025-08-26 14:54:18.704482,2025-08-26,,de.linkedin.com/jobs/view/datenanalyst-in-ladeinfrastruktur-at-now-gmbh-4291068510
Mitarbeiter*in Rechts- und Grundsatzfragen im Bereich Datenschutz (m/w/div),TieTalent,Berlin,LinkedIn,https://de.linkedin.com/jobs/view/mitarbeiter-in-rechts-und-grundsatzfragen-im-bereich-datenschutz-m-w-div-at-tietalent-4290863820?position=40&pageNum=0&refId=xn%2F%2FPpN3SZoPVN9arOIqrA%3D%3D&trackingId=HPBczr%2B0hD%2F4%2BLJXcr%2FFSw%3D%3D,Not specified,2025-08-26 14:54:18.704938,2025-08-25,,de.linkedin.com/jobs/view/mitarbeiter-in-rechts-und-grundsatzfragen-im-bereich-datenschutz-m-w-div-at-tietalent-4290863820
Sustainability Data Analyst im Chief Sustainability Office (f/m/x),Deutsche Bank,Frankfurt,LinkedIn,https://de.linkedin.com/jobs/view/sustainability-data-analyst-im-chief-sustainability-office-f-m-x-at-deutsche-bank-4290963770?position=3&pageNum=0&refId=b6x1OEsiBpFntQow19sNLQ%3D%3D&trackingId=C3lX3Uqo7MeE9nZfkixrpg%3D%3D,Not specified,2025-08-26 14:54:21.478774,2025-08-25,,de.linkedin.com/jobs/view/sustainability-data-analyst-im-chief-sustainability-office-f-m-x-at-deutsche-bank-4290963770
Data Analytics Consultant (m/w/d),CINTELLIC Consulting Group,Frankfurt/Rhein-Main,LinkedIn,https://de.linkedin.com/jobs/view/data-analytics-consultant-m-w-d-at-cintellic-consulting-group-4291096476?position=4&pageNum=0&refId=b6x1OEsiBpFntQow19sNLQ%3D%3D&trackingId=ubNl%2FFf%2FTaRYLVyG5hwe9Q%3D%3D,Not specified,2025-08-26 14:54:21.478875,2025-08-26,,de.linkedin.com/jobs/view/data-analytics-consultant-m-w-d-at-cintellic-consulting-group-4291096476
(Junior) IT Specialist,Mind Detect,Frankfurt/Rhein-Main,LinkedIn,https://de.linkedin.com/jobs/view/junior-it-specialist-at-mind-detect-4281284695?position=12&pageNum=0&refId=b6x1OEsiBpFntQow19sNLQ%3D%3D&trackingId=esV8t8Wo4hws4zL03bgkoA%3D%3D,Not specified,2025-08-26 14:54:21.479637,2025-08-25,,de.linkedin.com/jobs/view/junior-it-specialist-at-mind-detect-4281284695
(Senior) Consultant Data Analytics (m/w/d),CINTELLIC Consulting Group,Frankfurt/Rhein-Main,LinkedIn,https://de.linkedin.com/jobs/view/senior-consultant-data-analytics-m-w-d-at-cintellic-consulting-group-4291092719?position=15&pageNum=0&refId=b6x1OEsiBpFntQow19sNLQ%3D%3D&trackingId=T%2F7BBBx4Cab8uCbYMAguTA%3D%3D,Not specified,2025-08-26 14:54:21.479922,2025-08-26,,de.linkedin.com/jobs/view/senior-consultant-data-analytics-m-w-d-at-cintellic-consulting-group-4291092719
Business Analyst,Finanz Informatik,Frankfurt,LinkedIn,https://de.linkedin.com/jobs/view/business-analyst-at-finanz-informatik-4291081784?position=23&pageNum=0&refId=b6x1OEsiBpFntQow19sNLQ%3D%3D&trackingId=DWvWiIk9d7w3YEmu8MosLg%3D%3D,Not specified,2025-08-26 14:54:21.480684,2025-08-26,,de.linkedin.com/jobs/view/business-analyst-at-finanz-informatik-4291081784
(Senior) Consultant Digital Media Strategy (all gender),Havas Media Germany,Frankfurt am Main,LinkedIn,https://de.linkedin.com/jobs/view/senior-consultant-digital-media-strategy-all-gender-at-havas-media-germany-4277360304?position=31&pageNum=0&refId=b6x1OEsiBpFntQow19sNLQ%3D%3D&trackingId=SjxPsRmHMM0ysfox0LDttg%3D%3D,Not specified,2025-08-26 14:54:21.481445,2025-08-25,,de.linkedin.com/jobs/view/senior-consultant-digital-media-strategy-all-gender-at-havas-media-germany-4277360304
Senior AI & GenAI Architect (w/m/x),NTT DATA Europe & Latam,Frankfurt am Main,LinkedIn,https://de.linkedin.com/jobs/view/senior-ai-genai-architect-w-m-x-at-ntt-data-europe-latam-4253392891?position=32&pageNum=0&refId=b6x1OEsiBpFntQow19sNLQ%3D%3D&trackingId=UtNw3xVhu1G65CCcwzMxjA%3D%3D,Not specified,2025-08-26 14:54:21.481539,2025-08-26,,de.linkedin.com/jobs/view/senior-ai-genai-architect-w-m-x-at-ntt-data-europe-latam-4253392891
Senior Data Analyst (m/f/d),Redcare Pharmacy,Köln,LinkedIn,https://de.linkedin.com/jobs/view/senior-data-analyst-m-f-d-at-redcare-pharmacy-4290841814?position=3&pageNum=0&refId=SQeh%2BzDCzzfMHkrYUnpO7w%3D%3D&trackingId=JmMZ2%2F3rL8H7xpLztdN03w%3D%3D,Not specified,2025-08-26 14:54:24.301494,2025-08-25,,de.linkedin.com/jobs/view/senior-data-analyst-m-f-d-at-redcare-pharmacy-4290841814
Business Intelligence Specialist,FLOCERT,Bonn,LinkedIn,https://de.linkedin.com/jobs/view/business-intelligence-specialist-at-flocert-4291275242?position=8&pageNum=0&refId=SQeh%2BzDCzzfMHkrYUnpO7w%3D%3D&trackingId=K%2B0Zt62POM1RcQK4nqOgbA%3D%3D,Not specified,2025-08-26 14:54:24.301975,2025-08-26,,de.linkedin.com/jobs/view/business-intelligence-specialist-at-flocert-4291275242
Sports Data Consultant (all genders),adesso SE,Düsseldorf,LinkedIn,https://de.linkedin.com/jobs/view/sports-data-consultant-all-genders-at-adesso-se-4151470881?position=20&pageNum=0&refId=SQeh%2BzDCzzfMHkrYUnpO7w%3D%3D&trackingId=d%2BToSet4NAz4ULItTR%2F3fg%3D%3D,Not specified,2025-08-26 14:54:24.303133,2025-08-26,,de.linkedin.com/jobs/view/sports-data-consultant-all-genders-at-adesso-se-4151470881
Consultant BPM / Prozessmanagement (all genders),adesso SE,Köln,LinkedIn,https://de.linkedin.com/jobs/view/consultant-bpm-prozessmanagement-all-genders-at-adesso-se-3733045036?position=30&pageNum=0&refId=SQeh%2BzDCzzfMHkrYUnpO7w%3D%3D&trackingId=pjbEjf7mYUUb%2FB7%2BbVzCKQ%3D%3D,Not specified,2025-08-26 14:54:24.304157,2025-08-26,,de.linkedin.com/jobs/view/consultant-bpm-prozessmanagement-all-genders-at-adesso-se-3733045036
AI Engineer / Technical Consultant,VIVADATA,"Zürich, Zürich, Schweiz",LinkedIn,https://ch.linkedin.com/jobs/view/ai-engineer-technical-consultant-at-vivadata-4288598076?position=1&pageNum=0&refId=a8aHCFMCdueJkN5vsF7Xng%3D%3D&trackingId=W7OmROc2pxk3VI%2FTFfwE4w%3D%3D,Not specified,2025-08-26 14:54:32.197208,2025-08-25,,ch.linkedin.com/jobs/view/ai-engineer-technical-consultant-at-vivadata-4288598076
Consultant (Strategy & Data/AI Transformation),VIVADATA,"Zürich, Zürich, Schweiz",LinkedIn,https://ch.linkedin.com/jobs/view/consultant-strategy-data-ai-transformation-at-vivadata-4288593543?position=3&pageNum=0&refId=a8aHCFMCdueJkN5vsF7Xng%3D%3D&trackingId=D%2BhEJh3vEc3CKrX4Wmdn6Q%3D%3D,Not specified,2025-08-26 14:54:32.197553,2025-08-25,,ch.linkedin.com/jobs/view/consultant-strategy-data-ai-transformation-at-vivadata-4288593543
AI Engineer / Technical Consultant,Artefact,"Zürich, Zürich, Schweiz",LinkedIn,https://ch.linkedin.com/jobs/view/ai-engineer-technical-consultant-at-artefact-4290690155?position=4&pageNum=0&refId=a8aHCFMCdueJkN5vsF7Xng%3D%3D&trackingId=aSOSYT5H6S4BSJqH7YfDCA%3D%3D,Not specified,2025-08-26 14:54:32.197712,2025-08-25,,ch.linkedin.com/jobs/view/ai-engineer-technical-consultant-at-artefact-4290690155
Principal ML Engineer - Echo,Zalando,"Zürich, Zürich, Schweiz",LinkedIn,https://ch.linkedin.com/jobs/view/principal-ml-engineer-echo-at-zalando-4290939748?position=6&pageNum=0&refId=a8aHCFMCdueJkN5vsF7Xng%3D%3D&trackingId=DdCgY4f%2BmkVAQ9gIbGVcrw%3D%3D,Not specified,2025-08-26 14:54:32.198046,2025-08-26,,ch.linkedin.com/jobs/view/principal-ml-engineer-echo-at-zalando-4290939748
Senior Evaluation ML Engineer,kaiko.ai,"Zürich, Schweiz",LinkedIn,https://ch.linkedin.com/jobs/view/senior-evaluation-ml-engineer-at-kaiko-ai-4291057578?position=7&pageNum=0&refId=a8aHCFMCdueJkN5vsF7Xng%3D%3D&trackingId=Z1r5unWZGgEbxqtE7mvvHg%3D%3D,Not specified,2025-08-26 14:54:32.198204,2025-08-26,,ch.linkedin.com/jobs/view/senior-evaluation-ml-engineer-at-kaiko-ai-4291057578
Business Intelligence & Data Specialist 100% (m/w/d),MediaMarkt Switzerland,"Dietikon, Zürich, Schweiz",LinkedIn,https://ch.linkedin.com/jobs/view/business-intelligence-data-specialist-100%25-m-w-d-at-mediamarkt-switzerland-4277702406?position=8&pageNum=0&refId=a8aHCFMCdueJkN5vsF7Xng%3D%3D&trackingId=LqI5nype%2Fm8Z1dls3fsutw%3D%3D,Not specified,2025-08-26 14:54:32.198353,2025-08-26,,ch.linkedin.com/jobs/view/business-intelligence-data-specialist-100%25-m-w-d-at-mediamarkt-switzerland-4277702406
Consultant (Strategy & Data/AI Transformation),Artefact,"Zürich, Zürich, Schweiz",LinkedIn,https://ch.linkedin.com/jobs/view/consultant-strategy-data-ai-transformation-at-artefact-4290691083?position=9&pageNum=0&refId=a8aHCFMCdueJkN5vsF7Xng%3D%3D&trackingId=hflvxWHiipwGWw6AMMep%2Bw%3D%3D,Not specified,2025-08-26 14:54:32.198508,2025-08-25,,ch.linkedin.com/jobs/view/consultant-strategy-data-ai-transformation-at-artefact-4290691083
Web & business analyst*in,TieTalent,"Mägenwil, Aargau, Schweiz",LinkedIn,https://ch.linkedin.com/jobs/view/web-business-analyst-in-at-tietalent-4288558542?position=12&pageNum=0&refId=a8aHCFMCdueJkN5vsF7Xng%3D%3D&trackingId=QLgp0QmdUhLJiEhOBbICTA%3D%3D,Not specified,2025-08-26 14:54:32.198982,2025-08-25,,ch.linkedin.com/jobs/view/web-business-analyst-in-at-tietalent-4288558542
Senior Qlik Business Intelligence Consultant,LIONSCOUT | GROUP,"Zürich, Schweiz",LinkedIn,https://ch.linkedin.com/jobs/view/senior-qlik-business-intelligence-consultant-at-lionscout-group-4288563229?position=13&pageNum=0&refId=a8aHCFMCdueJkN5vsF7Xng%3D%3D&trackingId=oWh0zHG5NjlO3AH1cUOaVQ%3D%3D,Not specified,2025-08-26 14:54:32.199136,2025-08-25,,ch.linkedin.com/jobs/view/senior-qlik-business-intelligence-consultant-at-lionscout-group-4288563229
RPA Experte:in für Prozessoptimierung (m/w/d),Rocken®,"Lenzburg, Aargau, Schweiz",LinkedIn,https://ch.linkedin.com/jobs/view/rpa-experte-in-f%C3%BCr-prozessoptimierung-m-w-d-at-rocken%C2%AE-4288807830?position=16&pageNum=0&refId=a8aHCFMCdueJkN5vsF7Xng%3D%3D&trackingId=NJdOkJk8AaIOK8E3QV3Slg%3D%3D,Not specified,2025-08-26 14:54:32.199607,2025-08-25,,ch.linkedin.com/jobs/view/rpa-experte-in-f%C3%BCr-prozessoptimierung-m-w-d-at-rocken%C2%AE-4288807830
Data Analyst (m/w/d),TieTalent,Essen,LinkedIn,https://de.linkedin.com/jobs/view/data-analyst-m-w-d-at-tietalent-4290864705?position=1&pageNum=0&refId=aOGa7e9g%2FsAnVYHZvUr1Hw%3D%3D&trackingId=D9DAaXtmbAT5Ew6Pd8zzsw%3D%3D,Not specified,2025-08-26 14:54:35.076898,2025-08-25,,de.linkedin.com/jobs/view/data-analyst-m-w-d-at-tietalent-4290864705
Data Engineer & Analyst (m/w/d),ESFORIN SE,Essen,LinkedIn,https://de.linkedin.com/jobs/view/data-engineer-analyst-m-w-d-at-esforin-se-4288562474?position=4&pageNum=0&refId=aOGa7e9g%2FsAnVYHZvUr1Hw%3D%3D&trackingId=Zl1v0Nh6YKLvj0V%2B5Wnh8A%3D%3D,Not specified,2025-08-26 14:54:35.077396,2025-08-25,,de.linkedin.com/jobs/view/data-engineer-analyst-m-w-d-at-esforin-se-4288562474
KI Experte (w/m/d),duagon,Nürnberg,LinkedIn,https://de.linkedin.com/jobs/view/ki-experte-w-m-d-at-duagon-4290698552?position=1&pageNum=0&refId=m4iLS%2BkPrcrxYcNJOP%2BR5g%3D%3D&trackingId=lrQTdT%2F3%2FbhIOX%2FCR2z8Mg%3D%3D,Not specified,2025-08-26 14:54:40.425352,2025-08-25,,de.linkedin.com/jobs/view/ki-experte-w-m-d-at-duagon-4290698552
Senior Artificial Intelligence Specialist (all genders),adesso SE,Augsburg,LinkedIn,https://de.linkedin.com/jobs/view/senior-artificial-intelligence-specialist-all-genders-at-adesso-se-3733041142?position=1&pageNum=0&refId=OD8RiKmTV1bunA5ppW%2BMQg%3D%3D&trackingId=3vnR3PKN4VWrNtys%2FuKfJg%3D%3D,Not specified,2025-08-26 14:54:43.066192,2025-08-26,,de.linkedin.com/jobs/view/senior-artificial-intelligence-specialist-all-genders-at-adesso-se-3733041142
Business Analyst,Finanz Informatik,Hannover,LinkedIn,https://de.linkedin.com/jobs/view/business-analyst-at-finanz-informatik-4291088288?position=1&pageNum=0&refId=2TZear%2Fy3Mq820uSC8fb1Q%3D%3D&trackingId=vCYfog5b9CVTzRBL24MVlg%3D%3D,Not specified,2025-08-26 14:54:48.413762,2025-08-26,,de.linkedin.com/jobs/view/business-analyst-at-finanz-informatik-4291088288
Data Specialist,Noir,Stuttgart,LinkedIn,https://de.linkedin.com/jobs/view/data-specialist-at-noir-4291059807?position=3&pageNum=0&refId=ET30rgT3ByUh1BEXmyTBAw%3D%3D&trackingId=OTxorGAw0FR6PSA02L8e5g%3D%3D,Not specified,2025-08-26 14:54:51.271637,2025-08-26,,de.linkedin.com/jobs/view/data-specialist-at-noir-4291059807
Corporate Banking Analyst,REM PLUS,"Baden-Württemberg, Deutschland",LinkedIn,https://de.linkedin.com/jobs/view/corporate-banking-analyst-at-rem-plus-4291248631?position=4&pageNum=0&refId=ET30rgT3ByUh1BEXmyTBAw%3D%3D&trackingId=Z44zMU056k7tkqCGuWyixQ%3D%3D,Not specified,2025-08-26 14:54:51.271760,2025-08-26,,de.linkedin.com/jobs/view/corporate-banking-analyst-at-rem-plus-4291248631
Advanced Analytics & Databricks Expert (all genders),MHP – A Porsche Company,Ludwigsburg,LinkedIn,https://de.linkedin.com/jobs/view/advanced-analytics-databricks-expert-all-genders-at-mhp-%E2%80%93-a-porsche-company-4291258875?position=7&pageNum=0&refId=ET30rgT3ByUh1BEXmyTBAw%3D%3D&trackingId=JtHrYaRxDnFujrzldk9J0Q%3D%3D,Not specified,2025-08-26 14:54:51.272122,2025-08-26,,de.linkedin.com/jobs/view/advanced-analytics-databricks-expert-all-genders-at-mhp-%E2%80%93-a-porsche-company-4291258875
Technical Consultant Data Management (m/w/d),Uniserv | Customer Data Experts,Pforzheim,LinkedIn,https://de.linkedin.com/jobs/view/technical-consultant-data-management-m-w-d-at-uniserv-customer-data-experts-4291060705?position=11&pageNum=0&refId=ET30rgT3ByUh1BEXmyTBAw%3D%3D&trackingId=9F6CG0fHaLc2M72fuaH6OA%3D%3D,Not specified,2025-08-26 14:54:51.272600,2025-08-26,,de.linkedin.com/jobs/view/technical-consultant-data-management-m-w-d-at-uniserv-customer-data-experts-4291060705
AI Consultant – Generative KI / Prompt Engineering (m/w/d) - Quereinsteiger herzlich willkommen!,mycareernow GmbH,Böblingen,LinkedIn,https://de.linkedin.com/jobs/view/ai-consultant-%E2%80%93-generative-ki-prompt-engineering-m-w-d-quereinsteiger-herzlich-willkommen%21-at-mycareernow-gmbh-4290992150?position=13&pageNum=0&refId=ET30rgT3ByUh1BEXmyTBAw%3D%3D&trackingId=95QMq%2BKwEHIytkMlmhDvzA%3D%3D,Not specified,2025-08-26 14:54:51.272838,2025-08-26,,de.linkedin.com/jobs/view/ai-consultant-%E2%80%93-generative-ki-prompt-engineering-m-w-d-quereinsteiger-herzlich-willkommen%21-at-mycareernow-gmbh-4290992150
AI Consultant – Generative KI / Prompt Engineering (m/w/d) - Quereinsteiger herzlich willkommen!,mycareernow GmbH,Bietigheim,LinkedIn,https://de.linkedin.com/jobs/view/ai-consultant-%E2%80%93-generative-ki-prompt-engineering-m-w-d-quereinsteiger-herzlich-willkommen%21-at-mycareernow-gmbh-4290991462?position=14&pageNum=0&refId=ET30rgT3ByUh1BEXmyTBAw%3D%3D&trackingId=mbX82wPBQI45tT%2FMtvMd3g%3D%3D,Not specified,2025-08-26 14:54:51.272963,2025-08-26,,de.linkedin.com/jobs/view/ai-consultant-%E2%80%93-generative-ki-prompt-engineering-m-w-d-quereinsteiger-herzlich-willkommen%21-at-mycareernow-gmbh-4290991462
Junior-Consultant (m/w/d),Schmidt Und Häuser GmbH,Nordheim,LinkedIn,https://de.linkedin.com/jobs/view/junior-consultant-m-w-d-at-schmidt-und-h%C3%A4user-gmbh-4288804222?position=15&pageNum=0&refId=ET30rgT3ByUh1BEXmyTBAw%3D%3D&trackingId=xRHRQpb3ZmCD%2FnfaOmOfoA%3D%3D,Not specified,2025-08-26 14:54:51.273085,2025-08-25,,de.linkedin.com/jobs/view/junior-consultant-m-w-d-at-schmidt-und-h%C3%A4user-gmbh-4288804222
Analyst Erlebniswelt Mobility / Automotive (all genders),BNP Paribas,Gerlingen,LinkedIn,https://de.linkedin.com/jobs/view/analyst-erlebniswelt-mobility-automotive-all-genders-at-bnp-paribas-4279651761?position=22&pageNum=0&refId=ET30rgT3ByUh1BEXmyTBAw%3D%3D&trackingId=SiBiWSWyu9Rh8wD9A57kvw%3D%3D,Not specified,2025-08-26 14:54:51.273925,2025-08-26,,de.linkedin.com/jobs/view/analyst-erlebniswelt-mobility-automotive-all-genders-at-bnp-paribas-4279651761
Business Consultant Change Management & User Adoption (w/m/d),Bechtle,Stuttgart,LinkedIn,https://de.linkedin.com/jobs/view/business-consultant-change-management-user-adoption-w-m-d-at-bechtle-4291054602?position=27&pageNum=0&refId=ET30rgT3ByUh1BEXmyTBAw%3D%3D&trackingId=kMMIxlT1odtKkjG%2Ff52KgA%3D%3D,Not specified,2025-08-26 14:54:51.274529,2025-08-26,,de.linkedin.com/jobs/view/business-consultant-change-management-user-adoption-w-m-d-at-bechtle-4291054602
German Social Media Content Analyst in Lisbon w/Relocation bonus,Elemental Insights,Stuttgart,LinkedIn,https://de.linkedin.com/jobs/view/german-social-media-content-analyst-in-lisbon-w-relocation-bonus-at-elemental-insights-4291086898?position=36&pageNum=0&refId=ET30rgT3ByUh1BEXmyTBAw%3D%3D&trackingId=hgYbfX1%2FuKCwze5WUjmQBw%3D%3D,Not specified,2025-08-26 14:54:51.275548,2025-08-26,,de.linkedin.com/jobs/view/german-social-media-content-analyst-in-lisbon-w-relocation-bonus-at-elemental-insights-4291086898
Teamleiter Technischer Service (w/m/d),Stuttgart Netze,Stuttgart,LinkedIn,https://de.linkedin.com/jobs/view/teamleiter-technischer-service-w-m-d-at-stuttgart-netze-4290994527?position=44&pageNum=0&refId=ET30rgT3ByUh1BEXmyTBAw%3D%3D&trackingId=odwEU73bL7vtqVq2QC1MCQ%3D%3D,Not specified,2025-08-26 14:54:51.276450,2025-08-26,,de.linkedin.com/jobs/view/teamleiter-technischer-service-w-m-d-at-stuttgart-netze-4290994527
Beschäftigte/r in der Gewässerunterhaltung (w/m/d),Regierungspräsidium Karlsruhe,Tübingen,LinkedIn,https://de.linkedin.com/jobs/view/besch%C3%A4ftigte-r-in-der-gew%C3%A4sserunterhaltung-w-m-d-at-regierungspr%C3%A4sidium-karlsruhe-4290972132?position=46&pageNum=0&refId=ET30rgT3ByUh1BEXmyTBAw%3D%3D&trackingId=rh6JYghoohD1WGEh5gSmOg%3D%3D,Not specified,2025-08-26 14:54:51.276675,2025-08-25,,de.linkedin.com/jobs/view/besch%C3%A4ftigte-r-in-der-gew%C3%A4sserunterhaltung-w-m-d-at-regierungspr%C3%A4sidium-karlsruhe-4290972132
Teamleiter Kundenservice & Netzanschlussprojekte (w/m/d),Stuttgart Netze,Stuttgart,LinkedIn,https://de.linkedin.com/jobs/view/teamleiter-kundenservice-netzanschlussprojekte-w-m-d-at-stuttgart-netze-4290991992?position=55&pageNum=0&refId=ET30rgT3ByUh1BEXmyTBAw%3D%3D&trackingId=mz8VQ7YjuCOCGq7ugDlvww%3D%3D,Not specified,2025-08-26 14:54:51.277679,2025-08-26,,de.linkedin.com/jobs/view/teamleiter-kundenservice-netzanschlussprojekte-w-m-d-at-stuttgart-netze-4290991992
Operativer Einkäufer (m/w/d) Automotive,prognum Automotive GmbH,Stuttgart,LinkedIn,https://de.linkedin.com/jobs/view/operativer-eink%C3%A4ufer-m-w-d-automotive-at-prognum-automotive-gmbh-4291071168?position=57&pageNum=0&refId=ET30rgT3ByUh1BEXmyTBAw%3D%3D&trackingId=CKtiCVLUfWPAvm54qPb3tQ%3D%3D,Not specified,2025-08-26 14:54:51.277901,2025-08-26,,de.linkedin.com/jobs/view/operativer-eink%C3%A4ufer-m-w-d-automotive-at-prognum-automotive-gmbh-4291071168
Projekt-Akquisiteur/in,TieTalent,Stuttgart,LinkedIn,https://de.linkedin.com/jobs/view/projekt-akquisiteur-in-at-tietalent-4291006778?position=59&pageNum=0&refId=ET30rgT3ByUh1BEXmyTBAw%3D%3D&trackingId=gD6WaEW8ar6kesh%2FZkxwHA%3D%3D,Not specified,2025-08-26 14:54:51.278123,2025-08-26,,de.linkedin.com/jobs/view/projekt-akquisiteur-in-at-tietalent-4291006778
"Senior Analyst, MENA/EU - (In-house Consulting)",Delivery Hero SE,Berlin,LinkedIn,https://de.linkedin.com/jobs/view/senior-analyst-mena-eu-in-house-consulting-at-delivery-hero-4291071528?position=2&pageNum=0&refId=eFDxKDfjbEa8djML6u%2F6Kw%3D%3D&trackingId=%2FnUaldVIVZTRpTxl9kaIeA%3D%3D,Not specified,2025-08-26 14:54:54.249264,2025-08-26,,de.linkedin.com/jobs/view/senior-analyst-mena-eu-in-house-consulting-at-delivery-hero-4291071528
Business-Analyst:in,ACENT,"Berlin, Deutschland",LinkedIn,https://de.linkedin.com/jobs/view/business-analyst-in-at-acent-ag-4288888045?position=3&pageNum=0&refId=eFDxKDfjbEa8djML6u%2F6Kw%3D%3D&trackingId=AfEgE%2Br7dqu4C%2BmgFgdWpQ%3D%3D,Not specified,2025-08-26 14:54:54.249402,2025-08-26,,de.linkedin.com/jobs/view/business-analyst-in-at-acent-ag-4288888045
Junior Consultant,Rapp Trans (DE) AG,"Berlin, Deutschland",LinkedIn,https://de.linkedin.com/jobs/view/junior-consultant-at-rapp-trans-de-ag-4288882863?position=20&pageNum=0&refId=eFDxKDfjbEa8djML6u%2F6Kw%3D%3D&trackingId=6HvoXFBRIlev8KyyToM02w%3D%3D,Not specified,2025-08-26 14:54:54.251612,2025-08-26,,de.linkedin.com/jobs/view/junior-consultant-at-rapp-trans-de-ag-4288882863
AI Engineer,Jobaify.io B.V,"Berlin, Deutschland",LinkedIn,https://de.linkedin.com/jobs/view/ai-engineer-at-jobaify-io-b-v-4289959677?position=31&pageNum=0&refId=eFDxKDfjbEa8djML6u%2F6Kw%3D%3D&trackingId=ECOp%2Fybstz3ZcYqcLqrt5Q%3D%3D,Not specified,2025-08-26 14:54:54.252948,2025-08-26,,de.linkedin.com/jobs/view/ai-engineer-at-jobaify-io-b-v-4289959677
Senior Data Engineer,Podimo,Berlin,LinkedIn,https://de.linkedin.com/jobs/view/senior-data-engineer-at-podimo-4290817458?position=37&pageNum=0&refId=eFDxKDfjbEa8djML6u%2F6Kw%3D%3D&trackingId=8j1WW4MzN20t1mRucOARFw%3D%3D,Not specified,2025-08-26 14:54:54.253697,2025-08-25,,de.linkedin.com/jobs/view/senior-data-engineer-at-podimo-4290817458
(Junior) Consultant – Digital Manufacturing for FactoryPal (m/f/d),Valmet,"Berlin, Deutschland",LinkedIn,https://de.linkedin.com/jobs/view/junior-consultant-%E2%80%93-digital-manufacturing-for-factorypal-m-f-d-at-valmet-4290945346?position=49&pageNum=0&refId=eFDxKDfjbEa8djML6u%2F6Kw%3D%3D&trackingId=Ot%2BiSEsL9UgBG56fG6K2qA%3D%3D,Not specified,2025-08-26 14:54:54.255191,2025-08-25,,de.linkedin.com/jobs/view/junior-consultant-%E2%80%93-digital-manufacturing-for-factorypal-m-f-d-at-valmet-4290945346
Chemieinformatiker - Projektmanagement (m/w/d)- Bundesinstitut für Risikobewertung (BfR),Bundesinstitut für Risikobewertung (BfR),Berlin,LinkedIn,https://de.linkedin.com/jobs/view/chemieinformatiker-projektmanagement-m-w-d-bundesinstitut-f%C3%BCr-risikobewertung-bfr-at-bundesinstitut-f%C3%BCr-risikobewertung-4290859248?position=50&pageNum=0&refId=eFDxKDfjbEa8djML6u%2F6Kw%3D%3D&trackingId=%2Bd%2B52PVdaBszFBkGUluMLQ%3D%3D,Not specified,2025-08-26 14:54:54.255317,2025-08-25,,de.linkedin.com/jobs/view/chemieinformatiker-projektmanagement-m-w-d-bundesinstitut-f%C3%BCr-risikobewertung-bfr-at-bundesinstitut-f%C3%BCr-risikobewertung-4290859248
Office-Assistant (m/w/d),Burgermeister,Berlin,LinkedIn,https://de.linkedin.com/jobs/view/office-assistant-m-w-d-at-burgermeister-4288570693?position=55&pageNum=0&refId=eFDxKDfjbEa8djML6u%2F6Kw%3D%3D&trackingId=Fdutny8Via4LQfd09Bt88g%3D%3D,Not specified,2025-08-26 14:54:54.255934,2025-08-25,,de.linkedin.com/jobs/view/office-assistant-m-w-d-at-burgermeister-4288570693
Frankfurt - Analyst,Moelis & Company,Frankfurt,LinkedIn,https://de.linkedin.com/jobs/view/frankfurt-analyst-at-moelis-company-4266370564?position=1&pageNum=0&refId=9tvWqVjJ8W%2FNeKaT7K5thw%3D%3D&trackingId=UZei6wRF9dYWOyGoQ0fsBQ%3D%3D,Not specified,2025-08-26 14:54:57.082112,2025-08-26,,de.linkedin.com/jobs/view/frankfurt-analyst-at-moelis-company-4266370564
Project & Business Analyst (Junior),Omnora,Frankfurt,LinkedIn,https://de.linkedin.com/jobs/view/project-business-analyst-junior-at-omnora-4288887412?position=3&pageNum=0&refId=9tvWqVjJ8W%2FNeKaT7K5thw%3D%3D&trackingId=bfw2j36kMkKfnAlL53rzrQ%3D%3D,Not specified,2025-08-26 14:54:57.082422,2025-08-26,,de.linkedin.com/jobs/view/project-business-analyst-junior-at-omnora-4288887412
Analyst/in M&A (m/w/d),Steinbeis M&A Partners GmbH,Frankfurt,LinkedIn,https://de.linkedin.com/jobs/view/analyst-in-m-a-m-w-d-at-steinbeis-m-a-partners-gmbh-4288898392?position=6&pageNum=0&refId=9tvWqVjJ8W%2FNeKaT7K5thw%3D%3D&trackingId=lZzzbbdyQiSiT7%2B0ZE7pwA%3D%3D,Not specified,2025-08-26 14:54:57.082845,2025-08-26,,de.linkedin.com/jobs/view/analyst-in-m-a-m-w-d-at-steinbeis-m-a-partners-gmbh-4288898392
Project & Business Analyst (Junior),Omnora,Frankfurt am Main,LinkedIn,https://de.linkedin.com/jobs/view/project-business-analyst-junior-at-omnora-4288891536?position=8&pageNum=0&refId=9tvWqVjJ8W%2FNeKaT7K5thw%3D%3D&trackingId=Wu1%2F1xBg0akfzwKKnqM27Q%3D%3D,Not specified,2025-08-26 14:54:57.083117,2025-08-26,,de.linkedin.com/jobs/view/project-business-analyst-junior-at-omnora-4288891536
Process Engineer (Junior) (m/w/d),Technip Energies,Frankfurt am Main,LinkedIn,https://de.linkedin.com/jobs/view/process-engineer-junior-m-w-d-at-technip-energies-4279289280?position=11&pageNum=0&refId=9tvWqVjJ8W%2FNeKaT7K5thw%3D%3D&trackingId=PTT5EFvYqnZrfXYTLhl4Gg%3D%3D,Not specified,2025-08-26 14:54:57.083532,2025-08-26,,de.linkedin.com/jobs/view/process-engineer-junior-m-w-d-at-technip-energies-4279289280
Business Analyst,Computer Futures,Frankfurt am Main,LinkedIn,https://de.linkedin.com/jobs/view/business-analyst-at-computer-futures-4264106686?position=14&pageNum=0&refId=9tvWqVjJ8W%2FNeKaT7K5thw%3D%3D&trackingId=AU5QnlZhG9lbB0Whjra8gg%3D%3D,Not specified,2025-08-26 14:54:57.083939,2025-08-25,,de.linkedin.com/jobs/view/business-analyst-at-computer-futures-4264106686
Electrical Store Person,King & Moffatt Building Services,Frankfurt am Main,LinkedIn,https://de.linkedin.com/jobs/view/electrical-store-person-at-king-moffatt-building-services-4291001540?position=26&pageNum=0&refId=9tvWqVjJ8W%2FNeKaT7K5thw%3D%3D&trackingId=bJ5Lsz6cWdlsds%2BSM4Zslg%3D%3D,Not specified,2025-08-26 14:54:57.085593,2025-08-26,,de.linkedin.com/jobs/view/electrical-store-person-at-king-moffatt-building-services-4291001540
Business Analyst Generative Artificial Intelligence,Finanz Informatik,Frankfurt,LinkedIn,https://de.linkedin.com/jobs/view/business-analyst-generative-artificial-intelligence-at-finanz-informatik-4291081787?position=27&pageNum=0&refId=9tvWqVjJ8W%2FNeKaT7K5thw%3D%3D&trackingId=HnXL%2FosuQUpBgLAfRa%2BKSw%3D%3D,Not specified,2025-08-26 14:54:57.085730,2025-08-26,,de.linkedin.com/jobs/view/business-analyst-generative-artificial-intelligence-at-finanz-informatik-4291081787
(Junior) Consultant (w/m/d),Cofinpro AG,Frankfurt am Main,LinkedIn,https://de.linkedin.com/jobs/view/junior-consultant-w-m-d-at-cofinpro-4291243565?position=29&pageNum=0&refId=9tvWqVjJ8W%2FNeKaT7K5thw%3D%3D&trackingId=QKEhwmME5gNoFWq%2Fc6qVdw%3D%3D,Not specified,2025-08-26 14:54:57.086005,2025-08-26,,de.linkedin.com/jobs/view/junior-consultant-w-m-d-at-cofinpro-4291243565
Business Analyst (m/w/d) Leben,R+V Versicherung,Wiesbaden,LinkedIn,https://de.linkedin.com/jobs/view/business-analyst-m-w-d-leben-at-r%2Bv-versicherung-4288832556?position=32&pageNum=0&refId=9tvWqVjJ8W%2FNeKaT7K5thw%3D%3D&trackingId=Ng1u%2BXtRJ0SAU8nHEqIeBw%3D%3D,Not specified,2025-08-26 14:54:57.086399,2025-08-26,,de.linkedin.com/jobs/view/business-analyst-m-w-d-leben-at-r%2Bv-versicherung-4288832556
AI Consultant – Generative KI / Prompt Engineering (m/w/d) - Quereinsteiger herzlich willkommen!,mycareernow GmbH,Bad Homburg vor der Höhe,LinkedIn,https://de.linkedin.com/jobs/view/ai-consultant-%E2%80%93-generative-ki-prompt-engineering-m-w-d-quereinsteiger-herzlich-willkommen%21-at-mycareernow-gmbh-4290991470?position=34&pageNum=0&refId=9tvWqVjJ8W%2FNeKaT7K5thw%3D%3D&trackingId=A1oQlPm4FwHCINMbFgcBvg%3D%3D,Not specified,2025-08-26 14:54:57.086651,2025-08-26,,de.linkedin.com/jobs/view/ai-consultant-%E2%80%93-generative-ki-prompt-engineering-m-w-d-quereinsteiger-herzlich-willkommen%21-at-mycareernow-gmbh-4290991470
AI Consultant – Generative KI / Prompt Engineering (m/w/d) - Quereinsteiger herzlich willkommen!,mycareernow GmbH,Darmstadt,LinkedIn,https://de.linkedin.com/jobs/view/ai-consultant-%E2%80%93-generative-ki-prompt-engineering-m-w-d-quereinsteiger-herzlich-willkommen%21-at-mycareernow-gmbh-4290994049?position=35&pageNum=0&refId=9tvWqVjJ8W%2FNeKaT7K5thw%3D%3D&trackingId=MKTQSGN7xUquCazRFjawGA%3D%3D,Not specified,2025-08-26 14:54:57.086779,2025-08-26,,de.linkedin.com/jobs/view/ai-consultant-%E2%80%93-generative-ki-prompt-engineering-m-w-d-quereinsteiger-herzlich-willkommen%21-at-mycareernow-gmbh-4290994049
Senior Data Engineer (m/f/d),PATRIZIA SE,Frankfurt,LinkedIn,https://de.linkedin.com/jobs/view/senior-data-engineer-m-f-d-at-patrizia-se-4277390235?position=40&pageNum=0&refId=9tvWqVjJ8W%2FNeKaT7K5thw%3D%3D&trackingId=iWglSJyEj7fTbWs46CZtOA%3D%3D,Not specified,2025-08-26 14:54:57.087410,2025-08-26,,de.linkedin.com/jobs/view/senior-data-engineer-m-f-d-at-patrizia-se-4277390235
AI Consultant – Generative KI / Prompt Engineering (m/w/d) - Quereinsteiger herzlich willkommen!,mycareernow GmbH,Aschaffenburg,LinkedIn,https://de.linkedin.com/jobs/view/ai-consultant-%E2%80%93-generative-ki-prompt-engineering-m-w-d-quereinsteiger-herzlich-willkommen%21-at-mycareernow-gmbh-4290988705?position=41&pageNum=0&refId=9tvWqVjJ8W%2FNeKaT7K5thw%3D%3D&trackingId=AvP6gvGphB5tXBPVNpmbsg%3D%3D,Not specified,2025-08-26 14:54:57.087539,2025-08-26,,de.linkedin.com/jobs/view/ai-consultant-%E2%80%93-generative-ki-prompt-engineering-m-w-d-quereinsteiger-herzlich-willkommen%21-at-mycareernow-gmbh-4290988705
(Inhouse) Consultant Strategy & Digital Business (m/w/d),Zurich Insurance,Frankfurt am Main,LinkedIn,https://de.linkedin.com/jobs/view/inhouse-consultant-strategy-digital-business-m-w-d-at-zurich-insurance-4279251164?position=48&pageNum=0&refId=9tvWqVjJ8W%2FNeKaT7K5thw%3D%3D&trackingId=Z5CgTU3BtLxHf%2BgB8Oc7Og%3D%3D,Not specified,2025-08-26 14:54:57.088516,2025-08-26,,de.linkedin.com/jobs/view/inhouse-consultant-strategy-digital-business-m-w-d-at-zurich-insurance-4279251164
Field Process Engineer,Oxford Instruments plc,Wiesbaden,LinkedIn,https://de.linkedin.com/jobs/view/field-process-engineer-at-oxford-instruments-plc-4277780504?position=55&pageNum=0&refId=9tvWqVjJ8W%2FNeKaT7K5thw%3D%3D&trackingId=yhcJdAnPFWrE5oM12srk8A%3D%3D,Not specified,2025-08-26 14:54:57.089424,2025-08-26,,de.linkedin.com/jobs/view/field-process-engineer-at-oxford-instruments-plc-4277780504
Patent Specialist,Chery Europe GmbH,Raunheim,LinkedIn,https://de.linkedin.com/jobs/view/patent-specialist-at-chery-europe-gmbh-4291245915?position=56&pageNum=0&refId=9tvWqVjJ8W%2FNeKaT7K5thw%3D%3D&trackingId=InJih98ujr9gbk5jMnxIxw%3D%3D,Not specified,2025-08-26 14:54:57.089552,2025-08-26,,de.linkedin.com/jobs/view/patent-specialist-at-chery-europe-gmbh-4291245915
Consultant Digital Banking (m/f/d),CGI,Eschborn,LinkedIn,https://de.linkedin.com/jobs/view/consultant-digital-banking-m-f-d-at-cgi-4172856028?position=57&pageNum=0&refId=9tvWqVjJ8W%2FNeKaT7K5thw%3D%3D&trackingId=GveE0b7mM2F9vmdxHtIGvw%3D%3D,Not specified,2025-08-26 14:54:57.089678,2025-08-26,,de.linkedin.com/jobs/view/consultant-digital-banking-m-f-d-at-cgi-4172856028
Hochschulabsolvent /-in,alseda Consulting,Frankfurt am Main,LinkedIn,https://de.linkedin.com/jobs/view/hochschulabsolvent-in-at-alseda-consulting-4286651400?position=58&pageNum=0&refId=9tvWqVjJ8W%2FNeKaT7K5thw%3D%3D&trackingId=fn5%2F1Ui5Cm%2Fmx57Uq9K82Q%3D%3D,Not specified,2025-08-26 14:54:57.089802,2025-08-26,,de.linkedin.com/jobs/view/hochschulabsolvent-in-at-alseda-consulting-4286651400
Finanzanalyst (gn*),MVE - Most Valuable Employee,Köln,LinkedIn,https://de.linkedin.com/jobs/view/finanzanalyst-gn-at-mve-most-valuable-employee-4288862606?position=6&pageNum=0&refId=c1aFVxxQQ0r7paH3BjXMlw%3D%3D&trackingId=z7Q8mKo26k66UwV7uQ8Org%3D%3D,Not specified,2025-08-26 14:54:59.985273,2025-08-26,,de.linkedin.com/jobs/view/finanzanalyst-gn-at-mve-most-valuable-employee-4288862606
IT Business Analyst (m/w/d),GAG Immobilien AG,Köln,LinkedIn,https://de.linkedin.com/jobs/view/it-business-analyst-m-w-d-at-gag-immobilien-ag-4288807020?position=7&pageNum=0&refId=c1aFVxxQQ0r7paH3BjXMlw%3D%3D&trackingId=HS9tU1biGEEySlXFsao4%2Fg%3D%3D,Not specified,2025-08-26 14:54:59.985414,2025-08-25,,de.linkedin.com/jobs/view/it-business-analyst-m-w-d-at-gag-immobilien-ag-4288807020
Wirtschaftsinformatiker / Business Analyst (m/w/d),TieTalent,Köln,LinkedIn,https://de.linkedin.com/jobs/view/wirtschaftsinformatiker-business-analyst-m-w-d-at-tietalent-4290860773?position=11&pageNum=0&refId=c1aFVxxQQ0r7paH3BjXMlw%3D%3D&trackingId=gXZtaKGXZtu9wk3FKG4EsA%3D%3D,Not specified,2025-08-26 14:54:59.985970,2025-08-25,,de.linkedin.com/jobs/view/wirtschaftsinformatiker-business-analyst-m-w-d-at-tietalent-4290860773
Associate Management Reporting (m/f/d),RTL Group,Köln,LinkedIn,https://de.linkedin.com/jobs/view/associate-management-reporting-m-f-d-at-rtl-group-4288570592?position=12&pageNum=0&refId=c1aFVxxQQ0r7paH3BjXMlw%3D%3D&trackingId=YRRkq8Sz8oz2k6b0tFRp%2Bw%3D%3D,Not specified,2025-08-26 14:54:59.986105,2025-08-25,,de.linkedin.com/jobs/view/associate-management-reporting-m-f-d-at-rtl-group-4288570592
AI Consultant – Generative KI / Prompt Engineering (m/w/d) - Quereinsteiger herzlich willkommen!,mycareernow GmbH,Bonn,LinkedIn,https://de.linkedin.com/jobs/view/ai-consultant-%E2%80%93-generative-ki-prompt-engineering-m-w-d-quereinsteiger-herzlich-willkommen%21-at-mycareernow-gmbh-4290994040?position=14&pageNum=0&refId=c1aFVxxQQ0r7paH3BjXMlw%3D%3D&trackingId=kWX59rIBEDTJXspIwLGXPw%3D%3D,Not specified,2025-08-26 14:54:59.986382,2025-08-26,,de.linkedin.com/jobs/view/ai-consultant-%E2%80%93-generative-ki-prompt-engineering-m-w-d-quereinsteiger-herzlich-willkommen%21-at-mycareernow-gmbh-4290994040
Business Analyst im Vergütungsmanagement (m/w/d),Zurich Insurance,Köln,LinkedIn,https://de.linkedin.com/jobs/view/business-analyst-im-verg%C3%BCtungsmanagement-m-w-d-at-zurich-insurance-4279252094?position=17&pageNum=0&refId=c1aFVxxQQ0r7paH3BjXMlw%3D%3D&trackingId=zm068fPALtm2caxBYf8L5A%3D%3D,Not specified,2025-08-26 14:54:59.986805,2025-08-26,,de.linkedin.com/jobs/view/business-analyst-im-verg%C3%BCtungsmanagement-m-w-d-at-zurich-insurance-4279252094
Capital Markets Analyst - Transaction Management (m/w/d),CBRE,Düsseldorf,LinkedIn,https://de.linkedin.com/jobs/view/capital-markets-analyst-transaction-management-m-w-d-at-cbre-4291251116?position=20&pageNum=0&refId=c1aFVxxQQ0r7paH3BjXMlw%3D%3D&trackingId=r7AMiiJ%2FCf%2F6lOh6e0Jcdg%3D%3D,Not specified,2025-08-26 14:54:59.987226,2025-08-26,,de.linkedin.com/jobs/view/capital-markets-analyst-transaction-management-m-w-d-at-cbre-4291251116
AI Consultant – Generative KI / Prompt Engineering (m/w/d) - Quereinsteiger herzlich willkommen!,mycareernow GmbH,Bergisch Gladbach,LinkedIn,https://de.linkedin.com/jobs/view/ai-consultant-%E2%80%93-generative-ki-prompt-engineering-m-w-d-quereinsteiger-herzlich-willkommen%21-at-mycareernow-gmbh-4290993142?position=25&pageNum=0&refId=c1aFVxxQQ0r7paH3BjXMlw%3D%3D&trackingId=RkxXpqy9L1BcsmR4s4jWQA%3D%3D,Not specified,2025-08-26 14:54:59.987902,2025-08-26,,de.linkedin.com/jobs/view/ai-consultant-%E2%80%93-generative-ki-prompt-engineering-m-w-d-quereinsteiger-herzlich-willkommen%21-at-mycareernow-gmbh-4290993142
Senior Business Excellence Consultant (w/m/d),Uniper,Düsseldorf,LinkedIn,https://de.linkedin.com/jobs/view/senior-business-excellence-consultant-w-m-d-at-uniper-4242525553?position=27&pageNum=0&refId=c1aFVxxQQ0r7paH3BjXMlw%3D%3D&trackingId=98ojS%2Bjljia1dxhumswtrQ%3D%3D,Not specified,2025-08-26 14:54:59.988161,2025-08-26,,de.linkedin.com/jobs/view/senior-business-excellence-consultant-w-m-d-at-uniper-4242525553
AI Consultant – Generative KI / Prompt Engineering (m/w/d) - Quereinsteiger herzlich willkommen!,mycareernow GmbH,Dormagen,LinkedIn,https://de.linkedin.com/jobs/view/ai-consultant-%E2%80%93-generative-ki-prompt-engineering-m-w-d-quereinsteiger-herzlich-willkommen%21-at-mycareernow-gmbh-4290990579?position=30&pageNum=0&refId=c1aFVxxQQ0r7paH3BjXMlw%3D%3D&trackingId=vECXVF6rWXof%2FqypIWGDhA%3D%3D,Not specified,2025-08-26 14:54:59.988552,2025-08-26,,de.linkedin.com/jobs/view/ai-consultant-%E2%80%93-generative-ki-prompt-engineering-m-w-d-quereinsteiger-herzlich-willkommen%21-at-mycareernow-gmbh-4290990579
AI Consultant – Generative KI / Prompt Engineering (m/w/d) - Quereinsteiger herzlich willkommen!,mycareernow GmbH,Bornheim,LinkedIn,https://de.linkedin.com/jobs/view/ai-consultant-%E2%80%93-generative-ki-prompt-engineering-m-w-d-quereinsteiger-herzlich-willkommen%21-at-mycareernow-gmbh-4290994042?position=31&pageNum=0&refId=c1aFVxxQQ0r7paH3BjXMlw%3D%3D&trackingId=utiBpQMgwkBBr95779aloQ%3D%3D,Not specified,2025-08-26 14:54:59.988683,2025-08-26,,de.linkedin.com/jobs/view/ai-consultant-%E2%80%93-generative-ki-prompt-engineering-m-w-d-quereinsteiger-herzlich-willkommen%21-at-mycareernow-gmbh-4290994042
AI Consultant – Generative KI / Prompt Engineering (m/w/d) - Quereinsteiger herzlich willkommen!,mycareernow GmbH,Brühl,LinkedIn,https://de.linkedin.com/jobs/view/ai-consultant-%E2%80%93-generative-ki-prompt-engineering-m-w-d-quereinsteiger-herzlich-willkommen%21-at-mycareernow-gmbh-4290991459?position=33&pageNum=0&refId=c1aFVxxQQ0r7paH3BjXMlw%3D%3D&trackingId=f43pJlqqwKIOc0p2VhfWcA%3D%3D,Not specified,2025-08-26 14:54:59.988941,2025-08-26,,de.linkedin.com/jobs/view/ai-consultant-%E2%80%93-generative-ki-prompt-engineering-m-w-d-quereinsteiger-herzlich-willkommen%21-at-mycareernow-gmbh-4290991459
Capital Markets Analyst - Transaction Management (m/w/d),CBRE Germany,Düsseldorf,LinkedIn,https://de.linkedin.com/jobs/view/capital-markets-analyst-transaction-management-m-w-d-at-cbre-germany-4291047998?position=35&pageNum=0&refId=c1aFVxxQQ0r7paH3BjXMlw%3D%3D&trackingId=9%2FyN1xq1JZKuq%2B5uUOSadQ%3D%3D,Not specified,2025-08-26 14:54:59.989191,2025-08-26,,de.linkedin.com/jobs/view/capital-markets-analyst-transaction-management-m-w-d-at-cbre-germany-4291047998
AI Consultant – Generative KI / Prompt Engineering (m/w/d) - Quereinsteiger herzlich willkommen!,mycareernow GmbH,Düsseldorf,LinkedIn,https://de.linkedin.com/jobs/view/ai-consultant-%E2%80%93-generative-ki-prompt-engineering-m-w-d-quereinsteiger-herzlich-willkommen%21-at-mycareernow-gmbh-4290993144?position=36&pageNum=0&refId=c1aFVxxQQ0r7paH3BjXMlw%3D%3D&trackingId=Um12YzVaISqRB9JVeM47sQ%3D%3D,Not specified,2025-08-26 14:54:59.989318,2025-08-26,,de.linkedin.com/jobs/view/ai-consultant-%E2%80%93-generative-ki-prompt-engineering-m-w-d-quereinsteiger-herzlich-willkommen%21-at-mycareernow-gmbh-4290993144
AI Consultant – Generative KI / Prompt Engineering (m/w/d) - Quereinsteiger herzlich willkommen!,mycareernow GmbH,Lechenich,LinkedIn,https://de.linkedin.com/jobs/view/ai-consultant-%E2%80%93-generative-ki-prompt-engineering-m-w-d-quereinsteiger-herzlich-willkommen%21-at-mycareernow-gmbh-4290988707?position=37&pageNum=0&refId=c1aFVxxQQ0r7paH3BjXMlw%3D%3D&trackingId=w0tvlKIxE4IVfraiKdABfA%3D%3D,Not specified,2025-08-26 14:54:59.989447,2025-08-26,,de.linkedin.com/jobs/view/ai-consultant-%E2%80%93-generative-ki-prompt-engineering-m-w-d-quereinsteiger-herzlich-willkommen%21-at-mycareernow-gmbh-4290988707
AI Consultant – Generative KI / Prompt Engineering (m/w/d) - Quereinsteiger herzlich willkommen!,mycareernow GmbH,Erkrath,LinkedIn,https://de.linkedin.com/jobs/view/ai-consultant-%E2%80%93-generative-ki-prompt-engineering-m-w-d-quereinsteiger-herzlich-willkommen%21-at-mycareernow-gmbh-4290986862?position=38&pageNum=0&refId=c1aFVxxQQ0r7paH3BjXMlw%3D%3D&trackingId=KRwQemOPjMmdbYTNa59cLg%3D%3D,Not specified,2025-08-26 14:54:59.989575,2025-08-26,,de.linkedin.com/jobs/view/ai-consultant-%E2%80%93-generative-ki-prompt-engineering-m-w-d-quereinsteiger-herzlich-willkommen%21-at-mycareernow-gmbh-4290986862
AI Consultant – Generative KI / Prompt Engineering (m/w/d) - Quereinsteiger herzlich willkommen!,mycareernow GmbH,Bergheim,LinkedIn,https://de.linkedin.com/jobs/view/ai-consultant-%E2%80%93-generative-ki-prompt-engineering-m-w-d-quereinsteiger-herzlich-willkommen%21-at-mycareernow-gmbh-4290992154?position=39&pageNum=0&refId=c1aFVxxQQ0r7paH3BjXMlw%3D%3D&trackingId=sOQYPyRLlyEBIEAnd7sgbQ%3D%3D,Not specified,2025-08-26 14:54:59.989703,2025-08-26,,de.linkedin.com/jobs/view/ai-consultant-%E2%80%93-generative-ki-prompt-engineering-m-w-d-quereinsteiger-herzlich-willkommen%21-at-mycareernow-gmbh-4290992154
Business Process Specialist - Master Data Management (w/m/d),C&A,Düsseldorf,LinkedIn,https://de.linkedin.com/jobs/view/business-process-specialist-master-data-management-w-m-d-at-c-a-4226346952?position=42&pageNum=0&refId=c1aFVxxQQ0r7paH3BjXMlw%3D%3D&trackingId=qrNIYcPCSQYlwhZg2YNpiA%3D%3D,Not specified,2025-08-26 14:54:59.990087,2025-08-26,,de.linkedin.com/jobs/view/business-process-specialist-master-data-management-w-m-d-at-c-a-4226346952
AI Consultant – Generative KI / Prompt Engineering (m/w/d) - Quereinsteiger herzlich willkommen!,mycareernow GmbH,Euskirchen,LinkedIn,https://de.linkedin.com/jobs/view/ai-consultant-%E2%80%93-generative-ki-prompt-engineering-m-w-d-quereinsteiger-herzlich-willkommen%21-at-mycareernow-gmbh-4290991468?position=43&pageNum=0&refId=c1aFVxxQQ0r7paH3BjXMlw%3D%3D&trackingId=WkWX8QOy1xnKSbsfvqAfEA%3D%3D,Not specified,2025-08-26 14:54:59.990216,2025-08-26,,de.linkedin.com/jobs/view/ai-consultant-%E2%80%93-generative-ki-prompt-engineering-m-w-d-quereinsteiger-herzlich-willkommen%21-at-mycareernow-gmbh-4290991468
AI Consultant – Generative KI / Prompt Engineering (m/w/d) - Quereinsteiger herzlich willkommen!,mycareernow GmbH,Düren,LinkedIn,https://de.linkedin.com/jobs/view/ai-consultant-%E2%80%93-generative-ki-prompt-engineering-m-w-d-quereinsteiger-herzlich-willkommen%21-at-mycareernow-gmbh-4290991465?position=44&pageNum=0&refId=c1aFVxxQQ0r7paH3BjXMlw%3D%3D&trackingId=m5Plhqj84zIgQHd71wwS6w%3D%3D,Not specified,2025-08-26 14:54:59.990345,2025-08-26,,de.linkedin.com/jobs/view/ai-consultant-%E2%80%93-generative-ki-prompt-engineering-m-w-d-quereinsteiger-herzlich-willkommen%21-at-mycareernow-gmbh-4290991465
Video Business Analyst (m/w/d),Hubert Burda Media,Köln,LinkedIn,https://de.linkedin.com/jobs/view/video-business-analyst-m-w-d-at-hubert-burda-media-4288568179?position=47&pageNum=0&refId=c1aFVxxQQ0r7paH3BjXMlw%3D%3D&trackingId=V56z1x4eQVbP5knbVLdXQg%3D%3D,Not specified,2025-08-26 14:54:59.990727,2025-08-25,,de.linkedin.com/jobs/view/video-business-analyst-m-w-d-at-hubert-burda-media-4288568179
Consultant Digitale Transformation (m/f/d),CGI,Düsseldorf,LinkedIn,https://de.linkedin.com/jobs/view/consultant-digitale-transformation-m-f-d-at-cgi-4172851522?position=59&pageNum=0&refId=c1aFVxxQQ0r7paH3BjXMlw%3D%3D&trackingId=L3%2BSBm8whT2zlPERnqM6yQ%3D%3D,Not specified,2025-08-26 14:54:59.992254,2025-08-26,,de.linkedin.com/jobs/view/consultant-digitale-transformation-m-f-d-at-cgi-4172851522
Senior IT Business Architect Healthcare (m/w/d),BWI GmbH,Ulm,LinkedIn,https://de.linkedin.com/jobs/view/senior-it-business-architect-healthcare-m-w-d-at-bwi-gmbh-4289781606?position=22&pageNum=0&refId=VEWyGlN0MNNhg8kZXMM%2BoA%3D%3D&trackingId=ymKm0gz6vfM8Rvfs2npXrA%3D%3D,Not specified,2025-08-26 14:55:02.663849,2025-08-26,,de.linkedin.com/jobs/view/senior-it-business-architect-healthcare-m-w-d-at-bwi-gmbh-4289781606
"Ekonom V – oskrbnik (šifra DM 73424) v Policijski upravi Ljubljana, Službi za operativno podporo, Oddelku za materialno-tehnične zadeve",Vlada Republike Slovenije,"Münsterlingen, Thurgau, Schweiz",LinkedIn,https://ch.linkedin.com/jobs/view/ekonom-v-%E2%80%93-oskrbnik-%C5%A1ifra-dm-73424-v-policijski-upravi-ljubljana-slu%C5%BEbi-za-operativno-podporo-oddelku-za-materialno-tehni%C4%8Dne-zadeve-at-vlada-republike-slovenije-4290965570?position=1&pageNum=0&refId=SI8M0x2D1yEjjQIQgzruDw%3D%3D&trackingId=Ecgw%2B8euoYHLuwArZI3Adg%3D%3D,Not specified,2025-08-26 14:55:05.438139,2025-08-25,,ch.linkedin.com/jobs/view/ekonom-v-%E2%80%93-oskrbnik-%C5%A1ifra-dm-73424-v-policijski-upravi-ljubljana-slu%C5%BEbi-za-operativno-podporo-oddelku-za-materialno-tehni%C4%8Dne-zadeve-at-vlada-republike-slovenije-4290965570
Process Engineer,Bühler Group,"Uzwil, Sankt Gallen, Schweiz",LinkedIn,https://ch.linkedin.com/jobs/view/process-engineer-at-b%C3%BChler-group-4279264018?position=5&pageNum=0&refId=SI8M0x2D1yEjjQIQgzruDw%3D%3D&trackingId=kKvOs5KZTvOvQknEUo7mjw%3D%3D,Not specified,2025-08-26 14:55:05.438720,2025-08-26,,ch.linkedin.com/jobs/view/process-engineer-at-b%C3%BChler-group-4279264018
Post/Briefzusteller (m/w/d) - Quereinstieg,TieTalent,Konstanz,LinkedIn,https://de.linkedin.com/jobs/view/post-briefzusteller-m-w-d-quereinstieg-at-tietalent-4290860698?position=6&pageNum=0&refId=SI8M0x2D1yEjjQIQgzruDw%3D%3D&trackingId=cxtDJUXi80UU4Vn%2Fi8FrZA%3D%3D,Not specified,2025-08-26 14:55:05.438859,2025-08-25,,de.linkedin.com/jobs/view/post-briefzusteller-m-w-d-quereinstieg-at-tietalent-4290860698
Post/Briefzusteller (m/w/d) - Quereinstieg,TieTalent,Konstanz,LinkedIn,https://de.linkedin.com/jobs/view/post-briefzusteller-m-w-d-quereinstieg-at-tietalent-4290867443?position=7&pageNum=0&refId=SI8M0x2D1yEjjQIQgzruDw%3D%3D&trackingId=Lxj1Aq9mOnxROh9B1mRLbQ%3D%3D,Not specified,2025-08-26 14:55:05.438997,2025-08-25,,de.linkedin.com/jobs/view/post-briefzusteller-m-w-d-quereinstieg-at-tietalent-4290867443
Post/Briefzusteller (m/w/d) - Quereinstieg,TieTalent,Konstanz,LinkedIn,https://de.linkedin.com/jobs/view/post-briefzusteller-m-w-d-quereinstieg-at-tietalent-4290865433?position=8&pageNum=0&refId=SI8M0x2D1yEjjQIQgzruDw%3D%3D&trackingId=bBW2TDkITDm34%2FC%2BxFpBBA%3D%3D,Not specified,2025-08-26 14:55:05.439133,2025-08-25,,de.linkedin.com/jobs/view/post-briefzusteller-m-w-d-quereinstieg-at-tietalent-4290865433
German Social Media Content Analyst in Lisbon w/Relocation bonus,Elemental Insights,"Winterthur, Zürich, Schweiz",LinkedIn,https://ch.linkedin.com/jobs/view/german-social-media-content-analyst-in-lisbon-w-relocation-bonus-at-elemental-insights-4291092257?position=10&pageNum=0&refId=SI8M0x2D1yEjjQIQgzruDw%3D%3D&trackingId=Ioi2eFZTsmpoXw3gtuWjnA%3D%3D,Not specified,2025-08-26 14:55:05.439401,2025-08-26,,ch.linkedin.com/jobs/view/german-social-media-content-analyst-in-lisbon-w-relocation-bonus-at-elemental-insights-4291092257
Post/Briefzusteller (m/w/d) - Quereinstieg,TieTalent,Konstanz,LinkedIn,https://de.linkedin.com/jobs/view/post-briefzusteller-m-w-d-quereinstieg-at-tietalent-4290861704?position=11&pageNum=0&refId=SI8M0x2D1yEjjQIQgzruDw%3D%3D&trackingId=w38BipNWwFPmIkH93J9u5g%3D%3D,Not specified,2025-08-26 14:55:05.439526,2025-08-25,,de.linkedin.com/jobs/view/post-briefzusteller-m-w-d-quereinstieg-at-tietalent-4290861704
Post/Briefzusteller (m/w/d) - Quereinstieg,TieTalent,Konstanz,LinkedIn,https://de.linkedin.com/jobs/view/post-briefzusteller-m-w-d-quereinstieg-at-tietalent-4290857917?position=12&pageNum=0&refId=SI8M0x2D1yEjjQIQgzruDw%3D%3D&trackingId=dqMvBn3SclX8mMO5P6xXwQ%3D%3D,Not specified,2025-08-26 14:55:05.439650,2025-08-25,,de.linkedin.com/jobs/view/post-briefzusteller-m-w-d-quereinstieg-at-tietalent-4290857917
Junior AIT Engineer for Galileo [25135],CS GROUP,Immenstaad am Bodensee,LinkedIn,https://de.linkedin.com/jobs/view/junior-ait-engineer-for-galileo-25135-at-cs-group-4288599587?position=13&pageNum=0&refId=SI8M0x2D1yEjjQIQgzruDw%3D%3D&trackingId=p8AChPwNjD5OdU4Z0TksoA%3D%3D,Not specified,2025-08-26 14:55:05.439775,2025-08-25,,de.linkedin.com/jobs/view/junior-ait-engineer-for-galileo-25135-at-cs-group-4288599587
Fachspezialist Leistungsmanagement UVG Komplex (alle),SWICA,"Winterthur, Zürich, Schweiz",LinkedIn,https://ch.linkedin.com/jobs/view/fachspezialist-leistungsmanagement-uvg-komplex-alle-at-swica-organisation-de-sant%C3%A9-4288987696?position=15&pageNum=0&refId=SI8M0x2D1yEjjQIQgzruDw%3D%3D&trackingId=1%2BKnnhF6U995UwNxFDTPag%3D%3D,Not specified,2025-08-26 14:55:05.440027,2025-08-26,,ch.linkedin.com/jobs/view/fachspezialist-leistungsmanagement-uvg-komplex-alle-at-swica-organisation-de-sant%C3%A9-4288987696
Fertigungstechnologe im Bereich Zerspanungs-Technologie (m/w/d),TieTalent,Friedrichshafen,LinkedIn,https://de.linkedin.com/jobs/view/fertigungstechnologe-im-bereich-zerspanungs-technologie-m-w-d-at-tietalent-4290869085?position=21&pageNum=0&refId=SI8M0x2D1yEjjQIQgzruDw%3D%3D&trackingId=pRjMgK4vTelRPRV8StGtKw%3D%3D,Not specified,2025-08-26 14:55:05.440774,2025-08-25,,de.linkedin.com/jobs/view/fertigungstechnologe-im-bereich-zerspanungs-technologie-m-w-d-at-tietalent-4290869085
Quereinsteiger - Post / Briefzusteller (m/w/d),TieTalent,Konstanz,LinkedIn,https://de.linkedin.com/jobs/view/quereinsteiger-post-briefzusteller-m-w-d-at-tietalent-4290865406?position=22&pageNum=0&refId=SI8M0x2D1yEjjQIQgzruDw%3D%3D&trackingId=iaHC9eoWXT3z7CIPVw2OJA%3D%3D,Not specified,2025-08-26 14:55:05.440899,2025-08-25,,de.linkedin.com/jobs/view/quereinsteiger-post-briefzusteller-m-w-d-at-tietalent-4290865406
Quereinsteiger - Post / Briefzusteller (m/w/d),TieTalent,Konstanz,LinkedIn,https://de.linkedin.com/jobs/view/quereinsteiger-post-briefzusteller-m-w-d-at-tietalent-4290857890?position=23&pageNum=0&refId=SI8M0x2D1yEjjQIQgzruDw%3D%3D&trackingId=Kd1a7Wa4GjKNi4VMedpuKQ%3D%3D,Not specified,2025-08-26 14:55:05.441023,2025-08-25,,de.linkedin.com/jobs/view/quereinsteiger-post-briefzusteller-m-w-d-at-tietalent-4290857890
Quereinsteiger - Post / Briefzusteller (m/w/d),TieTalent,Konstanz,LinkedIn,https://de.linkedin.com/jobs/view/quereinsteiger-post-briefzusteller-m-w-d-at-tietalent-4290867408?position=24&pageNum=0&refId=SI8M0x2D1yEjjQIQgzruDw%3D%3D&trackingId=aBtL1ieZmJTZl7%2Btdvrd2Q%3D%3D,Not specified,2025-08-26 14:55:05.441149,2025-08-25,,de.linkedin.com/jobs/view/quereinsteiger-post-briefzusteller-m-w-d-at-tietalent-4290867408
Quereinsteiger - Post / Briefzusteller (m/w/d),TieTalent,Konstanz,LinkedIn,https://de.linkedin.com/jobs/view/quereinsteiger-post-briefzusteller-m-w-d-at-tietalent-4290867401?position=25&pageNum=0&refId=SI8M0x2D1yEjjQIQgzruDw%3D%3D&trackingId=jJeW4iPyjHgT9B0pC1HnNw%3D%3D,Not specified,2025-08-26 14:55:05.441273,2025-08-25,,de.linkedin.com/jobs/view/quereinsteiger-post-briefzusteller-m-w-d-at-tietalent-4290867401
Deutsche Post & DHL: Paketzusteller (M/W/D) In Vollzeit,TieTalent,Konstanz,LinkedIn,https://de.linkedin.com/jobs/view/deutsche-post-dhl-paketzusteller-m-w-d-in-vollzeit-at-tietalent-4290860752?position=27&pageNum=0&refId=SI8M0x2D1yEjjQIQgzruDw%3D%3D&trackingId=s71rNP8qiAPRuVyyO4MzDQ%3D%3D,Not specified,2025-08-26 14:55:05.441523,2025-08-25,,de.linkedin.com/jobs/view/deutsche-post-dhl-paketzusteller-m-w-d-in-vollzeit-at-tietalent-4290860752
Deutsche Post & DHL: Paketzusteller (M/W/D) In Vollzeit,TieTalent,Konstanz,LinkedIn,https://de.linkedin.com/jobs/view/deutsche-post-dhl-paketzusteller-m-w-d-in-vollzeit-at-tietalent-4290859786?position=28&pageNum=0&refId=SI8M0x2D1yEjjQIQgzruDw%3D%3D&trackingId=ZLpMlgD%2BmhHUKtwyIvlINw%3D%3D,Not specified,2025-08-26 14:55:05.441647,2025-08-25,,de.linkedin.com/jobs/view/deutsche-post-dhl-paketzusteller-m-w-d-in-vollzeit-at-tietalent-4290859786
Deutsche Post & DHL: Paketzusteller In Vollzeit (M/W/D),TieTalent,Konstanz,LinkedIn,https://de.linkedin.com/jobs/view/deutsche-post-dhl-paketzusteller-in-vollzeit-m-w-d-at-tietalent-4290859772?position=29&pageNum=0&refId=SI8M0x2D1yEjjQIQgzruDw%3D%3D&trackingId=E%2BxIy6bu2flL6gcSFSbqAA%3D%3D,Not specified,2025-08-26 14:55:05.441771,2025-08-25,,de.linkedin.com/jobs/view/deutsche-post-dhl-paketzusteller-in-vollzeit-m-w-d-at-tietalent-4290859772
Deutsche Post & DHL: Paketzusteller In Vollzeit (M/W/D),TieTalent,Konstanz,LinkedIn,https://de.linkedin.com/jobs/view/deutsche-post-dhl-paketzusteller-in-vollzeit-m-w-d-at-tietalent-4290859769?position=30&pageNum=0&refId=SI8M0x2D1yEjjQIQgzruDw%3D%3D&trackingId=SpKs67dWP6%2B7xcjWwGHp3Q%3D%3D,Not specified,2025-08-26 14:55:05.441894,2025-08-25,,de.linkedin.com/jobs/view/deutsche-post-dhl-paketzusteller-in-vollzeit-m-w-d-at-tietalent-4290859769
Fertigungstechnologe im Bereich Zerspanungs-Technologie (m/w/d),Liebherr Aerospace and Transportation,Friedrichshafen,LinkedIn,https://de.linkedin.com/jobs/view/fertigungstechnologe-im-bereich-zerspanungs-technologie-m-w-d-at-liebherr-aerospace-and-transportation-4290856069?position=33&pageNum=0&refId=SI8M0x2D1yEjjQIQgzruDw%3D%3D&trackingId=cSJrvzHTk1%2BoBiw4IiVFzA%3D%3D,Not specified,2025-08-26 14:55:05.442268,2025-08-25,,de.linkedin.com/jobs/view/fertigungstechnologe-im-bereich-zerspanungs-technologie-m-w-d-at-liebherr-aerospace-and-transportation-4290856069
Abteilungsleiter:in Stellvertretung Produktion,KELLER Pressure,"Winterthur, Zürich, Schweiz",LinkedIn,https://ch.linkedin.com/jobs/view/abteilungsleiter-in-stellvertretung-produktion-at-keller-pressure-4290907181?position=36&pageNum=0&refId=SI8M0x2D1yEjjQIQgzruDw%3D%3D&trackingId=kFcStHkoBCQvdAd8JyrG6Q%3D%3D,Not specified,2025-08-26 14:55:05.442644,2025-08-25,,ch.linkedin.com/jobs/view/abteilungsleiter-in-stellvertretung-produktion-at-keller-pressure-4290907181
Deutsche Post & DHL: Paketzusteller (M/W/D) In Vollzeit,TieTalent,Engen,LinkedIn,https://de.linkedin.com/jobs/view/deutsche-post-dhl-paketzusteller-m-w-d-in-vollzeit-at-tietalent-4291004816?position=37&pageNum=0&refId=SI8M0x2D1yEjjQIQgzruDw%3D%3D&trackingId=uO9gB1gr1TVbAWU3W0rsrQ%3D%3D,Not specified,2025-08-26 14:55:05.442768,2025-08-26,,de.linkedin.com/jobs/view/deutsche-post-dhl-paketzusteller-m-w-d-in-vollzeit-at-tietalent-4291004816
Beschäftigte/r in der Gewässerunterhaltung (w/m/d),TieTalent,Ravensburg,LinkedIn,https://de.linkedin.com/jobs/view/besch%C3%A4ftigte-r-in-der-gew%C3%A4sserunterhaltung-w-m-d-at-tietalent-4290859931?position=39&pageNum=0&refId=SI8M0x2D1yEjjQIQgzruDw%3D%3D&trackingId=cCqVe0hHhOBqrrDTELWgoQ%3D%3D,Not specified,2025-08-26 14:55:05.443016,2025-08-25,,de.linkedin.com/jobs/view/besch%C3%A4ftigte-r-in-der-gew%C3%A4sserunterhaltung-w-m-d-at-tietalent-4290859931
Deutsche Post & DHL: Paketzusteller In Vollzeit (M/W/D),TieTalent,Engen,LinkedIn,https://de.linkedin.com/jobs/view/deutsche-post-dhl-paketzusteller-in-vollzeit-m-w-d-at-tietalent-4291003893?position=41&pageNum=0&refId=SI8M0x2D1yEjjQIQgzruDw%3D%3D&trackingId=SfvW2mIgbs7ReKXsWwXaVQ%3D%3D,Not specified,2025-08-26 14:55:05.443266,2025-08-26,,de.linkedin.com/jobs/view/deutsche-post-dhl-paketzusteller-in-vollzeit-m-w-d-at-tietalent-4291003893
Audit Seniors - EY Assurance Services,EY,"Sankt Gallen, Sankt Gallen, Schweiz",LinkedIn,https://ch.linkedin.com/jobs/view/audit-seniors-ey-assurance-services-at-ey-4173616343?position=46&pageNum=0&refId=SI8M0x2D1yEjjQIQgzruDw%3D%3D&trackingId=UoonqybJoTlXOlajnxOp%2BA%3D%3D,Not specified,2025-08-26 14:55:05.443896,2025-08-25,,ch.linkedin.com/jobs/view/audit-seniors-ey-assurance-services-at-ey-4173616343
Consultant Wirtschaftsprüfung / Audit (w/m/d),EY,Ravensburg,LinkedIn,https://de.linkedin.com/jobs/view/consultant-wirtschaftspr%C3%BCfung-audit-w-m-d-at-ey-4288867830?position=47&pageNum=0&refId=SI8M0x2D1yEjjQIQgzruDw%3D%3D&trackingId=DEp7gxGPWO6KchYYZBZC1g%3D%3D,Not specified,2025-08-26 14:55:05.444020,2025-08-26,,de.linkedin.com/jobs/view/consultant-wirtschaftspr%C3%BCfung-audit-w-m-d-at-ey-4288867830
Lernende/r Fachfrau/-mann Information und Dokumentation (m/w/d),Kanton St.Gallen,"Sankt Gallen, Sankt Gallen, Schweiz",LinkedIn,https://ch.linkedin.com/jobs/view/lernende-r-fachfrau-mann-information-und-dokumentation-m-w-d-at-kanton-st-gallen-4278473917?position=48&pageNum=0&refId=SI8M0x2D1yEjjQIQgzruDw%3D%3D&trackingId=LoiRdd6MDirtXGAd95LR6Q%3D%3D,Not specified,2025-08-26 14:55:05.444144,2025-08-25,,ch.linkedin.com/jobs/view/lernende-r-fachfrau-mann-information-und-dokumentation-m-w-d-at-kanton-st-gallen-4278473917
Immobilienbuchhalter:in (m/w/d),Rocken®,"Sankt Gallen, Sankt Gallen, Schweiz",LinkedIn,https://ch.linkedin.com/jobs/view/immobilienbuchhalter-in-m-w-d-at-rocken%C2%AE-4290804104?position=51&pageNum=0&refId=SI8M0x2D1yEjjQIQgzruDw%3D%3D&trackingId=dqdJ%2Byncbkfb6XuMbv9ikA%3D%3D,Not specified,2025-08-26 14:55:05.444516,2025-08-25,,ch.linkedin.com/jobs/view/immobilienbuchhalter-in-m-w-d-at-rocken%C2%AE-4290804104
Business Analyst:in 80 - 100%,Abraxas Informatik AG,"Zürich, Zürich, Schweiz",LinkedIn,https://ch.linkedin.com/jobs/view/business-analyst-in-80-100%25-at-abraxas-informatik-ag-4291241887?position=10&pageNum=0&refId=jx0zAeDhhOOoaE%2BYt7AmjQ%3D%3D&trackingId=0bTthXkmCsYQt5re5vUOUQ%3D%3D,Not specified,2025-08-26 14:55:08.280319,2025-08-26,,ch.linkedin.com/jobs/view/business-analyst-in-80-100%25-at-abraxas-informatik-ag-4291241887
BI - Architekt (m/w/d),Rheinmetall,"Zürich, Zürich, Schweiz",LinkedIn,https://ch.linkedin.com/jobs/view/bi-architekt-m-w-d-at-rheinmetall-4288596359?position=15&pageNum=0&refId=jx0zAeDhhOOoaE%2BYt7AmjQ%3D%3D&trackingId=ujOEAriPte0lVY%2Fs6Cz3cQ%3D%3D,Not specified,2025-08-26 14:55:08.280947,2025-08-25,,ch.linkedin.com/jobs/view/bi-architekt-m-w-d-at-rheinmetall-4288596359
"Technical Business Analyst – Manufacturing (80-100%), (m/f/d)",Accelleron,"Baden, Aargau, Schweiz",LinkedIn,https://ch.linkedin.com/jobs/view/technical-business-analyst-%E2%80%93-manufacturing-80-100%25-m-f-d-at-accelleron-4291056718?position=26&pageNum=0&refId=jx0zAeDhhOOoaE%2BYt7AmjQ%3D%3D&trackingId=uHMaSAcUI%2FcSYe41Q5jN2Q%3D%3D,Not specified,2025-08-26 14:55:08.282323,2025-08-26,,ch.linkedin.com/jobs/view/technical-business-analyst-%E2%80%93-manufacturing-80-100%25-m-f-d-at-accelleron-4291056718
BA with Digital and Mobile Banking,AARK Tech Solutions GmbH,"Regensdorf, Zürich, Schweiz",LinkedIn,https://ch.linkedin.com/jobs/view/ba-with-digital-and-mobile-banking-at-aark-tech-solutions-gmbh-4291075310?position=29&pageNum=0&refId=jx0zAeDhhOOoaE%2BYt7AmjQ%3D%3D&trackingId=TPVQ6mtpY0WNB38VCq%2BzLw%3D%3D,Not specified,2025-08-26 14:55:08.282700,2025-08-26,,ch.linkedin.com/jobs/view/ba-with-digital-and-mobile-banking-at-aark-tech-solutions-gmbh-4291075310
Planungsleiter:in Region Mitte,Implenia,"Opfikon, Zürich, Schweiz",LinkedIn,https://ch.linkedin.com/jobs/view/planungsleiter-in-region-mitte-at-implenia-4273898794?position=45&pageNum=0&refId=jx0zAeDhhOOoaE%2BYt7AmjQ%3D%3D&trackingId=Mpt9sTe49kE0nGAwFmYFTg%3D%3D,Not specified,2025-08-26 14:55:08.284704,2025-08-26,,ch.linkedin.com/jobs/view/planungsleiter-in-region-mitte-at-implenia-4273898794
Senior Data Engineer,TieTalent,"Luzern, Luzern, Schweiz",LinkedIn,https://ch.linkedin.com/jobs/view/senior-data-engineer-at-tietalent-4288557621?position=47&pageNum=0&refId=jx0zAeDhhOOoaE%2BYt7AmjQ%3D%3D&trackingId=%2Byka32Rut5QQwMmU3hl1hQ%3D%3D,Not specified,2025-08-26 14:55:08.284953,2025-08-25,,ch.linkedin.com/jobs/view/senior-data-engineer-at-tietalent-4288557621
Business Analyst − Store Merchandise Management (m/f/x),ALDI DX,Mülheim an der Ruhr,LinkedIn,https://de.linkedin.com/jobs/view/business-analyst-%E2%88%92-store-merchandise-management-m-f-x-at-aldi-dx-4211834097?position=12&pageNum=0&refId=3wxTtZ4k9koBvl8Eobbziw%3D%3D&trackingId=PbLYuayBnO7D58BrDW7VGw%3D%3D,Not specified,2025-08-26 14:55:11.195291,2025-08-26,,de.linkedin.com/jobs/view/business-analyst-%E2%88%92-store-merchandise-management-m-f-x-at-aldi-dx-4211834097
AI Consultant – Generative KI / Prompt Engineering (m/w/d) - Quereinsteiger herzlich willkommen!,mycareernow GmbH,Duisburg,LinkedIn,https://de.linkedin.com/jobs/view/ai-consultant-%E2%80%93-generative-ki-prompt-engineering-m-w-d-quereinsteiger-herzlich-willkommen%21-at-mycareernow-gmbh-4290991463?position=19&pageNum=0&refId=3wxTtZ4k9koBvl8Eobbziw%3D%3D&trackingId=Mx2xwassdSgRxdgec3VITA%3D%3D,Not specified,2025-08-26 14:55:11.196251,2025-08-26,,de.linkedin.com/jobs/view/ai-consultant-%E2%80%93-generative-ki-prompt-engineering-m-w-d-quereinsteiger-herzlich-willkommen%21-at-mycareernow-gmbh-4290991463
AI Consultant – Generative KI / Prompt Engineering (m/w/d) - Quereinsteiger herzlich willkommen!,mycareernow GmbH,Essen,LinkedIn,https://de.linkedin.com/jobs/view/ai-consultant-%E2%80%93-generative-ki-prompt-engineering-m-w-d-quereinsteiger-herzlich-willkommen%21-at-mycareernow-gmbh-4290992158?position=39&pageNum=0&refId=3wxTtZ4k9koBvl8Eobbziw%3D%3D&trackingId=iUlEO7MeK9kGxFstsXQnYA%3D%3D,Not specified,2025-08-26 14:55:11.198803,2025-08-26,,de.linkedin.com/jobs/view/ai-consultant-%E2%80%93-generative-ki-prompt-engineering-m-w-d-quereinsteiger-herzlich-willkommen%21-at-mycareernow-gmbh-4290992158
AI Consultant – Generative KI / Prompt Engineering (m/w/d) - Quereinsteiger herzlich willkommen!,mycareernow GmbH,Erkelenz,LinkedIn,https://de.linkedin.com/jobs/view/ai-consultant-%E2%80%93-generative-ki-prompt-engineering-m-w-d-quereinsteiger-herzlich-willkommen%21-at-mycareernow-gmbh-4290991467?position=40&pageNum=0&refId=3wxTtZ4k9koBvl8Eobbziw%3D%3D&trackingId=JhxVLQbXxs3s550Vtzl61A%3D%3D,Not specified,2025-08-26 14:55:11.198930,2025-08-26,,de.linkedin.com/jobs/view/ai-consultant-%E2%80%93-generative-ki-prompt-engineering-m-w-d-quereinsteiger-herzlich-willkommen%21-at-mycareernow-gmbh-4290991467
AI Consultant – Generative KI / Prompt Engineering (m/w/d) - Quereinsteiger herzlich willkommen!,mycareernow GmbH,Dinslaken,LinkedIn,https://de.linkedin.com/jobs/view/ai-consultant-%E2%80%93-generative-ki-prompt-engineering-m-w-d-quereinsteiger-herzlich-willkommen%21-at-mycareernow-gmbh-4290987822?position=42&pageNum=0&refId=3wxTtZ4k9koBvl8Eobbziw%3D%3D&trackingId=pxM572BIT1Libui4NwAd5Q%3D%3D,Not specified,2025-08-26 14:55:11.199185,2025-08-26,,de.linkedin.com/jobs/view/ai-consultant-%E2%80%93-generative-ki-prompt-engineering-m-w-d-quereinsteiger-herzlich-willkommen%21-at-mycareernow-gmbh-4290987822
AI Consultant – Generative KI / Prompt Engineering (m/w/d) - Quereinsteiger herzlich willkommen!,mycareernow GmbH,Bottrop,LinkedIn,https://de.linkedin.com/jobs/view/ai-consultant-%E2%80%93-generative-ki-prompt-engineering-m-w-d-quereinsteiger-herzlich-willkommen%21-at-mycareernow-gmbh-4290992152?position=45&pageNum=0&refId=3wxTtZ4k9koBvl8Eobbziw%3D%3D&trackingId=JpwXbN69k7XtPvHJHircWQ%3D%3D,Not specified,2025-08-26 14:55:11.199579,2025-08-26,,de.linkedin.com/jobs/view/ai-consultant-%E2%80%93-generative-ki-prompt-engineering-m-w-d-quereinsteiger-herzlich-willkommen%21-at-mycareernow-gmbh-4290992152
Office Assistant (m/w/d),TieTalent,Düsseldorf,LinkedIn,https://de.linkedin.com/jobs/view/office-assistant-m-w-d-at-tietalent-4290864684?position=51&pageNum=0&refId=3wxTtZ4k9koBvl8Eobbziw%3D%3D&trackingId=jxVofWXS2pxpRH8uuqaWUw%3D%3D,Not specified,2025-08-26 14:55:11.200355,2025-08-25,,de.linkedin.com/jobs/view/office-assistant-m-w-d-at-tietalent-4290864684
Visiting Scholars & Research Fellows,"Max Planck Institute for the Study of Crime, Security and Law",Freiburg im Breisgau,LinkedIn,https://de.linkedin.com/jobs/view/visiting-scholars-research-fellows-at-max-planck-institute-for-the-study-of-crime-security-and-law-4288877260?position=1&pageNum=0&refId=CVLPTA5gv7xAmAHTErkp%2BA%3D%3D&trackingId=y29L0csCEeNTixOL%2B1LSQQ%3D%3D,Not specified,2025-08-26 14:55:13.891268,2025-08-26,,de.linkedin.com/jobs/view/visiting-scholars-research-fellows-at-max-planck-institute-for-the-study-of-crime-security-and-law-4288877260
Office Clerk (m/w/d),TieTalent,Buchholz,LinkedIn,https://de.linkedin.com/jobs/view/office-clerk-m-w-d-at-tietalent-4290858928?position=4&pageNum=0&refId=CVLPTA5gv7xAmAHTErkp%2BA%3D%3D&trackingId=c%2BPcEqC782T3aQsUcz%2F%2BOQ%3D%3D,Not specified,2025-08-26 14:55:13.891846,2025-08-25,,de.linkedin.com/jobs/view/office-clerk-m-w-d-at-tietalent-4290858928
Responsable élevage porcin (H/F),AGRI TEAM,"Boofzheim, Großer Osten, Frankreich",LinkedIn,https://fr.linkedin.com/jobs/view/responsable-%C3%A9levage-porcin-h-f-at-agri-team-4283363313?position=15&pageNum=0&refId=CVLPTA5gv7xAmAHTErkp%2BA%3D%3D&trackingId=5ihoZmG7tx9%2B2xvg256n6Q%3D%3D,Not specified,2025-08-26 14:55:13.893857,2025-08-25,,fr.linkedin.com/jobs/view/responsable-%C3%A9levage-porcin-h-f-at-agri-team-4283363313
Consultant Wirtschaftsprüfung / Audit (w/m/d),EY,Freiburg im Breisgau,LinkedIn,https://de.linkedin.com/jobs/view/consultant-wirtschaftspr%C3%BCfung-audit-w-m-d-at-ey-4288866838?position=19&pageNum=0&refId=CVLPTA5gv7xAmAHTErkp%2BA%3D%3D&trackingId=xnWYnK%2B7mB2aZ5c3zn4PZQ%3D%3D,Not specified,2025-08-26 14:55:13.894446,2025-08-26,,de.linkedin.com/jobs/view/consultant-wirtschaftspr%C3%BCfung-audit-w-m-d-at-ey-4288866838
Senior Wirtschaftsprüfung / Audit (w/m/d),EY,Freiburg im Breisgau,LinkedIn,https://de.linkedin.com/jobs/view/senior-wirtschaftspr%C3%BCfung-audit-w-m-d-at-ey-4175853052?position=21&pageNum=0&refId=CVLPTA5gv7xAmAHTErkp%2BA%3D%3D&trackingId=hQ%2BHtA02R%2FvHShQQ2Cwj4g%3D%3D,Not specified,2025-08-26 14:55:13.894678,2025-08-25,,de.linkedin.com/jobs/view/senior-wirtschaftspr%C3%BCfung-audit-w-m-d-at-ey-4175853052
Baumpfleger*in für Freiburgs Stadtgrün,Stadt Freiburg,Freiburg im Breisgau,LinkedIn,https://de.linkedin.com/jobs/view/baumpfleger-in-f%C3%BCr-freiburgs-stadtgr%C3%BCn-at-stadt-freiburg-4288858690?position=24&pageNum=0&refId=CVLPTA5gv7xAmAHTErkp%2BA%3D%3D&trackingId=u2aUdRZ4y%2FNry0rqrIKyLA%3D%3D,Not specified,2025-08-26 14:55:13.895027,2025-08-26,,de.linkedin.com/jobs/view/baumpfleger-in-f%C3%BCr-freiburgs-stadtgr%C3%BCn-at-stadt-freiburg-4288858690
Research Analyst,NielsenIQ,Nürnberg,LinkedIn,https://de.linkedin.com/jobs/view/research-analyst-at-nielseniq-4291080504?position=1&pageNum=0&refId=NqIN02CdMfnJOZimnCf93A%3D%3D&trackingId=WgLeFa%2BSPo0Kij0ohAKgkQ%3D%3D,Not specified,2025-08-26 14:55:16.688198,2025-08-26,,de.linkedin.com/jobs/view/research-analyst-at-nielseniq-4291080504
Process Consultant - Business Excellence (m/w/d),DEHN SE,Neumarkt in der Oberpfalz,LinkedIn,https://de.linkedin.com/jobs/view/process-consultant-business-excellence-m-w-d-at-dehn-se-4278220321?position=4&pageNum=0&refId=NqIN02CdMfnJOZimnCf93A%3D%3D&trackingId=8wO2NEYV%2B5x2CRO7AIFgxw%3D%3D,Not specified,2025-08-26 14:55:16.688708,2025-08-26,,de.linkedin.com/jobs/view/process-consultant-business-excellence-m-w-d-at-dehn-se-4278220321
Mitarbeiter*In Spenderdatenbank und E-Mail-Fundraising (m/w/d),Johanniter-Unfall-Hilfe e.V.,Nürnberg,LinkedIn,https://de.linkedin.com/jobs/view/mitarbeiter-in-spenderdatenbank-und-e-mail-fundraising-m-w-d-at-johanniter-unfall-hilfe-e-v-4291084323?position=5&pageNum=0&refId=NqIN02CdMfnJOZimnCf93A%3D%3D&trackingId=uaUbpafiLgOkSMLJ3bjiyA%3D%3D,Not specified,2025-08-26 14:55:16.688868,2025-08-26,,de.linkedin.com/jobs/view/mitarbeiter-in-spenderdatenbank-und-e-mail-fundraising-m-w-d-at-johanniter-unfall-hilfe-e-v-4291084323
Mitarbeiter Buchhaltung (m/w/d),arf Gesellschaft für Organisationsentwicklung mbH,Nürnberg,LinkedIn,https://de.linkedin.com/jobs/view/mitarbeiter-buchhaltung-m-w-d-at-arf-gesellschaft-f%C3%BCr-organisationsentwicklung-mbh-4291064418?position=7&pageNum=0&refId=NqIN02CdMfnJOZimnCf93A%3D%3D&trackingId=8wlPVcssfMtivF4NL0OE%2FA%3D%3D,Not specified,2025-08-26 14:55:16.689185,2025-08-26,,de.linkedin.com/jobs/view/mitarbeiter-buchhaltung-m-w-d-at-arf-gesellschaft-f%C3%BCr-organisationsentwicklung-mbh-4291064418
German Social Media Content Analyst in Lisbon w/Relocation bonus,Elemental Insights,Nürnberg,LinkedIn,https://de.linkedin.com/jobs/view/german-social-media-content-analyst-in-lisbon-w-relocation-bonus-at-elemental-insights-4291091272?position=10&pageNum=0&refId=NqIN02CdMfnJOZimnCf93A%3D%3D&trackingId=N0isxvrBDRW0Gy0Aqu69AQ%3D%3D,Not specified,2025-08-26 14:55:16.689647,2025-08-26,,de.linkedin.com/jobs/view/german-social-media-content-analyst-in-lisbon-w-relocation-bonus-at-elemental-insights-4291091272
Managing Consultant Software Asset Management (w/m/d),HiSolutions,Nürnberg,LinkedIn,https://de.linkedin.com/jobs/view/managing-consultant-software-asset-management-w-m-d-at-hisolutions-ag-4055982922?position=15&pageNum=0&refId=NqIN02CdMfnJOZimnCf93A%3D%3D&trackingId=ZXXtFYrTjbf5KijsbJ9TwQ%3D%3D,Not specified,2025-08-26 14:55:16.690416,2025-08-26,,de.linkedin.com/jobs/view/managing-consultant-software-asset-management-w-m-d-at-hisolutions-ag-4055982922
Senior IT Business Architect Healthcare (m/w/d),BWI GmbH,Nürnberg,LinkedIn,https://de.linkedin.com/jobs/view/senior-it-business-architect-healthcare-m-w-d-at-bwi-gmbh-4289784373?position=21&pageNum=0&refId=NqIN02CdMfnJOZimnCf93A%3D%3D&trackingId=H1bweDeBYoxBBrQlD6j4NQ%3D%3D,Not specified,2025-08-26 14:55:16.691235,2025-08-26,,de.linkedin.com/jobs/view/senior-it-business-architect-healthcare-m-w-d-at-bwi-gmbh-4289784373
Consultant Wirtschaftsprüfung / Audit (w/m/d),EY,Nürnberg,LinkedIn,https://de.linkedin.com/jobs/view/consultant-wirtschaftspr%C3%BCfung-audit-w-m-d-at-ey-4288875065?position=22&pageNum=0&refId=NqIN02CdMfnJOZimnCf93A%3D%3D&trackingId=rKi9qpQf3GhF45usf6ORmw%3D%3D,Not specified,2025-08-26 14:55:16.691371,2025-08-26,,de.linkedin.com/jobs/view/consultant-wirtschaftspr%C3%BCfung-audit-w-m-d-at-ey-4288875065
Consultant Wirtschaftsprüfung / Audit (w/m/d),EY,Nürnberg,LinkedIn,https://de.linkedin.com/jobs/view/consultant-wirtschaftspr%C3%BCfung-audit-w-m-d-at-ey-4266130552?position=23&pageNum=0&refId=NqIN02CdMfnJOZimnCf93A%3D%3D&trackingId=s4zLBBsVXOkuC%2BzMZT8OAg%3D%3D,Not specified,2025-08-26 14:55:16.691506,2025-08-25,,de.linkedin.com/jobs/view/consultant-wirtschaftspr%C3%BCfung-audit-w-m-d-at-ey-4266130552
Specialist (w/m/d),MBDA Deutschland,Schrobenhausen,LinkedIn,https://de.linkedin.com/jobs/view/specialist-w-m-d-at-mbda-deutschland-4291258447?position=2&pageNum=0&refId=oIZfCO5UDC2fVcuhXHML%2BA%3D%3D&trackingId=qpXNUYPOF8%2B74EDejWdxCg%3D%3D,Not specified,2025-08-26 14:55:19.443548,2025-08-26,,de.linkedin.com/jobs/view/specialist-w-m-d-at-mbda-deutschland-4291258447
AI Consultant – Generative KI / Prompt Engineering (m/w/d) - Quereinsteiger herzlich willkommen!,mycareernow GmbH,Augsburg,LinkedIn,https://de.linkedin.com/jobs/view/ai-consultant-%E2%80%93-generative-ki-prompt-engineering-m-w-d-quereinsteiger-herzlich-willkommen%21-at-mycareernow-gmbh-4290985901?position=3&pageNum=0&refId=oIZfCO5UDC2fVcuhXHML%2BA%3D%3D&trackingId=rwr2AuKsV1%2Fmu6bNKmIg%2BQ%3D%3D,Not specified,2025-08-26 14:55:19.443656,2025-08-26,,de.linkedin.com/jobs/view/ai-consultant-%E2%80%93-generative-ki-prompt-engineering-m-w-d-quereinsteiger-herzlich-willkommen%21-at-mycareernow-gmbh-4290985901
Specialist (w/m/d),MBDA Deutschland,Schrobenhausen,LinkedIn,https://de.linkedin.com/jobs/view/specialist-w-m-d-at-mbda-deutschland-4291260088?position=4&pageNum=0&refId=oIZfCO5UDC2fVcuhXHML%2BA%3D%3D&trackingId=KRCCV%2BKYCbYlx8mA8tDkow%3D%3D,Not specified,2025-08-26 14:55:19.443750,2025-08-26,,de.linkedin.com/jobs/view/specialist-w-m-d-at-mbda-deutschland-4291260088
Senior Data Engineer (m/f/d),PATRIZIA SE,Augsburg,LinkedIn,https://de.linkedin.com/jobs/view/senior-data-engineer-m-f-d-at-patrizia-se-4277385560?position=8&pageNum=0&refId=oIZfCO5UDC2fVcuhXHML%2BA%3D%3D&trackingId=JLhVd53rvLnGDwcnYkkYEg%3D%3D,Not specified,2025-08-26 14:55:19.444149,2025-08-26,,de.linkedin.com/jobs/view/senior-data-engineer-m-f-d-at-patrizia-se-4277385560
Senior Machine Learning Expert: In,TieTalent,Fürstenfeldbruck,LinkedIn,https://de.linkedin.com/jobs/view/senior-machine-learning-expert-in-at-tietalent-4291009604?position=9&pageNum=0&refId=oIZfCO5UDC2fVcuhXHML%2BA%3D%3D&trackingId=peRmq2h9FlmdpgrmsDPLlg%3D%3D,Not specified,2025-08-26 14:55:19.444245,2025-08-26,,de.linkedin.com/jobs/view/senior-machine-learning-expert-in-at-tietalent-4291009604
Bürokauffrau/-mann (m/w/d),Pleil GmbH,Fürstenfeldbruck,LinkedIn,https://de.linkedin.com/jobs/view/b%C3%BCrokauffrau-mann-m-w-d-at-pleil-gmbh-4288888111?position=29&pageNum=0&refId=oIZfCO5UDC2fVcuhXHML%2BA%3D%3D&trackingId=kbCIqsIUFHTwtgj9lDpF6g%3D%3D,Not specified,2025-08-26 14:55:19.446138,2025-08-26,,de.linkedin.com/jobs/view/b%C3%BCrokauffrau-mann-m-w-d-at-pleil-gmbh-4288888111
Mitarbeiterin Kundenservice (m/w/d),TieTalent,Fürstenfeldbruck,LinkedIn,https://de.linkedin.com/jobs/view/mitarbeiterin-kundenservice-m-w-d-at-tietalent-4290859897?position=30&pageNum=0&refId=oIZfCO5UDC2fVcuhXHML%2BA%3D%3D&trackingId=U2yiPGezlBphpuCgF%2FuwcQ%3D%3D,Not specified,2025-08-26 14:55:19.446234,2025-08-25,,de.linkedin.com/jobs/view/mitarbeiterin-kundenservice-m-w-d-at-tietalent-4290859897
"Mitarbeiter im Kundenservice (m/w/d) - Vollzeit, Kundenberatung",TieTalent,Fürstenfeldbruck,LinkedIn,https://de.linkedin.com/jobs/view/mitarbeiter-im-kundenservice-m-w-d-vollzeit-kundenberatung-at-tietalent-4290867553?position=31&pageNum=0&refId=oIZfCO5UDC2fVcuhXHML%2BA%3D%3D&trackingId=6m2epe25lHJwkLcNdqYkhQ%3D%3D,Not specified,2025-08-26 14:55:19.446330,2025-08-25,,de.linkedin.com/jobs/view/mitarbeiter-im-kundenservice-m-w-d-vollzeit-kundenberatung-at-tietalent-4290867553
Serviceassistenz (m/w/d),TieTalent,Fürstenfeldbruck,LinkedIn,https://de.linkedin.com/jobs/view/serviceassistenz-m-w-d-at-tietalent-4290867493?position=32&pageNum=0&refId=oIZfCO5UDC2fVcuhXHML%2BA%3D%3D&trackingId=%2FT7fTss466Dsba0zNnPP0w%3D%3D,Not specified,2025-08-26 14:55:19.446424,2025-08-25,,de.linkedin.com/jobs/view/serviceassistenz-m-w-d-at-tietalent-4290867493
Mitarbeiter Kundenservice (m/w/d),TieTalent,Fürstenfeldbruck,LinkedIn,https://de.linkedin.com/jobs/view/mitarbeiter-kundenservice-m-w-d-at-tietalent-4290868110?position=34&pageNum=0&refId=oIZfCO5UDC2fVcuhXHML%2BA%3D%3D&trackingId=XDUyi%2BAkDQzL61HUSHJOxg%3D%3D,Not specified,2025-08-26 14:55:19.446613,2025-08-25,,de.linkedin.com/jobs/view/mitarbeiter-kundenservice-m-w-d-at-tietalent-4290868110
Automobil-Serviceassistenz (m/w/d),TieTalent,Fürstenfeldbruck,LinkedIn,https://de.linkedin.com/jobs/view/automobil-serviceassistenz-m-w-d-at-tietalent-4290865533?position=37&pageNum=0&refId=oIZfCO5UDC2fVcuhXHML%2BA%3D%3D&trackingId=xL49tmNXsr1MqIjh2xW22A%3D%3D,Not specified,2025-08-26 14:55:19.446900,2025-08-25,,de.linkedin.com/jobs/view/automobil-serviceassistenz-m-w-d-at-tietalent-4290865533
Serviceassistenz (m/w/d) PKW,TieTalent,Fürstenfeldbruck,LinkedIn,https://de.linkedin.com/jobs/view/serviceassistenz-m-w-d-pkw-at-tietalent-4290867621?position=38&pageNum=0&refId=oIZfCO5UDC2fVcuhXHML%2BA%3D%3D&trackingId=XplmBRPR7uOCVBRmxZZEkw%3D%3D,Not specified,2025-08-26 14:55:19.446995,2025-08-25,,de.linkedin.com/jobs/view/serviceassistenz-m-w-d-pkw-at-tietalent-4290867621
Medinische Fachangestellte (MFA) (w/m/d),rheumapraxis-augsburg.de,Augsburg,LinkedIn,https://de.linkedin.com/jobs/view/medinische-fachangestellte-mfa-w-m-d-at-rheumapraxis-augsburg-de-4288587638?position=39&pageNum=0&refId=oIZfCO5UDC2fVcuhXHML%2BA%3D%3D&trackingId=hH1yRq8Tl2ooTICRU95rww%3D%3D,Not specified,2025-08-26 14:55:19.447091,2025-08-25,,de.linkedin.com/jobs/view/medinische-fachangestellte-mfa-w-m-d-at-rheumapraxis-augsburg-de-4288587638
Serviceassistenz Pkw (m/w/d),TieTalent,Fürstenfeldbruck,LinkedIn,https://de.linkedin.com/jobs/view/serviceassistenz-pkw-m-w-d-at-tietalent-4290859852?position=40&pageNum=0&refId=oIZfCO5UDC2fVcuhXHML%2BA%3D%3D&trackingId=L6F8ZvO%2BOaofrSi%2BT4otfw%3D%3D,Not specified,2025-08-26 14:55:19.447184,2025-08-25,,de.linkedin.com/jobs/view/serviceassistenz-pkw-m-w-d-at-tietalent-4290859852
AI Consultant – Generative KI / Prompt Engineering (m/w/d) - Quereinsteiger herzlich willkommen!,mycareernow GmbH,Erlangen,LinkedIn,https://de.linkedin.com/jobs/view/ai-consultant-%E2%80%93-generative-ki-prompt-engineering-m-w-d-quereinsteiger-herzlich-willkommen%21-at-mycareernow-gmbh-4290989624?position=4&pageNum=0&refId=u0khswu71mjha0EllQ9WvA%3D%3D&trackingId=HOqOEpeliDqXLawPxeq6fw%3D%3D,Not specified,2025-08-26 14:55:22.364396,2025-08-26,,de.linkedin.com/jobs/view/ai-consultant-%E2%80%93-generative-ki-prompt-engineering-m-w-d-quereinsteiger-herzlich-willkommen%21-at-mycareernow-gmbh-4290989624
Spezialist:in für Lernen und Entwicklung,TieTalent,Mörsdorf,LinkedIn,https://de.linkedin.com/jobs/view/spezialist-in-f%C3%BCr-lernen-und-entwicklung-at-tietalent-4290860713?position=10&pageNum=0&refId=u0khswu71mjha0EllQ9WvA%3D%3D&trackingId=GP%2F6NZdNifjNQfYwZzuUUw%3D%3D,Not specified,2025-08-26 14:55:22.365159,2025-08-25,,de.linkedin.com/jobs/view/spezialist-in-f%C3%BCr-lernen-und-entwicklung-at-tietalent-4290860713
Fullstack Entwickler für webbasierte Softwareprodukte (m/w/d),iba AG,Fürth,LinkedIn,https://de.linkedin.com/jobs/view/fullstack-entwickler-f%C3%BCr-webbasierte-softwareprodukte-m-w-d-at-iba-ag-4288555631?position=18&pageNum=0&refId=u0khswu71mjha0EllQ9WvA%3D%3D&trackingId=HmhMVh8lMz%2BNCtHqktGkEg%3D%3D,Not specified,2025-08-26 14:55:22.366176,2025-08-25,,de.linkedin.com/jobs/view/fullstack-entwickler-f%C3%BCr-webbasierte-softwareprodukte-m-w-d-at-iba-ag-4288555631
Vertriebssachbearbeiter (m/w/d) Export,Gmöhling Transportgeräte GmbH,Stein,LinkedIn,https://de.linkedin.com/jobs/view/vertriebssachbearbeiter-m-w-d-export-at-gm%C3%B6hling-4291061647?position=19&pageNum=0&refId=u0khswu71mjha0EllQ9WvA%3D%3D&trackingId=62dhdsFDH6RMaUEsV97aoA%3D%3D,Not specified,2025-08-26 14:55:22.366303,2025-08-26,,de.linkedin.com/jobs/view/vertriebssachbearbeiter-m-w-d-export-at-gm%C3%B6hling-4291061647
Embedded Softwareentwickler für industrielle Netzwerke (m/w/d),iba AG,Fürth,LinkedIn,https://de.linkedin.com/jobs/view/embedded-softwareentwickler-f%C3%BCr-industrielle-netzwerke-m-w-d-at-iba-ag-4288554865?position=26&pageNum=0&refId=u0khswu71mjha0EllQ9WvA%3D%3D&trackingId=la9E%2FSwt6CRYU1kOAIzviw%3D%3D,Not specified,2025-08-26 14:55:22.367197,2025-08-25,,de.linkedin.com/jobs/view/embedded-softwareentwickler-f%C3%BCr-industrielle-netzwerke-m-w-d-at-iba-ag-4288554865
"Softwareentwickler C# / .NET im Bereich Messdatenerfassung, -auswertung und -darstellung (m/w/d)",iba AG,Fürth,LinkedIn,https://de.linkedin.com/jobs/view/softwareentwickler-c%23-net-im-bereich-messdatenerfassung-auswertung-und-darstellung-m-w-d-at-iba-ag-4288561374?position=30&pageNum=0&refId=u0khswu71mjha0EllQ9WvA%3D%3D&trackingId=USSPCajTTgywZv2O%2BCXhGQ%3D%3D,Not specified,2025-08-26 14:55:22.367697,2025-08-25,,de.linkedin.com/jobs/view/softwareentwickler-c%23-net-im-bereich-messdatenerfassung-auswertung-und-darstellung-m-w-d-at-iba-ag-4288561374
Objektbuchhalter / WEG-Abrechner (m/w/d),MAUSS BAU,Erlangen,LinkedIn,https://de.linkedin.com/jobs/view/objektbuchhalter-weg-abrechner-m-w-d-at-mauss-bau-4291068405?position=34&pageNum=0&refId=u0khswu71mjha0EllQ9WvA%3D%3D&trackingId=qVgineglVXMnV0QihW5MBg%3D%3D,Not specified,2025-08-26 14:55:22.368205,2025-08-26,,de.linkedin.com/jobs/view/objektbuchhalter-weg-abrechner-m-w-d-at-mauss-bau-4291068405
Softwareentwickler Embedded Linux (m/w/d),iba AG,Fürth,LinkedIn,https://de.linkedin.com/jobs/view/softwareentwickler-embedded-linux-m-w-d-at-iba-ag-4288561440?position=38&pageNum=0&refId=u0khswu71mjha0EllQ9WvA%3D%3D&trackingId=dBEKVITdBj%2B2QHlOD%2BR7uA%3D%3D,Not specified,2025-08-26 14:55:22.368708,2025-08-25,,de.linkedin.com/jobs/view/softwareentwickler-embedded-linux-m-w-d-at-iba-ag-4288561440
Softwareentwickler .NET im Bereich IIoT und Kubernetes (m/w/d),iba AG,Fürth,LinkedIn,https://de.linkedin.com/jobs/view/softwareentwickler-net-im-bereich-iiot-und-kubernetes-m-w-d-at-iba-ag-4288559436?position=40&pageNum=0&refId=u0khswu71mjha0EllQ9WvA%3D%3D&trackingId=qQEhu%2BwBGrl2oJvg34kEnQ%3D%3D,Not specified,2025-08-26 14:55:22.368961,2025-08-25,,de.linkedin.com/jobs/view/softwareentwickler-net-im-bereich-iiot-und-kubernetes-m-w-d-at-iba-ag-4288559436
Business Analyst Generative Artificial Intelligence,Finanz Informatik,Hannover,LinkedIn,https://de.linkedin.com/jobs/view/business-analyst-generative-artificial-intelligence-at-finanz-informatik-4291082734?position=3&pageNum=0&refId=gqN%2BbK3007P8dEfJIcTKKg%3D%3D&trackingId=KSaS6u2zO6vH1HDvMGZgdQ%3D%3D,Not specified,2025-08-26 14:55:25.218012,2025-08-26,,de.linkedin.com/jobs/view/business-analyst-generative-artificial-intelligence-at-finanz-informatik-4291082734
AI Consultant – Generative KI / Prompt Engineering (m/w/d) - Quereinsteiger herzlich willkommen!,mycareernow GmbH,Celle,LinkedIn,https://de.linkedin.com/jobs/view/ai-consultant-%E2%80%93-generative-ki-prompt-engineering-m-w-d-quereinsteiger-herzlich-willkommen%21-at-mycareernow-gmbh-4290988706?position=8&pageNum=0&refId=gqN%2BbK3007P8dEfJIcTKKg%3D%3D&trackingId=B898LfxqSchPOt1v05P%2Fsg%3D%3D,Not specified,2025-08-26 14:55:25.218658,2025-08-26,,de.linkedin.com/jobs/view/ai-consultant-%E2%80%93-generative-ki-prompt-engineering-m-w-d-quereinsteiger-herzlich-willkommen%21-at-mycareernow-gmbh-4290988706
Büroassistenz (w/m/d) - ab 25 Std. / Woche,ISOTEC GmbH,Hannover,LinkedIn,https://de.linkedin.com/jobs/view/b%C3%BCroassistenz-w-m-d-ab-25-std-woche-at-isotec-gmbh-4291058215?position=20&pageNum=0&refId=gqN%2BbK3007P8dEfJIcTKKg%3D%3D&trackingId=buPWuFQGIB%2FOTdD19azxMQ%3D%3D,Not specified,2025-08-26 14:55:25.220186,2025-08-26,,de.linkedin.com/jobs/view/b%C3%BCroassistenz-w-m-d-ab-25-std-woche-at-isotec-gmbh-4291058215
Spezialist (m/w/d) Project Management,E.ON Grid Solutions,Hannover,LinkedIn,https://de.linkedin.com/jobs/view/spezialist-m-w-d-project-management-at-e-on-grid-solutions-4288565414?position=22&pageNum=0&refId=gqN%2BbK3007P8dEfJIcTKKg%3D%3D&trackingId=BmHZHO0L6TCKZOY8bsUB%2FQ%3D%3D,Not specified,2025-08-26 14:55:25.220438,2025-08-25,,de.linkedin.com/jobs/view/spezialist-m-w-d-project-management-at-e-on-grid-solutions-4288565414
German Social Media Content Analyst in Lisbon w/Relocation bonus,Elemental Insights,Hannover,LinkedIn,https://de.linkedin.com/jobs/view/german-social-media-content-analyst-in-lisbon-w-relocation-bonus-at-elemental-insights-4291094169?position=24&pageNum=0&refId=gqN%2BbK3007P8dEfJIcTKKg%3D%3D&trackingId=DpVpSZWajzkw4Hp1esxiOw%3D%3D,Not specified,2025-08-26 14:55:25.220692,2025-08-26,,de.linkedin.com/jobs/view/german-social-media-content-analyst-in-lisbon-w-relocation-bonus-at-elemental-insights-4291094169
Absolventen der (Wirtschafts-)Informatik (m/w/d),Data Assessment Solutions,Hannover,LinkedIn,https://de.linkedin.com/jobs/view/absolventen-der-wirtschafts-informatik-m-w-d-at-data-assessment-solutions-4290956678?position=27&pageNum=0&refId=gqN%2BbK3007P8dEfJIcTKKg%3D%3D&trackingId=zZ9jdUx7roTfOcCUizLNAg%3D%3D,Not specified,2025-08-26 14:55:25.221071,2025-08-25,,de.linkedin.com/jobs/view/absolventen-der-wirtschafts-informatik-m-w-d-at-data-assessment-solutions-4290956678
Operational Buyer,Tintschl Unternehmensgruppe,Hildesheim,LinkedIn,https://de.linkedin.com/jobs/view/operational-buyer-at-tintschl-unternehmensgruppe-4291255134?position=29&pageNum=0&refId=gqN%2BbK3007P8dEfJIcTKKg%3D%3D&trackingId=QB4Sxd1XGLxQX8j3XzQzTA%3D%3D,Not specified,2025-08-26 14:55:25.221326,2025-08-26,,de.linkedin.com/jobs/view/operational-buyer-at-tintschl-unternehmensgruppe-4291255134
Technischer Koordinator (m/w/d) für Arbeitsmittelprüfung und Brandschutz,Harzwasserwerke GmbH,Hildesheim,LinkedIn,https://de.linkedin.com/jobs/view/technischer-koordinator-m-w-d-f%C3%BCr-arbeitsmittelpr%C3%BCfung-und-brandschutz-at-harzwasserwerke-gmbh-4288563494?position=39&pageNum=0&refId=gqN%2BbK3007P8dEfJIcTKKg%3D%3D&trackingId=78zD%2FzkH%2BkDJlqZ1cYlufQ%3D%3D,Not specified,2025-08-26 14:55:25.222599,2025-08-25,,de.linkedin.com/jobs/view/technischer-koordinator-m-w-d-f%C3%BCr-arbeitsmittelpr%C3%BCfung-und-brandschutz-at-harzwasserwerke-gmbh-4288563494
Technischer Koordinator (m/w/d) für Arbeitsmittelprüfung und Brandschutz,TieTalent,Hildesheim,LinkedIn,https://de.linkedin.com/jobs/view/technischer-koordinator-m-w-d-f%C3%BCr-arbeitsmittelpr%C3%BCfung-und-brandschutz-at-tietalent-4290857912?position=42&pageNum=0&refId=gqN%2BbK3007P8dEfJIcTKKg%3D%3D&trackingId=BYYvBkSH4JSX%2B83D8fxpmA%3D%3D,Not specified,2025-08-26 14:55:25.222979,2025-08-25,,de.linkedin.com/jobs/view/technischer-koordinator-m-w-d-f%C3%BCr-arbeitsmittelpr%C3%BCfung-und-brandschutz-at-tietalent-4290857912
Business Analyst Gesetzliche Krankenversicherung (all genders),adesso SE,Hannover,LinkedIn,https://de.linkedin.com/jobs/view/business-analyst-gesetzliche-krankenversicherung-all-genders-at-adesso-se-4127874134?position=44&pageNum=0&refId=gqN%2BbK3007P8dEfJIcTKKg%3D%3D&trackingId=%2BW8WiKjXsHb%2B%2FuRs6KoNvw%3D%3D,Not specified,2025-08-26 14:55:25.223234,2025-08-26,,de.linkedin.com/jobs/view/business-analyst-gesetzliche-krankenversicherung-all-genders-at-adesso-se-4127874134
"Informatiker - IT-Infrastruktur, Backup (m/w/d)",enercity Netz GmbH,Hannover,LinkedIn,https://de.linkedin.com/jobs/view/informatiker-it-infrastruktur-backup-m-w-d-at-enercity-netz-gmbh-4288604831?position=48&pageNum=0&refId=gqN%2BbK3007P8dEfJIcTKKg%3D%3D&trackingId=ZPBimY0do4QpKYkch9OCfA%3D%3D,Not specified,2025-08-26 14:55:25.223742,2025-08-26,,de.linkedin.com/jobs/view/informatiker-it-infrastruktur-backup-m-w-d-at-enercity-netz-gmbh-4288604831
Consultant Wirtschaftsprüfung / Audit (w/m/d),EY,Hannover,LinkedIn,https://de.linkedin.com/jobs/view/consultant-wirtschaftspr%C3%BCfung-audit-w-m-d-at-ey-4288865942?position=54&pageNum=0&refId=gqN%2BbK3007P8dEfJIcTKKg%3D%3D&trackingId=3Pigm%2BZFNpV5w%2FvOqo4mcQ%3D%3D,Not specified,2025-08-26 14:55:25.224504,2025-08-26,,de.linkedin.com/jobs/view/consultant-wirtschaftspr%C3%BCfung-audit-w-m-d-at-ey-4288865942
AI Consultant – Generative KI / Prompt Engineering (m/w/d) - Quereinsteiger herzlich willkommen!,mycareernow GmbH,Esslingen am Neckar,LinkedIn,https://de.linkedin.com/jobs/view/ai-consultant-%E2%80%93-generative-ki-prompt-engineering-m-w-d-quereinsteiger-herzlich-willkommen%21-at-mycareernow-gmbh-4290986863?position=1&pageNum=0&refId=vNupyWq6SlWcDVS%2FicOApA%3D%3D&trackingId=AWTtKqHg%2BtMe2INOCPb5YA%3D%3D,Not specified,2025-08-26 14:55:28.039278,2025-08-26,,de.linkedin.com/jobs/view/ai-consultant-%E2%80%93-generative-ki-prompt-engineering-m-w-d-quereinsteiger-herzlich-willkommen%21-at-mycareernow-gmbh-4290986863
Prompt Engineer (m/w/d) – Starte jetzt in deine Zukunft mit KI,mycareernow GmbH,Ludwigsburg,LinkedIn,https://de.linkedin.com/jobs/view/prompt-engineer-m-w-d-%E2%80%93-starte-jetzt-in-deine-zukunft-mit-ki-at-mycareernow-gmbh-4290994024?position=6&pageNum=0&refId=vNupyWq6SlWcDVS%2FicOApA%3D%3D&trackingId=wYtdsUy0NXraR3yczkzPYg%3D%3D,Not specified,2025-08-26 14:55:28.039941,2025-08-26,,de.linkedin.com/jobs/view/prompt-engineer-m-w-d-%E2%80%93-starte-jetzt-in-deine-zukunft-mit-ki-at-mycareernow-gmbh-4290994024
Prompt Engineer (m/w/d) – Starte jetzt in deine Zukunft mit KI,mycareernow GmbH,Leonberg,LinkedIn,https://de.linkedin.com/jobs/view/prompt-engineer-m-w-d-%E2%80%93-starte-jetzt-in-deine-zukunft-mit-ki-at-mycareernow-gmbh-4290951262?position=7&pageNum=0&refId=vNupyWq6SlWcDVS%2FicOApA%3D%3D&trackingId=yv097AZ6BIigNHQtlqAxEw%3D%3D,Not specified,2025-08-26 14:55:28.040068,2025-08-25,,de.linkedin.com/jobs/view/prompt-engineer-m-w-d-%E2%80%93-starte-jetzt-in-deine-zukunft-mit-ki-at-mycareernow-gmbh-4290951262
Beruflicher Neustart? Starte durch als Prompt Engineer (m/w/d) – Jetzt bewerben!,mycareernow GmbH,Stuttgart,LinkedIn,https://de.linkedin.com/jobs/view/beruflicher-neustart%3F-starte-durch-als-prompt-engineer-m-w-d-%E2%80%93-jetzt-bewerben%21-at-mycareernow-gmbh-4290994060?position=13&pageNum=0&refId=vNupyWq6SlWcDVS%2FicOApA%3D%3D&trackingId=q0MNMvYfJoT7fFLAHpYt1g%3D%3D,Not specified,2025-08-26 14:55:28.040824,2025-08-26,,de.linkedin.com/jobs/view/beruflicher-neustart%3F-starte-durch-als-prompt-engineer-m-w-d-%E2%80%93-jetzt-bewerben%21-at-mycareernow-gmbh-4290994060
Beruflicher Neustart? Starte durch als Prompt Engineer (m/w/d) – Jetzt bewerben!,mycareernow GmbH,Waiblingen,LinkedIn,https://de.linkedin.com/jobs/view/beruflicher-neustart%3F-starte-durch-als-prompt-engineer-m-w-d-%E2%80%93-jetzt-bewerben%21-at-mycareernow-gmbh-4290991469?position=17&pageNum=0&refId=vNupyWq6SlWcDVS%2FicOApA%3D%3D&trackingId=If9FsL76lytXuji736B6QQ%3D%3D,Not specified,2025-08-26 14:55:28.041326,2025-08-26,,de.linkedin.com/jobs/view/beruflicher-neustart%3F-starte-durch-als-prompt-engineer-m-w-d-%E2%80%93-jetzt-bewerben%21-at-mycareernow-gmbh-4290991469
Beruflicher Neustart? Starte durch als Prompt Engineer (m/w/d) – Jetzt bewerben!,mycareernow GmbH,Sindelfingen,LinkedIn,https://de.linkedin.com/jobs/view/beruflicher-neustart%3F-starte-durch-als-prompt-engineer-m-w-d-%E2%80%93-jetzt-bewerben%21-at-mycareernow-gmbh-4290993147?position=18&pageNum=0&refId=vNupyWq6SlWcDVS%2FicOApA%3D%3D&trackingId=8E2KoU4fxwsr%2BzfQIzu2cQ%3D%3D,Not specified,2025-08-26 14:55:28.041450,2025-08-26,,de.linkedin.com/jobs/view/beruflicher-neustart%3F-starte-durch-als-prompt-engineer-m-w-d-%E2%80%93-jetzt-bewerben%21-at-mycareernow-gmbh-4290993147
Beruflicher Neustart? Starte durch als Prompt Engineer (m/w/d) – Jetzt bewerben!,mycareernow GmbH,Pforzheim,LinkedIn,https://de.linkedin.com/jobs/view/beruflicher-neustart%3F-starte-durch-als-prompt-engineer-m-w-d-%E2%80%93-jetzt-bewerben%21-at-mycareernow-gmbh-4290987821?position=25&pageNum=0&refId=vNupyWq6SlWcDVS%2FicOApA%3D%3D&trackingId=N1bz9nmkQQ93dDkDnx8X%2Fg%3D%3D,Not specified,2025-08-26 14:55:28.042325,2025-08-26,,de.linkedin.com/jobs/view/beruflicher-neustart%3F-starte-durch-als-prompt-engineer-m-w-d-%E2%80%93-jetzt-bewerben%21-at-mycareernow-gmbh-4290987821
Beruflicher Neustart? Starte durch als Prompt Engineer (m/w/d) – Jetzt bewerben!,mycareernow GmbH,Rottenburg am Neckar,LinkedIn,https://de.linkedin.com/jobs/view/beruflicher-neustart%3F-starte-durch-als-prompt-engineer-m-w-d-%E2%80%93-jetzt-bewerben%21-at-mycareernow-gmbh-4290990583?position=26&pageNum=0&refId=vNupyWq6SlWcDVS%2FicOApA%3D%3D&trackingId=4ZmkWCLW6TG8ubn0zD5w4g%3D%3D,Not specified,2025-08-26 14:55:28.042450,2025-08-26,,de.linkedin.com/jobs/view/beruflicher-neustart%3F-starte-durch-als-prompt-engineer-m-w-d-%E2%80%93-jetzt-bewerben%21-at-mycareernow-gmbh-4290990583
Beruflicher Neustart? Starte durch als Prompt Engineer (m/w/d) – Jetzt bewerben!,mycareernow GmbH,Reutlingen,LinkedIn,https://de.linkedin.com/jobs/view/beruflicher-neustart%3F-starte-durch-als-prompt-engineer-m-w-d-%E2%80%93-jetzt-bewerben%21-at-mycareernow-gmbh-4290985910?position=27&pageNum=0&refId=vNupyWq6SlWcDVS%2FicOApA%3D%3D&trackingId=cUXZzyHAjKZDJTGd9%2BFr9Q%3D%3D,Not specified,2025-08-26 14:55:28.042575,2025-08-26,,de.linkedin.com/jobs/view/beruflicher-neustart%3F-starte-durch-als-prompt-engineer-m-w-d-%E2%80%93-jetzt-bewerben%21-at-mycareernow-gmbh-4290985910
Beruflicher Neustart? Starte durch als Prompt Engineer (m/w/d) – Jetzt bewerben!,mycareernow GmbH,Tübingen,LinkedIn,https://de.linkedin.com/jobs/view/beruflicher-neustart%3F-starte-durch-als-prompt-engineer-m-w-d-%E2%80%93-jetzt-bewerben%21-at-mycareernow-gmbh-4290986874?position=33&pageNum=0&refId=vNupyWq6SlWcDVS%2FicOApA%3D%3D&trackingId=R9oodXIYcH0Jb9xuf%2BF1Zw%3D%3D,Not specified,2025-08-26 14:55:28.043331,2025-08-26,,de.linkedin.com/jobs/view/beruflicher-neustart%3F-starte-durch-als-prompt-engineer-m-w-d-%E2%80%93-jetzt-bewerben%21-at-mycareernow-gmbh-4290986874
(Senior) Consultant Manufacturing & High-Tech Strategy (m/w/d),Capgemini Invent,Stuttgart,LinkedIn,https://de.linkedin.com/jobs/view/senior-consultant-manufacturing-high-tech-strategy-m-w-d-at-capgemini-invent-4288593861?position=34&pageNum=0&refId=vNupyWq6SlWcDVS%2FicOApA%3D%3D&trackingId=hfaLB7JY72AHi4iPK7lEzg%3D%3D,Not specified,2025-08-26 14:55:28.043459,2025-08-26,,de.linkedin.com/jobs/view/senior-consultant-manufacturing-high-tech-strategy-m-w-d-at-capgemini-invent-4288593861
Mitarbeiter/in für das Backoffice und Projektmanagement (m/w/d),Human IT Service GmbH,Tübingen,LinkedIn,https://de.linkedin.com/jobs/view/mitarbeiter-in-fu%CC%88r-das-backoffice-und-projektmanagement-m-w-d-at-human-it-service-gmbh-4288880849?position=35&pageNum=0&refId=vNupyWq6SlWcDVS%2FicOApA%3D%3D&trackingId=dyp1ZwsvRBKuXBcSUUMaVg%3D%3D,Not specified,2025-08-26 14:55:28.043585,2025-08-26,,de.linkedin.com/jobs/view/mitarbeiter-in-fu%CC%88r-das-backoffice-und-projektmanagement-m-w-d-at-human-it-service-gmbh-4288880849
IT-Group Expert Securities Services (m/w/d),LBBW,Stuttgart,LinkedIn,https://de.linkedin.com/jobs/view/it-group-expert-securities-services-m-w-d-at-lbbw-4290869165?position=43&pageNum=0&refId=vNupyWq6SlWcDVS%2FicOApA%3D%3D&trackingId=fkVTDRMG%2BpkUJXfai5AZCw%3D%3D,Not specified,2025-08-26 14:55:28.044580,2025-08-25,,de.linkedin.com/jobs/view/it-group-expert-securities-services-m-w-d-at-lbbw-4290869165
Consultant Wirtschaftsprüfung / Audit (w/m/d),EY,Stuttgart,LinkedIn,https://de.linkedin.com/jobs/view/consultant-wirtschaftspr%C3%BCfung-audit-w-m-d-at-ey-4288865960?position=51&pageNum=0&refId=vNupyWq6SlWcDVS%2FicOApA%3D%3D&trackingId=x2KFNvrrHLCu7JeX9bkOCA%3D%3D,Not specified,2025-08-26 14:55:28.045576,2025-08-26,,de.linkedin.com/jobs/view/consultant-wirtschaftspr%C3%BCfung-audit-w-m-d-at-ey-4288865960
Senior Architect (m/w/d) Mainframe Modernization,T-Systems International,Echterdingen,LinkedIn,https://de.linkedin.com/jobs/view/senior-architect-m-w-d-mainframe-modernization-at-t-systems-international-4264921710?position=54&pageNum=0&refId=vNupyWq6SlWcDVS%2FicOApA%3D%3D&trackingId=nSAyWp7sT4gb1PlVV7MIpw%3D%3D,Not specified,2025-08-26 14:55:28.045951,2025-08-26,,de.linkedin.com/jobs/view/senior-architect-m-w-d-mainframe-modernization-at-t-systems-international-4264921710
AI Consultant – Generative KI / Prompt Engineering (m/w/d) - Quereinsteiger herzlich willkommen!,mycareernow GmbH,Bernau bei Berlin,LinkedIn,https://de.linkedin.com/jobs/view/ai-consultant-%E2%80%93-generative-ki-prompt-engineering-m-w-d-quereinsteiger-herzlich-willkommen%21-at-mycareernow-gmbh-4290991458?position=9&pageNum=0&refId=%2FqJy5h8flwtBXrwi%2B5oRMQ%3D%3D&trackingId=%2BQXF3CorKE8k0O90%2Fa5ntg%3D%3D,Not specified,2025-08-26 14:55:31.009003,2025-08-26,,de.linkedin.com/jobs/view/ai-consultant-%E2%80%93-generative-ki-prompt-engineering-m-w-d-quereinsteiger-herzlich-willkommen%21-at-mycareernow-gmbh-4290991458
Senior AI Engineer (Computer Vision+LLM),Delivery Hero SE,Berlin,LinkedIn,https://de.linkedin.com/jobs/view/senior-ai-engineer-computer-vision%2Bllm-at-delivery-hero-4266621317?position=13&pageNum=0&refId=%2FqJy5h8flwtBXrwi%2B5oRMQ%3D%3D&trackingId=kuR1ar%2ByrPjh7T7oh9GHPg%3D%3D,Not specified,2025-08-26 14:55:31.009504,2025-08-26,,de.linkedin.com/jobs/view/senior-ai-engineer-computer-vision%2Bllm-at-delivery-hero-4266621317
Design Engineer,TripleTen,Berlin,LinkedIn,https://de.linkedin.com/jobs/view/design-engineer-at-tripleten-4290857151?position=21&pageNum=0&refId=%2FqJy5h8flwtBXrwi%2B5oRMQ%3D%3D&trackingId=zMlDuanAm6NM4Pf2xS1fRA%3D%3D,Not specified,2025-08-26 14:55:31.010500,2025-08-25,,de.linkedin.com/jobs/view/design-engineer-at-tripleten-4290857151
Vertriebsmitarbeiter (m/w/d/x) – Digital Services / eCommerce,KLAR-Franchise GmbH,Berlin,LinkedIn,https://de.linkedin.com/jobs/view/vertriebsmitarbeiter-m-w-d-x-%E2%80%93-digital-services-ecommerce-at-klar-franchise-gmbh-4291064187?position=28&pageNum=0&refId=%2FqJy5h8flwtBXrwi%2B5oRMQ%3D%3D&trackingId=Nq6ridwUc3i9reLSCMkmUw%3D%3D,Not specified,2025-08-26 14:55:31.011381,2025-08-25,,de.linkedin.com/jobs/view/vertriebsmitarbeiter-m-w-d-x-%E2%80%93-digital-services-ecommerce-at-klar-franchise-gmbh-4291064187
Prompt Engineer (m/w/d) – Starte jetzt in deine Zukunft mit KI,mycareernow GmbH,Oranienburg,LinkedIn,https://de.linkedin.com/jobs/view/prompt-engineer-m-w-d-%E2%80%93-starte-jetzt-in-deine-zukunft-mit-ki-at-mycareernow-gmbh-4290992145?position=31&pageNum=0&refId=%2FqJy5h8flwtBXrwi%2B5oRMQ%3D%3D&trackingId=EpI%2Btig9tF3tifcQhJk7TA%3D%3D,Not specified,2025-08-26 14:55:31.011757,2025-08-26,,de.linkedin.com/jobs/view/prompt-engineer-m-w-d-%E2%80%93-starte-jetzt-in-deine-zukunft-mit-ki-at-mycareernow-gmbh-4290992145
Full-Stack Engineer (f/m/d) – Build Biodiv Web Apps,green account,Berlin,LinkedIn,https://de.linkedin.com/jobs/view/full-stack-engineer-f-m-d-%E2%80%93-build-biodiv-web-apps-at-green-account-4288887607?position=46&pageNum=0&refId=%2FqJy5h8flwtBXrwi%2B5oRMQ%3D%3D&trackingId=q0%2BaANK9G7RJIbtW2Hzvkw%3D%3D,Not specified,2025-08-26 14:55:31.013628,2025-08-26,,de.linkedin.com/jobs/view/full-stack-engineer-f-m-d-%E2%80%93-build-biodiv-web-apps-at-green-account-4288887607
Beruflicher Neustart? Starte durch als Prompt Engineer (m/w/d) – Jetzt bewerben!,mycareernow GmbH,Potsdam,LinkedIn,https://de.linkedin.com/jobs/view/beruflicher-neustart%3F-starte-durch-als-prompt-engineer-m-w-d-%E2%80%93-jetzt-bewerben%21-at-mycareernow-gmbh-4290993150?position=50&pageNum=0&refId=%2FqJy5h8flwtBXrwi%2B5oRMQ%3D%3D&trackingId=D4iK8xGYJTH%2BYZTf%2FxFMbQ%3D%3D,Not specified,2025-08-26 14:55:31.014130,2025-08-26,,de.linkedin.com/jobs/view/beruflicher-neustart%3F-starte-durch-als-prompt-engineer-m-w-d-%E2%80%93-jetzt-bewerben%21-at-mycareernow-gmbh-4290993150
Softwareentwickler HMI & MMI für High Power Produkte (m/w/d),citema group GmbH,Berlin,LinkedIn,https://de.linkedin.com/jobs/view/softwareentwickler-hmi-mmi-f%C3%BCr-high-power-produkte-m-w-d-at-citema-systems-gmbh-4291059757?position=56&pageNum=0&refId=%2FqJy5h8flwtBXrwi%2B5oRMQ%3D%3D&trackingId=y5dTqsrJNastEUJg7MoGxg%3D%3D,Not specified,2025-08-26 14:55:31.014874,2025-08-26,,de.linkedin.com/jobs/view/softwareentwickler-hmi-mmi-f%C3%BCr-high-power-produkte-m-w-d-at-citema-systems-gmbh-4291059757
Desarrollador de front-end,Sirius,"Berlin, Deutschland",LinkedIn,https://de.linkedin.com/jobs/view/desarrollador-de-front-end-at-sirius-4291275260?position=60&pageNum=0&refId=%2FqJy5h8flwtBXrwi%2B5oRMQ%3D%3D&trackingId=fDdqPDzxi%2Fv188dTkKIWrQ%3D%3D,Not specified,2025-08-26 14:55:31.015363,2025-08-26,,de.linkedin.com/jobs/view/desarrollador-de-front-end-at-sirius-4291275260
Prompt Engineer (m/w/d) – Starte jetzt in deine Zukunft mit KI,mycareernow GmbH,Oberursel (Taunus),LinkedIn,https://de.linkedin.com/jobs/view/prompt-engineer-m-w-d-%E2%80%93-starte-jetzt-in-deine-zukunft-mit-ki-at-mycareernow-gmbh-4290986850?position=9&pageNum=0&refId=TNMu8W6fEEeGP8hPYzYxNA%3D%3D&trackingId=rCw12nIiELSPhIsYTqM61w%3D%3D,Not specified,2025-08-26 14:55:33.910837,2025-08-26,,de.linkedin.com/jobs/view/prompt-engineer-m-w-d-%E2%80%93-starte-jetzt-in-deine-zukunft-mit-ki-at-mycareernow-gmbh-4290986850
Prompt Engineer (m/w/d) – Starte jetzt in deine Zukunft mit KI,mycareernow GmbH,Offenbach am Main,LinkedIn,https://de.linkedin.com/jobs/view/prompt-engineer-m-w-d-%E2%80%93-starte-jetzt-in-deine-zukunft-mit-ki-at-mycareernow-gmbh-4290993134?position=10&pageNum=0&refId=TNMu8W6fEEeGP8hPYzYxNA%3D%3D&trackingId=JoUCaiu%2Bv%2BPXG%2Bi2SeE5LQ%3D%3D,Not specified,2025-08-26 14:55:33.910931,2025-08-26,,de.linkedin.com/jobs/view/prompt-engineer-m-w-d-%E2%80%93-starte-jetzt-in-deine-zukunft-mit-ki-at-mycareernow-gmbh-4290993134
Prompt Engineer (m/w/d) – Starte jetzt in deine Zukunft mit KI,mycareernow GmbH,Mainz,LinkedIn,https://de.linkedin.com/jobs/view/prompt-engineer-m-w-d-%E2%80%93-starte-jetzt-in-deine-zukunft-mit-ki-at-mycareernow-gmbh-4290984858?position=13&pageNum=0&refId=TNMu8W6fEEeGP8hPYzYxNA%3D%3D&trackingId=4Wphv314iM2i5gDJLB%2FH1w%3D%3D,Not specified,2025-08-26 14:55:33.911216,2025-08-26,,de.linkedin.com/jobs/view/prompt-engineer-m-w-d-%E2%80%93-starte-jetzt-in-deine-zukunft-mit-ki-at-mycareernow-gmbh-4290984858
Beruflicher Neustart? Starte durch als Prompt Engineer (m/w/d) – Jetzt bewerben!,mycareernow GmbH,Rodgau,LinkedIn,https://de.linkedin.com/jobs/view/beruflicher-neustart%3F-starte-durch-als-prompt-engineer-m-w-d-%E2%80%93-jetzt-bewerben%21-at-mycareernow-gmbh-4290988713?position=21&pageNum=0&refId=TNMu8W6fEEeGP8hPYzYxNA%3D%3D&trackingId=nCFG2eTZ7S5urIpAHY%2Bpeg%3D%3D,Not specified,2025-08-26 14:55:33.911966,2025-08-26,,de.linkedin.com/jobs/view/beruflicher-neustart%3F-starte-durch-als-prompt-engineer-m-w-d-%E2%80%93-jetzt-bewerben%21-at-mycareernow-gmbh-4290988713
Beruflicher Neustart? Starte durch als Prompt Engineer (m/w/d) – Jetzt bewerben!,mycareernow GmbH,Rüsselsheim,LinkedIn,https://de.linkedin.com/jobs/view/beruflicher-neustart%3F-starte-durch-als-prompt-engineer-m-w-d-%E2%80%93-jetzt-bewerben%21-at-mycareernow-gmbh-4290985914?position=24&pageNum=0&refId=TNMu8W6fEEeGP8hPYzYxNA%3D%3D&trackingId=X7DhyQGh2k6s%2F6775eZisA%3D%3D,Not specified,2025-08-26 14:55:33.912250,2025-08-26,,de.linkedin.com/jobs/view/beruflicher-neustart%3F-starte-durch-als-prompt-engineer-m-w-d-%E2%80%93-jetzt-bewerben%21-at-mycareernow-gmbh-4290985914
Beruflicher Neustart? Starte durch als Prompt Engineer (m/w/d) – Jetzt bewerben!,mycareernow GmbH,Wiesbaden,LinkedIn,https://de.linkedin.com/jobs/view/beruflicher-neustart%3F-starte-durch-als-prompt-engineer-m-w-d-%E2%80%93-jetzt-bewerben%21-at-mycareernow-gmbh-4290987828?position=28&pageNum=0&refId=TNMu8W6fEEeGP8hPYzYxNA%3D%3D&trackingId=sasqK43hpxdWGF7bS4ZxTg%3D%3D,Not specified,2025-08-26 14:55:33.912621,2025-08-26,,de.linkedin.com/jobs/view/beruflicher-neustart%3F-starte-durch-als-prompt-engineer-m-w-d-%E2%80%93-jetzt-bewerben%21-at-mycareernow-gmbh-4290987828
Teamleiter Consulting PLM - PTC (w/m/d),MAIT for business,Frankfurt,LinkedIn,https://de.linkedin.com/jobs/view/teamleiter-consulting-plm-ptc-w-m-d-at-mait-for-business-4291057854?position=37&pageNum=0&refId=TNMu8W6fEEeGP8hPYzYxNA%3D%3D&trackingId=LCtbAL5QqREJiPsaZPmsJA%3D%3D,Not specified,2025-08-26 14:55:33.913464,2025-08-26,,de.linkedin.com/jobs/view/teamleiter-consulting-plm-ptc-w-m-d-at-mait-for-business-4291057854
Senior SEO AI Specialist (m/w/d) Frankfurt,diva-e,Frankfurt,LinkedIn,https://de.linkedin.com/jobs/view/senior-seo-ai-specialist-m-w-d-frankfurt-at-diva-e-4252374300?position=41&pageNum=0&refId=TNMu8W6fEEeGP8hPYzYxNA%3D%3D&trackingId=%2Bu1r87B9u%2Bz8dKviAQkk6w%3D%3D,Not specified,2025-08-26 14:55:33.913845,2025-08-26,,de.linkedin.com/jobs/view/senior-seo-ai-specialist-m-w-d-frankfurt-at-diva-e-4252374300
(Senior) Consultant Manufacturing & High-Tech Strategy (m/w/d),Capgemini Invent,Frankfurt am Main,LinkedIn,https://de.linkedin.com/jobs/view/senior-consultant-manufacturing-high-tech-strategy-m-w-d-at-capgemini-invent-4288599179?position=44&pageNum=0&refId=TNMu8W6fEEeGP8hPYzYxNA%3D%3D&trackingId=Rcc6WCVmU9PpU6JeCKIaXg%3D%3D,Not specified,2025-08-26 14:55:33.914128,2025-08-26,,de.linkedin.com/jobs/view/senior-consultant-manufacturing-high-tech-strategy-m-w-d-at-capgemini-invent-4288599179
ServiceNow Advisory Consultant (m/w/d),DXC Technology,Eschborn,LinkedIn,https://de.linkedin.com/jobs/view/servicenow-advisory-consultant-m-w-d-at-dxc-technology-4291266931?position=55&pageNum=0&refId=TNMu8W6fEEeGP8hPYzYxNA%3D%3D&trackingId=KwyzkCoFhluFWoUD9Fipqg%3D%3D,Not specified,2025-08-26 14:55:33.915146,2025-08-26,,de.linkedin.com/jobs/view/servicenow-advisory-consultant-m-w-d-at-dxc-technology-4291266931
Plant mechanic,Autoneum,Roßdorf,LinkedIn,https://de.linkedin.com/jobs/view/plant-mechanic-at-autoneum-4280102641?position=56&pageNum=0&refId=TNMu8W6fEEeGP8hPYzYxNA%3D%3D&trackingId=U2LD%2Bpy8mvF9FRQ4xwk%2BIA%3D%3D,Not specified,2025-08-26 14:55:33.915238,2025-08-26,,de.linkedin.com/jobs/view/plant-mechanic-at-autoneum-4280102641
"Junior GenAI Entwickler:in, remote (m/w/d)",dreifach.ai,Köln,LinkedIn,https://de.linkedin.com/jobs/view/junior-genai-entwickler-in-remote-m-w-d-at-dreifach-ai-4291245661?position=10&pageNum=0&refId=wJTgqljN5HRU0CeN0BN3fA%3D%3D&trackingId=x400g4BTuzILjm86YF1ayw%3D%3D,Not specified,2025-08-26 14:55:36.711320,2025-08-26,,de.linkedin.com/jobs/view/junior-genai-entwickler-in-remote-m-w-d-at-dreifach-ai-4291245661
Innovation Engineer (m/w/d),ARAG,Düsseldorf,LinkedIn,https://de.linkedin.com/jobs/view/innovation-engineer-m-w-d-at-arag-4267632418?position=17&pageNum=0&refId=wJTgqljN5HRU0CeN0BN3fA%3D%3D&trackingId=pA27VKUEBU8VgkI19bYKUg%3D%3D,Not specified,2025-08-26 14:55:36.712204,2025-08-26,,de.linkedin.com/jobs/view/innovation-engineer-m-w-d-at-arag-4267632418
AI Compiler Engineer (Junior/Senior),roofline,Köln,LinkedIn,https://de.linkedin.com/jobs/view/ai-compiler-engineer-junior-senior-at-roofline-4291060655?position=19&pageNum=0&refId=wJTgqljN5HRU0CeN0BN3fA%3D%3D&trackingId=Q30Kr8J%2BjNnzTmDCrnSo%2Fg%3D%3D,Not specified,2025-08-26 14:55:36.712453,2025-08-26,,de.linkedin.com/jobs/view/ai-compiler-engineer-junior-senior-at-roofline-4291060655
Experte (w/m/d) Contact Center AI (Conversational AI & Agentic AI),Kassenärztliche Vereinigung Nordrhein,Köln,LinkedIn,https://de.linkedin.com/jobs/view/experte-w-m-d-contact-center-ai-conversational-ai-agentic-ai-at-kassen%C3%A4rztliche-vereinigung-nordrhein-4291080455?position=20&pageNum=0&refId=wJTgqljN5HRU0CeN0BN3fA%3D%3D&trackingId=zEJhBL9Kex6cFkcaEbHwUQ%3D%3D,Not specified,2025-08-26 14:55:36.712580,2025-08-26,,de.linkedin.com/jobs/view/experte-w-m-d-contact-center-ai-conversational-ai-agentic-ai-at-kassen%C3%A4rztliche-vereinigung-nordrhein-4291080455
Prompt Engineer (m/w/d) – Starte jetzt in deine Zukunft mit KI,mycareernow GmbH,Leverkusen,LinkedIn,https://de.linkedin.com/jobs/view/prompt-engineer-m-w-d-%E2%80%93-starte-jetzt-in-deine-zukunft-mit-ki-at-mycareernow-gmbh-4290986849?position=22&pageNum=0&refId=wJTgqljN5HRU0CeN0BN3fA%3D%3D&trackingId=ecqnAubQ3QBWGGYKJBCgJA%3D%3D,Not specified,2025-08-26 14:55:36.712832,2025-08-26,,de.linkedin.com/jobs/view/prompt-engineer-m-w-d-%E2%80%93-starte-jetzt-in-deine-zukunft-mit-ki-at-mycareernow-gmbh-4290986849
Prompt Engineer (m/w/d) – Starte jetzt in deine Zukunft mit KI,mycareernow GmbH,Langenfeld (Rheinland),LinkedIn,https://de.linkedin.com/jobs/view/prompt-engineer-m-w-d-%E2%80%93-starte-jetzt-in-deine-zukunft-mit-ki-at-mycareernow-gmbh-4290987810?position=25&pageNum=0&refId=wJTgqljN5HRU0CeN0BN3fA%3D%3D&trackingId=oXqh%2BvMJWjl%2Bh1WxkeNGMQ%3D%3D,Not specified,2025-08-26 14:55:36.713212,2025-08-26,,de.linkedin.com/jobs/view/prompt-engineer-m-w-d-%E2%80%93-starte-jetzt-in-deine-zukunft-mit-ki-at-mycareernow-gmbh-4290987810
Wirtschaftsinformatiker / Business Analyst (m/w/d),TieTalent,Köln,LinkedIn,https://de.linkedin.com/jobs/view/wirtschaftsinformatiker-business-analyst-m-w-d-at-tietalent-4290860650?position=37&pageNum=0&refId=wJTgqljN5HRU0CeN0BN3fA%3D%3D&trackingId=kSWyPMlh%2F8aWCyBD002MlQ%3D%3D,Not specified,2025-08-26 14:55:36.714723,2025-08-25,,de.linkedin.com/jobs/view/wirtschaftsinformatiker-business-analyst-m-w-d-at-tietalent-4290860650
Prompt Engineer (m/w/d) – Starte jetzt in deine Zukunft mit KI,mycareernow GmbH,Neuss,LinkedIn,https://de.linkedin.com/jobs/view/prompt-engineer-m-w-d-%E2%80%93-starte-jetzt-in-deine-zukunft-mit-ki-at-mycareernow-gmbh-4290985900?position=42&pageNum=0&refId=wJTgqljN5HRU0CeN0BN3fA%3D%3D&trackingId=OzPkSpuSWYCFVyq7jqbYvw%3D%3D,Not specified,2025-08-26 14:55:36.715360,2025-08-26,,de.linkedin.com/jobs/view/prompt-engineer-m-w-d-%E2%80%93-starte-jetzt-in-deine-zukunft-mit-ki-at-mycareernow-gmbh-4290985900
Beruflicher Neustart? Starte durch als Prompt Engineer (m/w/d) – Jetzt bewerben!,mycareernow GmbH,Pulheim,LinkedIn,https://de.linkedin.com/jobs/view/beruflicher-neustart%3F-starte-durch-als-prompt-engineer-m-w-d-%E2%80%93-jetzt-bewerben%21-at-mycareernow-gmbh-4290986868?position=45&pageNum=0&refId=wJTgqljN5HRU0CeN0BN3fA%3D%3D&trackingId=tjlq2zGwXWxSdEL7agf74w%3D%3D,Not specified,2025-08-26 14:55:36.715738,2025-08-26,,de.linkedin.com/jobs/view/beruflicher-neustart%3F-starte-durch-als-prompt-engineer-m-w-d-%E2%80%93-jetzt-bewerben%21-at-mycareernow-gmbh-4290986868
Beruflicher Neustart? Starte durch als Prompt Engineer (m/w/d) – Jetzt bewerben!,mycareernow GmbH,Solingen,LinkedIn,https://de.linkedin.com/jobs/view/beruflicher-neustart%3F-starte-durch-als-prompt-engineer-m-w-d-%E2%80%93-jetzt-bewerben%21-at-mycareernow-gmbh-4290984874?position=51&pageNum=0&refId=wJTgqljN5HRU0CeN0BN3fA%3D%3D&trackingId=3gsZOtlL6wLVp2t14tmMsg%3D%3D,Not specified,2025-08-26 14:55:36.716490,2025-08-26,,de.linkedin.com/jobs/view/beruflicher-neustart%3F-starte-durch-als-prompt-engineer-m-w-d-%E2%80%93-jetzt-bewerben%21-at-mycareernow-gmbh-4290984874
Prompt Engineer (m/w/d) – Starte jetzt in deine Zukunft mit KI,mycareernow GmbH,Neu-Ulm,LinkedIn,https://de.linkedin.com/jobs/view/prompt-engineer-m-w-d-%E2%80%93-starte-jetzt-in-deine-zukunft-mit-ki-at-mycareernow-gmbh-4290991451?position=3&pageNum=0&refId=6TPlQRzK91j2RmyBxvrpIA%3D%3D&trackingId=cIE8Ct%2BdwtG5y%2Fm5C418xQ%3D%3D,Not specified,2025-08-26 14:55:39.270618,2025-08-26,,de.linkedin.com/jobs/view/prompt-engineer-m-w-d-%E2%80%93-starte-jetzt-in-deine-zukunft-mit-ki-at-mycareernow-gmbh-4290991451
Beruflicher Neustart? Starte durch als Prompt Engineer (m/w/d) – Jetzt bewerben!,mycareernow GmbH,Ulm,LinkedIn,https://de.linkedin.com/jobs/view/beruflicher-neustart%3F-starte-durch-als-prompt-engineer-m-w-d-%E2%80%93-jetzt-bewerben%21-at-mycareernow-gmbh-4290987825?position=5&pageNum=0&refId=6TPlQRzK91j2RmyBxvrpIA%3D%3D&trackingId=dmhnAzuYWevNh8AOkUCUkQ%3D%3D,Not specified,2025-08-26 14:55:39.270980,2025-08-26,,de.linkedin.com/jobs/view/beruflicher-neustart%3F-starte-durch-als-prompt-engineer-m-w-d-%E2%80%93-jetzt-bewerben%21-at-mycareernow-gmbh-4290987825
Leitung IT und Digitalisierung (m/w/d),TieTalent,Ulm,LinkedIn,https://de.linkedin.com/jobs/view/leitung-it-und-digitalisierung-m-w-d-at-tietalent-4290868069?position=7&pageNum=0&refId=6TPlQRzK91j2RmyBxvrpIA%3D%3D&trackingId=l5bK4J4Sr5TMw9%2BaEKYcqQ%3D%3D,Not specified,2025-08-26 14:55:39.271341,2025-08-25,,de.linkedin.com/jobs/view/leitung-it-und-digitalisierung-m-w-d-at-tietalent-4290868069
Beruflicher Neustart? Starte durch als Prompt Engineer (m/w/d) – Jetzt bewerben!,mycareernow GmbH,Singen (Hohentwiel),LinkedIn,https://de.linkedin.com/jobs/view/beruflicher-neustart%3F-starte-durch-als-prompt-engineer-m-w-d-%E2%80%93-jetzt-bewerben%21-at-mycareernow-gmbh-4290986866?position=3&pageNum=0&refId=60Vra75sxanQcfv8gB4bww%3D%3D&trackingId=YLFRNT%2BPo9Cdj%2F6xFp9Iwg%3D%3D,Not specified,2025-08-26 14:55:41.981487,2025-08-26,,de.linkedin.com/jobs/view/beruflicher-neustart%3F-starte-durch-als-prompt-engineer-m-w-d-%E2%80%93-jetzt-bewerben%21-at-mycareernow-gmbh-4290986866
Beruflicher Neustart? Starte durch als Prompt Engineer (m/w/d) – Jetzt bewerben!,mycareernow GmbH,Ravensburg,LinkedIn,https://de.linkedin.com/jobs/view/beruflicher-neustart%3F-starte-durch-als-prompt-engineer-m-w-d-%E2%80%93-jetzt-bewerben%21-at-mycareernow-gmbh-4290986865?position=5&pageNum=0&refId=60Vra75sxanQcfv8gB4bww%3D%3D&trackingId=Skbtt92ioDXPuYljv1egaw%3D%3D,Not specified,2025-08-26 14:55:41.981849,2025-08-26,,de.linkedin.com/jobs/view/beruflicher-neustart%3F-starte-durch-als-prompt-engineer-m-w-d-%E2%80%93-jetzt-bewerben%21-at-mycareernow-gmbh-4290986865
AI Engineer (f/m/x),IBM,"Zürich, Zürich, Schweiz",LinkedIn,https://ch.linkedin.com/jobs/view/ai-engineer-f-m-x-at-ibm-4288593425?position=3&pageNum=0&refId=Aoasfs%2FuA0%2Fl6117%2B95Z0g%3D%3D&trackingId=MzFH1ICPWHE9Hz6uveU%2ByA%3D%3D,Not specified,2025-08-26 14:55:44.819621,2025-08-25,,ch.linkedin.com/jobs/view/ai-engineer-f-m-x-at-ibm-4288593425
"Business Process Engineer (f/m/d) | 80-100% | Hybrid working model | Zürich, Switzerland",SMG Swiss Marketplace Group,"Zürich, Schweiz",LinkedIn,https://ch.linkedin.com/jobs/view/business-process-engineer-f-m-d-80-100%25-hybrid-working-model-z%C3%BCrich-switzerland-at-smg-swiss-marketplace-group-4291089800?position=10&pageNum=0&refId=Aoasfs%2FuA0%2Fl6117%2B95Z0g%3D%3D&trackingId=noyTAHq4H1aaGjLaL21n7Q%3D%3D,Not specified,2025-08-26 14:55:44.820593,2025-08-26,,ch.linkedin.com/jobs/view/business-process-engineer-f-m-d-80-100%25-hybrid-working-model-z%C3%BCrich-switzerland-at-smg-swiss-marketplace-group-4291089800
AI Business Process Digital Solution Area Specialist - French Speaker,Microsoft,"Zürich, Zürich, Schweiz",LinkedIn,https://ch.linkedin.com/jobs/view/ai-business-process-digital-solution-area-specialist-french-speaker-at-microsoft-4291260277?position=13&pageNum=0&refId=Aoasfs%2FuA0%2Fl6117%2B95Z0g%3D%3D&trackingId=TNQybvyguJ%2B6AKzQpcGSIA%3D%3D,Not specified,2025-08-26 14:55:44.821004,2025-08-26,,ch.linkedin.com/jobs/view/ai-business-process-digital-solution-area-specialist-french-speaker-at-microsoft-4291260277
Solutions Architect,Snowflake,"Zürich, Zürich, Schweiz",LinkedIn,https://ch.linkedin.com/jobs/view/solutions-architect-at-snowflake-4210932526?position=27&pageNum=0&refId=Aoasfs%2FuA0%2Fl6117%2B95Z0g%3D%3D&trackingId=jTrpg93VJDtTcu5TcaIT2A%3D%3D,Not specified,2025-08-26 14:55:44.822863,2025-08-26,,ch.linkedin.com/jobs/view/solutions-architect-at-snowflake-4210932526
Praticante scientifico/a - Stazione sperimentale di Sursee,Agroscope,"Sursee, Luzern, Schweiz",LinkedIn,https://ch.linkedin.com/jobs/view/praticante-scientifico-a-stazione-sperimentale-di-sursee-at-agroscope-4291084619?position=32&pageNum=0&refId=Aoasfs%2FuA0%2Fl6117%2B95Z0g%3D%3D&trackingId=kDk9s0iuOBpATUVE0Bqjmw%3D%3D,Not specified,2025-08-26 14:55:44.823488,2025-08-26,,ch.linkedin.com/jobs/view/praticante-scientifico-a-stazione-sperimentale-di-sursee-at-agroscope-4291084619
High-Voltage Digital Twin Engineer  (f/m/d),Axpo Group,"Baden, Aargau, Schweiz",LinkedIn,https://ch.linkedin.com/jobs/view/high-voltage-digital-twin-engineer-f-m-d-at-axpo-group-4290906026?position=43&pageNum=0&refId=Aoasfs%2FuA0%2Fl6117%2B95Z0g%3D%3D&trackingId=NL4Y4a0XFrryq53Y2SR%2BQQ%3D%3D,Not specified,2025-08-26 14:55:44.824859,2025-08-25,,ch.linkedin.com/jobs/view/high-voltage-digital-twin-engineer-f-m-d-at-axpo-group-4290906026
Legal Counsel (f/m/d) - General Counsel Office in Zurich (80-100%),EY,"Zürich, Zürich, Schweiz",LinkedIn,https://ch.linkedin.com/jobs/view/legal-counsel-f-m-d-general-counsel-office-in-zurich-80-100%25-at-ey-4288585938?position=50&pageNum=0&refId=Aoasfs%2FuA0%2Fl6117%2B95Z0g%3D%3D&trackingId=tIY%2F4SIQ2HSu3EFbBvPwZA%3D%3D,Not specified,2025-08-26 14:55:44.825734,2025-08-25,,ch.linkedin.com/jobs/view/legal-counsel-f-m-d-general-counsel-office-in-zurich-80-100%25-at-ey-4288585938
Prompt Engineer (m/w/d) – Starte jetzt in deine Zukunft mit KI,mycareernow GmbH,Oberhausen,LinkedIn,https://de.linkedin.com/jobs/view/prompt-engineer-m-w-d-%E2%80%93-starte-jetzt-in-deine-zukunft-mit-ki-at-mycareernow-gmbh-4290989602?position=17&pageNum=0&refId=7EOVl%2FC10zCDtyfgDjqm0w%3D%3D&trackingId=auSQqtIS90Ec0CLvXLYTBg%3D%3D,Not specified,2025-08-26 14:55:47.614323,2025-08-26,,de.linkedin.com/jobs/view/prompt-engineer-m-w-d-%E2%80%93-starte-jetzt-in-deine-zukunft-mit-ki-at-mycareernow-gmbh-4290989602
Prompt Engineer (m/w/d) – Starte jetzt in deine Zukunft mit KI,mycareernow GmbH,Mülheim an der Ruhr,LinkedIn,https://de.linkedin.com/jobs/view/prompt-engineer-m-w-d-%E2%80%93-starte-jetzt-in-deine-zukunft-mit-ki-at-mycareernow-gmbh-4290987813?position=21&pageNum=0&refId=7EOVl%2FC10zCDtyfgDjqm0w%3D%3D&trackingId=cZ6hhL2%2FPYAR%2Be33Q3kecA%3D%3D,Not specified,2025-08-26 14:55:47.614828,2025-08-26,,de.linkedin.com/jobs/view/prompt-engineer-m-w-d-%E2%80%93-starte-jetzt-in-deine-zukunft-mit-ki-at-mycareernow-gmbh-4290987813
Prompt Engineer (m/w/d) – Starte jetzt in deine Zukunft mit KI,mycareernow GmbH,Lobberich,LinkedIn,https://de.linkedin.com/jobs/view/prompt-engineer-m-w-d-%E2%80%93-starte-jetzt-in-deine-zukunft-mit-ki-at-mycareernow-gmbh-4290989600?position=23&pageNum=0&refId=7EOVl%2FC10zCDtyfgDjqm0w%3D%3D&trackingId=gKgia33YDKqDJ4ngsqTx8g%3D%3D,Not specified,2025-08-26 14:55:47.615083,2025-08-26,,de.linkedin.com/jobs/view/prompt-engineer-m-w-d-%E2%80%93-starte-jetzt-in-deine-zukunft-mit-ki-at-mycareernow-gmbh-4290989600
Prompt Engineer (m/w/d) – Starte jetzt in deine Zukunft mit KI,mycareernow GmbH,Mönchengladbach,LinkedIn,https://de.linkedin.com/jobs/view/prompt-engineer-m-w-d-%E2%80%93-starte-jetzt-in-deine-zukunft-mit-ki-at-mycareernow-gmbh-4290984872?position=30&pageNum=0&refId=7EOVl%2FC10zCDtyfgDjqm0w%3D%3D&trackingId=eM8QsSQjzdcejk6SSzkz%2Fw%3D%3D,Not specified,2025-08-26 14:55:47.615978,2025-08-26,,de.linkedin.com/jobs/view/prompt-engineer-m-w-d-%E2%80%93-starte-jetzt-in-deine-zukunft-mit-ki-at-mycareernow-gmbh-4290984872
Prompt Engineer (m/w/d) – Starte jetzt in deine Zukunft mit KI,mycareernow GmbH,Meerbusch,LinkedIn,https://de.linkedin.com/jobs/view/prompt-engineer-m-w-d-%E2%80%93-starte-jetzt-in-deine-zukunft-mit-ki-at-mycareernow-gmbh-4290984853?position=33&pageNum=0&refId=7EOVl%2FC10zCDtyfgDjqm0w%3D%3D&trackingId=Psy8Uea1%2FtOeYXF8jvZsXw%3D%3D,Not specified,2025-08-26 14:55:47.616358,2025-08-26,,de.linkedin.com/jobs/view/prompt-engineer-m-w-d-%E2%80%93-starte-jetzt-in-deine-zukunft-mit-ki-at-mycareernow-gmbh-4290984853
Beruflicher Neustart? Starte durch als Prompt Engineer (m/w/d) – Jetzt bewerben!,mycareernow GmbH,Ratingen,LinkedIn,https://de.linkedin.com/jobs/view/beruflicher-neustart%3F-starte-durch-als-prompt-engineer-m-w-d-%E2%80%93-jetzt-bewerben%21-at-mycareernow-gmbh-4290985908?position=44&pageNum=0&refId=7EOVl%2FC10zCDtyfgDjqm0w%3D%3D&trackingId=uw8hfM%2B6lyq7mr2Og6Y46A%3D%3D,Not specified,2025-08-26 14:55:47.617743,2025-08-26,,de.linkedin.com/jobs/view/beruflicher-neustart%3F-starte-durch-als-prompt-engineer-m-w-d-%E2%80%93-jetzt-bewerben%21-at-mycareernow-gmbh-4290985908
Prompt Engineer (m/w/d) – Starte jetzt in deine Zukunft mit KI,mycareernow GmbH,Moers,LinkedIn,https://de.linkedin.com/jobs/view/prompt-engineer-m-w-d-%E2%80%93-starte-jetzt-in-deine-zukunft-mit-ki-at-mycareernow-gmbh-4290991447?position=47&pageNum=0&refId=7EOVl%2FC10zCDtyfgDjqm0w%3D%3D&trackingId=Z9uprcyjobIUdIQzZRg6lQ%3D%3D,Not specified,2025-08-26 14:55:47.618123,2025-08-26,,de.linkedin.com/jobs/view/prompt-engineer-m-w-d-%E2%80%93-starte-jetzt-in-deine-zukunft-mit-ki-at-mycareernow-gmbh-4290991447
Beruflicher Neustart? Starte durch als Prompt Engineer (m/w/d) – Jetzt bewerben!,mycareernow GmbH,Willich,LinkedIn,https://de.linkedin.com/jobs/view/beruflicher-neustart%3F-starte-durch-als-prompt-engineer-m-w-d-%E2%80%93-jetzt-bewerben%21-at-mycareernow-gmbh-4290989622?position=52&pageNum=0&refId=7EOVl%2FC10zCDtyfgDjqm0w%3D%3D&trackingId=bIuBFKryUfxE3PN5LSGsxg%3D%3D,Not specified,2025-08-26 14:55:47.618754,2025-08-26,,de.linkedin.com/jobs/view/beruflicher-neustart%3F-starte-durch-als-prompt-engineer-m-w-d-%E2%80%93-jetzt-bewerben%21-at-mycareernow-gmbh-4290989622
Beruflicher Neustart? Starte durch als Prompt Engineer (m/w/d) – Jetzt bewerben!,mycareernow GmbH,Velbert,LinkedIn,https://de.linkedin.com/jobs/view/beruflicher-neustart%3F-starte-durch-als-prompt-engineer-m-w-d-%E2%80%93-jetzt-bewerben%21-at-mycareernow-gmbh-4290986870?position=55&pageNum=0&refId=7EOVl%2FC10zCDtyfgDjqm0w%3D%3D&trackingId=Hgn1HtwXidWYKmiQGJ5s8w%3D%3D,Not specified,2025-08-26 14:55:47.619129,2025-08-26,,de.linkedin.com/jobs/view/beruflicher-neustart%3F-starte-durch-als-prompt-engineer-m-w-d-%E2%80%93-jetzt-bewerben%21-at-mycareernow-gmbh-4290986870
Beruflicher Neustart? Starte durch als Prompt Engineer (m/w/d) – Jetzt bewerben!,mycareernow GmbH,Wuppertal,LinkedIn,https://de.linkedin.com/jobs/view/beruflicher-neustart%3F-starte-durch-als-prompt-engineer-m-w-d-%E2%80%93-jetzt-bewerben%21-at-mycareernow-gmbh-4290984878?position=60&pageNum=0&refId=7EOVl%2FC10zCDtyfgDjqm0w%3D%3D&trackingId=duYeH%2F3QDjcv1FTnMCRjqw%3D%3D,Not specified,2025-08-26 14:55:47.619757,2025-08-26,,de.linkedin.com/jobs/view/beruflicher-neustart%3F-starte-durch-als-prompt-engineer-m-w-d-%E2%80%93-jetzt-bewerben%21-at-mycareernow-gmbh-4290984878
Prompt Engineer (m/w/d) – Starte jetzt in deine Zukunft mit KI,mycareernow GmbH,Lahr/Schwarzwald,LinkedIn,https://de.linkedin.com/jobs/view/prompt-engineer-m-w-d-%E2%80%93-starte-jetzt-in-deine-zukunft-mit-ki-at-mycareernow-gmbh-4290990569?position=2&pageNum=0&refId=LhYPj%2BJhvAxDkfEoeV60Nw%3D%3D&trackingId=DVG5w0UoVsz5QS9ECVpTSQ%3D%3D,Not specified,2025-08-26 14:55:50.204629,2025-08-26,,de.linkedin.com/jobs/view/prompt-engineer-m-w-d-%E2%80%93-starte-jetzt-in-deine-zukunft-mit-ki-at-mycareernow-gmbh-4290990569
Senior Middleware Engineer AI (m/f/d),Jedox,Freiburg im Breisgau,LinkedIn,https://de.linkedin.com/jobs/view/senior-middleware-engineer-ai-m-f-d-at-jedox-4291077131?position=7&pageNum=0&refId=LhYPj%2BJhvAxDkfEoeV60Nw%3D%3D&trackingId=RXSI9y8uqyds6iDT9kHXyg%3D%3D,Not specified,2025-08-26 14:55:50.205519,2025-08-26,,de.linkedin.com/jobs/view/senior-middleware-engineer-ai-m-f-d-at-jedox-4291077131
Anwendungsentwickler (m/w/d) – Low Code,Loy & Hutz Solutions GmbH,Freiburg im Breisgau,LinkedIn,https://de.linkedin.com/jobs/view/anwendungsentwickler-m-w-d-%E2%80%93-low-code-at-loy-hutz-solutions-gmbh-4291254625?position=8&pageNum=0&refId=LhYPj%2BJhvAxDkfEoeV60Nw%3D%3D&trackingId=AefKRyjzS2YuFqU7mmwWDg%3D%3D,Not specified,2025-08-26 14:55:50.205673,2025-08-26,,de.linkedin.com/jobs/view/anwendungsentwickler-m-w-d-%E2%80%93-low-code-at-loy-hutz-solutions-gmbh-4291254625
Spezialist:in Rechnungswesen (d/m/w),Haufe,Freiburg im Breisgau,LinkedIn,https://de.linkedin.com/jobs/view/spezialist-in-rechnungswesen-d-m-w-at-haufe-4290937281?position=10&pageNum=0&refId=LhYPj%2BJhvAxDkfEoeV60Nw%3D%3D&trackingId=MEf%2FPDIQ13L7o4Q0F3Y%2BdQ%3D%3D,Not specified,2025-08-26 14:55:50.205983,2025-08-26,,de.linkedin.com/jobs/view/spezialist-in-rechnungswesen-d-m-w-at-haufe-4290937281
Prompt Engineer (m/w/d) – Starte jetzt in deine Zukunft mit KI,mycareernow GmbH,Nürnberg,LinkedIn,https://de.linkedin.com/jobs/view/prompt-engineer-m-w-d-%E2%80%93-starte-jetzt-in-deine-zukunft-mit-ki-at-mycareernow-gmbh-4290987815?position=1&pageNum=0&refId=c9EJXfyRxsn1w1GdgZf5qQ%3D%3D&trackingId=kTmv6tuODYgogQLfo8cXpQ%3D%3D,Not specified,2025-08-26 14:55:52.866787,2025-08-26,,de.linkedin.com/jobs/view/prompt-engineer-m-w-d-%E2%80%93-starte-jetzt-in-deine-zukunft-mit-ki-at-mycareernow-gmbh-4290987815
Digital Solutions Architect (m/w/d) – Power Platform & AI,Firmengruppe Max Bögl,Sengenthal,LinkedIn,https://de.linkedin.com/jobs/view/digital-solutions-architect-m-w-d-%E2%80%93-power-platform-ai-at-firmengruppe-max-b%C3%B6gl-4290827140?position=7&pageNum=0&refId=c9EJXfyRxsn1w1GdgZf5qQ%3D%3D&trackingId=e6X43%2BUp8GdbiJwgGYv3OQ%3D%3D,Not specified,2025-08-26 14:55:52.867907,2025-08-25,,de.linkedin.com/jobs/view/digital-solutions-architect-m-w-d-%E2%80%93-power-platform-ai-at-firmengruppe-max-b%C3%B6gl-4290827140
Prompt Engineer (m/w/d) – Starte jetzt in deine Zukunft mit KI,mycareernow GmbH,Langenhagen,LinkedIn,https://de.linkedin.com/jobs/view/prompt-engineer-m-w-d-%E2%80%93-starte-jetzt-in-deine-zukunft-mit-ki-at-mycareernow-gmbh-4290992143?position=2&pageNum=0&refId=SkPme76bswqJFyxE0oBteg%3D%3D&trackingId=Ut0TWQCNUHbJuTJUN25zSw%3D%3D,Not specified,2025-08-26 14:56:00.784372,2025-08-26,,de.linkedin.com/jobs/view/prompt-engineer-m-w-d-%E2%80%93-starte-jetzt-in-deine-zukunft-mit-ki-at-mycareernow-gmbh-4290992143
Prompt Engineer (m/w/d) – Starte jetzt in deine Zukunft mit KI,mycareernow GmbH,Lehrte,LinkedIn,https://de.linkedin.com/jobs/view/prompt-engineer-m-w-d-%E2%80%93-starte-jetzt-in-deine-zukunft-mit-ki-at-mycareernow-gmbh-4290952271?position=3&pageNum=0&refId=SkPme76bswqJFyxE0oBteg%3D%3D&trackingId=88AKYV14mHrXbungqe5G%2BQ%3D%3D,Not specified,2025-08-26 14:56:00.784467,2025-08-25,,de.linkedin.com/jobs/view/prompt-engineer-m-w-d-%E2%80%93-starte-jetzt-in-deine-zukunft-mit-ki-at-mycareernow-gmbh-4290952271
Prompt Engineer (m/w/d) – Starte jetzt in deine Zukunft mit KI,mycareernow GmbH,Neustadt am Rübenberge,LinkedIn,https://de.linkedin.com/jobs/view/prompt-engineer-m-w-d-%E2%80%93-starte-jetzt-in-deine-zukunft-mit-ki-at-mycareernow-gmbh-4290990571?position=4&pageNum=0&refId=SkPme76bswqJFyxE0oBteg%3D%3D&trackingId=IYnQyPrMMRAXcSMM%2FeUjKQ%3D%3D,Not specified,2025-08-26 14:56:00.784561,2025-08-26,,de.linkedin.com/jobs/view/prompt-engineer-m-w-d-%E2%80%93-starte-jetzt-in-deine-zukunft-mit-ki-at-mycareernow-gmbh-4290990571
Beruflicher Neustart? Starte durch als Prompt Engineer (m/w/d) – Jetzt bewerben!,mycareernow GmbH,Peine,LinkedIn,https://de.linkedin.com/jobs/view/beruflicher-neustart%3F-starte-durch-als-prompt-engineer-m-w-d-%E2%80%93-jetzt-bewerben%21-at-mycareernow-gmbh-4290990581?position=14&pageNum=0&refId=SkPme76bswqJFyxE0oBteg%3D%3D&trackingId=HVi8%2FewBirAfyw98XdB9gA%3D%3D,Not specified,2025-08-26 14:56:00.785532,2025-08-26,,de.linkedin.com/jobs/view/beruflicher-neustart%3F-starte-durch-als-prompt-engineer-m-w-d-%E2%80%93-jetzt-bewerben%21-at-mycareernow-gmbh-4290990581
IT-Consultant Conversational AI (all genders),adesso SE,Hannover,LinkedIn,https://de.linkedin.com/jobs/view/it-consultant-conversational-ai-all-genders-at-adesso-se-4078612652?position=27&pageNum=0&refId=SkPme76bswqJFyxE0oBteg%3D%3D&trackingId=Z6WiSpiGZQ47Q2EreZeraA%3D%3D,Not specified,2025-08-26 14:56:00.786738,2025-08-26,,de.linkedin.com/jobs/view/it-consultant-conversational-ai-all-genders-at-adesso-se-4078612652
