title,company,location,source,url,salary,scraped_at,posted_at,description,job_id
Senior Data Scientist,1inch,"Stuttgart, Baden-Württemberg, Germany",LinkedIn,https://de.linkedin.com/jobs/view/senior-data-scientist-at-1inch-4314513395?position=1&pageNum=0&refId=SZPjHMzHWfhpC4318Hkelw%3D%3D&trackingId=wZWBx%2F9UX0em06X2v3qJfQ%3D%3D,Not specified,2025-10-15 09:34:05.830432,2025-10-14,,de.linkedin.com/jobs/view/senior-data-scientist-at-1inch-4314513395
Data Science Consultant (m/w/d),INVENSITY,"Stuttgart, Baden-Württemberg, Germany",LinkedIn,https://de.linkedin.com/jobs/view/data-science-consultant-m-w-d-at-invensity-4311948636?position=2&pageNum=0&refId=SZPjHMzHWfhpC4318Hkelw%3D%3D&trackingId=PhPoEOEhARzQO8A97LkWEg%3D%3D,Not specified,2025-10-15 09:34:05.830655,2025-10-14,,de.linkedin.com/jobs/view/data-science-consultant-m-w-d-at-invensity-4311948636
Senior Data Scientist / AI Consultant (m/w/d),Gofore,Stuttgart Region,LinkedIn,https://de.linkedin.com/jobs/view/senior-data-scientist-ai-consultant-m-w-d-at-gofore-4311953360?position=3&pageNum=0&refId=SZPjHMzHWfhpC4318Hkelw%3D%3D&trackingId=nMf7Kp%2FYnDbmgh3XHJBRQA%3D%3D,Not specified,2025-10-15 09:34:05.830797,2025-10-14,,de.linkedin.com/jobs/view/senior-data-scientist-ai-consultant-m-w-d-at-gofore-4311953360
Computer Scientist / IT Specialist in Research Data Management (f/m/d),University of Hohenheim,"Stuttgart, Baden-Württemberg, Germany",LinkedIn,https://de.linkedin.com/jobs/view/computer-scientist-it-specialist-in-research-data-management-f-m-d-at-university-of-hohenheim-4314647824?position=4&pageNum=0&refId=SZPjHMzHWfhpC4318Hkelw%3D%3D&trackingId=%2BOwr690RPG4RMY8CuG%2FdyA%3D%3D,Not specified,2025-10-15 09:34:05.830927,2025-10-14,,de.linkedin.com/jobs/view/computer-scientist-it-specialist-in-research-data-management-f-m-d-at-university-of-hohenheim-4314647824
Computer Scientist / IT Specialist in Research Data Management (f/m/d),University of Hohenheim,"Stuttgart, Baden-Württemberg, Germany",LinkedIn,https://de.linkedin.com/jobs/view/computer-scientist-it-specialist-in-research-data-management-f-m-d-at-university-of-hohenheim-4312235298?position=5&pageNum=0&refId=SZPjHMzHWfhpC4318Hkelw%3D%3D&trackingId=SFaVnSe%2BODoEJOogS%2FjCRA%3D%3D,Not specified,2025-10-15 09:34:05.831056,2025-10-14,,de.linkedin.com/jobs/view/computer-scientist-it-specialist-in-research-data-management-f-m-d-at-university-of-hohenheim-4312235298
Cloud Solution Engineer – Data & AI,Microsoft,"Baden-Württemberg, Germany",LinkedIn,https://de.linkedin.com/jobs/view/cloud-solution-engineer-%E2%80%93-data-ai-at-microsoft-4314685013?position=6&pageNum=0&refId=SZPjHMzHWfhpC4318Hkelw%3D%3D&trackingId=Olfxw2rJ2rZZJC50yIYCrw%3D%3D,Not specified,2025-10-15 09:34:05.831188,2025-10-14,,de.linkedin.com/jobs/view/cloud-solution-engineer-%E2%80%93-data-ai-at-microsoft-4314685013
Softwarearchitekt Cloud Native,CompuSafe Data Systems AG,"Stuttgart, Baden-Württemberg, Germany",LinkedIn,https://de.linkedin.com/jobs/view/softwarearchitekt-cloud-native-at-compusafe-data-systems-ag-4311947886?position=7&pageNum=0&refId=SZPjHMzHWfhpC4318Hkelw%3D%3D&trackingId=QG1XqqT5LzrowE%2FG%2Bk0q2Q%3D%3D,Not specified,2025-10-15 09:34:05.831323,2025-10-14,,de.linkedin.com/jobs/view/softwarearchitekt-cloud-native-at-compusafe-data-systems-ag-4311947886
Flutter App-Entwickler (m/w/d),ELTAKO,"Fellbach, Baden-Württemberg, Germany",LinkedIn,https://de.linkedin.com/jobs/view/flutter-app-entwickler-m-w-d-at-eltako-4311953047?position=8&pageNum=0&refId=SZPjHMzHWfhpC4318Hkelw%3D%3D&trackingId=9gV2bDy4RdwY5lZYULcL2A%3D%3D,Not specified,2025-10-15 09:34:05.831453,2025-10-14,,de.linkedin.com/jobs/view/flutter-app-entwickler-m-w-d-at-eltako-4311953047
フルスタックエンジニア,Beff,"Stuttgart, Baden-Württemberg, Germany",LinkedIn,https://de.linkedin.com/jobs/view/%E3%83%95%E3%83%AB%E3%82%B9%E3%82%BF%E3%83%83%E3%82%AF%E3%82%A8%E3%83%B3%E3%82%B8%E3%83%8B%E3%82%A2-at-beff-4311962609?position=11&pageNum=0&refId=SZPjHMzHWfhpC4318Hkelw%3D%3D&trackingId=rEe84OXivMw5W2PSNokmeA%3D%3D,Not specified,2025-10-15 09:34:05.831820,2025-10-14,,de.linkedin.com/jobs/view/%E3%83%95%E3%83%AB%E3%82%B9%E3%82%BF%E3%83%83%E3%82%AF%E3%82%A8%E3%83%B3%E3%82%B8%E3%83%8B%E3%82%A2-at-beff-4311962609
Abschlussarbeit AI-based analysis and modelling industrial geometries (SS26),TRUMPF,"Ditzingen, Baden-Württemberg, Germany",LinkedIn,https://de.linkedin.com/jobs/view/abschlussarbeit-ai-based-analysis-and-modelling-industrial-geometries-ss26-at-trumpf-4314869380?position=13&pageNum=0&refId=SZPjHMzHWfhpC4318Hkelw%3D%3D&trackingId=fABADhWmfT7mnuo%2BSvrRZg%3D%3D,Not specified,2025-10-15 09:34:05.832054,2025-10-14,,de.linkedin.com/jobs/view/abschlussarbeit-ai-based-analysis-and-modelling-industrial-geometries-ss26-at-trumpf-4314869380
Abschlussarbeit im Bereich Robotik (SS26),TRUMPF,"Ditzingen, Baden-Württemberg, Germany",LinkedIn,https://de.linkedin.com/jobs/view/abschlussarbeit-im-bereich-robotik-ss26-at-trumpf-4314866385?position=15&pageNum=0&refId=SZPjHMzHWfhpC4318Hkelw%3D%3D&trackingId=l81iJEfqwNvhzwRl7ir7DQ%3D%3D,Not specified,2025-10-15 09:34:05.832292,2025-10-14,,de.linkedin.com/jobs/view/abschlussarbeit-im-bereich-robotik-ss26-at-trumpf-4314866385
Abschlussarbeit im Bereich der angewandten KI (SS26),TRUMPF,"Ditzingen, Baden-Württemberg, Germany",LinkedIn,https://de.linkedin.com/jobs/view/abschlussarbeit-im-bereich-der-angewandten-ki-ss26-at-trumpf-4314861582?position=27&pageNum=0&refId=SZPjHMzHWfhpC4318Hkelw%3D%3D&trackingId=0482K293ep%2Ft5KwtS0TbZg%3D%3D,Not specified,2025-10-15 09:34:05.833716,2025-10-14,,de.linkedin.com/jobs/view/abschlussarbeit-im-bereich-der-angewandten-ki-ss26-at-trumpf-4314861582
Abschlussarbeit Entwicklung eines Zugriffs-Konzepts für die HMI außerhalb der Maschine (SS26),TRUMPF,"Ditzingen, Baden-Württemberg, Germany",LinkedIn,https://de.linkedin.com/jobs/view/abschlussarbeit-entwicklung-eines-zugriffs-konzepts-f%C3%BCr-die-hmi-au%C3%9Ferhalb-der-maschine-ss26-at-trumpf-4314868339?position=28&pageNum=0&refId=SZPjHMzHWfhpC4318Hkelw%3D%3D&trackingId=9psCNdEk9LSgbAp1XkOOYw%3D%3D,Not specified,2025-10-15 09:34:05.833835,2025-10-14,,de.linkedin.com/jobs/view/abschlussarbeit-entwicklung-eines-zugriffs-konzepts-f%C3%BCr-die-hmi-au%C3%9Ferhalb-der-maschine-ss26-at-trumpf-4314868339
Data Engineer international,Harro Höfliger,"Allmersbach im Tal, Baden-Württemberg, Germany",LinkedIn,https://de.linkedin.com/jobs/view/data-engineer-international-at-harro-h%C3%B6fliger-4314677137?position=31&pageNum=0&refId=SZPjHMzHWfhpC4318Hkelw%3D%3D&trackingId=%2Fqb4MK5Wepz6mHtfvCAUEA%3D%3D,Not specified,2025-10-15 09:34:05.834190,2025-10-14,,de.linkedin.com/jobs/view/data-engineer-international-at-harro-h%C3%B6fliger-4314677137
Senior Testingenieur* Software (HiL),EDAG Group,"Mönsheim, Baden-Württemberg, Germany",LinkedIn,https://de.linkedin.com/jobs/view/senior-testingenieur-software-hil-at-edag-group-4314235895?position=34&pageNum=0&refId=SZPjHMzHWfhpC4318Hkelw%3D%3D&trackingId=lw%2BZ3tcyq5DGCz2HSGOgbA%3D%3D,Not specified,2025-10-15 09:34:05.834551,2025-10-14,,de.linkedin.com/jobs/view/senior-testingenieur-software-hil-at-edag-group-4314235895
Senior Entwickler Massendurchflussregler (MFC) | thermische Massendurchflusssensoren | Inhouse (mwd),Vesterling AG,"Stuttgart, Baden-Württemberg, Germany",LinkedIn,https://de.linkedin.com/jobs/view/senior-entwickler-massendurchflussregler-mfc-thermische-massendurchflusssensoren-inhouse-mwd-at-vesterling-ag-4232112851?position=36&pageNum=0&refId=SZPjHMzHWfhpC4318Hkelw%3D%3D&trackingId=vpzSugXV3JcWKjw1tt33Jg%3D%3D,Not specified,2025-10-15 09:34:05.834788,2025-10-14,,de.linkedin.com/jobs/view/senior-entwickler-massendurchflussregler-mfc-thermische-massendurchflusssensoren-inhouse-mwd-at-vesterling-ag-4232112851
Abschlussarbeit Unterstützung in der Weiterentwicklung eines digitalen Modells zum Training von KI-Modellen (SS26),TRUMPF,"Ditzingen, Baden-Württemberg, Germany",LinkedIn,https://de.linkedin.com/jobs/view/abschlussarbeit-unterst%C3%BCtzung-in-der-weiterentwicklung-eines-digitalen-modells-zum-training-von-ki-modellen-ss26-at-trumpf-4314862590?position=43&pageNum=0&refId=SZPjHMzHWfhpC4318Hkelw%3D%3D&trackingId=sNtJjd%2FmXv40VDDdG6rdEw%3D%3D,Not specified,2025-10-15 09:34:05.835614,2025-10-14,,de.linkedin.com/jobs/view/abschlussarbeit-unterst%C3%BCtzung-in-der-weiterentwicklung-eines-digitalen-modells-zum-training-von-ki-modellen-ss26-at-trumpf-4314862590
Abschlussarbeit im Bereich KI und digitale Modelle von Werkzeugmaschinen (SS26),TRUMPF,"Ditzingen, Baden-Württemberg, Germany",LinkedIn,https://de.linkedin.com/jobs/view/abschlussarbeit-im-bereich-ki-und-digitale-modelle-von-werkzeugmaschinen-ss26-at-trumpf-4314874285?position=46&pageNum=0&refId=SZPjHMzHWfhpC4318Hkelw%3D%3D&trackingId=8LW4r%2BFx4ustjt%2B0kecVYA%3D%3D,Not specified,2025-10-15 09:34:05.835950,2025-10-14,,de.linkedin.com/jobs/view/abschlussarbeit-im-bereich-ki-und-digitale-modelle-von-werkzeugmaschinen-ss26-at-trumpf-4314874285
Abschlussarbeit in der Entwicklung von Prozesssensorik beim Laserschneiden (SS26),TRUMPF,"Ditzingen, Baden-Württemberg, Germany",LinkedIn,https://de.linkedin.com/jobs/view/abschlussarbeit-in-der-entwicklung-von-prozesssensorik-beim-laserschneiden-ss26-at-trumpf-4314869375?position=47&pageNum=0&refId=SZPjHMzHWfhpC4318Hkelw%3D%3D&trackingId=4%2Fau9QBBrCUW%2FfmYH5cO3A%3D%3D,Not specified,2025-10-15 09:34:05.836061,2025-10-14,,de.linkedin.com/jobs/view/abschlussarbeit-in-der-entwicklung-von-prozesssensorik-beim-laserschneiden-ss26-at-trumpf-4314869375
Deputy Lead Integration & Validation Engineer (w/m/d),YER Deutschland,"Stuttgart, Baden-Württemberg, Germany",LinkedIn,https://de.linkedin.com/jobs/view/deputy-lead-integration-validation-engineer-w-m-d-at-yer-deutschland-4311487442?position=56&pageNum=0&refId=SZPjHMzHWfhpC4318Hkelw%3D%3D&trackingId=xjaiYUnxNSFvEtGh%2FcfOXA%3D%3D,Not specified,2025-10-15 09:34:05.837100,2025-10-14,,de.linkedin.com/jobs/view/deputy-lead-integration-validation-engineer-w-m-d-at-yer-deutschland-4311487442
"Data Scientist, Supply, Supply",Vinted,"Berlin, Berlin, Germany",LinkedIn,https://de.linkedin.com/jobs/view/data-scientist-supply-supply-at-vinted-4314614540?position=1&pageNum=0&refId=8terYyAxWJGPS%2FLLC0wDbw%3D%3D&trackingId=1rgFe11Gxb71XA1%2Bp1nQ7Q%3D%3D,Not specified,2025-10-15 09:34:08.798079,2025-10-14,,de.linkedin.com/jobs/view/data-scientist-supply-supply-at-vinted-4314614540
Staff Data Scientist - (Quick Commerce),Delivery Hero,"Berlin, Berlin, Germany",LinkedIn,https://de.linkedin.com/jobs/view/staff-data-scientist-quick-commerce-at-delivery-hero-4242992273?position=2&pageNum=0&refId=8terYyAxWJGPS%2FLLC0wDbw%3D%3D&trackingId=jLA0eTJ3aKLQ2e3%2Bfzefaw%3D%3D,Not specified,2025-10-15 09:34:08.798221,2025-10-14,,de.linkedin.com/jobs/view/staff-data-scientist-quick-commerce-at-delivery-hero-4242992273
"Data Scientist, Germany - BCG X",BCG X,"Berlin, Berlin, Germany",LinkedIn,https://de.linkedin.com/jobs/view/data-scientist-germany-bcg-x-at-bcg-x-4303681880?position=3&pageNum=0&refId=8terYyAxWJGPS%2FLLC0wDbw%3D%3D&trackingId=U2mSijmutTtFcURWYZp5Aw%3D%3D,Not specified,2025-10-15 09:34:08.798347,2025-10-14,,de.linkedin.com/jobs/view/data-scientist-germany-bcg-x-at-bcg-x-4303681880
Data Scientist,Norwegian Refugee Council,"Berlin, Germany",LinkedIn,https://de.linkedin.com/jobs/view/data-scientist-at-norwegian-refugee-council-4314259209?position=4&pageNum=0&refId=8terYyAxWJGPS%2FLLC0wDbw%3D%3D&trackingId=BLx0Xvk91PsVxMEwy%2FZEfQ%3D%3D,Not specified,2025-10-15 09:34:08.798471,2025-10-14,,de.linkedin.com/jobs/view/data-scientist-at-norwegian-refugee-council-4314259209
Senior Search ML Engineer - NLP,RavenPack,"Berlin, Germany",LinkedIn,https://de.linkedin.com/jobs/view/senior-search-ml-engineer-nlp-at-ravenpack-4304778626?position=5&pageNum=0&refId=8terYyAxWJGPS%2FLLC0wDbw%3D%3D&trackingId=oI182%2FUH4U0BhD8yPdq%2FUg%3D%3D,Not specified,2025-10-15 09:34:08.798592,2025-10-14,,de.linkedin.com/jobs/view/senior-search-ml-engineer-nlp-at-ravenpack-4304778626
Senior Data Scientist,Almedia,"Berlin, Berlin, Germany",LinkedIn,https://de.linkedin.com/jobs/view/senior-data-scientist-at-almedia-4315103245?position=6&pageNum=0&refId=8terYyAxWJGPS%2FLLC0wDbw%3D%3D&trackingId=VRzUSzTqq9dokOO%2FTlwZXQ%3D%3D,Not specified,2025-10-15 09:34:08.798718,2025-10-15,,de.linkedin.com/jobs/view/senior-data-scientist-at-almedia-4315103245
"Senior Machine Learning Engineer, Search",SoundCloud,"Berlin, Berlin, Germany",LinkedIn,https://de.linkedin.com/jobs/view/senior-machine-learning-engineer-search-at-soundcloud-4314814146?position=7&pageNum=0&refId=8terYyAxWJGPS%2FLLC0wDbw%3D%3D&trackingId=owSGpQko7GO7L4NmukXjeg%3D%3D,Not specified,2025-10-15 09:34:08.798840,2025-10-14,,de.linkedin.com/jobs/view/senior-machine-learning-engineer-search-at-soundcloud-4314814146
Data Scientist mit AI Fokus (w/m/x),IBM iX DACH,"Berlin, Germany",LinkedIn,https://de.linkedin.com/jobs/view/data-scientist-mit-ai-fokus-w-m-x-at-ibm-ix-dach-4300642997?position=8&pageNum=0&refId=8terYyAxWJGPS%2FLLC0wDbw%3D%3D&trackingId=vit1VfrpUphJu1q%2Fewv6eA%3D%3D,Not specified,2025-10-15 09:34:08.798964,2025-10-14,,de.linkedin.com/jobs/view/data-scientist-mit-ai-fokus-w-m-x-at-ibm-ix-dach-4300642997
Data Scientist Verkehrsmodellierung (m/w/d),NOW GmbH,"Berlin, Germany",LinkedIn,https://de.linkedin.com/jobs/view/data-scientist-verkehrsmodellierung-m-w-d-at-now-gmbh-4314257316?position=9&pageNum=0&refId=8terYyAxWJGPS%2FLLC0wDbw%3D%3D&trackingId=knMGlEmBuhkU%2F8%2Fb5eMn1g%3D%3D,Not specified,2025-10-15 09:34:08.799085,2025-10-14,,de.linkedin.com/jobs/view/data-scientist-verkehrsmodellierung-m-w-d-at-now-gmbh-4314257316
Senior Search Engineer - ML,RavenPack,"Berlin, Germany",LinkedIn,https://de.linkedin.com/jobs/view/senior-search-engineer-ml-at-ravenpack-4294484108?position=10&pageNum=0&refId=8terYyAxWJGPS%2FLLC0wDbw%3D%3D&trackingId=t8gFTC4cxHWeljrZxH2RIQ%3D%3D,Not specified,2025-10-15 09:34:08.799205,2025-10-14,,de.linkedin.com/jobs/view/senior-search-engineer-ml-at-ravenpack-4294484108
"AI Engineer, Germany - BCG X",BCG X,"Berlin, Berlin, Germany",LinkedIn,https://de.linkedin.com/jobs/view/ai-engineer-germany-bcg-x-at-bcg-x-4303686126?position=11&pageNum=0&refId=8terYyAxWJGPS%2FLLC0wDbw%3D%3D&trackingId=TNzxnf%2BTGK%2BHzmVyR9a9Jw%3D%3D,Not specified,2025-10-15 09:34:08.799325,2025-10-14,,de.linkedin.com/jobs/view/ai-engineer-germany-bcg-x-at-bcg-x-4303686126
AI Engineer (Agentic Systems & Infrastructure),Instaffo,"Berlin, Berlin, Germany",LinkedIn,https://de.linkedin.com/jobs/view/ai-engineer-agentic-systems-infrastructure-at-instaffo-4314898115?position=14&pageNum=0&refId=8terYyAxWJGPS%2FLLC0wDbw%3D%3D&trackingId=Su5r5zj9bxpIsK4jHg8gYA%3D%3D,Not specified,2025-10-15 09:34:08.799693,2025-10-15,,de.linkedin.com/jobs/view/ai-engineer-agentic-systems-infrastructure-at-instaffo-4314898115
Cloud Solution Engineer – Data & AI,Microsoft,"Berlin, Berlin, Germany",LinkedIn,https://de.linkedin.com/jobs/view/cloud-solution-engineer-%E2%80%93-data-ai-at-microsoft-4314676251?position=15&pageNum=0&refId=8terYyAxWJGPS%2FLLC0wDbw%3D%3D&trackingId=av2iUlvhwFBOP1izFQC8Eg%3D%3D,Not specified,2025-10-15 09:34:08.799817,2025-10-14,,de.linkedin.com/jobs/view/cloud-solution-engineer-%E2%80%93-data-ai-at-microsoft-4314676251
Full Stack Engineer - AI Software Start-up,Glorya GmbH,"Berlin, Berlin, Germany",LinkedIn,https://de.linkedin.com/jobs/view/full-stack-engineer-ai-software-start-up-at-glorya-gmbh-4312250437?position=17&pageNum=0&refId=8terYyAxWJGPS%2FLLC0wDbw%3D%3D&trackingId=K%2B2%2Fn3xkoS4VPhNyHd5tsg%3D%3D,Not specified,2025-10-15 09:34:08.800046,2025-10-15,,de.linkedin.com/jobs/view/full-stack-engineer-ai-software-start-up-at-glorya-gmbh-4312250437
"Lead AI Engineer - Germany, Spain, Czechia (Remote)",Vista,"Berlin, Berlin, Germany",LinkedIn,https://de.linkedin.com/jobs/view/lead-ai-engineer-germany-spain-czechia-remote-at-vista-4314669666?position=21&pageNum=0&refId=8terYyAxWJGPS%2FLLC0wDbw%3D%3D&trackingId=JurRkD0WY6zU%2BxcxpgKfkA%3D%3D,Not specified,2025-10-15 09:34:08.800509,2025-10-14,,de.linkedin.com/jobs/view/lead-ai-engineer-germany-spain-czechia-remote-at-vista-4314669666
Analytics Engineer,Almedia,"Berlin, Berlin, Germany",LinkedIn,https://de.linkedin.com/jobs/view/analytics-engineer-at-almedia-4314892468?position=24&pageNum=0&refId=8terYyAxWJGPS%2FLLC0wDbw%3D%3D&trackingId=WeOn%2FCNBdzuHWq4wVw80Fg%3D%3D,Not specified,2025-10-15 09:34:08.800850,2025-10-15,,de.linkedin.com/jobs/view/analytics-engineer-at-almedia-4314892468
Principal Engineer - AdTech Specialist,Delivery Hero,"Berlin, Berlin, Germany",LinkedIn,https://de.linkedin.com/jobs/view/principal-engineer-adtech-specialist-at-delivery-hero-4314275895?position=28&pageNum=0&refId=8terYyAxWJGPS%2FLLC0wDbw%3D%3D&trackingId=uSGMh%2F1s9%2F70huOQy35%2FkA%3D%3D,Not specified,2025-10-15 09:34:08.801325,2025-10-14,,de.linkedin.com/jobs/view/principal-engineer-adtech-specialist-at-delivery-hero-4314275895
Fullstack Developer (m/w/d),STAYERY.,"Berlin, Berlin, Germany",LinkedIn,https://de.linkedin.com/jobs/view/fullstack-developer-m-w-d-at-stayery-4314656880?position=29&pageNum=0&refId=8terYyAxWJGPS%2FLLC0wDbw%3D%3D&trackingId=U%2BIlQhgyMwSTJrveDsyEUQ%3D%3D,Not specified,2025-10-15 09:34:08.801441,2025-10-14,,de.linkedin.com/jobs/view/fullstack-developer-m-w-d-at-stayery-4314656880
Front-End-Entwickler:in,Kaiser Personalberatung GmbH,"Berlin, Germany",LinkedIn,https://de.linkedin.com/jobs/view/front-end-entwickler-in-at-kaiser-personalberatung-gmbh-4314593534?position=30&pageNum=0&refId=8terYyAxWJGPS%2FLLC0wDbw%3D%3D&trackingId=jzTJU%2BDwb6OdBC6I2%2BmWcQ%3D%3D,Not specified,2025-10-15 09:34:08.801558,2025-10-15,,de.linkedin.com/jobs/view/front-end-entwickler-in-at-kaiser-personalberatung-gmbh-4314593534
(Senior) Backend Engineer (f/m/d) - Python,Aleph Alpha,"Berlin, Berlin, Germany",LinkedIn,https://de.linkedin.com/jobs/view/senior-backend-engineer-f-m-d-python-at-aleph-alpha-4301784236?position=33&pageNum=0&refId=8terYyAxWJGPS%2FLLC0wDbw%3D%3D&trackingId=ccI4w8uDixH3HtAykht2Zw%3D%3D,Not specified,2025-10-15 09:34:08.801901,2025-10-14,,de.linkedin.com/jobs/view/senior-backend-engineer-f-m-d-python-at-aleph-alpha-4301784236
"Software Development Engineer, AWS Fraud Prevention",Amazon Web Services (AWS),"Berlin, Germany",LinkedIn,https://de.linkedin.com/jobs/view/software-development-engineer-aws-fraud-prevention-at-amazon-web-services-aws-4304434406?position=41&pageNum=0&refId=8terYyAxWJGPS%2FLLC0wDbw%3D%3D&trackingId=fFOFD27Pxzi7z8Ky2TyDfQ%3D%3D,Not specified,2025-10-15 09:34:08.802836,2025-10-14,,de.linkedin.com/jobs/view/software-development-engineer-aws-fraud-prevention-at-amazon-web-services-aws-4304434406
AI Engineer (LLMs + Knowledge Graphs) (m/f/d),Pinnipedia Technologies,"Berlin, Berlin, Germany",LinkedIn,https://de.linkedin.com/jobs/view/ai-engineer-llms-%2B-knowledge-graphs-m-f-d-at-pinnipedia-technologies-4311986172?position=45&pageNum=0&refId=8terYyAxWJGPS%2FLLC0wDbw%3D%3D&trackingId=6SiuwUG6Of8kK73CDzzjFw%3D%3D,Not specified,2025-10-15 09:34:08.803307,2025-10-14,,de.linkedin.com/jobs/view/ai-engineer-llms-%2B-knowledge-graphs-m-f-d-at-pinnipedia-technologies-4311986172
XR-Entwickler*in,Technische Hochschule Wildau,"Berlin, Berlin, Germany",LinkedIn,https://de.linkedin.com/jobs/view/xr-entwickler-in-at-technische-hochschule-wildau-4311936968?position=46&pageNum=0&refId=8terYyAxWJGPS%2FLLC0wDbw%3D%3D&trackingId=xUY2vJxhJZGq9bMNh7J4iQ%3D%3D,Not specified,2025-10-15 09:34:08.803430,2025-10-14,,de.linkedin.com/jobs/view/xr-entwickler-in-at-technische-hochschule-wildau-4311936968
Full-Stack Software Entwickler,BIOTRONIK,"Berlin, Berlin, Germany",LinkedIn,https://de.linkedin.com/jobs/view/full-stack-software-entwickler-at-biotronik-4304693421?position=49&pageNum=0&refId=8terYyAxWJGPS%2FLLC0wDbw%3D%3D&trackingId=QaU1MBSiuWiDpYG5BSKMIw%3D%3D,Not specified,2025-10-15 09:34:08.803781,2025-10-14,,de.linkedin.com/jobs/view/full-stack-software-entwickler-at-biotronik-4304693421
(Senior) Flutter Engineer (f/m/x),Enpal,"Berlin, Berlin, Germany",LinkedIn,https://de.linkedin.com/jobs/view/senior-flutter-engineer-f-m-x-at-enpal-4311955040?position=53&pageNum=0&refId=8terYyAxWJGPS%2FLLC0wDbw%3D%3D&trackingId=mAyf9pLabsWDxtir1OZ%2FJA%3D%3D,Not specified,2025-10-15 09:34:08.804230,2025-10-14,,de.linkedin.com/jobs/view/senior-flutter-engineer-f-m-x-at-enpal-4311955040
Backend Engineer,Kleinanzeigen,"Berlin, Berlin, Germany",LinkedIn,https://de.linkedin.com/jobs/view/backend-engineer-at-kleinanzeigen-4314804855?position=58&pageNum=0&refId=8terYyAxWJGPS%2FLLC0wDbw%3D%3D&trackingId=dkROGjYN5rDvLSNpDMvxRQ%3D%3D,Not specified,2025-10-15 09:34:08.804807,2025-10-14,,de.linkedin.com/jobs/view/backend-engineer-at-kleinanzeigen-4314804855
Solution Engineer (m/w/d) für Softwareentwicklung in Vertriebsfällen,CONTACT Software,"Berlin, Berlin, Germany",LinkedIn,https://de.linkedin.com/jobs/view/solution-engineer-m-w-d-f%C3%BCr-softwareentwicklung-in-vertriebsf%C3%A4llen-at-contact-software-4184632152?position=59&pageNum=0&refId=8terYyAxWJGPS%2FLLC0wDbw%3D%3D&trackingId=CatHXjFJALnFXaKyslEuqw%3D%3D,Not specified,2025-10-15 09:34:08.804923,2025-10-14,,de.linkedin.com/jobs/view/solution-engineer-m-w-d-f%C3%BCr-softwareentwicklung-in-vertriebsf%C3%A4llen-at-contact-software-4184632152
Kubernetes Platform Engineer (all genders),DATAGROUP Enterprise,"Berlin, Berlin, Germany",LinkedIn,https://de.linkedin.com/jobs/view/kubernetes-platform-engineer-all-genders-at-datagroup-enterprise-4314544230?position=60&pageNum=0&refId=8terYyAxWJGPS%2FLLC0wDbw%3D%3D&trackingId=p0GbQXbEVnltIhcSTwxHmw%3D%3D,Not specified,2025-10-15 09:34:08.805040,2025-10-14,,de.linkedin.com/jobs/view/kubernetes-platform-engineer-all-genders-at-datagroup-enterprise-4314544230
"Data Scientist, Germany - BCG X",BCG X,"Frankfurt, Hesse, Germany",LinkedIn,https://de.linkedin.com/jobs/view/data-scientist-germany-bcg-x-at-bcg-x-4303673981?position=1&pageNum=0&refId=3wLqImQ3ArHiKSh34NJWbg%3D%3D&trackingId=TZKlWOUnwhm09pucK16S3A%3D%3D,Not specified,2025-10-15 09:34:11.784205,2025-10-14,,de.linkedin.com/jobs/view/data-scientist-germany-bcg-x-at-bcg-x-4303673981
"AI Engineer – Python, LLMs, NLP, Machine Learning – Frankfurt / Hybrid – €90–100K",Findr,"Frankfurt am Main, Hesse, Germany",LinkedIn,https://de.linkedin.com/jobs/view/ai-engineer-%E2%80%93-python-llms-nlp-machine-learning-%E2%80%93-frankfurt-hybrid-%E2%80%93-%E2%82%AC90%E2%80%93100k-at-findr-4314665867?position=2&pageNum=0&refId=3wLqImQ3ArHiKSh34NJWbg%3D%3D&trackingId=Gb0NOm5qpPjwpMwtGc2YkQ%3D%3D,Not specified,2025-10-15 09:34:11.784316,2025-10-14,,de.linkedin.com/jobs/view/ai-engineer-%E2%80%93-python-llms-nlp-machine-learning-%E2%80%93-frankfurt-hybrid-%E2%80%93-%E2%82%AC90%E2%80%93100k-at-findr-4314665867
Senior Search ML Engineer - NLP,RavenPack,Frankfurt Rhine-Main Metropolitan Area,LinkedIn,https://de.linkedin.com/jobs/view/senior-search-ml-engineer-nlp-at-ravenpack-4304779778?position=3&pageNum=0&refId=3wLqImQ3ArHiKSh34NJWbg%3D%3D&trackingId=ZhtFwVvQD7aRS2cpHq5g5Q%3D%3D,Not specified,2025-10-15 09:34:11.784420,2025-10-14,,de.linkedin.com/jobs/view/senior-search-ml-engineer-nlp-at-ravenpack-4304779778
Senior Search Engineer - ML,RavenPack,"Frankfurt, Hesse, Germany",LinkedIn,https://de.linkedin.com/jobs/view/senior-search-engineer-ml-at-ravenpack-4294490133?position=5&pageNum=0&refId=3wLqImQ3ArHiKSh34NJWbg%3D%3D&trackingId=Rrjpm1qSKnfMpXeR8VMAdA%3D%3D,Not specified,2025-10-15 09:34:11.784611,2025-10-14,,de.linkedin.com/jobs/view/senior-search-engineer-ml-at-ravenpack-4294490133
Senior Python Developer (f/m/x),Deutsche Bank,"Frankfurt, Hesse, Germany",LinkedIn,https://de.linkedin.com/jobs/view/senior-python-developer-f-m-x-at-deutsche-bank-4314820924?position=6&pageNum=0&refId=3wLqImQ3ArHiKSh34NJWbg%3D%3D&trackingId=PPs%2FuPQ%2BxqjlbidylayCnA%3D%3D,Not specified,2025-10-15 09:34:11.784712,2025-10-14,,de.linkedin.com/jobs/view/senior-python-developer-f-m-x-at-deutsche-bank-4314820924
"AI Engineer, Germany - BCG X",BCG X,"Frankfurt, Hesse, Germany",LinkedIn,https://de.linkedin.com/jobs/view/ai-engineer-germany-bcg-x-at-bcg-x-4303693088?position=7&pageNum=0&refId=3wLqImQ3ArHiKSh34NJWbg%3D%3D&trackingId=0PSUL08UqKkhCWmXNk2yxw%3D%3D,Not specified,2025-10-15 09:34:11.784809,2025-10-14,,de.linkedin.com/jobs/view/ai-engineer-germany-bcg-x-at-bcg-x-4303693088
Data Center Plant Engineer,Google,"Frankfurt am Main, Hesse, Germany",LinkedIn,https://de.linkedin.com/jobs/view/data-center-plant-engineer-at-google-4314708460?position=9&pageNum=0&refId=3wLqImQ3ArHiKSh34NJWbg%3D%3D&trackingId=1f%2FKX0K3BMMoqNBdqtuQrg%3D%3D,Not specified,2025-10-15 09:34:11.785004,2025-10-15,,de.linkedin.com/jobs/view/data-center-plant-engineer-at-google-4314708460
Junior Java Entwickler (Frankfurt),Zero to One Search | Recruitment Agency,"Frankfurt am Main, Hesse, Germany",LinkedIn,https://de.linkedin.com/jobs/view/junior-java-entwickler-frankfurt-at-zero-to-one-search-recruitment-agency-4312239777?position=11&pageNum=0&refId=3wLqImQ3ArHiKSh34NJWbg%3D%3D&trackingId=gIn6t6JUzHJ7aAcySzHkLQ%3D%3D,Not specified,2025-10-15 09:34:11.785198,2025-10-15,,de.linkedin.com/jobs/view/junior-java-entwickler-frankfurt-at-zero-to-one-search-recruitment-agency-4312239777
Software Developer Process Automation (m/w/d) - BU2,Live Reply DE,"Frankfurt, Hesse, Germany",LinkedIn,https://de.linkedin.com/jobs/view/software-developer-process-automation-m-w-d-bu2-at-live-reply-de-4311956574?position=12&pageNum=0&refId=3wLqImQ3ArHiKSh34NJWbg%3D%3D&trackingId=ZxPoiN5HLgr%2FWwjmb6OmUA%3D%3D,Not specified,2025-10-15 09:34:11.785295,2025-10-14,,de.linkedin.com/jobs/view/software-developer-process-automation-m-w-d-bu2-at-live-reply-de-4311956574
Junior Anwendungsentwickler (m/w/d),Randstad Digital,"Frankfurt am Main, Hesse, Germany",LinkedIn,https://de.linkedin.com/jobs/view/junior-anwendungsentwickler-m-w-d-at-randstad-digital-4311987107?position=13&pageNum=0&refId=3wLqImQ3ArHiKSh34NJWbg%3D%3D&trackingId=lGvQTi8Nrq4eNxCkK9riKA%3D%3D,Not specified,2025-10-15 09:34:11.785387,2025-10-14,,de.linkedin.com/jobs/view/junior-anwendungsentwickler-m-w-d-at-randstad-digital-4311987107
Junior PHP Developer – Frankfurt – Build the Future of Payments with AI,Findr,"Frankfurt am Main, Hesse, Germany",LinkedIn,https://de.linkedin.com/jobs/view/junior-php-developer-%E2%80%93-frankfurt-%E2%80%93-build-the-future-of-payments-with-ai-at-findr-4314680341?position=15&pageNum=0&refId=3wLqImQ3ArHiKSh34NJWbg%3D%3D&trackingId=XHov0hh7e8Ovy7hK7unDGw%3D%3D,Not specified,2025-10-15 09:34:11.785580,2025-10-14,,de.linkedin.com/jobs/view/junior-php-developer-%E2%80%93-frankfurt-%E2%80%93-build-the-future-of-payments-with-ai-at-findr-4314680341
SPS-Programmierer (m/w/d) - Rockwell/ Allen Bradley,Schotstek GmbH,"Frankfurt, Hesse, Germany",LinkedIn,https://de.linkedin.com/jobs/view/sps-programmierer-m-w-d-rockwell-allen-bradley-at-schotstek-gmbh-2148450900?position=16&pageNum=0&refId=3wLqImQ3ArHiKSh34NJWbg%3D%3D&trackingId=lq55Vld8kZZp7rYsCfjciQ%3D%3D,Not specified,2025-10-15 09:34:11.785676,2025-10-14,,de.linkedin.com/jobs/view/sps-programmierer-m-w-d-rockwell-allen-bradley-at-schotstek-gmbh-2148450900
Softwareentwickler Automatisierungsspezialist (m/w/d),Manroland Sheetfed,"Offenbach, Hesse, Germany",LinkedIn,https://de.linkedin.com/jobs/view/softwareentwickler-automatisierungsspezialist-m-w-d-at-manroland-sheetfed-4311954028?position=17&pageNum=0&refId=3wLqImQ3ArHiKSh34NJWbg%3D%3D&trackingId=sHMhI376R%2FNvy4qTFjFV%2FA%3D%3D,Not specified,2025-10-15 09:34:11.785772,2025-10-14,,de.linkedin.com/jobs/view/softwareentwickler-automatisierungsspezialist-m-w-d-at-manroland-sheetfed-4311954028
Junior PHP Entwickler (Frankfurt),Zero to One Search | Recruitment Agency,"Frankfurt am Main, Hesse, Germany",LinkedIn,https://de.linkedin.com/jobs/view/junior-php-entwickler-frankfurt-at-zero-to-one-search-recruitment-agency-4312260520?position=19&pageNum=0&refId=3wLqImQ3ArHiKSh34NJWbg%3D%3D&trackingId=1EY04HE2DmM5cE%2FP3pX0MQ%3D%3D,Not specified,2025-10-15 09:34:11.785970,2025-10-15,,de.linkedin.com/jobs/view/junior-php-entwickler-frankfurt-at-zero-to-one-search-recruitment-agency-4312260520
Software Architect AI (all genders),adesso SE,"Frankfurt, Hesse, Germany",LinkedIn,https://de.linkedin.com/jobs/view/software-architect-ai-all-genders-at-adesso-se-3877899849?position=21&pageNum=0&refId=3wLqImQ3ArHiKSh34NJWbg%3D%3D&trackingId=0ZHeQunLO28BB8wj9qhhfA%3D%3D,Not specified,2025-10-15 09:34:11.786160,2025-10-14,,de.linkedin.com/jobs/view/software-architect-ai-all-genders-at-adesso-se-3877899849
"Data Engineer Team Lead - €110,000 – Big Data, Java, NoSQL, Kubernetes, AWS",Findr,"Frankfurt am Main, Hesse, Germany",LinkedIn,https://de.linkedin.com/jobs/view/data-engineer-team-lead-%E2%82%AC110-000-%E2%80%93-big-data-java-nosql-kubernetes-aws-at-findr-4314666760?position=22&pageNum=0&refId=3wLqImQ3ArHiKSh34NJWbg%3D%3D&trackingId=AGC4sNOFwED1znm8cep4YQ%3D%3D,Not specified,2025-10-15 09:34:11.786256,2025-10-14,,de.linkedin.com/jobs/view/data-engineer-team-lead-%E2%82%AC110-000-%E2%80%93-big-data-java-nosql-kubernetes-aws-at-findr-4314666760
(Senior) Developer Process Automation ServiceNow (m/w/d) - BU2,Live Reply DE,"Frankfurt, Hesse, Germany",LinkedIn,https://de.linkedin.com/jobs/view/senior-developer-process-automation-servicenow-m-w-d-bu2-at-live-reply-de-4311956571?position=23&pageNum=0&refId=3wLqImQ3ArHiKSh34NJWbg%3D%3D&trackingId=rm7p6HzC58YI8rN2lvctTQ%3D%3D,Not specified,2025-10-15 09:34:11.786352,2025-10-14,,de.linkedin.com/jobs/view/senior-developer-process-automation-servicenow-m-w-d-bu2-at-live-reply-de-4311956571
Full Stack Engineer - Google Cloud (all genders),adesso SE,"Frankfurt, Hesse, Germany",LinkedIn,https://de.linkedin.com/jobs/view/full-stack-engineer-google-cloud-all-genders-at-adesso-se-3733043255?position=25&pageNum=0&refId=3wLqImQ3ArHiKSh34NJWbg%3D%3D&trackingId=Qa5l3Vlje%2BMbvMeMHErHpQ%3D%3D,Not specified,2025-10-15 09:34:11.786543,2025-10-14,,de.linkedin.com/jobs/view/full-stack-engineer-google-cloud-all-genders-at-adesso-se-3733043255
Senior GenAI Engineer,Capco,"Frankfurt am Main, Hesse, Germany",LinkedIn,https://de.linkedin.com/jobs/view/senior-genai-engineer-at-capco-4303881973?position=26&pageNum=0&refId=3wLqImQ3ArHiKSh34NJWbg%3D%3D&trackingId=xH7XL6Gd3K2bQJq8idfa1A%3D%3D,Not specified,2025-10-15 09:34:11.786636,2025-10-14,,de.linkedin.com/jobs/view/senior-genai-engineer-at-capco-4303881973
"Senior Software Developer (C#/.NET.8) Greenfield projects / Migrations C++ –  (90% Home-office) Bis Zu - 80,000€",Optimus Search,"Wiesbaden, Hesse, Germany",LinkedIn,https://de.linkedin.com/jobs/view/senior-software-developer-c%23-net-8-greenfield-projects-migrations-c%2B%2B-%E2%80%93-90%25-home-office-bis-zu-80-000%E2%82%AC-at-optimus-search-4312209272?position=27&pageNum=0&refId=3wLqImQ3ArHiKSh34NJWbg%3D%3D&trackingId=gY8YskUB46K7RyIi4O7%2BJg%3D%3D,Not specified,2025-10-15 09:34:11.786732,2025-10-14,,de.linkedin.com/jobs/view/senior-software-developer-c%23-net-8-greenfield-projects-migrations-c%2B%2B-%E2%80%93-90%25-home-office-bis-zu-80-000%E2%82%AC-at-optimus-search-4312209272
ServiceNow Entwickler,ALTEN Germany,Frankfurt Rhine-Main Metropolitan Area,LinkedIn,https://de.linkedin.com/jobs/view/servicenow-entwickler-at-alten-germany-4285530908?position=28&pageNum=0&refId=3wLqImQ3ArHiKSh34NJWbg%3D%3D&trackingId=0fkHXTTqClsj6MK9iILflQ%3D%3D,Not specified,2025-10-15 09:34:11.786825,2025-10-14,,de.linkedin.com/jobs/view/servicenow-entwickler-at-alten-germany-4285530908
Senior Full Stack Engineer,Optimus Search,"Frankfurt, Hesse, Germany",LinkedIn,https://de.linkedin.com/jobs/view/senior-full-stack-engineer-at-optimus-search-4311982307?position=29&pageNum=0&refId=3wLqImQ3ArHiKSh34NJWbg%3D%3D&trackingId=aH7vUcuk%2F4AAIiO3%2F0%2FcHg%3D%3D,Not specified,2025-10-15 09:34:11.786922,2025-10-14,,de.linkedin.com/jobs/view/senior-full-stack-engineer-at-optimus-search-4311982307
Software Developer ServiceNow (all genders),adesso SE,"Frankfurt, Hesse, Germany",LinkedIn,https://de.linkedin.com/jobs/view/software-developer-servicenow-all-genders-at-adesso-se-4103370991?position=30&pageNum=0&refId=3wLqImQ3ArHiKSh34NJWbg%3D%3D&trackingId=Qr8fDsAiUnNv79sZQUJq7A%3D%3D,Not specified,2025-10-15 09:34:11.787021,2025-10-14,,de.linkedin.com/jobs/view/software-developer-servicenow-all-genders-at-adesso-se-4103370991
TYPO3 Backend Entwickler (m/w/d),DFV Deutsche Familienversicherung AG,"Frankfurt am Main, Hesse, Germany",LinkedIn,https://de.linkedin.com/jobs/view/typo3-backend-entwickler-m-w-d-at-dfv-deutsche-familienversicherung-ag-4314716148?position=31&pageNum=0&refId=3wLqImQ3ArHiKSh34NJWbg%3D%3D&trackingId=0hjjX7Q0xuC%2FupwpsC8HXA%3D%3D,Not specified,2025-10-15 09:34:11.787118,2025-10-15,,de.linkedin.com/jobs/view/typo3-backend-entwickler-m-w-d-at-dfv-deutsche-familienversicherung-ag-4314716148
"Senior Developer/Software Architect – Java, Spring Boot, Kubernetes, Cloud - Frankfurt - €90-100K",Findr,Frankfurt Rhine-Main Metropolitan Area,LinkedIn,https://de.linkedin.com/jobs/view/senior-developer-software-architect-%E2%80%93-java-spring-boot-kubernetes-cloud-frankfurt-%E2%82%AC90-100k-at-findr-4314678603?position=32&pageNum=0&refId=3wLqImQ3ArHiKSh34NJWbg%3D%3D&trackingId=dIiPOViSIhq%2BUMe558aj3Q%3D%3D,Not specified,2025-10-15 09:34:11.787214,2025-10-14,,de.linkedin.com/jobs/view/senior-developer-software-architect-%E2%80%93-java-spring-boot-kubernetes-cloud-frankfurt-%E2%82%AC90-100k-at-findr-4314678603
Lead Integration Engineer (m/w/d),JACK WOLFSKIN,"Idstein, Hesse, Germany",LinkedIn,https://de.linkedin.com/jobs/view/lead-integration-engineer-m-w-d-at-jack-wolfskin-4315123531?position=33&pageNum=0&refId=3wLqImQ3ArHiKSh34NJWbg%3D%3D&trackingId=13PpcrhgpqJa7dTW9A%2FjjQ%3D%3D,Not specified,2025-10-15 09:34:11.787311,2025-10-15,,de.linkedin.com/jobs/view/lead-integration-engineer-m-w-d-at-jack-wolfskin-4315123531
"Senior Software Developer (C#/.NET.8) Greenfield projects / Migrations C++ –  (90% Home-office) Bis Zu - 85,000€",Optimus Search,"Hanau am Main, Hesse, Germany",LinkedIn,https://de.linkedin.com/jobs/view/senior-software-developer-c%23-net-8-greenfield-projects-migrations-c%2B%2B-%E2%80%93-90%25-home-office-bis-zu-85-000%E2%82%AC-at-optimus-search-4312202350?position=34&pageNum=0&refId=3wLqImQ3ArHiKSh34NJWbg%3D%3D&trackingId=y6b3Wr486c1boNATnpAbvQ%3D%3D,Not specified,2025-10-15 09:34:11.787407,2025-10-14,,de.linkedin.com/jobs/view/senior-software-developer-c%23-net-8-greenfield-projects-migrations-c%2B%2B-%E2%80%93-90%25-home-office-bis-zu-85-000%E2%82%AC-at-optimus-search-4312202350
API Integration Developer,Edenred UTA Mobility,"Kleinostheim, Bavaria, Germany",LinkedIn,https://de.linkedin.com/jobs/view/api-integration-developer-at-edenred-uta-mobility-4314640369?position=37&pageNum=0&refId=3wLqImQ3ArHiKSh34NJWbg%3D%3D&trackingId=biRlKnzaRabH59S7GBYGYQ%3D%3D,Not specified,2025-10-15 09:34:11.787690,2025-10-14,,de.linkedin.com/jobs/view/api-integration-developer-at-edenred-uta-mobility-4314640369
Senior Java Backend Engineer (all genders),InnoApps,"Frankfurt, Hesse, Germany",LinkedIn,https://de.linkedin.com/jobs/view/senior-java-backend-engineer-all-genders-at-innoapps-4311963600?position=43&pageNum=0&refId=3wLqImQ3ArHiKSh34NJWbg%3D%3D&trackingId=dN7zIniN%2B3hl8scYlj1dNg%3D%3D,Not specified,2025-10-15 09:34:11.788271,2025-10-14,,de.linkedin.com/jobs/view/senior-java-backend-engineer-all-genders-at-innoapps-4311963600
Azure Platform Engineer in Frankfurt,Instaffo,"Eschborn, Hesse, Germany",LinkedIn,https://de.linkedin.com/jobs/view/azure-platform-engineer-in-frankfurt-at-instaffo-4200883494?position=44&pageNum=0&refId=3wLqImQ3ArHiKSh34NJWbg%3D%3D&trackingId=K48N41%2FC8fGNpkOuPczNbQ%3D%3D,Not specified,2025-10-15 09:34:11.788370,2025-10-15,,de.linkedin.com/jobs/view/azure-platform-engineer-in-frankfurt-at-instaffo-4200883494
Embedded-Software-Entwickler (m/w/d),FERCHAU,"Darmstadt, Hesse, Germany",LinkedIn,https://de.linkedin.com/jobs/view/embedded-software-entwickler-m-w-d-at-ferchau-4181193772?position=45&pageNum=0&refId=3wLqImQ3ArHiKSh34NJWbg%3D%3D&trackingId=yYLU1%2FNMJNJSZLZpQh0b1g%3D%3D,Not specified,2025-10-15 09:34:11.788463,2025-10-14,,de.linkedin.com/jobs/view/embedded-software-entwickler-m-w-d-at-ferchau-4181193772
Senior Anwendungsentwickler:in - Solution Engineering,CONTACT Software,"Bad Vilbel, Hesse, Germany",LinkedIn,https://de.linkedin.com/jobs/view/senior-anwendungsentwickler-in-solution-engineering-at-contact-software-3806864723?position=47&pageNum=0&refId=3wLqImQ3ArHiKSh34NJWbg%3D%3D&trackingId=VJKz9WAmPtBgIhGxqUOTvg%3D%3D,Not specified,2025-10-15 09:34:11.788650,2025-10-14,,de.linkedin.com/jobs/view/senior-anwendungsentwickler-in-solution-engineering-at-contact-software-3806864723
IT Infrastructure Engineer (m/w/d),KLN Freight,"Raunheim, Hesse, Germany",LinkedIn,https://de.linkedin.com/jobs/view/it-infrastructure-engineer-m-w-d-at-kln-freight-4301747506?position=49&pageNum=0&refId=3wLqImQ3ArHiKSh34NJWbg%3D%3D&trackingId=rb8nL8TX5dE4sYpJnCs9rA%3D%3D,Not specified,2025-10-15 09:34:11.788839,2025-10-15,,de.linkedin.com/jobs/view/it-infrastructure-engineer-m-w-d-at-kln-freight-4301747506
Senior Software Entwickler Java (m/w/d),Finanz Informatik Solutions Plus,"Frankfurt am Main, Hesse, Germany",LinkedIn,https://de.linkedin.com/jobs/view/senior-software-entwickler-java-m-w-d-at-finanz-informatik-solutions-plus-4314684513?position=50&pageNum=0&refId=3wLqImQ3ArHiKSh34NJWbg%3D%3D&trackingId=7v%2Fo%2BfdiD0VrbKEkqLpaWA%3D%3D,Not specified,2025-10-15 09:34:11.788939,2025-10-14,,de.linkedin.com/jobs/view/senior-software-entwickler-java-m-w-d-at-finanz-informatik-solutions-plus-4314684513
"Senior .NET Entwickler | DDD/MVVM – Digital Transformation - Bis Zu - 85,000€",Optimus Search,"Darmstadt, Hesse, Germany",LinkedIn,https://de.linkedin.com/jobs/view/senior-net-entwickler-ddd-mvvm-%E2%80%93-digital-transformation-bis-zu-85-000%E2%82%AC-at-optimus-search-4311998464?position=51&pageNum=0&refId=3wLqImQ3ArHiKSh34NJWbg%3D%3D&trackingId=N2FsfSr8uaP8CjkLkW4LSA%3D%3D,Not specified,2025-10-15 09:34:11.789035,2025-10-14,,de.linkedin.com/jobs/view/senior-net-entwickler-ddd-mvvm-%E2%80%93-digital-transformation-bis-zu-85-000%E2%82%AC-at-optimus-search-4311998464
Senior Electrical Engineer Data Centre,Arup,"Frankfurt, Hesse, Germany",LinkedIn,https://de.linkedin.com/jobs/view/senior-electrical-engineer-data-centre-at-arup-4257912202?position=52&pageNum=0&refId=3wLqImQ3ArHiKSh34NJWbg%3D%3D&trackingId=X8YPPq7ae4ZcalCUKA%2Figg%3D%3D,Not specified,2025-10-15 09:34:11.789128,2025-10-14,,de.linkedin.com/jobs/view/senior-electrical-engineer-data-centre-at-arup-4257912202
Java Softwareentwickler,Finanz Informatik,"Frankfurt, Hesse, Germany",LinkedIn,https://de.linkedin.com/jobs/view/java-softwareentwickler-at-finanz-informatik-4294057237?position=53&pageNum=0&refId=3wLqImQ3ArHiKSh34NJWbg%3D%3D&trackingId=eqpvJ2CYFaQh%2FxUzwZh3jg%3D%3D,Not specified,2025-10-15 09:34:11.789220,2025-10-14,,de.linkedin.com/jobs/view/java-softwareentwickler-at-finanz-informatik-4294057237
Principal Engineer Software Architecture for Embedded Compute and AI (f/m/div),Infineon Technologies,"Frankfurt, Hesse, Germany",LinkedIn,https://de.linkedin.com/jobs/view/principal-engineer-software-architecture-for-embedded-compute-and-ai-f-m-div-at-infineon-technologies-4278933509?position=54&pageNum=0&refId=3wLqImQ3ArHiKSh34NJWbg%3D%3D&trackingId=IZ0UllvdtS3oO7fyzskU0Q%3D%3D,Not specified,2025-10-15 09:34:11.789314,2025-10-14,,de.linkedin.com/jobs/view/principal-engineer-software-architecture-for-embedded-compute-and-ai-f-m-div-at-infineon-technologies-4278933509
Senior Consultant BI & Data Modeling (w/m/d),KPMG Deutschland,"Frankfurt, Hesse, Germany",LinkedIn,https://de.linkedin.com/jobs/view/senior-consultant-bi-data-modeling-w-m-d-at-kpmg-deutschland-4314293981?position=58&pageNum=0&refId=3wLqImQ3ArHiKSh34NJWbg%3D%3D&trackingId=urOLw2xZb0ntlblGxsWU6A%3D%3D,Not specified,2025-10-15 09:34:11.789697,2025-10-14,,de.linkedin.com/jobs/view/senior-consultant-bi-data-modeling-w-m-d-at-kpmg-deutschland-4314293981
Principal Engineer Software Architecture for In-Vehicle Networking (f/m/div),Infineon Technologies,"Frankfurt, Hesse, Germany",LinkedIn,https://de.linkedin.com/jobs/view/principal-engineer-software-architecture-for-in-vehicle-networking-f-m-div-at-infineon-technologies-4264711460?position=60&pageNum=0&refId=3wLqImQ3ArHiKSh34NJWbg%3D%3D&trackingId=fmQoeH33Eiv69yAK5yXPJA%3D%3D,Not specified,2025-10-15 09:34:11.789882,2025-10-14,,de.linkedin.com/jobs/view/principal-engineer-software-architecture-for-in-vehicle-networking-f-m-div-at-infineon-technologies-4264711460
Machine Learning Scientist – Antibody Discovery & Engineering (f|m|d),Miltenyi Biotec,"Bergisch Gladbach, North Rhine-Westphalia, Germany",LinkedIn,https://de.linkedin.com/jobs/view/machine-learning-scientist-%E2%80%93-antibody-discovery-engineering-f-m-d-at-miltenyi-biotec-4314281903?position=1&pageNum=0&refId=yaoC9RaL6bqJ5X97c%2FpFMA%3D%3D&trackingId=gYNnIipU22tnYObzMkA8aA%3D%3D,Not specified,2025-10-15 09:34:14.641344,2025-10-14,,de.linkedin.com/jobs/view/machine-learning-scientist-%E2%80%93-antibody-discovery-engineering-f-m-d-at-miltenyi-biotec-4314281903
AI/ML Engineering Lead,team.blue,"Cologne, North Rhine-Westphalia, Germany",LinkedIn,https://de.linkedin.com/jobs/view/ai-ml-engineering-lead-at-team-blue-4314658040?position=3&pageNum=0&refId=yaoC9RaL6bqJ5X97c%2FpFMA%3D%3D&trackingId=XXRCHWyilr%2FjB9NiAvOGzQ%3D%3D,Not specified,2025-10-15 09:34:14.641620,2025-10-14,,de.linkedin.com/jobs/view/ai-ml-engineering-lead-at-team-blue-4314658040
Generative AI Engineer,AI Futures,"Cologne, North Rhine-Westphalia, Germany",LinkedIn,https://de.linkedin.com/jobs/view/generative-ai-engineer-at-ai-futures-4311989268?position=5&pageNum=0&refId=yaoC9RaL6bqJ5X97c%2FpFMA%3D%3D&trackingId=%2BH6IoIjkwveMQo1j5hzvIw%3D%3D,Not specified,2025-10-15 09:34:14.641870,2025-10-14,,de.linkedin.com/jobs/view/generative-ai-engineer-at-ai-futures-4311989268
Senior Data Scientist im Consulting,viadee Unternehmensberatung AG,"Cologne, North Rhine-Westphalia, Germany",LinkedIn,https://de.linkedin.com/jobs/view/senior-data-scientist-im-consulting-at-viadee-unternehmensberatung-ag-4314616531?position=7&pageNum=0&refId=yaoC9RaL6bqJ5X97c%2FpFMA%3D%3D&trackingId=eJG%2BRhcY9KnRQhO0wvVueg%3D%3D,Not specified,2025-10-15 09:34:14.642123,2025-10-14,,de.linkedin.com/jobs/view/senior-data-scientist-im-consulting-at-viadee-unternehmensberatung-ag-4314616531
Senior Machine Learning / AI Engineer (all genders),adesso SE,"Cologne, North Rhine-Westphalia, Germany",LinkedIn,https://de.linkedin.com/jobs/view/senior-machine-learning-ai-engineer-all-genders-at-adesso-se-3733036949?position=8&pageNum=0&refId=yaoC9RaL6bqJ5X97c%2FpFMA%3D%3D&trackingId=BJTKLPh5gXppHqOqVgqyXA%3D%3D,Not specified,2025-10-15 09:34:14.642249,2025-10-14,,de.linkedin.com/jobs/view/senior-machine-learning-ai-engineer-all-genders-at-adesso-se-3733036949
Senior Machine Learning / AI Engineer (all genders),adesso SE,"Bonn, North Rhine-Westphalia, Germany",LinkedIn,https://de.linkedin.com/jobs/view/senior-machine-learning-ai-engineer-all-genders-at-adesso-se-3733037777?position=9&pageNum=0&refId=yaoC9RaL6bqJ5X97c%2FpFMA%3D%3D&trackingId=fbKY2QSzYo5C%2FNlaK6iK3Q%3D%3D,Not specified,2025-10-15 09:34:14.642374,2025-10-14,,de.linkedin.com/jobs/view/senior-machine-learning-ai-engineer-all-genders-at-adesso-se-3733037777
"Junior Consultant für Data Science, KI & Data Warehousing",viadee Unternehmensberatung AG,"Cologne, North Rhine-Westphalia, Germany",LinkedIn,https://de.linkedin.com/jobs/view/junior-consultant-f%C3%BCr-data-science-ki-data-warehousing-at-viadee-unternehmensberatung-ag-4314633129?position=13&pageNum=0&refId=yaoC9RaL6bqJ5X97c%2FpFMA%3D%3D&trackingId=g5ETJTh1TxItNWGaBsGRbQ%3D%3D,Not specified,2025-10-15 09:34:14.642871,2025-10-14,,de.linkedin.com/jobs/view/junior-consultant-f%C3%BCr-data-science-ki-data-warehousing-at-viadee-unternehmensberatung-ag-4314633129
Lead Data Engineer | €12m Series A Funding | Cologne | Greenfields Project,AI Futures,"Cologne, North Rhine-Westphalia, Germany",LinkedIn,https://de.linkedin.com/jobs/view/lead-data-engineer-%E2%82%AC12m-series-a-funding-cologne-greenfields-project-at-ai-futures-4311989576?position=14&pageNum=0&refId=yaoC9RaL6bqJ5X97c%2FpFMA%3D%3D&trackingId=nuBM5f%2BmUC3tUMFYv%2B3CCw%3D%3D,Not specified,2025-10-15 09:34:14.642996,2025-10-14,,de.linkedin.com/jobs/view/lead-data-engineer-%E2%82%AC12m-series-a-funding-cologne-greenfields-project-at-ai-futures-4311989576
Development Lead (w/m/d),YPOG,"Cologne, North Rhine-Westphalia, Germany",LinkedIn,https://de.linkedin.com/jobs/view/development-lead-w-m-d-at-ypog-4314888811?position=16&pageNum=0&refId=yaoC9RaL6bqJ5X97c%2FpFMA%3D%3D&trackingId=5JNFuztywDFdRfeOtzBBjw%3D%3D,Not specified,2025-10-15 09:34:14.643246,2025-10-15,,de.linkedin.com/jobs/view/development-lead-w-m-d-at-ypog-4314888811
Flutter App Developer,Mapletics,"Cologne, North Rhine-Westphalia, Germany",LinkedIn,https://de.linkedin.com/jobs/view/flutter-app-developer-at-mapletics-4311955526?position=17&pageNum=0&refId=yaoC9RaL6bqJ5X97c%2FpFMA%3D%3D&trackingId=%2BdRHDeQ0qtY%2BSVaefM5P%2FA%3D%3D,Not specified,2025-10-15 09:34:14.643360,2025-10-14,,de.linkedin.com/jobs/view/flutter-app-developer-at-mapletics-4311955526
Full-Stack Developer,Instaffo,"Bonn, North Rhine-Westphalia, Germany",LinkedIn,https://de.linkedin.com/jobs/view/full-stack-developer-at-instaffo-4314825404?position=19&pageNum=0&refId=yaoC9RaL6bqJ5X97c%2FpFMA%3D%3D&trackingId=cKjMTUZj01k1laDWeFMh5w%3D%3D,Not specified,2025-10-15 09:34:14.643593,2025-10-14,,de.linkedin.com/jobs/view/full-stack-developer-at-instaffo-4314825404
(Junior) Fullstack Entwickler (m/w/d) Individualreisen,CHECK24 Vergleichsportal GmbH,"Düsseldorf, North Rhine-Westphalia, Germany",LinkedIn,https://de.linkedin.com/jobs/view/junior-fullstack-entwickler-m-w-d-individualreisen-at-check24-vergleichsportal-gmbh-4314684220?position=20&pageNum=0&refId=yaoC9RaL6bqJ5X97c%2FpFMA%3D%3D&trackingId=0Xlf6W4UAztdTOk1a5o5IA%3D%3D,Not specified,2025-10-15 09:34:14.643709,2025-10-14,,de.linkedin.com/jobs/view/junior-fullstack-entwickler-m-w-d-individualreisen-at-check24-vergleichsportal-gmbh-4314684220
"SDM, IIoT, Decision Science and Technology (DST)",Amazon,Greater Dusseldorf Area,LinkedIn,https://de.linkedin.com/jobs/view/sdm-iiot-decision-science-and-technology-dst-at-amazon-4314656976?position=24&pageNum=0&refId=yaoC9RaL6bqJ5X97c%2FpFMA%3D%3D&trackingId=CwGWXWNCZt62H57HgDXmYQ%3D%3D,Not specified,2025-10-15 09:34:14.644178,2025-10-14,,de.linkedin.com/jobs/view/sdm-iiot-decision-science-and-technology-dst-at-amazon-4314656976
Senior Testautomation Engineer – Robot Framework,viadee Unternehmensberatung AG,"Cologne, North Rhine-Westphalia, Germany",LinkedIn,https://de.linkedin.com/jobs/view/senior-testautomation-engineer-%E2%80%93-robot-framework-at-viadee-unternehmensberatung-ag-4314620347?position=28&pageNum=0&refId=yaoC9RaL6bqJ5X97c%2FpFMA%3D%3D&trackingId=MPi4VLWE8FZb7eMmCz5nBg%3D%3D,Not specified,2025-10-15 09:34:14.644665,2025-10-14,,de.linkedin.com/jobs/view/senior-testautomation-engineer-%E2%80%93-robot-framework-at-viadee-unternehmensberatung-ag-4314620347
Cloud Engineer,Cheveo GmbH,"Bonn, North Rhine-Westphalia, Germany",LinkedIn,https://de.linkedin.com/jobs/view/cloud-engineer-at-cheveo-gmbh-4311987429?position=30&pageNum=0&refId=yaoC9RaL6bqJ5X97c%2FpFMA%3D%3D&trackingId=JfGAJDx4i5L4ZkbYz8fbZg%3D%3D,Not specified,2025-10-15 09:34:14.644897,2025-10-14,,de.linkedin.com/jobs/view/cloud-engineer-at-cheveo-gmbh-4311987429
Software Architect AI (all genders),adesso SE,"Bonn, North Rhine-Westphalia, Germany",LinkedIn,https://de.linkedin.com/jobs/view/software-architect-ai-all-genders-at-adesso-se-3878306088?position=31&pageNum=0&refId=yaoC9RaL6bqJ5X97c%2FpFMA%3D%3D&trackingId=yKfo5FolNvlHiAcSProkEw%3D%3D,Not specified,2025-10-15 09:34:14.645025,2025-10-14,,de.linkedin.com/jobs/view/software-architect-ai-all-genders-at-adesso-se-3878306088
(Senior) Analytics Consultant (m/f/d),Experian,"Düsseldorf, North Rhine-Westphalia, Germany",LinkedIn,https://de.linkedin.com/jobs/view/senior-analytics-consultant-m-f-d-at-experian-4283170973?position=32&pageNum=0&refId=yaoC9RaL6bqJ5X97c%2FpFMA%3D%3D&trackingId=gkVTt0D8LFon91mz1sEbVg%3D%3D,Not specified,2025-10-15 09:34:14.645141,2025-10-14,,de.linkedin.com/jobs/view/senior-analytics-consultant-m-f-d-at-experian-4283170973
Auszubildenden zum Fachinformatiker – Anwendungsentwicklung (m/w/d),X-CELL AG,"Düsseldorf, North Rhine-Westphalia, Germany",LinkedIn,https://de.linkedin.com/jobs/view/auszubildenden-zum-fachinformatiker-%E2%80%93-anwendungsentwicklung-m-w-d-at-x-cell-ag-4311947134?position=34&pageNum=0&refId=yaoC9RaL6bqJ5X97c%2FpFMA%3D%3D&trackingId=KrFOP%2BdvBEWwFn7r4ofN9g%3D%3D,Not specified,2025-10-15 09:34:14.645376,2025-10-14,,de.linkedin.com/jobs/view/auszubildenden-zum-fachinformatiker-%E2%80%93-anwendungsentwicklung-m-w-d-at-x-cell-ag-4311947134
Software Developer / Softwareentwickler Präzisionsmesszentren (m/w/d),KLINGELNBERG AG,"Hückeswagen, North Rhine-Westphalia, Germany",LinkedIn,https://de.linkedin.com/jobs/view/software-developer-softwareentwickler-pr%C3%A4zisionsmesszentren-m-w-d-at-klingelnberg-ag-4314804389?position=35&pageNum=0&refId=yaoC9RaL6bqJ5X97c%2FpFMA%3D%3D&trackingId=seLEf39g%2Bi4VDypz1xmVTA%3D%3D,Not specified,2025-10-15 09:34:14.645494,2025-10-14,,de.linkedin.com/jobs/view/software-developer-softwareentwickler-pr%C3%A4zisionsmesszentren-m-w-d-at-klingelnberg-ag-4314804389
Full Stack Engineer (all genders),adesso SE,"Düsseldorf, North Rhine-Westphalia, Germany",LinkedIn,https://de.linkedin.com/jobs/view/full-stack-engineer-all-genders-at-adesso-se-3733044478?position=37&pageNum=0&refId=yaoC9RaL6bqJ5X97c%2FpFMA%3D%3D&trackingId=w7Kg%2FajtRsJsodj9KkYB5w%3D%3D,Not specified,2025-10-15 09:34:14.645727,2025-10-14,,de.linkedin.com/jobs/view/full-stack-engineer-all-genders-at-adesso-se-3733044478
Senior Softwarearchitekt:in im Consulting,viadee Unternehmensberatung AG,"Cologne, North Rhine-Westphalia, Germany",LinkedIn,https://de.linkedin.com/jobs/view/senior-softwarearchitekt-in-im-consulting-at-viadee-unternehmensberatung-ag-4314627152?position=39&pageNum=0&refId=yaoC9RaL6bqJ5X97c%2FpFMA%3D%3D&trackingId=5fs8UfmZRH2TR3GQ0AEijQ%3D%3D,Not specified,2025-10-15 09:34:14.645960,2025-10-14,,de.linkedin.com/jobs/view/senior-softwarearchitekt-in-im-consulting-at-viadee-unternehmensberatung-ag-4314627152
Senior Front-End/Back-End Developer - Pagero,Thomson Reuters,"Langenfeld, North Rhine-Westphalia, Germany",LinkedIn,https://de.linkedin.com/jobs/view/senior-front-end-back-end-developer-pagero-at-thomson-reuters-4258479142?position=43&pageNum=0&refId=yaoC9RaL6bqJ5X97c%2FpFMA%3D%3D&trackingId=0fdluRricJtnP%2B4KKQIFUw%3D%3D,Not specified,2025-10-15 09:34:14.646429,2025-10-14,,de.linkedin.com/jobs/view/senior-front-end-back-end-developer-pagero-at-thomson-reuters-4258479142
Senior Developer / Software Architekt (m/w/d),KLINGELNBERG AG,"Hückeswagen, North Rhine-Westphalia, Germany",LinkedIn,https://de.linkedin.com/jobs/view/senior-developer-software-architekt-m-w-d-at-klingelnberg-ag-4314805344?position=44&pageNum=0&refId=yaoC9RaL6bqJ5X97c%2FpFMA%3D%3D&trackingId=%2B8maF1bkJWbm335y4oYk8Q%3D%3D,Not specified,2025-10-15 09:34:14.646546,2025-10-14,,de.linkedin.com/jobs/view/senior-developer-software-architekt-m-w-d-at-klingelnberg-ag-4314805344
Inhouse Salesforce (Senior) Developer (all gender),TECHOHANA,Cologne Bonn Region,LinkedIn,https://de.linkedin.com/jobs/view/inhouse-salesforce-senior-developer-all-gender-at-techohana-4312239637?position=46&pageNum=0&refId=yaoC9RaL6bqJ5X97c%2FpFMA%3D%3D&trackingId=3cF%2FJ3XOQ3eqFH4xPANdfA%3D%3D,Not specified,2025-10-15 09:34:14.646777,2025-10-15,,de.linkedin.com/jobs/view/inhouse-salesforce-senior-developer-all-gender-at-techohana-4312239637
Fullstack Softwareentwickler:in - smart FLOW/Inputmanagement,HDI Group,"Hilden, North Rhine-Westphalia, Germany",LinkedIn,https://de.linkedin.com/jobs/view/fullstack-softwareentwickler-in-smart-flow-inputmanagement-at-hdi-group-4304119565?position=48&pageNum=0&refId=yaoC9RaL6bqJ5X97c%2FpFMA%3D%3D&trackingId=9YutXDlgaCB7XOhd7CD0iA%3D%3D,Not specified,2025-10-15 09:34:14.647009,2025-10-14,,de.linkedin.com/jobs/view/fullstack-softwareentwickler-in-smart-flow-inputmanagement-at-hdi-group-4304119565
Inhouse Salesforce (Senior) Developer (all gender),TECHOHANA,"Düsseldorf, North Rhine-Westphalia, Germany",LinkedIn,https://de.linkedin.com/jobs/view/inhouse-salesforce-senior-developer-all-gender-at-techohana-4312256459?position=49&pageNum=0&refId=yaoC9RaL6bqJ5X97c%2FpFMA%3D%3D&trackingId=x2ziZYWvaRKvuJFszyI5pA%3D%3D,Not specified,2025-10-15 09:34:14.647125,2025-10-15,,de.linkedin.com/jobs/view/inhouse-salesforce-senior-developer-all-gender-at-techohana-4312256459
PHP-Entwickler (German-Speaking) - 100% Remote,Muxon,"Siegburg, North Rhine-Westphalia, Germany",LinkedIn,https://de.linkedin.com/jobs/view/php-entwickler-german-speaking-100%25-remote-at-muxon-4314043688?position=55&pageNum=0&refId=yaoC9RaL6bqJ5X97c%2FpFMA%3D%3D&trackingId=5OlzEZewvv21QwWKu3RYdw%3D%3D,Not specified,2025-10-15 09:34:14.647853,2025-10-14,,de.linkedin.com/jobs/view/php-entwickler-german-speaking-100%25-remote-at-muxon-4314043688
Senior Frontend-Entwickler:in im Consulting,viadee Unternehmensberatung AG,"Cologne, North Rhine-Westphalia, Germany",LinkedIn,https://de.linkedin.com/jobs/view/senior-frontend-entwickler-in-im-consulting-at-viadee-unternehmensberatung-ag-4314614943?position=56&pageNum=0&refId=yaoC9RaL6bqJ5X97c%2FpFMA%3D%3D&trackingId=RbxOtEl%2FQ%2B9vxV9m8v5RYg%3D%3D,Not specified,2025-10-15 09:34:14.647970,2025-10-14,,de.linkedin.com/jobs/view/senior-frontend-entwickler-in-im-consulting-at-viadee-unternehmensberatung-ag-4314614943
IT-Anwendungsentwickler/-in (m/w/d) für die operative Einsatztechnik,Bundesamt für Verfassungsschutz (BfV),"Cologne, North Rhine-Westphalia, Germany",LinkedIn,https://de.linkedin.com/jobs/view/it-anwendungsentwickler-in-m-w-d-f%C3%BCr-die-operative-einsatztechnik-at-bundesamt-f%C3%BCr-verfassungsschutz-bfv-4314712360?position=57&pageNum=0&refId=yaoC9RaL6bqJ5X97c%2FpFMA%3D%3D&trackingId=AaiqZvytRHp6T2xNDyN5MQ%3D%3D,Not specified,2025-10-15 09:34:14.648088,2025-10-15,,de.linkedin.com/jobs/view/it-anwendungsentwickler-in-m-w-d-f%C3%BCr-die-operative-einsatztechnik-at-bundesamt-f%C3%BCr-verfassungsschutz-bfv-4314712360
Lead Engineer Back-/Frontend Systems (m/w/d),Vodafone,"Düsseldorf, North Rhine-Westphalia, Germany",LinkedIn,https://de.linkedin.com/jobs/view/lead-engineer-back-frontend-systems-m-w-d-at-vodafone-4311994810?position=59&pageNum=0&refId=yaoC9RaL6bqJ5X97c%2FpFMA%3D%3D&trackingId=CF4hZxjLtt9Ln%2BUdp94MkQ%3D%3D,Not specified,2025-10-15 09:34:14.648339,2025-10-14,,de.linkedin.com/jobs/view/lead-engineer-back-frontend-systems-m-w-d-at-vodafone-4311994810
Testingenieur (m/w/d),Konzept Informationssysteme,"Ulm, Baden-Württemberg, Germany",LinkedIn,https://de.linkedin.com/jobs/view/testingenieur-m-w-d-at-konzept-informationssysteme-4314807337?position=1&pageNum=0&refId=BEy36264imBCISV0rZk7fw%3D%3D&trackingId=7XdpRBNaYRKr2YA%2FmWpbIg%3D%3D,Not specified,2025-10-15 09:34:17.289279,2025-10-14,,de.linkedin.com/jobs/view/testingenieur-m-w-d-at-konzept-informationssysteme-4314807337
Abschlussarbeit/Junior Consultant (m/w/d) Data & Analytics,Windhoff Group,"Neu-Ulm, Bavaria, Germany",LinkedIn,https://de.linkedin.com/jobs/view/abschlussarbeit-junior-consultant-m-w-d-data-analytics-at-windhoff-group-4311940892?position=2&pageNum=0&refId=BEy36264imBCISV0rZk7fw%3D%3D&trackingId=WyNRtlxn5ZtWiE4jQJ%2FK8g%3D%3D,Not specified,2025-10-15 09:34:17.289455,2025-10-14,,de.linkedin.com/jobs/view/abschlussarbeit-junior-consultant-m-w-d-data-analytics-at-windhoff-group-4311940892
Engineer,Computer Futures,"Biberach an der Riß, Baden-Württemberg, Germany",LinkedIn,https://de.linkedin.com/jobs/view/engineer-at-computer-futures-4314662175?position=3&pageNum=0&refId=BEy36264imBCISV0rZk7fw%3D%3D&trackingId=rshVj7%2BfuPgI0bzHmiMDGQ%3D%3D,Not specified,2025-10-15 09:34:17.289611,2025-10-14,,de.linkedin.com/jobs/view/engineer-at-computer-futures-4314662175
Software Developer (m/w/d) Defence,FERCHAU,"Ulm, Baden-Württemberg, Germany",LinkedIn,https://de.linkedin.com/jobs/view/software-developer-m-w-d-defence-at-ferchau-4181400125?position=4&pageNum=0&refId=BEy36264imBCISV0rZk7fw%3D%3D&trackingId=GhzT0F%2By1FcKesV1ZSpIWA%3D%3D,Not specified,2025-10-15 09:34:17.289764,2025-10-14,,de.linkedin.com/jobs/view/software-developer-m-w-d-defence-at-ferchau-4181400125
Software Architect Frontend (all genders),adesso SE,"Ulm, Baden-Württemberg, Germany",LinkedIn,https://de.linkedin.com/jobs/view/software-architect-frontend-all-genders-at-adesso-se-3925556485?position=10&pageNum=0&refId=BEy36264imBCISV0rZk7fw%3D%3D&trackingId=Ly75CyFO%2BKTgr15dl%2BOIIA%3D%3D,Not specified,2025-10-15 09:34:17.290675,2025-10-14,,de.linkedin.com/jobs/view/software-architect-frontend-all-genders-at-adesso-se-3925556485
Lead Cloud Data Engineer - Azure / Databricks (all genders),adesso SE,"Ulm, Baden-Württemberg, Germany",LinkedIn,https://de.linkedin.com/jobs/view/lead-cloud-data-engineer-azure-databricks-all-genders-at-adesso-se-3733040373?position=12&pageNum=0&refId=BEy36264imBCISV0rZk7fw%3D%3D&trackingId=nLgN6ggR%2FCrcnV5dCPpC6Q%3D%3D,Not specified,2025-10-15 09:34:17.290982,2025-10-14,,de.linkedin.com/jobs/view/lead-cloud-data-engineer-azure-databricks-all-genders-at-adesso-se-3733040373
Software-Architect .NET (all genders),adesso SE,"Ulm, Baden-Württemberg, Germany",LinkedIn,https://de.linkedin.com/jobs/view/software-architect-net-all-genders-at-adesso-se-3733044306?position=13&pageNum=0&refId=BEy36264imBCISV0rZk7fw%3D%3D&trackingId=hnCnEVn3DdeWwxAgFb8D8g%3D%3D,Not specified,2025-10-15 09:34:17.291133,2025-10-14,,de.linkedin.com/jobs/view/software-architect-net-all-genders-at-adesso-se-3733044306
Fachinformatiker - Anwendungsentwicklung (m/w/d),ditegra GmbH,"Radolfzell, Baden-Württemberg, Germany",LinkedIn,https://de.linkedin.com/jobs/view/fachinformatiker-anwendungsentwicklung-m-w-d-at-ditegra-gmbh-4311950614?position=4&pageNum=0&refId=FaCWdBYi7iwYJnEaaBQoUg%3D%3D&trackingId=Jri49VlakJIXqbDSenJMHQ%3D%3D,Not specified,2025-10-15 09:34:19.938119,2025-10-14,,de.linkedin.com/jobs/view/fachinformatiker-anwendungsentwicklung-m-w-d-at-ditegra-gmbh-4311950614
PL/SQL Developer (w/m/d),SIV.AG,DACH,LinkedIn,https://www.linkedin.com/jobs/view/pl-sql-developer-w-m-d-at-siv-ag-4300631770?position=5&pageNum=0&refId=FaCWdBYi7iwYJnEaaBQoUg%3D%3D&trackingId=rAaNwDr401VdEIqkYKZvvA%3D%3D,Not specified,2025-10-15 09:34:19.938249,2025-10-15,,www.linkedin.com/jobs/view/pl-sql-developer-w-m-d-at-siv-ag-4300631770
Data Engineer - Business IT,HUBER+SUHNER,"Herisau, Appenzell Outer-Rhoden, Switzerland",LinkedIn,https://ch.linkedin.com/jobs/view/data-engineer-business-it-at-huber%2Bsuhner-4310860795?position=7&pageNum=0&refId=FaCWdBYi7iwYJnEaaBQoUg%3D%3D&trackingId=QFAYg1cnqjOQbQg9TkdWKg%3D%3D,Not specified,2025-10-15 09:34:19.938521,2025-10-14,,ch.linkedin.com/jobs/view/data-engineer-business-it-at-huber%2Bsuhner-4310860795
Senior Data Engineer (m/w/d),Thermengruppe Josef Wund,"Markdorf, Baden-Württemberg, Germany",LinkedIn,https://de.linkedin.com/jobs/view/senior-data-engineer-m-w-d-at-thermengruppe-josef-wund-4314272352?position=9&pageNum=0&refId=FaCWdBYi7iwYJnEaaBQoUg%3D%3D&trackingId=CQBa2yWeyG3%2F9OqfiMbU6g%3D%3D,Not specified,2025-10-15 09:34:19.938793,2025-10-14,,de.linkedin.com/jobs/view/senior-data-engineer-m-w-d-at-thermengruppe-josef-wund-4314272352
Artificial Intelligence Engineer,BioTalent,"Zurich, Switzerland",LinkedIn,https://ch.linkedin.com/jobs/view/artificial-intelligence-engineer-at-biotalent-4314680450?position=1&pageNum=0&refId=F7%2FUFZh9DeswbAP8MZicJg%3D%3D&trackingId=gh1XtSyrl9zYI8Wt7kp6EQ%3D%3D,Not specified,2025-10-15 09:34:22.817321,2025-10-14,,ch.linkedin.com/jobs/view/artificial-intelligence-engineer-at-biotalent-4314680450
Data Scientist 80-100%,Sunrise,"Opfikon, Zurich, Switzerland",LinkedIn,https://ch.linkedin.com/jobs/view/data-scientist-80-100%25-at-sunrise-4314865774?position=2&pageNum=0&refId=F7%2FUFZh9DeswbAP8MZicJg%3D%3D&trackingId=3oovpAjdDjPm8eBi9MLl5w%3D%3D,Not specified,2025-10-15 09:34:22.817454,2025-10-15,,ch.linkedin.com/jobs/view/data-scientist-80-100%25-at-sunrise-4314865774
Machine Learning Platform Engineer -,Synthesia,"Zurich, Zurich, Switzerland",LinkedIn,https://ch.linkedin.com/jobs/view/machine-learning-platform-engineer-at-synthesia-4314881134?position=3&pageNum=0&refId=F7%2FUFZh9DeswbAP8MZicJg%3D%3D&trackingId=5f7i14mJqtpqGSU8CPA%2BHw%3D%3D,Not specified,2025-10-15 09:34:22.817576,2025-10-15,,ch.linkedin.com/jobs/view/machine-learning-platform-engineer-at-synthesia-4314881134
AI Engineer,Oliver James,"Zurich, Zurich, Switzerland",LinkedIn,https://ch.linkedin.com/jobs/view/ai-engineer-at-oliver-james-4314262012?position=5&pageNum=0&refId=F7%2FUFZh9DeswbAP8MZicJg%3D%3D&trackingId=JsbHegGv1UIqcl1v%2BAmGtQ%3D%3D,Not specified,2025-10-15 09:34:22.817816,2025-10-14,,ch.linkedin.com/jobs/view/ai-engineer-at-oliver-james-4314262012
Member of Technical Staff - AI Post Training,Microsoft,"Zurich, Zurich, Switzerland",LinkedIn,https://ch.linkedin.com/jobs/view/member-of-technical-staff-ai-post-training-at-microsoft-4304179509?position=6&pageNum=0&refId=F7%2FUFZh9DeswbAP8MZicJg%3D%3D&trackingId=m6VLpxnKtCmnOLWyML1RKA%3D%3D,Not specified,2025-10-15 09:34:22.817938,2025-10-14,,ch.linkedin.com/jobs/view/member-of-technical-staff-ai-post-training-at-microsoft-4304179509
"Member of Technical Staff, AI Multimodal",Microsoft,"Zurich, Zurich, Switzerland",LinkedIn,https://ch.linkedin.com/jobs/view/member-of-technical-staff-ai-multimodal-at-microsoft-4304161813?position=9&pageNum=0&refId=F7%2FUFZh9DeswbAP8MZicJg%3D%3D&trackingId=4Sao67XBuoILWd4pYetq2A%3D%3D,Not specified,2025-10-15 09:34:22.818287,2025-10-14,,ch.linkedin.com/jobs/view/member-of-technical-staff-ai-multimodal-at-microsoft-4304161813
Machine Learning Engineer Senior-Level (m/w/d),Rocken®,"Zurich, Zurich, Switzerland",LinkedIn,https://ch.linkedin.com/jobs/view/machine-learning-engineer-senior-level-m-w-d-at-rocken%C2%AE-4314514922?position=10&pageNum=0&refId=F7%2FUFZh9DeswbAP8MZicJg%3D%3D&trackingId=%2FIfqAwuJnk6Lqu1tMLo0%2Bg%3D%3D,Not specified,2025-10-15 09:34:22.818403,2025-10-14,,ch.linkedin.com/jobs/view/machine-learning-engineer-senior-level-m-w-d-at-rocken%C2%AE-4314514922
CSV engineer (M/F),fortil,"Zurich, Switzerland",LinkedIn,https://ch.linkedin.com/jobs/view/csv-engineer-m-f-at-fortil-4314493646?position=23&pageNum=0&refId=F7%2FUFZh9DeswbAP8MZicJg%3D%3D&trackingId=UGdkxwytXk5Qd2QzauEshw%3D%3D,Not specified,2025-10-15 09:34:22.819907,2025-10-14,,ch.linkedin.com/jobs/view/csv-engineer-m-f-at-fortil-4314493646
"Full-Stack Webdeveloper*in (60 - 100%, Start nach Vereinbarung)",Tincan - Your Marketing Partner,"Zug, Zug, Switzerland",LinkedIn,https://ch.linkedin.com/jobs/view/full-stack-webdeveloper-in-60-100%25-start-nach-vereinbarung-at-tincan-your-marketing-partner-4311930848?position=25&pageNum=0&refId=F7%2FUFZh9DeswbAP8MZicJg%3D%3D&trackingId=2iI7aPVQXDpJfQZDDF72%2Fw%3D%3D,Not specified,2025-10-15 09:34:22.820139,2025-10-14,,ch.linkedin.com/jobs/view/full-stack-webdeveloper-in-60-100%25-start-nach-vereinbarung-at-tincan-your-marketing-partner-4311930848
Open Source Engineer 80-100%,Siemens,"Zug, Zug, Switzerland",LinkedIn,https://ch.linkedin.com/jobs/view/open-source-engineer-80-100%25-at-siemens-4314504591?position=28&pageNum=0&refId=F7%2FUFZh9DeswbAP8MZicJg%3D%3D&trackingId=PNXo9K%2BzTm9FDS34sm%2Fm3w%3D%3D,Not specified,2025-10-15 09:34:22.820488,2025-10-14,,ch.linkedin.com/jobs/view/open-source-engineer-80-100%25-at-siemens-4314504591
Business Engineer Geldmarkt/Zahlungssysteme,Pro Informatik AG,"Zurich, Switzerland",LinkedIn,https://ch.linkedin.com/jobs/view/business-engineer-geldmarkt-zahlungssysteme-at-pro-informatik-ag-4315111981?position=29&pageNum=0&refId=F7%2FUFZh9DeswbAP8MZicJg%3D%3D&trackingId=e3rvBhmkKkZ0KWvVFMfPgQ%3D%3D,Not specified,2025-10-15 09:34:22.820603,2025-10-15,,ch.linkedin.com/jobs/view/business-engineer-geldmarkt-zahlungssysteme-at-pro-informatik-ag-4315111981
Data Center Engineer,Hamilton Barnes 🌳,"Zurich, Switzerland",LinkedIn,https://ch.linkedin.com/jobs/view/data-center-engineer-at-hamilton-barnes-%F0%9F%8C%B3-4311957283?position=33&pageNum=0&refId=F7%2FUFZh9DeswbAP8MZicJg%3D%3D&trackingId=S%2FsoNEUMnvLtwEYBP%2B3grw%3D%3D,Not specified,2025-10-15 09:34:22.821064,2025-10-14,,ch.linkedin.com/jobs/view/data-center-engineer-at-hamilton-barnes-%F0%9F%8C%B3-4311957283
Software Solution Engineer Uni/FH,Helbling Technik,"Aarau, Aargau, Switzerland",LinkedIn,https://ch.linkedin.com/jobs/view/software-solution-engineer-uni-fh-at-helbling-technik-4311971540?position=35&pageNum=0&refId=F7%2FUFZh9DeswbAP8MZicJg%3D%3D&trackingId=%2Fv4%2FKiSHX%2BOFwejv0xwROg%3D%3D,Not specified,2025-10-15 09:34:22.821296,2025-10-14,,ch.linkedin.com/jobs/view/software-solution-engineer-uni-fh-at-helbling-technik-4311971540
Cloud Data Platform Engineer,Trust In SODA,"Zürich Linkes, Zurich, Switzerland",LinkedIn,https://ch.linkedin.com/jobs/view/cloud-data-platform-engineer-at-trust-in-soda-4314492518?position=36&pageNum=0&refId=F7%2FUFZh9DeswbAP8MZicJg%3D%3D&trackingId=Hz8isXQnn9W9ZFDPLYJjiQ%3D%3D,Not specified,2025-10-15 09:34:22.821411,2025-10-14,,ch.linkedin.com/jobs/view/cloud-data-platform-engineer-at-trust-in-soda-4314492518
Senior Fullstack Engineer,Nicoll Curtin,"Zurich, Switzerland",LinkedIn,https://ch.linkedin.com/jobs/view/senior-fullstack-engineer-at-nicoll-curtin-4311978310?position=40&pageNum=0&refId=F7%2FUFZh9DeswbAP8MZicJg%3D%3D&trackingId=EGw0KuVISsUlTQ0G7SSnbA%3D%3D,Not specified,2025-10-15 09:34:22.821872,2025-10-14,,ch.linkedin.com/jobs/view/senior-fullstack-engineer-at-nicoll-curtin-4311978310
Java Developer,UST,"Zurich, Switzerland",LinkedIn,https://ch.linkedin.com/jobs/view/java-developer-at-ust-4314599760?position=42&pageNum=0&refId=F7%2FUFZh9DeswbAP8MZicJg%3D%3D&trackingId=lUXFgxvdEU3AHudRLfY5UA%3D%3D,Not specified,2025-10-15 09:34:22.822092,2025-10-15,,ch.linkedin.com/jobs/view/java-developer-at-ust-4314599760
Java Developer,Skywaves Rise,"Zurich, Switzerland",LinkedIn,https://ch.linkedin.com/jobs/view/java-developer-at-skywaves-rise-4314663712?position=44&pageNum=0&refId=F7%2FUFZh9DeswbAP8MZicJg%3D%3D&trackingId=%2BXxxwM4EUVd9JSy8rqvsng%3D%3D,Not specified,2025-10-15 09:34:22.822310,2025-10-14,,ch.linkedin.com/jobs/view/java-developer-at-skywaves-rise-4314663712
Senior Backend Engineer,Nicoll Curtin,"Zurich, Switzerland",LinkedIn,https://ch.linkedin.com/jobs/view/senior-backend-engineer-at-nicoll-curtin-4311978194?position=46&pageNum=0&refId=F7%2FUFZh9DeswbAP8MZicJg%3D%3D&trackingId=2NeVzP2n%2FQJKKBQCihq7Lw%3D%3D,Not specified,2025-10-15 09:34:22.822528,2025-10-14,,ch.linkedin.com/jobs/view/senior-backend-engineer-at-nicoll-curtin-4311978194
Lead Flowable Consultant,Luxoft,"Zurich, Switzerland",LinkedIn,https://ch.linkedin.com/jobs/view/lead-flowable-consultant-at-luxoft-4314688691?position=49&pageNum=0&refId=F7%2FUFZh9DeswbAP8MZicJg%3D%3D&trackingId=iJgYjQTIkP6YdcQJZ6%2F80w%3D%3D,Not specified,2025-10-15 09:34:22.822856,2025-10-14,,ch.linkedin.com/jobs/view/lead-flowable-consultant-at-luxoft-4314688691
Core Developer CeFi - Digital Assets,IMC Trading,"Zug, Switzerland",LinkedIn,https://ch.linkedin.com/jobs/view/core-developer-cefi-digital-assets-at-imc-trading-4299790087?position=50&pageNum=0&refId=F7%2FUFZh9DeswbAP8MZicJg%3D%3D&trackingId=SkYClDPrBpOw4oPCjh1lEA%3D%3D,Not specified,2025-10-15 09:34:22.822965,2025-10-14,,ch.linkedin.com/jobs/view/core-developer-cefi-digital-assets-at-imc-trading-4299790087
"Senior Web Engineer (Java + React) – Zürich Hardbrücke – Produktentwicklung, kein Agenturmodus",Gulenko.com Recruitment,Zürich Metropolitan Area,LinkedIn,https://ch.linkedin.com/jobs/view/senior-web-engineer-java-%2B-react-%E2%80%93-z%C3%BCrich-hardbr%C3%BCcke-%E2%80%93-produktentwicklung-kein-agenturmodus-at-gulenko-com-recruitment-4314656422?position=51&pageNum=0&refId=F7%2FUFZh9DeswbAP8MZicJg%3D%3D&trackingId=eG%2B%2FE2nTfNOH2ZS%2FOyCG8g%3D%3D,Not specified,2025-10-15 09:34:22.823080,2025-10-14,,ch.linkedin.com/jobs/view/senior-web-engineer-java-%2B-react-%E2%80%93-z%C3%BCrich-hardbr%C3%BCcke-%E2%80%93-produktentwicklung-kein-agenturmodus-at-gulenko-com-recruitment-4314656422
Senior Frontend Engineer,Nicoll Curtin,"Zurich, Switzerland",LinkedIn,https://ch.linkedin.com/jobs/view/senior-frontend-engineer-at-nicoll-curtin-4311985165?position=52&pageNum=0&refId=F7%2FUFZh9DeswbAP8MZicJg%3D%3D&trackingId=p7eYA7bP%2B6Vl9vfQqOuiAQ%3D%3D,Not specified,2025-10-15 09:34:22.823189,2025-10-14,,ch.linkedin.com/jobs/view/senior-frontend-engineer-at-nicoll-curtin-4311985165
Java Developer,BULL-IT SOLUTIONS LTD,"Zurich, Zurich, Switzerland",LinkedIn,https://ch.linkedin.com/jobs/view/java-developer-at-bull-it-solutions-ltd-4314294765?position=54&pageNum=0&refId=F7%2FUFZh9DeswbAP8MZicJg%3D%3D&trackingId=75zyMXC4tPrlXdYkWSSjyQ%3D%3D,Not specified,2025-10-15 09:34:22.823407,2025-10-14,,ch.linkedin.com/jobs/view/java-developer-at-bull-it-solutions-ltd-4314294765
Quant Developer CeFi - Digital Assets,IMC Trading,"Zug, Switzerland",LinkedIn,https://ch.linkedin.com/jobs/view/quant-developer-cefi-digital-assets-at-imc-trading-4299791459?position=57&pageNum=0&refId=F7%2FUFZh9DeswbAP8MZicJg%3D%3D&trackingId=oQyztCgp9ZzqhMNdqoUjEQ%3D%3D,Not specified,2025-10-15 09:34:22.823732,2025-10-14,,ch.linkedin.com/jobs/view/quant-developer-cefi-digital-assets-at-imc-trading-4299791459
Data Engineer,Skywaves Rise,"Zurich, Switzerland",LinkedIn,https://ch.linkedin.com/jobs/view/data-engineer-at-skywaves-rise-4314498503?position=59&pageNum=0&refId=F7%2FUFZh9DeswbAP8MZicJg%3D%3D&trackingId=qsmskmmtsfSYuk7VlrHSfA%3D%3D,Not specified,2025-10-15 09:34:22.823949,2025-10-14,,ch.linkedin.com/jobs/view/data-engineer-at-skywaves-rise-4314498503
Senior Artificial Intelligence Specialist (all genders),adesso SE,"Essen, North Rhine-Westphalia, Germany",LinkedIn,https://de.linkedin.com/jobs/view/senior-artificial-intelligence-specialist-all-genders-at-adesso-se-3733040386?position=9&pageNum=0&refId=POR9%2Bgfa38qwd7fAiSPQWg%3D%3D&trackingId=0F%2Fq2OrLD5LgkJqT2kv03w%3D%3D,Not specified,2025-10-15 09:34:25.635728,2025-10-14,,de.linkedin.com/jobs/view/senior-artificial-intelligence-specialist-all-genders-at-adesso-se-3733040386
Software Developer (m/w/d) Healthcare,März Internetwork Services AG,"Essen, North Rhine-Westphalia, Germany",LinkedIn,https://de.linkedin.com/jobs/view/software-developer-m-w-d-healthcare-at-m%C3%A4rz-internetwork-services-ag-4197315851?position=16&pageNum=0&refId=POR9%2Bgfa38qwd7fAiSPQWg%3D%3D&trackingId=iOG7oxR5Vj3g2c2nTsEnKA%3D%3D,Not specified,2025-10-15 09:34:25.636548,2025-10-14,,de.linkedin.com/jobs/view/software-developer-m-w-d-healthcare-at-m%C3%A4rz-internetwork-services-ag-4197315851
Software Developer C#/.NET (f/m/x),Anton Paar TorqueTec (formerly Brabender),"Duisburg, North Rhine-Westphalia, Germany",LinkedIn,https://de.linkedin.com/jobs/view/software-developer-c%23-net-f-m-x-at-anton-paar-torquetec-formerly-brabender-4304002162?position=26&pageNum=0&refId=POR9%2Bgfa38qwd7fAiSPQWg%3D%3D&trackingId=in%2BfIInW7%2FyNkPvitTPrxw%3D%3D,Not specified,2025-10-15 09:34:25.637710,2025-10-14,,de.linkedin.com/jobs/view/software-developer-c%23-net-f-m-x-at-anton-paar-torquetec-formerly-brabender-4304002162
Software Developer - Java (m/w/d),E.ON Grid Solutions,"Essen, North Rhine-Westphalia, Germany",LinkedIn,https://de.linkedin.com/jobs/view/software-developer-java-m-w-d-at-e-on-grid-solutions-4311998262?position=27&pageNum=0&refId=POR9%2Bgfa38qwd7fAiSPQWg%3D%3D&trackingId=24997bPMYkgGCvQfU4HlWw%3D%3D,Not specified,2025-10-15 09:34:25.637826,2025-10-14,,de.linkedin.com/jobs/view/software-developer-java-m-w-d-at-e-on-grid-solutions-4311998262
Senior E-Drive-Systems Engineer (f/m/d),Siemens Energy,"Duisburg, North Rhine-Westphalia, Germany",LinkedIn,https://de.linkedin.com/jobs/view/senior-e-drive-systems-engineer-f-m-d-at-siemens-energy-4314252565?position=38&pageNum=0&refId=POR9%2Bgfa38qwd7fAiSPQWg%3D%3D&trackingId=nDY7Jm7h9RVaTna%2FKZwLHg%3D%3D,Not specified,2025-10-15 09:34:25.639141,2025-10-14,,de.linkedin.com/jobs/view/senior-e-drive-systems-engineer-f-m-d-at-siemens-energy-4314252565
Data Cloud Engineer (m/f/d) – International Analytics Platform,ALDI Nord Group,"Essen, North Rhine-Westphalia, Germany",LinkedIn,https://de.linkedin.com/jobs/view/data-cloud-engineer-m-f-d-%E2%80%93-international-analytics-platform-at-aldi-nord-group-4314249625?position=48&pageNum=0&refId=POR9%2Bgfa38qwd7fAiSPQWg%3D%3D&trackingId=b9IsUvvsBhiADycga8AIiA%3D%3D,Not specified,2025-10-15 09:34:25.640309,2025-10-14,,de.linkedin.com/jobs/view/data-cloud-engineer-m-f-d-%E2%80%93-international-analytics-platform-at-aldi-nord-group-4314249625
Senior Java Backend Entwickler (w/m/x),opta data,"Essen, North Rhine-Westphalia, Germany",LinkedIn,https://de.linkedin.com/jobs/view/senior-java-backend-entwickler-w-m-x-at-opta-data-4314265955?position=53&pageNum=0&refId=POR9%2Bgfa38qwd7fAiSPQWg%3D%3D&trackingId=cRE2nimw6lKv8w5PktyXSQ%3D%3D,Not specified,2025-10-15 09:34:25.640883,2025-10-14,,de.linkedin.com/jobs/view/senior-java-backend-entwickler-w-m-x-at-opta-data-4314265955
Software Architect Frontend (all genders),adesso SE,"Düsseldorf, North Rhine-Westphalia, Germany",LinkedIn,https://de.linkedin.com/jobs/view/software-architect-frontend-all-genders-at-adesso-se-3733042384?position=57&pageNum=0&refId=POR9%2Bgfa38qwd7fAiSPQWg%3D%3D&trackingId=OSD%2F9wqJskWoGPkR6FvK3A%3D%3D,Not specified,2025-10-15 09:34:25.641418,2025-10-14,,de.linkedin.com/jobs/view/software-architect-frontend-all-genders-at-adesso-se-3733042384
Cloud Automation Engineer Public & Private Cloud (all genders),adesso SE,"Düsseldorf, North Rhine-Westphalia, Germany",LinkedIn,https://de.linkedin.com/jobs/view/cloud-automation-engineer-public-private-cloud-all-genders-at-adesso-se-3925554640?position=60&pageNum=0&refId=POR9%2Bgfa38qwd7fAiSPQWg%3D%3D&trackingId=mTf9kwJoCC0athTDIkOiIw%3D%3D,Not specified,2025-10-15 09:34:25.641755,2025-10-14,,de.linkedin.com/jobs/view/cloud-automation-engineer-public-private-cloud-all-genders-at-adesso-se-3925554640
Full Stack Entwickler:in - Multibanking (d/m/w),Lexware,"Freiburg, Baden-Württemberg, Germany",LinkedIn,https://de.linkedin.com/jobs/view/full-stack-entwickler-in-multibanking-d-m-w-at-lexware-4292382428?position=1&pageNum=0&refId=yxePJYawiUIt6VeF1HPqFg%3D%3D&trackingId=fwGxXuQ9SbBER6kiEaHhMg%3D%3D,Not specified,2025-10-15 09:34:28.342633,2025-10-14,,de.linkedin.com/jobs/view/full-stack-entwickler-in-multibanking-d-m-w-at-lexware-4292382428
Softwareentwickler C++ (m/w/d),awinia GmbH,"Freiburg, Baden-Württemberg, Germany",LinkedIn,https://de.linkedin.com/jobs/view/softwareentwickler-c%2B%2B-m-w-d-at-awinia-gmbh-4311951357?position=3&pageNum=0&refId=yxePJYawiUIt6VeF1HPqFg%3D%3D&trackingId=Zhz4vmBUU%2BgTR%2BZ3bFL%2B1Q%3D%3D,Not specified,2025-10-15 09:34:28.342937,2025-10-14,,de.linkedin.com/jobs/view/softwareentwickler-c%2B%2B-m-w-d-at-awinia-gmbh-4311951357
Softwareentwickler (m/w/d),iTernity GmbH,"Freiburg, Baden-Württemberg, Germany",LinkedIn,https://de.linkedin.com/jobs/view/softwareentwickler-m-w-d-at-iternity-gmbh-4311987773?position=4&pageNum=0&refId=yxePJYawiUIt6VeF1HPqFg%3D%3D&trackingId=sGEls7DF6kUn5U0vcqjxqw%3D%3D,Not specified,2025-10-15 09:34:28.343074,2025-10-14,,de.linkedin.com/jobs/view/softwareentwickler-m-w-d-at-iternity-gmbh-4311987773
Softwareentwickler C# (m/w/d),awinia GmbH,"Freiburg, Baden-Württemberg, Germany",LinkedIn,https://de.linkedin.com/jobs/view/softwareentwickler-c%23-m-w-d-at-awinia-gmbh-4311952349?position=5&pageNum=0&refId=yxePJYawiUIt6VeF1HPqFg%3D%3D&trackingId=c5D7ttcF4g%2FFsZwksiqRKQ%3D%3D,Not specified,2025-10-15 09:34:28.343213,2025-10-14,,de.linkedin.com/jobs/view/softwareentwickler-c%23-m-w-d-at-awinia-gmbh-4311952349
Senior Java Entwickler (d/m/w),Lexware,"Freiburg, Baden-Württemberg, Germany",LinkedIn,https://de.linkedin.com/jobs/view/senior-java-entwickler-d-m-w-at-lexware-4304125257?position=6&pageNum=0&refId=yxePJYawiUIt6VeF1HPqFg%3D%3D&trackingId=pQATl%2BtOs2k6ZR4Tk2CVSw%3D%3D,Not specified,2025-10-15 09:34:28.343349,2025-10-14,,de.linkedin.com/jobs/view/senior-java-entwickler-d-m-w-at-lexware-4304125257
Senior / Lead Softwareentwickler/in Java (m/w/d),BESTMINDS GmbH Executive Search EN,"Freiburg, Baden-Württemberg, Germany",LinkedIn,https://de.linkedin.com/jobs/view/senior-lead-softwareentwickler-in-java-m-w-d-at-bestminds-gmbh-executive-search-en-3709494228?position=10&pageNum=0&refId=yxePJYawiUIt6VeF1HPqFg%3D%3D&trackingId=Ql5YTJkksMBS6Mc4f5r1lw%3D%3D,Not specified,2025-10-15 09:34:28.343891,2025-10-14,,de.linkedin.com/jobs/view/senior-lead-softwareentwickler-in-java-m-w-d-at-bestminds-gmbh-executive-search-en-3709494228
Enterprise Architect (m/w/d),JobRad,"Freiburg, Baden-Württemberg, Germany",LinkedIn,https://de.linkedin.com/jobs/view/enterprise-architect-m-w-d-at-jobrad-4275130537?position=12&pageNum=0&refId=yxePJYawiUIt6VeF1HPqFg%3D%3D&trackingId=v5L0bxPrRvrMupYjl%2FKPqA%3D%3D,Not specified,2025-10-15 09:34:28.344160,2025-10-14,,de.linkedin.com/jobs/view/enterprise-architect-m-w-d-at-jobrad-4275130537
Flutter Developer (m/w/d) in Digital Health-Startup,viatolea,"Nuremberg, Bavaria, Germany",LinkedIn,https://de.linkedin.com/jobs/view/flutter-developer-m-w-d-in-digital-health-startup-at-viatolea-4311979932?position=3&pageNum=0&refId=N%2FRwH6pUJSN6mwyTF8Ibhg%3D%3D&trackingId=mD8%2FY5xr6AuWENtQN2DaFA%3D%3D,Not specified,2025-10-15 09:34:31.101175,2025-10-14,,de.linkedin.com/jobs/view/flutter-developer-m-w-d-in-digital-health-startup-at-viatolea-4311979932
Shape your future with Siemens Smart Infrastructure. Become part of the Siemens Graduate Program Germany (f/m/d) - SI EP EMS R&D SAR,Siemens,"Amberg, Bavaria, Germany",LinkedIn,https://de.linkedin.com/jobs/view/shape-your-future-with-siemens-smart-infrastructure-become-part-of-the-siemens-graduate-program-germany-f-m-d-si-ep-ems-r-d-sar-at-siemens-4314515332?position=5&pageNum=0&refId=N%2FRwH6pUJSN6mwyTF8Ibhg%3D%3D&trackingId=wfDCLKGagT%2Brpn9XSCpCYw%3D%3D,Not specified,2025-10-15 09:34:31.101422,2025-10-14,,de.linkedin.com/jobs/view/shape-your-future-with-siemens-smart-infrastructure-become-part-of-the-siemens-graduate-program-germany-f-m-d-si-ep-ems-r-d-sar-at-siemens-4314515332
Senior Frontend-Entwickler:in (German-Speaking),Muxon,Greater Nuremberg Metropolitan Area,LinkedIn,https://de.linkedin.com/jobs/view/senior-frontend-entwickler-in-german-speaking-at-muxon-4314049649?position=9&pageNum=0&refId=N%2FRwH6pUJSN6mwyTF8Ibhg%3D%3D&trackingId=8O6v7H2HCl017Zf3xezHSw%3D%3D,Not specified,2025-10-15 09:34:31.101930,2025-10-14,,de.linkedin.com/jobs/view/senior-frontend-entwickler-in-german-speaking-at-muxon-4314049649
Requirements Engineer (all genders),adesso SE,"Nuremberg, Bavaria, Germany",LinkedIn,https://de.linkedin.com/jobs/view/requirements-engineer-all-genders-at-adesso-se-3944005456?position=10&pageNum=0&refId=N%2FRwH6pUJSN6mwyTF8Ibhg%3D%3D&trackingId=NEf5d%2F2q6q7ZJlW1F5SbMg%3D%3D,Not specified,2025-10-15 09:34:31.102055,2025-10-14,,de.linkedin.com/jobs/view/requirements-engineer-all-genders-at-adesso-se-3944005456
Full Stack Engineer (all genders),adesso SE,"Nuremberg, Bavaria, Germany",LinkedIn,https://de.linkedin.com/jobs/view/full-stack-engineer-all-genders-at-adesso-se-3961467077?position=14&pageNum=0&refId=N%2FRwH6pUJSN6mwyTF8Ibhg%3D%3D&trackingId=Ey9ChMNn2PYC4VM40%2BiTxA%3D%3D,Not specified,2025-10-15 09:34:31.102551,2025-10-14,,de.linkedin.com/jobs/view/full-stack-engineer-all-genders-at-adesso-se-3961467077
Softwareentwickler / Softwareentwicklerin (m/w/d) für Anwendungsentwicklung,stiftung elektro-altgeräte register,"Nuremberg, Bavaria, Germany",LinkedIn,https://de.linkedin.com/jobs/view/softwareentwickler-softwareentwicklerin-m-w-d-f%C3%BCr-anwendungsentwicklung-at-stiftung-elektro-altger%C3%A4te-register-4314602558?position=15&pageNum=0&refId=N%2FRwH6pUJSN6mwyTF8Ibhg%3D%3D&trackingId=huJCLZ0%2FlYv%2FMXygW5giQg%3D%3D,Not specified,2025-10-15 09:34:31.102676,2025-10-14,,de.linkedin.com/jobs/view/softwareentwickler-softwareentwicklerin-m-w-d-f%C3%BCr-anwendungsentwicklung-at-stiftung-elektro-altger%C3%A4te-register-4314602558
Full Stack Engineer - Google Cloud (all genders),adesso SE,"Nuremberg, Bavaria, Germany",LinkedIn,https://de.linkedin.com/jobs/view/full-stack-engineer-google-cloud-all-genders-at-adesso-se-3961461770?position=16&pageNum=0&refId=N%2FRwH6pUJSN6mwyTF8Ibhg%3D%3D&trackingId=TNFxOZo39iieXoQ29fajNA%3D%3D,Not specified,2025-10-15 09:34:31.102800,2025-10-14,,de.linkedin.com/jobs/view/full-stack-engineer-google-cloud-all-genders-at-adesso-se-3961461770
"Fullstack-Entwickler (m/w/d) C#, .NET, Vue.js",Bissantz,"Nuremberg, Bavaria, Germany",LinkedIn,https://de.linkedin.com/jobs/view/fullstack-entwickler-m-w-d-c%23-net-vue-js-at-bissantz-4311957010?position=17&pageNum=0&refId=N%2FRwH6pUJSN6mwyTF8Ibhg%3D%3D&trackingId=RB5qWByFsvu9VAKbGZyi3Q%3D%3D,Not specified,2025-10-15 09:34:31.102924,2025-10-14,,de.linkedin.com/jobs/view/fullstack-entwickler-m-w-d-c%23-net-vue-js-at-bissantz-4311957010
Softwareentwickler Java Frontend (m/w/d),Saab,"Nuremberg, Bavaria, Germany",LinkedIn,https://de.linkedin.com/jobs/view/softwareentwickler-java-frontend-m-w-d-at-saab-4314647214?position=18&pageNum=0&refId=N%2FRwH6pUJSN6mwyTF8Ibhg%3D%3D&trackingId=%2Fe%2FgtPbTTjyiTxIGwZCWsQ%3D%3D,Not specified,2025-10-15 09:34:31.103049,2025-10-14,,de.linkedin.com/jobs/view/softwareentwickler-java-frontend-m-w-d-at-saab-4314647214
Embedded Linux Entwickler (m/w/d),Optimus Search,"Nuremberg, Bavaria, Germany",LinkedIn,https://de.linkedin.com/jobs/view/embedded-linux-entwickler-m-w-d-at-optimus-search-4311976821?position=19&pageNum=0&refId=N%2FRwH6pUJSN6mwyTF8Ibhg%3D%3D&trackingId=uLxNHmLRH4%2BGPepDoLcqpw%3D%3D,Not specified,2025-10-15 09:34:31.103175,2025-10-14,,de.linkedin.com/jobs/view/embedded-linux-entwickler-m-w-d-at-optimus-search-4311976821
MuleSoft Developer (all genders),adesso SE,"Nuremberg, Bavaria, Germany",LinkedIn,https://de.linkedin.com/jobs/view/mulesoft-developer-all-genders-at-adesso-se-3961464617?position=20&pageNum=0&refId=N%2FRwH6pUJSN6mwyTF8Ibhg%3D%3D&trackingId=vd2aT4lZ5ZZR%2FqCLDcwCrg%3D%3D,Not specified,2025-10-15 09:34:31.103309,2025-10-14,,de.linkedin.com/jobs/view/mulesoft-developer-all-genders-at-adesso-se-3961464617
Senior Entwickler Massendurchflussregler (MFC) | thermische Massendurchflusssensoren | Inhouse (mwd),Vesterling AG,"Nuremberg, Bavaria, Germany",LinkedIn,https://de.linkedin.com/jobs/view/senior-entwickler-massendurchflussregler-mfc-thermische-massendurchflusssensoren-inhouse-mwd-at-vesterling-ag-4232119059?position=21&pageNum=0&refId=N%2FRwH6pUJSN6mwyTF8Ibhg%3D%3D&trackingId=IQflih72X71yY7lE8tLmzg%3D%3D,Not specified,2025-10-15 09:34:31.103435,2025-10-14,,de.linkedin.com/jobs/view/senior-entwickler-massendurchflussregler-mfc-thermische-massendurchflusssensoren-inhouse-mwd-at-vesterling-ag-4232119059
Software Architect Azure AI (all genders),adesso SE,"Nuremberg, Bavaria, Germany",LinkedIn,https://de.linkedin.com/jobs/view/software-architect-azure-ai-all-genders-at-adesso-se-4180521885?position=22&pageNum=0&refId=N%2FRwH6pUJSN6mwyTF8Ibhg%3D%3D&trackingId=DVfL9njrtWSBwYRWX4MSXg%3D%3D,Not specified,2025-10-15 09:34:31.103557,2025-10-14,,de.linkedin.com/jobs/view/software-architect-azure-ai-all-genders-at-adesso-se-4180521885
Data Scientist Junior-Professional,BerryOnMars,"Augsburg, Bavaria, Germany",LinkedIn,https://de.linkedin.com/jobs/view/data-scientist-junior-professional-at-berryonmars-4314282816?position=1&pageNum=0&refId=zhlobptQUlB6Z1sEnVLs%2FA%3D%3D&trackingId=CJfMg%2B58qlCFri7XhgCwww%3D%3D,Not specified,2025-10-15 09:34:33.750182,2025-10-14,,de.linkedin.com/jobs/view/data-scientist-junior-professional-at-berryonmars-4314282816
Software Developer Junior-Professional,BerryOnMars,"Augsburg, Bavaria, Germany",LinkedIn,https://de.linkedin.com/jobs/view/software-developer-junior-professional-at-berryonmars-4314286953?position=2&pageNum=0&refId=zhlobptQUlB6Z1sEnVLs%2FA%3D%3D&trackingId=FbASHVRF0FDZTwU%2FaoMkFg%3D%3D,Not specified,2025-10-15 09:34:33.750335,2025-10-14,,de.linkedin.com/jobs/view/software-developer-junior-professional-at-berryonmars-4314286953
Software Developer MES / IIoT (all genders),adesso SE,"Augsburg, Bavaria, Germany",LinkedIn,https://de.linkedin.com/jobs/view/software-developer-mes-iiot-all-genders-at-adesso-se-3733036925?position=4&pageNum=0&refId=zhlobptQUlB6Z1sEnVLs%2FA%3D%3D&trackingId=XomlqSX7XwTekJ2FVuEQvg%3D%3D,Not specified,2025-10-15 09:34:33.750609,2025-10-14,,de.linkedin.com/jobs/view/software-developer-mes-iiot-all-genders-at-adesso-se-3733036925
Senior Software Developer (m/w/d),SYNCPILOT Group,"Augsburg, Bavaria, Germany",LinkedIn,https://de.linkedin.com/jobs/view/senior-software-developer-m-w-d-at-syncpilot-group-4314657561?position=7&pageNum=0&refId=zhlobptQUlB6Z1sEnVLs%2FA%3D%3D&trackingId=wHsfdwPi6%2F3AXr3c2j6F1w%3D%3D,Not specified,2025-10-15 09:34:33.751028,2025-10-14,,de.linkedin.com/jobs/view/senior-software-developer-m-w-d-at-syncpilot-group-4314657561
Kurier (m/k/d),ManpowerGroup Deutschland,"Olching, Bavaria, Germany",LinkedIn,https://de.linkedin.com/jobs/view/kurier-m-k-d-at-manpowergroup-deutschland-4314845297?position=8&pageNum=0&refId=zhlobptQUlB6Z1sEnVLs%2FA%3D%3D&trackingId=G3e8SBJgtvVru71VxnipxA%3D%3D,Not specified,2025-10-15 09:34:33.751163,2025-10-14,,de.linkedin.com/jobs/view/kurier-m-k-d-at-manpowergroup-deutschland-4314845297
Linux Developer (m/f/d) - Augsburg,IGEL Technology,"Augsburg, Bavaria, Germany",LinkedIn,https://de.linkedin.com/jobs/view/linux-developer-m-f-d-augsburg-at-igel-technology-4314279388?position=10&pageNum=0&refId=zhlobptQUlB6Z1sEnVLs%2FA%3D%3D&trackingId=boYqPSI6ZMaHKyItqqNqZg%3D%3D,Not specified,2025-10-15 09:34:33.751439,2025-10-14,,de.linkedin.com/jobs/view/linux-developer-m-f-d-augsburg-at-igel-technology-4314279388
Senior Engineer Embedded Software & Firmware (f/m/div),Infineon Technologies,"Augsburg, Bavaria, Germany",LinkedIn,https://de.linkedin.com/jobs/view/senior-engineer-embedded-software-firmware-f-m-div-at-infineon-technologies-4305277278?position=12&pageNum=0&refId=zhlobptQUlB6Z1sEnVLs%2FA%3D%3D&trackingId=G0uNrJ4p%2FLszDCfUSm8Jbg%3D%3D,Not specified,2025-10-15 09:34:33.751718,2025-10-14,,de.linkedin.com/jobs/view/senior-engineer-embedded-software-firmware-f-m-div-at-infineon-technologies-4305277278
Senior Software Developer (Java) (m/f/d) - Augsburg or Bucharest,IGEL Technology,"Augsburg, Bavaria, Germany",LinkedIn,https://de.linkedin.com/jobs/view/senior-software-developer-java-m-f-d-augsburg-or-bucharest-at-igel-technology-4287519914?position=13&pageNum=0&refId=zhlobptQUlB6Z1sEnVLs%2FA%3D%3D&trackingId=34OqAAW%2BtNXgdW5ZfNwvfA%3D%3D,Not specified,2025-10-15 09:34:33.751848,2025-10-14,,de.linkedin.com/jobs/view/senior-software-developer-java-m-f-d-augsburg-or-bucharest-at-igel-technology-4287519914
Staff Engineer Host Software Development (f/m/div),Infineon Technologies,"Augsburg, Bavaria, Germany",LinkedIn,https://de.linkedin.com/jobs/view/staff-engineer-host-software-development-f-m-div-at-infineon-technologies-4312062651?position=14&pageNum=0&refId=zhlobptQUlB6Z1sEnVLs%2FA%3D%3D&trackingId=ba9gitlzXd01XBkouKOh7Q%3D%3D,Not specified,2025-10-15 09:34:33.751982,2025-10-14,,de.linkedin.com/jobs/view/staff-engineer-host-software-development-f-m-div-at-infineon-technologies-4312062651
Senior Software Developer (Java/Angular) (m/f/d) - Augsburg or Bucharest,IGEL Technology,"Augsburg, Bavaria, Germany",LinkedIn,https://de.linkedin.com/jobs/view/senior-software-developer-java-angular-m-f-d-augsburg-or-bucharest-at-igel-technology-4300494404?position=15&pageNum=0&refId=zhlobptQUlB6Z1sEnVLs%2FA%3D%3D&trackingId=oAZsTB3Bcrul5rByteJeVA%3D%3D,Not specified,2025-10-15 09:34:33.752114,2025-10-14,,de.linkedin.com/jobs/view/senior-software-developer-java-angular-m-f-d-augsburg-or-bucharest-at-igel-technology-4300494404
"C# Softwareentwickler | C#, .NET, spannende Projekte, Tätigkeit bei regionalen Kunden (mwd)",Vesterling AG,"Nuremberg, Bavaria, Germany",LinkedIn,https://de.linkedin.com/jobs/view/c%23-softwareentwickler-c%23-net-spannende-projekte-t%C3%A4tigkeit-bei-regionalen-kunden-mwd-at-vesterling-ag-4183892034?position=25&pageNum=0&refId=%2FVJoGbOoyl0njgX3f%2FDjEA%3D%3D&trackingId=IanmosIDbyf6FglzB6KkGA%3D%3D,Not specified,2025-10-15 09:34:36.484349,2025-10-14,,de.linkedin.com/jobs/view/c%23-softwareentwickler-c%23-net-spannende-projekte-t%C3%A4tigkeit-bei-regionalen-kunden-mwd-at-vesterling-ag-4183892034
Vue.js-Developer:innen,Instaffo,"Nuremberg, Bavaria, Germany",LinkedIn,https://de.linkedin.com/jobs/view/vue-js-developer-innen-at-instaffo-4266777722?position=28&pageNum=0&refId=%2FVJoGbOoyl0njgX3f%2FDjEA%3D%3D&trackingId=gYThfinUt34EC72nk0JoNg%3D%3D,Not specified,2025-10-15 09:34:36.484757,2025-10-14,,de.linkedin.com/jobs/view/vue-js-developer-innen-at-instaffo-4266777722
Senior Data Scientist / AI Consultant (m/w/d),Gofore,Hannover-Braunschweig-Göttingen-Wolfsburg Region,LinkedIn,https://de.linkedin.com/jobs/view/senior-data-scientist-ai-consultant-m-w-d-at-gofore-4311959324?position=1&pageNum=0&refId=YAgcbodri8h7OJ19uRcr3A%3D%3D&trackingId=SkdK64QT%2BgpZV6AGTTspXg%3D%3D,Not specified,2025-10-15 09:34:39.152634,2025-10-14,,de.linkedin.com/jobs/view/senior-data-scientist-ai-consultant-m-w-d-at-gofore-4311959324
Software Developer MES / IIoT (all genders),adesso SE,"Hannover, Lower Saxony, Germany",LinkedIn,https://de.linkedin.com/jobs/view/software-developer-mes-iiot-all-genders-at-adesso-se-3733041115?position=5&pageNum=0&refId=YAgcbodri8h7OJ19uRcr3A%3D%3D&trackingId=uqMuTJxzQIqbxmWnVA2HBQ%3D%3D,Not specified,2025-10-15 09:34:39.153198,2025-10-14,,de.linkedin.com/jobs/view/software-developer-mes-iiot-all-genders-at-adesso-se-3733041115
Software Developer - Java (m/w/d),E.ON Grid Solutions,"Hannover, Lower Saxony, Germany",LinkedIn,https://de.linkedin.com/jobs/view/software-developer-java-m-w-d-at-e-on-grid-solutions-4312213057?position=6&pageNum=0&refId=YAgcbodri8h7OJ19uRcr3A%3D%3D&trackingId=ugEBr3OyZJPjjHSlBmRbTQ%3D%3D,Not specified,2025-10-15 09:34:39.153336,2025-10-14,,de.linkedin.com/jobs/view/software-developer-java-m-w-d-at-e-on-grid-solutions-4312213057
Senior-Fullstack-Entwickler (m/w/d),heise online,"Hannover, Lower Saxony, Germany",LinkedIn,https://de.linkedin.com/jobs/view/senior-fullstack-entwickler-m-w-d-at-heise-online-4314269969?position=7&pageNum=0&refId=YAgcbodri8h7OJ19uRcr3A%3D%3D&trackingId=JjJPEcxTKqC4UClseumObA%3D%3D,Not specified,2025-10-15 09:34:39.153473,2025-10-14,,de.linkedin.com/jobs/view/senior-fullstack-entwickler-m-w-d-at-heise-online-4314269969
Software Architect MES / IIoT (all genders),adesso SE,"Hannover, Lower Saxony, Germany",LinkedIn,https://de.linkedin.com/jobs/view/software-architect-mes-iiot-all-genders-at-adesso-se-3733037551?position=10&pageNum=0&refId=YAgcbodri8h7OJ19uRcr3A%3D%3D&trackingId=2jW0H%2BV7pastvEVdZncLYg%3D%3D,Not specified,2025-10-15 09:34:39.153884,2025-10-14,,de.linkedin.com/jobs/view/software-architect-mes-iiot-all-genders-at-adesso-se-3733037551
Java-Entwickler Banksteuerung (m/w/d),Finanz Informatik,"Hannover, Lower Saxony, Germany",LinkedIn,https://de.linkedin.com/jobs/view/java-entwickler-banksteuerung-m-w-d-at-finanz-informatik-4314615071?position=11&pageNum=0&refId=YAgcbodri8h7OJ19uRcr3A%3D%3D&trackingId=dv%2FjmZvi%2BFMe7ElrEHoAHA%3D%3D,Not specified,2025-10-15 09:34:39.154019,2025-10-14,,de.linkedin.com/jobs/view/java-entwickler-banksteuerung-m-w-d-at-finanz-informatik-4314615071
Software Architect (m/w/d),M&M Software GmbH,"Hannover, Lower Saxony, Germany",LinkedIn,https://de.linkedin.com/jobs/view/software-architect-m-w-d-at-m-m-software-gmbh-4314670810?position=12&pageNum=0&refId=YAgcbodri8h7OJ19uRcr3A%3D%3D&trackingId=3%2Fwbo7nk%2FGClQGrvmMiYvQ%3D%3D,Not specified,2025-10-15 09:34:39.154155,2025-10-14,,de.linkedin.com/jobs/view/software-architect-m-w-d-at-m-m-software-gmbh-4314670810
Senior Software Architect Conversational AI (all genders),adesso SE,"Hannover, Lower Saxony, Germany",LinkedIn,https://de.linkedin.com/jobs/view/senior-software-architect-conversational-ai-all-genders-at-adesso-se-4078625004?position=13&pageNum=0&refId=YAgcbodri8h7OJ19uRcr3A%3D%3D&trackingId=YuZeSvhy%2Fxw%2BZX9U20Ck5w%3D%3D,Not specified,2025-10-15 09:34:39.154294,2025-10-14,,de.linkedin.com/jobs/view/senior-software-architect-conversational-ai-all-genders-at-adesso-se-4078625004
Cloud Data Engineer - Databricks (all genders),adesso SE,"Hannover, Lower Saxony, Germany",LinkedIn,https://de.linkedin.com/jobs/view/cloud-data-engineer-databricks-all-genders-at-adesso-se-4139522282?position=15&pageNum=0&refId=YAgcbodri8h7OJ19uRcr3A%3D%3D&trackingId=ojj0ZOOhaBNlVFflw%2BFFVA%3D%3D,Not specified,2025-10-15 09:34:39.154566,2025-10-14,,de.linkedin.com/jobs/view/cloud-data-engineer-databricks-all-genders-at-adesso-se-4139522282
Senior Flutter Developer (all genders),adesso SE,"Hannover, Lower Saxony, Germany",LinkedIn,https://de.linkedin.com/jobs/view/senior-flutter-developer-all-genders-at-adesso-se-4283023587?position=16&pageNum=0&refId=YAgcbodri8h7OJ19uRcr3A%3D%3D&trackingId=n5H%2B0jnm8ULEd262EC94Og%3D%3D,Not specified,2025-10-15 09:34:39.154710,2025-10-14,,de.linkedin.com/jobs/view/senior-flutter-developer-all-genders-at-adesso-se-4283023587
Senior Consultant BI & Data Modeling (w/m/d),KPMG Deutschland,"Hannover, Lower Saxony, Germany",LinkedIn,https://de.linkedin.com/jobs/view/senior-consultant-bi-data-modeling-w-m-d-at-kpmg-deutschland-4314510454?position=18&pageNum=0&refId=YAgcbodri8h7OJ19uRcr3A%3D%3D&trackingId=AHf45bmvbA%2B5H4OTcheBfQ%3D%3D,Not specified,2025-10-15 09:34:39.154982,2025-10-14,,de.linkedin.com/jobs/view/senior-consultant-bi-data-modeling-w-m-d-at-kpmg-deutschland-4314510454
Java Softwareentwickler für Migrationsprojekte,Finanz Informatik,"Hannover, Lower Saxony, Germany",LinkedIn,https://de.linkedin.com/jobs/view/java-softwareentwickler-f%C3%BCr-migrationsprojekte-at-finanz-informatik-4304011914?position=20&pageNum=0&refId=YAgcbodri8h7OJ19uRcr3A%3D%3D&trackingId=WfjhbILk6J9Gjvfd740vEA%3D%3D,Not specified,2025-10-15 09:34:39.155252,2025-10-14,,de.linkedin.com/jobs/view/java-softwareentwickler-f%C3%BCr-migrationsprojekte-at-finanz-informatik-4304011914
Lead Cloud Data Engineer - Azure / Databricks (all genders),adesso SE,"Hannover, Lower Saxony, Germany",LinkedIn,https://de.linkedin.com/jobs/view/lead-cloud-data-engineer-azure-databricks-all-genders-at-adesso-se-3733036898?position=23&pageNum=0&refId=YAgcbodri8h7OJ19uRcr3A%3D%3D&trackingId=AmJ4sDwzPDq6RJ0RnBtt%2BQ%3D%3D,Not specified,2025-10-15 09:34:39.155666,2025-10-14,,de.linkedin.com/jobs/view/lead-cloud-data-engineer-azure-databricks-all-genders-at-adesso-se-3733036898
Software Developer Dynamics Finance & Supply Chain Management (all genders),adesso SE,"Hannover, Lower Saxony, Germany",LinkedIn,https://de.linkedin.com/jobs/view/software-developer-dynamics-finance-supply-chain-management-all-genders-at-adesso-se-4044827671?position=24&pageNum=0&refId=YAgcbodri8h7OJ19uRcr3A%3D%3D&trackingId=Fy8JFIhvPbaFpAyO%2BpQTdw%3D%3D,Not specified,2025-10-15 09:34:39.155802,2025-10-14,,de.linkedin.com/jobs/view/software-developer-dynamics-finance-supply-chain-management-all-genders-at-adesso-se-4044827671
Enterprise Architect (m/w/d),Swiss Life Deutschland,"Hannover, Lower Saxony, Germany",LinkedIn,https://de.linkedin.com/jobs/view/enterprise-architect-m-w-d-at-swiss-life-deutschland-4291125543?position=26&pageNum=0&refId=YAgcbodri8h7OJ19uRcr3A%3D%3D&trackingId=iOJveBoygcx953b8j%2BEJhQ%3D%3D,Not specified,2025-10-15 09:34:39.156074,2025-10-14,,de.linkedin.com/jobs/view/enterprise-architect-m-w-d-at-swiss-life-deutschland-4291125543
Testverantwortlicher Payment Check-Out Lösungen,Finanz Informatik,"Hannover, Lower Saxony, Germany",LinkedIn,https://de.linkedin.com/jobs/view/testverantwortlicher-payment-check-out-l%C3%B6sungen-at-finanz-informatik-4303692236?position=27&pageNum=0&refId=YAgcbodri8h7OJ19uRcr3A%3D%3D&trackingId=Mu9cIvphNks7emYgnrX9zw%3D%3D,Not specified,2025-10-15 09:34:39.156211,2025-10-14,,de.linkedin.com/jobs/view/testverantwortlicher-payment-check-out-l%C3%B6sungen-at-finanz-informatik-4303692236
Senior Consultant BI & Data Modeling (w/m/d),KPMG Deutschland,"Stuttgart, Baden-Württemberg, Germany",LinkedIn,https://de.linkedin.com/jobs/view/senior-consultant-bi-data-modeling-w-m-d-at-kpmg-deutschland-4314514298?position=3&pageNum=0&refId=%2FdNnikrXR8%2BX6q%2BWvD%2BQsA%3D%3D&trackingId=BR5RWg3PNJAEGJOV%2FKzRCw%3D%3D,Not specified,2025-10-15 09:34:41.976420,2025-10-14,,de.linkedin.com/jobs/view/senior-consultant-bi-data-modeling-w-m-d-at-kpmg-deutschland-4314514298
Business Analyst in IT-Projekten (w|m|d),BridgingIT,"Stuttgart, Baden-Württemberg, Germany",LinkedIn,https://de.linkedin.com/jobs/view/business-analyst-in-it-projekten-w-m-d-at-bridgingit-4314667540?position=5&pageNum=0&refId=%2FdNnikrXR8%2BX6q%2BWvD%2BQsA%3D%3D&trackingId=sY%2FsuATjR5HVexVMqNtwug%3D%3D,Not specified,2025-10-15 09:34:41.976675,2025-10-14,,de.linkedin.com/jobs/view/business-analyst-in-it-projekten-w-m-d-at-bridgingit-4314667540
Senior IT-Consultant / Business Analyst Versicherungen (all genders),adesso SE,"Stuttgart, Baden-Württemberg, Germany",LinkedIn,https://de.linkedin.com/jobs/view/senior-it-consultant-business-analyst-versicherungen-all-genders-at-adesso-se-3733042491?position=38&pageNum=0&refId=%2FdNnikrXR8%2BX6q%2BWvD%2BQsA%3D%3D&trackingId=YBzMzAiWeem53HvLLEZ5WQ%3D%3D,Not specified,2025-10-15 09:34:41.980714,2025-10-14,,de.linkedin.com/jobs/view/senior-it-consultant-business-analyst-versicherungen-all-genders-at-adesso-se-3733042491
IT Anforderungsmanager / Requirements Engineer (w/m/d),Stuttgart Netze,"Stuttgart, Baden-Württemberg, Germany",LinkedIn,https://de.linkedin.com/jobs/view/it-anforderungsmanager-requirements-engineer-w-m-d-at-stuttgart-netze-4314650725?position=49&pageNum=0&refId=%2FdNnikrXR8%2BX6q%2BWvD%2BQsA%3D%3D&trackingId=3zR8ZuX%2FvfKiUNJ1Hsk%2B7Q%3D%3D,Not specified,2025-10-15 09:34:41.981997,2025-10-14,,de.linkedin.com/jobs/view/it-anforderungsmanager-requirements-engineer-w-m-d-at-stuttgart-netze-4314650725
Senior Analyst - Sourcing,Wesco,Stuttgart Region,LinkedIn,https://de.linkedin.com/jobs/view/senior-analyst-sourcing-at-wesco-4304177505?position=57&pageNum=0&refId=%2FdNnikrXR8%2BX6q%2BWvD%2BQsA%3D%3D&trackingId=ZxkOckiSId8S7IPlrYwUHA%3D%3D,Not specified,2025-10-15 09:34:41.982922,2025-10-14,,de.linkedin.com/jobs/view/senior-analyst-sourcing-at-wesco-4304177505
Remote Data Analyst,CodeCraft,"Berlin, Germany",LinkedIn,https://de.linkedin.com/jobs/view/remote-data-analyst-at-codecraft-4312261074?position=1&pageNum=0&refId=qCB6m1FLIoeS4LTLUKPTxw%3D%3D&trackingId=67NLl%2B4zCo%2BaLcAV%2B99dmw%3D%3D,Not specified,2025-10-15 09:34:44.838576,2025-10-15,,de.linkedin.com/jobs/view/remote-data-analyst-at-codecraft-4312261074
Data Analyst (w/m/d),HAVAU Hausverwaltung GmbH,"Berlin, Berlin, Germany",LinkedIn,https://de.linkedin.com/jobs/view/data-analyst-w-m-d-at-havau-hausverwaltung-gmbh-4311951002?position=2&pageNum=0&refId=qCB6m1FLIoeS4LTLUKPTxw%3D%3D&trackingId=qw64g4SWWcogz9kghapK6w%3D%3D,Not specified,2025-10-15 09:34:44.838705,2025-10-14,,de.linkedin.com/jobs/view/data-analyst-w-m-d-at-havau-hausverwaltung-gmbh-4311951002
Data Analyst (w/m/d),hallo theo,"Berlin, Berlin, Germany",LinkedIn,https://de.linkedin.com/jobs/view/data-analyst-w-m-d-at-hallo-theo-4311942896?position=3&pageNum=0&refId=qCB6m1FLIoeS4LTLUKPTxw%3D%3D&trackingId=S34MmRQZCwlADW05Y9%2FxOQ%3D%3D,Not specified,2025-10-15 09:34:44.838828,2025-10-14,,de.linkedin.com/jobs/view/data-analyst-w-m-d-at-hallo-theo-4311942896
Remote Data Analyst,Toei Techno,"Berlin, Germany",LinkedIn,https://de.linkedin.com/jobs/view/remote-data-analyst-at-toei-techno-4312261080?position=4&pageNum=0&refId=qCB6m1FLIoeS4LTLUKPTxw%3D%3D&trackingId=5fBLj5nJ87egjGmUX8CQeA%3D%3D,Not specified,2025-10-15 09:34:44.838954,2025-10-15,,de.linkedin.com/jobs/view/remote-data-analyst-at-toei-techno-4312261080
Senior Data Analyst,Yepoda,"Berlin, Berlin, Germany",LinkedIn,https://de.linkedin.com/jobs/view/senior-data-analyst-at-yepoda-4314827726?position=5&pageNum=0&refId=qCB6m1FLIoeS4LTLUKPTxw%3D%3D&trackingId=zOt9%2FUlNtb%2FXJDk0KbUeBg%3D%3D,Not specified,2025-10-15 09:34:44.839074,2025-10-14,,de.linkedin.com/jobs/view/senior-data-analyst-at-yepoda-4314827726
Senior Data Analyst (f/m/d),think-cell Software,"Berlin, Berlin, Germany",LinkedIn,https://de.linkedin.com/jobs/view/senior-data-analyst-f-m-d-at-think-cell-software-4314279861?position=6&pageNum=0&refId=qCB6m1FLIoeS4LTLUKPTxw%3D%3D&trackingId=5OEv%2BxAYDbj3m7059mQ0WA%3D%3D,Not specified,2025-10-15 09:34:44.839198,2025-10-14,,de.linkedin.com/jobs/view/senior-data-analyst-f-m-d-at-think-cell-software-4314279861
(Senior) Data Analyst / Consultant (m/w/d),A11,"Berlin, Berlin, Germany",LinkedIn,https://de.linkedin.com/jobs/view/senior-data-analyst-consultant-m-w-d-at-a11-4266688163?position=8&pageNum=0&refId=qCB6m1FLIoeS4LTLUKPTxw%3D%3D&trackingId=FFah8yIkq7iLe%2F4ESDPKgQ%3D%3D,Not specified,2025-10-15 09:34:44.839449,2025-10-14,,de.linkedin.com/jobs/view/senior-data-analyst-consultant-m-w-d-at-a11-4266688163
Quantitative Analyst,Hasso Plattner Foundation,"Potsdam, Brandenburg, Germany",LinkedIn,https://de.linkedin.com/jobs/view/quantitative-analyst-at-hasso-plattner-foundation-4293096902?position=11&pageNum=0&refId=qCB6m1FLIoeS4LTLUKPTxw%3D%3D&trackingId=ekd7%2FL6lWBtsm1yrV%2F7eHg%3D%3D,Not specified,2025-10-15 09:34:44.839816,2025-10-14,,de.linkedin.com/jobs/view/quantitative-analyst-at-hasso-plattner-foundation-4293096902
Data Engineer / BI Developer,BIOTRONIK,"Berlin, Berlin, Germany",LinkedIn,https://de.linkedin.com/jobs/view/data-engineer-bi-developer-at-biotronik-4309019035?position=15&pageNum=0&refId=qCB6m1FLIoeS4LTLUKPTxw%3D%3D&trackingId=lUNXDbbMFiF7jnqbTv3Hhg%3D%3D,Not specified,2025-10-15 09:34:44.840277,2025-10-14,,de.linkedin.com/jobs/view/data-engineer-bi-developer-at-biotronik-4309019035
Senior Consultant BI & Data Modeling (w/m/d),KPMG Deutschland,"Berlin, Berlin, Germany",LinkedIn,https://de.linkedin.com/jobs/view/senior-consultant-bi-data-modeling-w-m-d-at-kpmg-deutschland-4314515313?position=18&pageNum=0&refId=qCB6m1FLIoeS4LTLUKPTxw%3D%3D&trackingId=SLLEIqtMar%2F5b5WR1Hd1jQ%3D%3D,Not specified,2025-10-15 09:34:44.840629,2025-10-14,,de.linkedin.com/jobs/view/senior-consultant-bi-data-modeling-w-m-d-at-kpmg-deutschland-4314515313
"Data Engineer, AWS Fraud Prevention",Amazon Web Services (AWS),"Berlin, Germany",LinkedIn,https://de.linkedin.com/jobs/view/data-engineer-aws-fraud-prevention-at-amazon-web-services-aws-4304163819?position=20&pageNum=0&refId=qCB6m1FLIoeS4LTLUKPTxw%3D%3D&trackingId=yoRWJUUFpf1hp%2FlnXSWRyw%3D%3D,Not specified,2025-10-15 09:34:44.840869,2025-10-14,,de.linkedin.com/jobs/view/data-engineer-aws-fraud-prevention-at-amazon-web-services-aws-4304163819
Data Platform Engineer (m/w/d),GEMA,"Berlin, Germany",LinkedIn,https://de.linkedin.com/jobs/view/data-platform-engineer-m-w-d-at-gema-4314624711?position=22&pageNum=0&refId=qCB6m1FLIoeS4LTLUKPTxw%3D%3D&trackingId=7SWs4hZDqDntO%2F17I%2Bc9aw%3D%3D,Not specified,2025-10-15 09:34:44.841096,2025-10-14,,de.linkedin.com/jobs/view/data-platform-engineer-m-w-d-at-gema-4314624711
Data Engineer - GCP & Looker (m/f/d),momox,"Berlin, Berlin, Germany",LinkedIn,https://de.linkedin.com/jobs/view/data-engineer-gcp-looker-m-f-d-at-momox-4279649810?position=24&pageNum=0&refId=qCB6m1FLIoeS4LTLUKPTxw%3D%3D&trackingId=bTRe3XXLnKogekO4TAe0IQ%3D%3D,Not specified,2025-10-15 09:34:44.841326,2025-10-14,,de.linkedin.com/jobs/view/data-engineer-gcp-looker-m-f-d-at-momox-4279649810
Senior Data Engineer (f/m/d),think-cell Software,"Berlin, Berlin, Germany",LinkedIn,https://de.linkedin.com/jobs/view/senior-data-engineer-f-m-d-at-think-cell-software-4314293237?position=25&pageNum=0&refId=qCB6m1FLIoeS4LTLUKPTxw%3D%3D&trackingId=2wnw6zNz2GVCP%2BuhLxnObw%3D%3D,Not specified,2025-10-15 09:34:44.841436,2025-10-14,,de.linkedin.com/jobs/view/senior-data-engineer-f-m-d-at-think-cell-software-4314293237
Business Verantwortlicher (m/w/d) für den Reporting-Stream (LTSM),Bertrandt Group,"Berlin, Berlin, Germany",LinkedIn,https://de.linkedin.com/jobs/view/business-verantwortlicher-m-w-d-f%C3%BCr-den-reporting-stream-ltsm-at-bertrandt-group-4314254386?position=31&pageNum=0&refId=qCB6m1FLIoeS4LTLUKPTxw%3D%3D&trackingId=17X3EEGw4bKbz%2F47YRRSig%3D%3D,Not specified,2025-10-15 09:34:44.842141,2025-10-14,,de.linkedin.com/jobs/view/business-verantwortlicher-m-w-d-f%C3%BCr-den-reporting-stream-ltsm-at-bertrandt-group-4314254386
Salesforce Developer (m/f/d),CoreTylynt,"Berlin, Germany",LinkedIn,https://de.linkedin.com/jobs/view/salesforce-developer-m-f-d-at-coretylynt-4314653588?position=32&pageNum=0&refId=qCB6m1FLIoeS4LTLUKPTxw%3D%3D&trackingId=d1yiXbIUKg0k%2FKgsJc%2F5iA%3D%3D,Not specified,2025-10-15 09:34:44.842258,2025-10-14,,de.linkedin.com/jobs/view/salesforce-developer-m-f-d-at-coretylynt-4314653588
"AWS Fraud Analyst II, AWS Fraud Prevention",Amazon Web Services (AWS),"Berlin, Germany",LinkedIn,https://de.linkedin.com/jobs/view/aws-fraud-analyst-ii-aws-fraud-prevention-at-amazon-web-services-aws-4304177582?position=41&pageNum=0&refId=qCB6m1FLIoeS4LTLUKPTxw%3D%3D&trackingId=yKGGPYFIRV2ozTtlIU2dsA%3D%3D,Not specified,2025-10-15 09:34:44.843288,2025-10-14,,de.linkedin.com/jobs/view/aws-fraud-analyst-ii-aws-fraud-prevention-at-amazon-web-services-aws-4304177582
Infrastructure Engineer,Instaffo,"Berlin, Berlin, Germany",LinkedIn,https://de.linkedin.com/jobs/view/infrastructure-engineer-at-instaffo-4202676134?position=43&pageNum=0&refId=qCB6m1FLIoeS4LTLUKPTxw%3D%3D&trackingId=BWsplpZtG%2BzYQFGfFQeccw%3D%3D,Not specified,2025-10-15 09:34:44.843518,2025-10-15,,de.linkedin.com/jobs/view/infrastructure-engineer-at-instaffo-4202676134
M365 Power Platform Specialist & Platform Owner (m/w/d),BEW Berliner Energie und Wärme GmbH,"Berlin, Berlin, Germany",LinkedIn,https://de.linkedin.com/jobs/view/m365-power-platform-specialist-platform-owner-m-w-d-at-bew-berliner-energie-und-w%C3%A4rme-gmbh-4314660823?position=48&pageNum=0&refId=qCB6m1FLIoeS4LTLUKPTxw%3D%3D&trackingId=UhAJrVHCcqQORy7ECR3S%2BQ%3D%3D,Not specified,2025-10-15 09:34:44.844099,2025-10-14,,de.linkedin.com/jobs/view/m365-power-platform-specialist-platform-owner-m-w-d-at-bew-berliner-energie-und-w%C3%A4rme-gmbh-4314660823
Senior Data Engineer - DataOps GCP (m/f/d),momox,"Berlin, Berlin, Germany",LinkedIn,https://de.linkedin.com/jobs/view/senior-data-engineer-dataops-gcp-m-f-d-at-momox-4302512543?position=58&pageNum=0&refId=qCB6m1FLIoeS4LTLUKPTxw%3D%3D&trackingId=gJQe2Q9i0HyORqQ0x97iIQ%3D%3D,Not specified,2025-10-15 09:34:44.845254,2025-10-14,,de.linkedin.com/jobs/view/senior-data-engineer-dataops-gcp-m-f-d-at-momox-4302512543
Master Data Analyst (m/w/d),JACK WOLFSKIN,"Idstein, Hesse, Germany",LinkedIn,https://de.linkedin.com/jobs/view/master-data-analyst-m-w-d-at-jack-wolfskin-4315130451?position=2&pageNum=0&refId=J%2Fkno%2B5oIM1%2BxH7yoEVKmA%3D%3D&trackingId=tKtMDFy10pn7M003Ibor4A%3D%3D,Not specified,2025-10-15 09:34:47.804336,2025-10-15,,de.linkedin.com/jobs/view/master-data-analyst-m-w-d-at-jack-wolfskin-4315130451
Global Business Analyst & Admin (Marketing & Data Cloud) -Salesforce (m/f/d),Fresenius Kabi,"Bad Homburg, Hesse, Germany",LinkedIn,https://de.linkedin.com/jobs/view/global-business-analyst-admin-marketing-data-cloud-salesforce-m-f-d-at-fresenius-kabi-4294119309?position=5&pageNum=0&refId=J%2Fkno%2B5oIM1%2BxH7yoEVKmA%3D%3D&trackingId=u7X2Lkw%2BKiyq2VivgGdNmw%3D%3D,Not specified,2025-10-15 09:34:47.804721,2025-10-14,,de.linkedin.com/jobs/view/global-business-analyst-admin-marketing-data-cloud-salesforce-m-f-d-at-fresenius-kabi-4294119309
"Senior Analyst, Commercial Services",Rio Tinto,"Frankfurt, Hesse, Germany",LinkedIn,https://de.linkedin.com/jobs/view/senior-analyst-commercial-services-at-rio-tinto-4314582956?position=6&pageNum=0&refId=J%2Fkno%2B5oIM1%2BxH7yoEVKmA%3D%3D&trackingId=eadU5%2Fa364%2BE%2FdRoU7JXng%3D%3D,Not specified,2025-10-15 09:34:47.804848,2025-10-15,,de.linkedin.com/jobs/view/senior-analyst-commercial-services-at-rio-tinto-4314582956
Senior Oracle Database Engineer (f/m/x),Deutsche Bank,"Frankfurt, Hesse, Germany",LinkedIn,https://de.linkedin.com/jobs/view/senior-oracle-database-engineer-f-m-x-at-deutsche-bank-4314655955?position=16&pageNum=0&refId=J%2Fkno%2B5oIM1%2BxH7yoEVKmA%3D%3D&trackingId=E1C7%2FaQ8Bjas%2FDIX1bqlbw%3D%3D,Not specified,2025-10-15 09:34:47.806095,2025-10-14,,de.linkedin.com/jobs/view/senior-oracle-database-engineer-f-m-x-at-deutsche-bank-4314655955
Senior Business Analyst (w/m/d) Common Reporting,KfW,"Frankfurt, Hesse, Germany",LinkedIn,https://de.linkedin.com/jobs/view/senior-business-analyst-w-m-d-common-reporting-at-kfw-4314630194?position=20&pageNum=0&refId=J%2Fkno%2B5oIM1%2BxH7yoEVKmA%3D%3D&trackingId=XeM032EQjYcexDiFOBd2HQ%3D%3D,Not specified,2025-10-15 09:34:47.806602,2025-10-14,,de.linkedin.com/jobs/view/senior-business-analyst-w-m-d-common-reporting-at-kfw-4314630194
Business Analyst Workflowmanagementsystem (all genders),adesso SE,"Frankfurt, Hesse, Germany",LinkedIn,https://de.linkedin.com/jobs/view/business-analyst-workflowmanagementsystem-all-genders-at-adesso-se-4217401580?position=36&pageNum=0&refId=J%2Fkno%2B5oIM1%2BxH7yoEVKmA%3D%3D&trackingId=VaDnrlgaOQcOHZW4LiH2EQ%3D%3D,Not specified,2025-10-15 09:34:47.808511,2025-10-14,,de.linkedin.com/jobs/view/business-analyst-workflowmanagementsystem-all-genders-at-adesso-se-4217401580
Senior Business Analyst (m/f/d) Payments,Worldline,"Frankfurt am Main, Hesse, Germany",LinkedIn,https://de.linkedin.com/jobs/view/senior-business-analyst-m-f-d-payments-at-worldline-4312230316?position=43&pageNum=0&refId=J%2Fkno%2B5oIM1%2BxH7yoEVKmA%3D%3D&trackingId=3TAvcbuJNG0qrrMv%2BXhdHw%3D%3D,Not specified,2025-10-15 09:34:47.809323,2025-10-14,,de.linkedin.com/jobs/view/senior-business-analyst-m-f-d-payments-at-worldline-4312230316
IT Business Analyst (m/w/d),Eurofins,"Wesseling, North Rhine-Westphalia, Germany",LinkedIn,https://de.linkedin.com/jobs/view/it-business-analyst-m-w-d-at-eurofins-4314628168?position=4&pageNum=0&refId=mbsEq1BGdSy%2FJ436iYxgqg%3D%3D&trackingId=dovRKXIr4HdGXVdzXqhsTw%3D%3D,Not specified,2025-10-15 09:34:50.990776,2025-10-14,,de.linkedin.com/jobs/view/it-business-analyst-m-w-d-at-eurofins-4314628168
Senior Consultant BI & Data Modeling (w/m/d),KPMG Deutschland,"Cologne, North Rhine-Westphalia, Germany",LinkedIn,https://de.linkedin.com/jobs/view/senior-consultant-bi-data-modeling-w-m-d-at-kpmg-deutschland-4314295751?position=6&pageNum=0&refId=mbsEq1BGdSy%2FJ436iYxgqg%3D%3D&trackingId=H4cpQ9bsvDNYUVK%2BpbZpxg%3D%3D,Not specified,2025-10-15 09:34:50.991030,2025-10-14,,de.linkedin.com/jobs/view/senior-consultant-bi-data-modeling-w-m-d-at-kpmg-deutschland-4314295751
Senior Consultant BI & Data Modeling (w/m/d),KPMG Deutschland,"Düsseldorf, North Rhine-Westphalia, Germany",LinkedIn,https://de.linkedin.com/jobs/view/senior-consultant-bi-data-modeling-w-m-d-at-kpmg-deutschland-4314296757?position=7&pageNum=0&refId=mbsEq1BGdSy%2FJ436iYxgqg%3D%3D&trackingId=MBDqIHol5dWjHivCLD0X7Q%3D%3D,Not specified,2025-10-15 09:34:50.991155,2025-10-14,,de.linkedin.com/jobs/view/senior-consultant-bi-data-modeling-w-m-d-at-kpmg-deutschland-4314296757
Senior Data Engineer im Consulting,viadee Unternehmensberatung AG,"Cologne, North Rhine-Westphalia, Germany",LinkedIn,https://de.linkedin.com/jobs/view/senior-data-engineer-im-consulting-at-viadee-unternehmensberatung-ag-4314616532?position=13&pageNum=0&refId=mbsEq1BGdSy%2FJ436iYxgqg%3D%3D&trackingId=f4weU5KRSxEmki1n%2FsiSzw%3D%3D,Not specified,2025-10-15 09:34:50.991899,2025-10-14,,de.linkedin.com/jobs/view/senior-data-engineer-im-consulting-at-viadee-unternehmensberatung-ag-4314616532
Business Analyst Firmenkundenberatung,Instaffo,"Düsseldorf, North Rhine-Westphalia, Germany",LinkedIn,https://de.linkedin.com/jobs/view/business-analyst-firmenkundenberatung-at-instaffo-4202672348?position=26&pageNum=0&refId=mbsEq1BGdSy%2FJ436iYxgqg%3D%3D&trackingId=3Uo2xhAwAcd5%2BY1rdadFCw%3D%3D,Not specified,2025-10-15 09:34:50.993441,2025-10-15,,de.linkedin.com/jobs/view/business-analyst-firmenkundenberatung-at-instaffo-4202672348
Cloud Data Engineer AWS / Google Cloud (all genders),adesso SE,"Cologne, North Rhine-Westphalia, Germany",LinkedIn,https://de.linkedin.com/jobs/view/cloud-data-engineer-aws-google-cloud-all-genders-at-adesso-se-3861717714?position=35&pageNum=0&refId=mbsEq1BGdSy%2FJ436iYxgqg%3D%3D&trackingId=IJ9VXqXufqRZeJgsskTJEA%3D%3D,Not specified,2025-10-15 09:34:50.994480,2025-10-14,,de.linkedin.com/jobs/view/cloud-data-engineer-aws-google-cloud-all-genders-at-adesso-se-3861717714
Senior IT-Consultant / Engineer Dataiku (all genders),adesso SE,"Cologne, North Rhine-Westphalia, Germany",LinkedIn,https://de.linkedin.com/jobs/view/senior-it-consultant-engineer-dataiku-all-genders-at-adesso-se-3939447828?position=36&pageNum=0&refId=mbsEq1BGdSy%2FJ436iYxgqg%3D%3D&trackingId=wGXYuB5WZe%2Fs6Kt9o4heVg%3D%3D,Not specified,2025-10-15 09:34:50.994596,2025-10-14,,de.linkedin.com/jobs/view/senior-it-consultant-engineer-dataiku-all-genders-at-adesso-se-3939447828
Senior Business Analyst:in im Consulting,viadee Unternehmensberatung AG,"Cologne, North Rhine-Westphalia, Germany",LinkedIn,https://de.linkedin.com/jobs/view/senior-business-analyst-in-im-consulting-at-viadee-unternehmensberatung-ag-4314631140?position=39&pageNum=0&refId=mbsEq1BGdSy%2FJ436iYxgqg%3D%3D&trackingId=VyDNj2agZWE8JlpVuJJF9Q%3D%3D,Not specified,2025-10-15 09:34:50.994945,2025-10-14,,de.linkedin.com/jobs/view/senior-business-analyst-in-im-consulting-at-viadee-unternehmensberatung-ag-4314631140
Business Analyst Gesetzliche Krankenversicherung (all genders),adesso SE,"Cologne, North Rhine-Westphalia, Germany",LinkedIn,https://de.linkedin.com/jobs/view/business-analyst-gesetzliche-krankenversicherung-all-genders-at-adesso-se-4283021843?position=46&pageNum=0&refId=mbsEq1BGdSy%2FJ436iYxgqg%3D%3D&trackingId=25BwqS6kv%2Bmdc%2BxdkOhycg%3D%3D,Not specified,2025-10-15 09:34:50.995754,2025-10-14,,de.linkedin.com/jobs/view/business-analyst-gesetzliche-krankenversicherung-all-genders-at-adesso-se-4283021843
Business Analyst (w/m/d),SIV.AG,DACH,LinkedIn,https://www.linkedin.com/jobs/view/business-analyst-w-m-d-at-siv-ag-4300630893?position=9&pageNum=0&refId=RuGepFJDPu8%2Fcp5EYBC39g%3D%3D&trackingId=1sxUntraplP5Q69SD506OA%3D%3D,Not specified,2025-10-15 09:34:56.272058,2025-10-15,,www.linkedin.com/jobs/view/business-analyst-w-m-d-at-siv-ag-4300630893
Data Analyst / Statistiker:in (m/w/d),Rocken®,"Lucerne, Lucerne, Switzerland",LinkedIn,https://ch.linkedin.com/jobs/view/data-analyst-statistiker-in-m-w-d-at-rocken%C2%AE-4314274280?position=4&pageNum=0&refId=KWk0364tPCo9JN0FNHcMnQ%3D%3D&trackingId=Om66tSG%2FA0G3z7NhzAlC1Q%3D%3D,Not specified,2025-10-15 09:34:59.194855,2025-10-14,,ch.linkedin.com/jobs/view/data-analyst-statistiker-in-m-w-d-at-rocken%C2%AE-4314274280
Senior IT Systems Engineer 80-100% (m/w/d),tiag,"Zurich, Switzerland",LinkedIn,https://ch.linkedin.com/jobs/view/senior-it-systems-engineer-80-100%25-m-w-d-at-tiag-4311967854?position=16&pageNum=0&refId=KWk0364tPCo9JN0FNHcMnQ%3D%3D&trackingId=7xMu4a081%2F4RKuE4IxCeyg%3D%3D,Not specified,2025-10-15 09:34:59.196355,2025-10-14,,ch.linkedin.com/jobs/view/senior-it-systems-engineer-80-100%25-m-w-d-at-tiag-4311967854
M365 Collaboration Engineer,Vontobel,"Zurich, Zurich, Switzerland",LinkedIn,https://ch.linkedin.com/jobs/view/m365-collaboration-engineer-at-vontobel-4311945528?position=25&pageNum=0&refId=KWk0364tPCo9JN0FNHcMnQ%3D%3D&trackingId=EpZ5uyPzNEV02copxNY91g%3D%3D,Not specified,2025-10-15 09:34:59.197462,2025-10-14,,ch.linkedin.com/jobs/view/m365-collaboration-engineer-at-vontobel-4311945528
Business Analyst,MAAG Group,"Oberglatt, Zurich, Switzerland",LinkedIn,https://ch.linkedin.com/jobs/view/business-analyst-at-maag-group-4311965073?position=26&pageNum=0&refId=KWk0364tPCo9JN0FNHcMnQ%3D%3D&trackingId=dxA%2BlYPikXqD1%2B5c05aTAw%3D%3D,Not specified,2025-10-15 09:34:59.197586,2025-10-14,,ch.linkedin.com/jobs/view/business-analyst-at-maag-group-4311965073
Business Development Analyst Graduate,Swiss Re,"Zurich, Zurich, Switzerland",LinkedIn,https://ch.linkedin.com/jobs/view/business-development-analyst-graduate-at-swiss-re-4303802856?position=30&pageNum=0&refId=KWk0364tPCo9JN0FNHcMnQ%3D%3D&trackingId=U12Ev1smPVEQm2AoRgSN%2BQ%3D%3D,Not specified,2025-10-15 09:34:59.198091,2025-10-14,,ch.linkedin.com/jobs/view/business-development-analyst-graduate-at-swiss-re-4303802856
Business Developer - Digital Assets,IMC Trading,"Zug, Switzerland",LinkedIn,https://ch.linkedin.com/jobs/view/business-developer-digital-assets-at-imc-trading-4299771958?position=36&pageNum=0&refId=KWk0364tPCo9JN0FNHcMnQ%3D%3D&trackingId=vxEj0LBP%2FgWAsUQ25tQB9g%3D%3D,Not specified,2025-10-15 09:34:59.198828,2025-10-14,,ch.linkedin.com/jobs/view/business-developer-digital-assets-at-imc-trading-4299771958
Senior Workflow Engineer,mesoneer,"Wallisellen / Hof, Zurich, Switzerland",LinkedIn,https://ch.linkedin.com/jobs/view/senior-workflow-engineer-at-mesoneer-4314620023?position=41&pageNum=0&refId=KWk0364tPCo9JN0FNHcMnQ%3D%3D&trackingId=hG17Cug2olm16zErOoRqFQ%3D%3D,Not specified,2025-10-15 09:34:59.199454,2025-10-14,,ch.linkedin.com/jobs/view/senior-workflow-engineer-at-mesoneer-4314620023
Junior Digital Marketing Analyst - Swisslinx,Jobs via eFinancialCareers,"Lucerne, Lucerne, Switzerland",LinkedIn,https://ch.linkedin.com/jobs/view/junior-digital-marketing-analyst-swisslinx-at-jobs-via-efinancialcareers-4313648403?position=48&pageNum=0&refId=KWk0364tPCo9JN0FNHcMnQ%3D%3D&trackingId=ZkDlqXa6X62xmQyFIHLe9Q%3D%3D,Not specified,2025-10-15 09:34:59.200308,2025-10-14,,ch.linkedin.com/jobs/view/junior-digital-marketing-analyst-swisslinx-at-jobs-via-efinancialcareers-4313648403
Junior Digital Marketing Analyst - Swisslinx,Jobs via eFinancialCareers,"Lucerne, Lucerne, Switzerland",LinkedIn,https://ch.linkedin.com/jobs/view/junior-digital-marketing-analyst-swisslinx-at-jobs-via-efinancialcareers-4313645596?position=51&pageNum=0&refId=KWk0364tPCo9JN0FNHcMnQ%3D%3D&trackingId=5DbHl8BLZM6GWu71j46IbQ%3D%3D,Not specified,2025-10-15 09:34:59.200678,2025-10-14,,ch.linkedin.com/jobs/view/junior-digital-marketing-analyst-swisslinx-at-jobs-via-efinancialcareers-4313645596
Scripting-Spezialist für Automatisierung (m/w/d),Rocken®,"Fehraltorf, Zurich, Switzerland",LinkedIn,https://ch.linkedin.com/jobs/view/scripting-spezialist-f%C3%BCr-automatisierung-m-w-d-at-rocken%C2%AE-4314532150?position=55&pageNum=0&refId=KWk0364tPCo9JN0FNHcMnQ%3D%3D&trackingId=lNgl%2BGu5jhKx6FGvm3LXIQ%3D%3D,Not specified,2025-10-15 09:34:59.201161,2025-10-14,,ch.linkedin.com/jobs/view/scripting-spezialist-f%C3%BCr-automatisierung-m-w-d-at-rocken%C2%AE-4314532150
Infrastructure & Cloud Engineer (m/w/d),Rocken®,"Aarau, Aargau, Switzerland",LinkedIn,https://ch.linkedin.com/jobs/view/infrastructure-cloud-engineer-m-w-d-at-rocken%C2%AE-4314268613?position=58&pageNum=0&refId=KWk0364tPCo9JN0FNHcMnQ%3D%3D&trackingId=kRgH0zOEWJbap87b%2BFeq0A%3D%3D,Not specified,2025-10-15 09:34:59.201528,2025-10-14,,ch.linkedin.com/jobs/view/infrastructure-cloud-engineer-m-w-d-at-rocken%C2%AE-4314268613
Business Analyst (m/w/d),März Internetwork Services AG,"Essen, North Rhine-Westphalia, Germany",LinkedIn,https://de.linkedin.com/jobs/view/business-analyst-m-w-d-at-m%C3%A4rz-internetwork-services-ag-4314647974?position=11&pageNum=0&refId=RC8BnFmZfhS8ohTD6KyEJA%3D%3D&trackingId=KJ1yhoZyHa0V6hrYQqGKyw%3D%3D,Not specified,2025-10-15 09:35:02.146367,2025-10-14,,de.linkedin.com/jobs/view/business-analyst-m-w-d-at-m%C3%A4rz-internetwork-services-ag-4314647974
Business Analyst (m/w/d),Shimadzu Deutschland GmbH,"Duisburg, North Rhine-Westphalia, Germany",LinkedIn,https://de.linkedin.com/jobs/view/business-analyst-m-w-d-at-shimadzu-deutschland-gmbh-4311996161?position=20&pageNum=0&refId=RC8BnFmZfhS8ohTD6KyEJA%3D%3D&trackingId=FZIGv5xHMUVx0%2FOYv9IhSA%3D%3D,Not specified,2025-10-15 09:35:02.147441,2025-10-14,,de.linkedin.com/jobs/view/business-analyst-m-w-d-at-shimadzu-deutschland-gmbh-4311996161
Business Analyst Gesetzliche Krankenversicherung (all genders),adesso SE,"Essen, North Rhine-Westphalia, Germany",LinkedIn,https://de.linkedin.com/jobs/view/business-analyst-gesetzliche-krankenversicherung-all-genders-at-adesso-se-4283022837?position=57&pageNum=0&refId=RC8BnFmZfhS8ohTD6KyEJA%3D%3D&trackingId=KC%2FInbBOXtjwfFt%2Fp6B0Ig%3D%3D,Not specified,2025-10-15 09:35:02.151698,2025-10-14,,de.linkedin.com/jobs/view/business-analyst-gesetzliche-krankenversicherung-all-genders-at-adesso-se-4283022837
Business Analyst - KI / BPMN / SQL (m/w/d),Workwise,"Hannover, Lower Saxony, Germany",LinkedIn,https://de.linkedin.com/jobs/view/business-analyst-ki-bpmn-sql-m-w-d-at-workwise-4314891180?position=11&pageNum=0&refId=JDz7dQ2KCNCKLQUA3oTkdw%3D%3D&trackingId=xPUy1iTa6WYmM6aX8drjkw%3D%3D,Not specified,2025-10-15 09:35:15.853125,2025-10-15,,de.linkedin.com/jobs/view/business-analyst-ki-bpmn-sql-m-w-d-at-workwise-4314891180
AI research engineer,Bending Spoons,"Berlin, Berlin, Germany",LinkedIn,https://de.linkedin.com/jobs/view/ai-research-engineer-at-bending-spoons-4314285134?position=1&pageNum=0&refId=aAniaAInl1jy5tOjpApx5g%3D%3D&trackingId=gsEKw7U8SiMnOV7O%2FwqVyQ%3D%3D,Not specified,2025-10-15 09:35:21.082688,2025-10-14,,de.linkedin.com/jobs/view/ai-research-engineer-at-bending-spoons-4314285134
Senior Developer Technology Engineer - Windows LLM & GenAI Open-Source Ecosystem,NVIDIA,"Berlin, Berlin, Germany",LinkedIn,https://de.linkedin.com/jobs/view/senior-developer-technology-engineer-windows-llm-genai-open-source-ecosystem-at-nvidia-4271155215?position=19&pageNum=0&refId=aAniaAInl1jy5tOjpApx5g%3D%3D&trackingId=GKydn0vmBLQY7Hu%2Fpd%2FJqg%3D%3D,Not specified,2025-10-15 09:35:21.085145,2025-10-14,,de.linkedin.com/jobs/view/senior-developer-technology-engineer-windows-llm-genai-open-source-ecosystem-at-nvidia-4271155215
Senior Platform Engineer Kubernetes & AI Services (w/m/d),BWI GmbH,"Berlin, Berlin, Germany",LinkedIn,https://de.linkedin.com/jobs/view/senior-platform-engineer-kubernetes-ai-services-w-m-d-at-bwi-gmbh-4314626937?position=20&pageNum=0&refId=aAniaAInl1jy5tOjpApx5g%3D%3D&trackingId=K%2FXoNSXOvEI4MoCnYtISxg%3D%3D,Not specified,2025-10-15 09:35:21.085281,2025-10-14,,de.linkedin.com/jobs/view/senior-platform-engineer-kubernetes-ai-services-w-m-d-at-bwi-gmbh-4314626937
Senior Frontend Engineer (f/m/d) - Vue,Aleph Alpha,"Berlin, Berlin, Germany",LinkedIn,https://de.linkedin.com/jobs/view/senior-frontend-engineer-f-m-d-vue-at-aleph-alpha-4314612548?position=21&pageNum=0&refId=aAniaAInl1jy5tOjpApx5g%3D%3D&trackingId=BiYYt6KQDjNSGKXhxpPNlQ%3D%3D,Not specified,2025-10-15 09:35:21.085418,2025-10-14,,de.linkedin.com/jobs/view/senior-frontend-engineer-f-m-d-vue-at-aleph-alpha-4314612548
Staff Engineer - CPU & ISA Architecture (Europe based),Axelera AI,"Berlin, Berlin, Germany",LinkedIn,https://de.linkedin.com/jobs/view/staff-engineer-cpu-isa-architecture-europe-based-at-axelera-ai-4314819965?position=22&pageNum=0&refId=aAniaAInl1jy5tOjpApx5g%3D%3D&trackingId=8WwjB0vMoKtFD3qGk5H7cg%3D%3D,Not specified,2025-10-15 09:35:21.085554,2025-10-14,,de.linkedin.com/jobs/view/staff-engineer-cpu-isa-architecture-europe-based-at-axelera-ai-4314819965
"Senior Cloud Engineer | DAX 40 | LLMs, RAG, Agentic AI, Knowledge Graphs | Cologne/NRW (Hybrid)",AI Futures,Cologne Bonn Region,LinkedIn,https://de.linkedin.com/jobs/view/senior-cloud-engineer-dax-40-llms-rag-agentic-ai-knowledge-graphs-cologne-nrw-hybrid-at-ai-futures-4311973949?position=11&pageNum=0&refId=6etjw4G9jSXEOuU8jvSkvQ%3D%3D&trackingId=8%2FFKxnEENDrViilJ7kyiDg%3D%3D,Not specified,2025-10-15 09:35:26.295090,2025-10-15,,de.linkedin.com/jobs/view/senior-cloud-engineer-dax-40-llms-rag-agentic-ai-knowledge-graphs-cologne-nrw-hybrid-at-ai-futures-4311973949
Staff Engineer - CPU & ISA Architecture (Europe based),Axelera AI,"Zurich, Zurich, Switzerland",LinkedIn,https://ch.linkedin.com/jobs/view/staff-engineer-cpu-isa-architecture-europe-based-at-axelera-ai-4314831722?position=7&pageNum=0&refId=fO6XHMJAIn7nim05DC5aWg%3D%3D&trackingId=On1fs6W9EoHRgZAFwg4MFQ%3D%3D,Not specified,2025-10-15 09:35:34.583819,2025-10-14,,ch.linkedin.com/jobs/view/staff-engineer-cpu-isa-architecture-europe-based-at-axelera-ai-4314831722
