title,company,location,source,url,salary,scraped_at,posted_at,description,job_id
Senior Machine Learning Engineer,Enigma,"Baden-Württemberg, Deutschland",LinkedIn,https://de.linkedin.com/jobs/view/senior-machine-learning-engineer-at-enigma-4289503133?position=1&pageNum=0&refId=%2Fb6j%2F7dX2Mha0h%2FPZ8piBg%3D%3D&trackingId=i1lexX0DYAqLCf24KElrpw%3D%3D,Not specified,2025-08-23 13:45:32.438524,2025-08-22,,de.linkedin.com/jobs/view/senior-machine-learning-engineer-at-enigma-4289503133
"Data Engineer, Senior",Booz Allen Hamilton,Stuttgart,LinkedIn,https://de.linkedin.com/jobs/view/data-engineer-senior-at-booz-allen-hamilton-4278958095?position=7&pageNum=0&refId=%2Fb6j%2F7dX2Mha0h%2FPZ8piBg%3D%3D&trackingId=AQ8iSmN%2B5WTFvLRox8Q%2BmQ%3D%3D,Not specified,2025-08-23 13:45:32.439554,2025-08-23,,de.linkedin.com/jobs/view/data-engineer-senior-at-booz-allen-hamilton-4278958095
IT-Consultant (m/w/d) - Applikationen & KI,Michael Page,Stuttgart,LinkedIn,https://de.linkedin.com/jobs/view/it-consultant-m-w-d-applikationen-ki-at-michael-page-4287617930?position=12&pageNum=0&refId=%2Fb6j%2F7dX2Mha0h%2FPZ8piBg%3D%3D&trackingId=uUH9szo7EqxGIn4yep3IuQ%3D%3D,Not specified,2025-08-23 13:45:32.440255,2025-08-23,,de.linkedin.com/jobs/view/it-consultant-m-w-d-applikationen-ki-at-michael-page-4287617930
EY-Parthenon (Senior) Consultant Commercial AI - Strategy and Transactions (w/m/d),EY-Parthenon,Stuttgart,LinkedIn,https://de.linkedin.com/jobs/view/ey-parthenon-senior-consultant-commercial-ai-strategy-and-transactions-w-m-d-at-ey-parthenon-4252998985?position=13&pageNum=0&refId=%2Fb6j%2F7dX2Mha0h%2FPZ8piBg%3D%3D&trackingId=P1sLhH1XSG8xlCtGkCDwBA%3D%3D,Not specified,2025-08-23 13:45:32.440400,2025-08-22,,de.linkedin.com/jobs/view/ey-parthenon-senior-consultant-commercial-ai-strategy-and-transactions-w-m-d-at-ey-parthenon-4252998985
Senior AI Engineer (f/m/x) [Job Profile: Senior Engineer],Deutsche Bank,Berlin,LinkedIn,https://de.linkedin.com/jobs/view/senior-ai-engineer-f-m-x-job-profile-senior-engineer-at-deutsche-bank-4289935152?position=11&pageNum=0&refId=w9CtrXrD8EG%2BBRVfP1aKjQ%3D%3D&trackingId=2wekogK6uFafkaHT1LAQXw%3D%3D,Not specified,2025-08-23 13:45:45.264434,2025-08-22,,de.linkedin.com/jobs/view/senior-ai-engineer-f-m-x-job-profile-senior-engineer-at-deutsche-bank-4289935152
Senior Data Analyst,Blacklane,"Berlin, Deutschland",LinkedIn,https://de.linkedin.com/jobs/view/senior-data-analyst-at-blacklane-4289911966?position=18&pageNum=0&refId=w9CtrXrD8EG%2BBRVfP1aKjQ%3D%3D&trackingId=PXzKr9wJ4UzYmonyiVgQxQ%3D%3D,Not specified,2025-08-23 13:45:45.265394,2025-08-22,,de.linkedin.com/jobs/view/senior-data-analyst-at-blacklane-4289911966
Senior Data Analyst (m/f/d),Gymondo,Berlin,LinkedIn,https://de.linkedin.com/jobs/view/senior-data-analyst-m-f-d-at-gymondo-4289495670?position=27&pageNum=0&refId=w9CtrXrD8EG%2BBRVfP1aKjQ%3D%3D&trackingId=xsPp01bqfak36q8VZAV%2FzQ%3D%3D,Not specified,2025-08-23 13:45:45.266598,2025-08-22,,de.linkedin.com/jobs/view/senior-data-analyst-m-f-d-at-gymondo-4289495670
"Analyst, Business Development",AppLovin,Berlin,LinkedIn,https://de.linkedin.com/jobs/view/analyst-business-development-at-applovin-4289929436?position=30&pageNum=0&refId=w9CtrXrD8EG%2BBRVfP1aKjQ%3D%3D&trackingId=z11obkRX0xgZqnE9qyclRQ%3D%3D,Not specified,2025-08-23 13:45:45.266975,2025-08-22,,de.linkedin.com/jobs/view/analyst-business-development-at-applovin-4289929436
"Producer, ebay Live",eBay,Metropolregion Berlin/Brandenburg,LinkedIn,https://de.linkedin.com/jobs/view/producer-ebay-live-at-ebay-4250395325?position=33&pageNum=0&refId=w9CtrXrD8EG%2BBRVfP1aKjQ%3D%3D&trackingId=mgDz0GgnbaYa22tBoY1P3w%3D%3D,Not specified,2025-08-23 13:45:45.267350,2025-08-23,,de.linkedin.com/jobs/view/producer-ebay-live-at-ebay-4250395325
"KI-Entwickler - Informatiker, Wirtschaftsinformatiker o. ä. (m/w/d) - KI-Integration Geschäftsprozesse",TieTalent,Berlin,LinkedIn,https://de.linkedin.com/jobs/view/ki-entwickler-informatiker-wirtschaftsinformatiker-o-%C3%A4-m-w-d-ki-integration-gesch%C3%A4ftsprozesse-at-tietalent-4290006871?position=34&pageNum=0&refId=w9CtrXrD8EG%2BBRVfP1aKjQ%3D%3D&trackingId=20ObsLLclrZQuluXpZtdUw%3D%3D,Not specified,2025-08-23 13:45:45.267475,2025-08-23,,de.linkedin.com/jobs/view/ki-entwickler-informatiker-wirtschaftsinformatiker-o-%C3%A4-m-w-d-ki-integration-gesch%C3%A4ftsprozesse-at-tietalent-4290006871
Principal Engineer AI Services (w/m/d),BWI GmbH,Berlin,LinkedIn,https://de.linkedin.com/jobs/view/principal-engineer-ai-services-w-m-d-at-bwi-gmbh-4278798207?position=37&pageNum=0&refId=w9CtrXrD8EG%2BBRVfP1aKjQ%3D%3D&trackingId=SmSNru7BfoLby7WxzZYLUQ%3D%3D,Not specified,2025-08-23 13:45:45.267844,2025-08-23,,de.linkedin.com/jobs/view/principal-engineer-ai-services-w-m-d-at-bwi-gmbh-4278798207
Spezialist*in ESG-Risikomodelle im Kreditrisiko,DKB | Deutsche Kreditbank AG,Berlin,LinkedIn,https://de.linkedin.com/jobs/view/spezialist-in-esg-risikomodelle-im-kreditrisiko-at-dkb-deutsche-kreditbank-ag-4288924729?position=41&pageNum=0&refId=w9CtrXrD8EG%2BBRVfP1aKjQ%3D%3D&trackingId=efzhkF4puWnXBrxDZKwYwQ%3D%3D,Not specified,2025-08-23 13:45:45.268341,2025-08-22,,de.linkedin.com/jobs/view/spezialist-in-esg-risikomodelle-im-kreditrisiko-at-dkb-deutsche-kreditbank-ag-4288924729
Senior AFC Modeller,N26 Group,Berlin,LinkedIn,https://de.linkedin.com/jobs/view/senior-afc-modeller-at-n26-4253446550?position=43&pageNum=0&refId=w9CtrXrD8EG%2BBRVfP1aKjQ%3D%3D&trackingId=SZIMAHj3CqwSfF%2FddGUCBg%3D%3D,Not specified,2025-08-23 13:45:45.268590,2025-08-23,,de.linkedin.com/jobs/view/senior-afc-modeller-at-n26-4253446550
Recruitment Partner (f/m/d) - Technology,IONOS,"Berlin, Deutschland",LinkedIn,https://de.linkedin.com/jobs/view/recruitment-partner-f-m-d-technology-at-ionos-4289966898?position=47&pageNum=0&refId=w9CtrXrD8EG%2BBRVfP1aKjQ%3D%3D&trackingId=LWLzJz4qz5gWFKBLvQEF%2BQ%3D%3D,Not specified,2025-08-23 13:45:45.269089,2025-08-22,,de.linkedin.com/jobs/view/recruitment-partner-f-m-d-technology-at-ionos-4289966898
Consultant Analytics (m/w/d),movisco AG,Frankfurt,LinkedIn,https://de.linkedin.com/jobs/view/consultant-analytics-m-w-d-at-movisco-ag-4289481653?position=3&pageNum=0&refId=%2FzPmrWAxjI399ShyvSzF1Q%3D%3D&trackingId=%2FaLy9E448hYHy5I4tlvJng%3D%3D,Not specified,2025-08-23 13:45:58.306410,2025-08-22,,de.linkedin.com/jobs/view/consultant-analytics-m-w-d-at-movisco-ag-4289481653
Senior Consultant Analytics (m/w/d),movisco AG,Frankfurt,LinkedIn,https://de.linkedin.com/jobs/view/senior-consultant-analytics-m-w-d-at-movisco-ag-4289483409?position=5&pageNum=0&refId=%2FzPmrWAxjI399ShyvSzF1Q%3D%3D&trackingId=WBLnSFHgGDkcY72Fm8z6Pg%3D%3D,Not specified,2025-08-23 13:45:58.306743,2025-08-22,,de.linkedin.com/jobs/view/senior-consultant-analytics-m-w-d-at-movisco-ag-4289483409
Senior Artificial Intelligence Specialist (all genders),adesso SE,Frankfurt,LinkedIn,https://de.linkedin.com/jobs/view/senior-artificial-intelligence-specialist-all-genders-at-adesso-se-3733040384?position=7&pageNum=0&refId=%2FzPmrWAxjI399ShyvSzF1Q%3D%3D&trackingId=HJcNqiJzkZlG7L6XvAp9pw%3D%3D,Not specified,2025-08-23 13:45:58.307053,2025-08-23,,de.linkedin.com/jobs/view/senior-artificial-intelligence-specialist-all-genders-at-adesso-se-3733040384
Data Analyst (all gender) - Fokus auf KNIME,Havas Media Germany,Frankfurt am Main,LinkedIn,https://de.linkedin.com/jobs/view/data-analyst-all-gender-fokus-auf-knime-at-havas-media-germany-4287157029?position=8&pageNum=0&refId=%2FzPmrWAxjI399ShyvSzF1Q%3D%3D&trackingId=aCBbMuim6NgQopG66dX3dQ%3D%3D,Not specified,2025-08-23 13:45:58.307209,2025-08-22,,de.linkedin.com/jobs/view/data-analyst-all-gender-fokus-auf-knime-at-havas-media-germany-4287157029
Experte Produktion Bank - Data Analyst (m/w/d),Genoverband e.V.,Neu-Isenburg,LinkedIn,https://de.linkedin.com/jobs/view/experte-produktion-bank-data-analyst-m-w-d-at-genoverband-e-v-4289959861?position=10&pageNum=0&refId=%2FzPmrWAxjI399ShyvSzF1Q%3D%3D&trackingId=8bvcvfYpXubG%2BrQ5SYrFow%3D%3D,Not specified,2025-08-23 13:45:58.307527,2025-08-22,,de.linkedin.com/jobs/view/experte-produktion-bank-data-analyst-m-w-d-at-genoverband-e-v-4289959861
Quant Analyst Risikomodell / Kredit / Kreditrisiko m/w/d,DZ BANK AG,Frankfurt am Main,LinkedIn,https://de.linkedin.com/jobs/view/quant-analyst-risikomodell-kredit-kreditrisiko-m-w-d-at-dz-bank-ag-4289777062?position=12&pageNum=0&refId=%2FzPmrWAxjI399ShyvSzF1Q%3D%3D&trackingId=NCWlarfosgsjC1kTY75j4g%3D%3D,Not specified,2025-08-23 13:45:58.307827,2025-08-22,,de.linkedin.com/jobs/view/quant-analyst-risikomodell-kredit-kreditrisiko-m-w-d-at-dz-bank-ag-4289777062
Business Analyst (f/m/d),Deutsche Börse,Frankfurt,LinkedIn,https://de.linkedin.com/jobs/view/business-analyst-f-m-d-at-deutsche-b%C3%B6rse-4289509702?position=14&pageNum=0&refId=%2FzPmrWAxjI399ShyvSzF1Q%3D%3D&trackingId=FWILcB9bF8wChhSvwtFuhQ%3D%3D,Not specified,2025-08-23 13:45:58.308136,2025-08-22,,de.linkedin.com/jobs/view/business-analyst-f-m-d-at-deutsche-b%C3%B6rse-4289509702
Senior Consultant Data Lake & Analytics Solutions (m/f/d),Fresenius Group,Bad Homburg vor der Höhe,LinkedIn,https://de.linkedin.com/jobs/view/senior-consultant-data-lake-analytics-solutions-m-f-d-at-fresenius-group-4289476102?position=20&pageNum=0&refId=%2FzPmrWAxjI399ShyvSzF1Q%3D%3D&trackingId=y9LsdJJYJ5wxnpNHjAZ0mQ%3D%3D,Not specified,2025-08-23 13:45:58.309061,2025-08-22,,de.linkedin.com/jobs/view/senior-consultant-data-lake-analytics-solutions-m-f-d-at-fresenius-group-4289476102
Consultant - Digitale Transformation und IT-Strategie (w|m|d),zeb consulting,Frankfurt,LinkedIn,https://de.linkedin.com/jobs/view/consultant-digitale-transformation-und-it-strategie-w-m-d-at-zeb-consulting-4224513436?position=22&pageNum=0&refId=%2FzPmrWAxjI399ShyvSzF1Q%3D%3D&trackingId=bRH8FFRjjCby4o9M6RtZHw%3D%3D,Not specified,2025-08-23 13:45:58.309370,2025-08-23,,de.linkedin.com/jobs/view/consultant-digitale-transformation-und-it-strategie-w-m-d-at-zeb-consulting-4224513436
Senior Consultant Data Science (m/w/d),Simon-Kucher,Bonn,LinkedIn,https://de.linkedin.com/jobs/view/senior-consultant-data-science-m-w-d-at-simon-kucher-4221536116?position=5&pageNum=0&refId=6fMeNJkFt1ulxAVXwU3I4g%3D%3D&trackingId=EiUMCOVdGYJ55mgKxhcdOA%3D%3D,Not specified,2025-08-23 13:46:11.274814,2025-08-23,,de.linkedin.com/jobs/view/senior-consultant-data-science-m-w-d-at-simon-kucher-4221536116
Consultant Analytics (m/w/d),movisco AG,Bonn,LinkedIn,https://de.linkedin.com/jobs/view/consultant-analytics-m-w-d-at-movisco-ag-4289478978?position=6&pageNum=0&refId=6fMeNJkFt1ulxAVXwU3I4g%3D%3D&trackingId=2nonXJknbGDjkRoP22M3ng%3D%3D,Not specified,2025-08-23 13:46:11.275000,2025-08-22,,de.linkedin.com/jobs/view/consultant-analytics-m-w-d-at-movisco-ag-4289478978
(Junior) Business Intelligence Consultant (m/w/d),"HENDRICKS, ROST & CIE. GmbH",Düsseldorf,LinkedIn,https://de.linkedin.com/jobs/view/junior-business-intelligence-consultant-m-w-d-at-hendricks-rost-cie-gmbh-4287146080?position=8&pageNum=0&refId=6fMeNJkFt1ulxAVXwU3I4g%3D%3D&trackingId=Wp%2BtOCm3hDNi4o5PgibXkw%3D%3D,Not specified,2025-08-23 13:46:11.275323,2025-08-22,,de.linkedin.com/jobs/view/junior-business-intelligence-consultant-m-w-d-at-hendricks-rost-cie-gmbh-4287146080
Junior-Experte / -Expertin Datenerhebung und Kostenschätzung (w/m/d),Statistisches Bundesamt (Destatis),Bonn,LinkedIn,https://de.linkedin.com/jobs/view/junior-experte-expertin-datenerhebung-und-kostensch%C3%A4tzung-w-m-d-at-statistisches-bundesamt-destatis-4289988539?position=10&pageNum=0&refId=6fMeNJkFt1ulxAVXwU3I4g%3D%3D&trackingId=l%2FtmqYyOfaBSA8kYdvDFHw%3D%3D,Not specified,2025-08-23 13:46:11.275639,2025-08-22,,de.linkedin.com/jobs/view/junior-experte-expertin-datenerhebung-und-kostensch%C3%A4tzung-w-m-d-at-statistisches-bundesamt-destatis-4289988539
Senior Consultant Analytics (m/w/d),movisco AG,Bonn,LinkedIn,https://de.linkedin.com/jobs/view/senior-consultant-analytics-m-w-d-at-movisco-ag-4289479804?position=11&pageNum=0&refId=6fMeNJkFt1ulxAVXwU3I4g%3D%3D&trackingId=qUwe3oF9mmh%2FhX%2FKWj7zrw%3D%3D,Not specified,2025-08-23 13:46:11.275799,2025-08-22,,de.linkedin.com/jobs/view/senior-consultant-analytics-m-w-d-at-movisco-ag-4289479804
Senior Consultant Data Engineering (m/w/d),Simon-Kucher,Köln,LinkedIn,https://de.linkedin.com/jobs/view/senior-consultant-data-engineering-m-w-d-at-simon-kucher-4221530788?position=15&pageNum=0&refId=6fMeNJkFt1ulxAVXwU3I4g%3D%3D&trackingId=nSz9WyiZbd2%2BdQHwXaFWyg%3D%3D,Not specified,2025-08-23 13:46:11.276435,2025-08-23,,de.linkedin.com/jobs/view/senior-consultant-data-engineering-m-w-d-at-simon-kucher-4221530788
IT Business Analyst (Data Analysis and Dashboard Development Track),Manning Global AG,Düsseldorf,LinkedIn,https://de.linkedin.com/jobs/view/it-business-analyst-data-analysis-and-dashboard-development-track-at-manning-global-ag-4287123799?position=17&pageNum=0&refId=6fMeNJkFt1ulxAVXwU3I4g%3D%3D&trackingId=UCBlx9pjc0LGOBDXx6UrRQ%3D%3D,Not specified,2025-08-23 13:46:11.276736,2025-08-22,,de.linkedin.com/jobs/view/it-business-analyst-data-analysis-and-dashboard-development-track-at-manning-global-ag-4287123799
Gruppenleiter*in im Bereich Legal AI,Fraunhofer IAIS,Sankt Augustin,LinkedIn,https://de.linkedin.com/jobs/view/gruppenleiter-in-im-bereich-legal-ai-at-fraunhofer-iais-4289472417?position=18&pageNum=0&refId=6fMeNJkFt1ulxAVXwU3I4g%3D%3D&trackingId=SGrOpaljI7EplW%2BYeu4amw%3D%3D,Not specified,2025-08-23 13:46:11.276891,2025-08-22,,de.linkedin.com/jobs/view/gruppenleiter-in-im-bereich-legal-ai-at-fraunhofer-iais-4289472417
Business Intelligence und Data Warehouse Experte,Instaffo,Neuss,LinkedIn,https://de.linkedin.com/jobs/view/business-intelligence-und-data-warehouse-experte-at-instaffo-4202677162?position=19&pageNum=0&refId=6fMeNJkFt1ulxAVXwU3I4g%3D%3D&trackingId=a6kUmwAyED0WQp6TJH4yEw%3D%3D,Not specified,2025-08-23 13:46:11.277046,2025-08-22,,de.linkedin.com/jobs/view/business-intelligence-und-data-warehouse-experte-at-instaffo-4202677162
Software Architect Azure AI (all genders),adesso SE,Köln,LinkedIn,https://de.linkedin.com/jobs/view/software-architect-azure-ai-all-genders-at-adesso-se-4188531565?position=26&pageNum=0&refId=6fMeNJkFt1ulxAVXwU3I4g%3D%3D&trackingId=fojfUbP%2Bx1RFgVpl1Q4NSA%3D%3D,Not specified,2025-08-23 13:46:11.278127,2025-08-23,,de.linkedin.com/jobs/view/software-architect-azure-ai-all-genders-at-adesso-se-4188531565
EY-Parthenon (Senior) Consultant Commercial AI - Strategy and Transactions (w/m/d),EY-Parthenon,Düsseldorf,LinkedIn,https://de.linkedin.com/jobs/view/ey-parthenon-senior-consultant-commercial-ai-strategy-and-transactions-w-m-d-at-ey-parthenon-4253205094?position=28&pageNum=0&refId=6fMeNJkFt1ulxAVXwU3I4g%3D%3D&trackingId=twzrj%2Bd5wL%2BxJbFW%2BPh%2F3Q%3D%3D,Not specified,2025-08-23 13:46:11.278443,2025-08-22,,de.linkedin.com/jobs/view/ey-parthenon-senior-consultant-commercial-ai-strategy-and-transactions-w-m-d-at-ey-parthenon-4253205094
Digital Twin Technical Consultant,Rockwell Automation,Düsseldorf,LinkedIn,https://de.linkedin.com/jobs/view/digital-twin-technical-consultant-at-rockwell-automation-4172338959?position=32&pageNum=0&refId=6fMeNJkFt1ulxAVXwU3I4g%3D%3D&trackingId=gwvPjJXXEMe7nKK5CvKq4w%3D%3D,Not specified,2025-08-23 13:46:11.279062,2025-08-23,,de.linkedin.com/jobs/view/digital-twin-technical-consultant-at-rockwell-automation-4172338959
Senior Cloud Platform Engineer (m/f/d),Liebherr Group,Ulm,LinkedIn,https://de.linkedin.com/jobs/view/senior-cloud-platform-engineer-m-f-d-at-liebherr-group-4265056019?position=4&pageNum=0&refId=Q5GTCErxlJnMhbSi98tlLw%3D%3D&trackingId=z7WI2g5q%2B9opTN1KsezRHg%3D%3D,Not specified,2025-08-23 13:46:24.465902,2025-08-22,,de.linkedin.com/jobs/view/senior-cloud-platform-engineer-m-f-d-at-liebherr-group-4265056019
"Schülerpraktika (BOGY, BORS, OIB)",Rentschler Biopharma,Laupheim,LinkedIn,https://de.linkedin.com/jobs/view/sch%C3%BClerpraktika-bogy-bors-oib-at-rentschler-biopharma-3660615214?position=6&pageNum=0&refId=Q5GTCErxlJnMhbSi98tlLw%3D%3D&trackingId=KSF5lwz0wjN2Z%2B5ZlCABDg%3D%3D,Not specified,2025-08-23 13:46:24.466326,2025-08-22,,de.linkedin.com/jobs/view/sch%C3%BClerpraktika-bogy-bors-oib-at-rentschler-biopharma-3660615214
Datenanalystin / Datenanalyst,Kantonsspital Winterthur,"Winterthur, Zürich, Schweiz",LinkedIn,https://ch.linkedin.com/jobs/view/datenanalystin-datenanalyst-at-kantonsspital-winterthur-4289514045?position=1&pageNum=0&refId=6KV0zt2IvEDX7VeHXbLm8Q%3D%3D&trackingId=gHVapjP7MF5jof8KYPn0hg%3D%3D,Not specified,2025-08-23 13:46:36.647510,2025-08-22,,ch.linkedin.com/jobs/view/datenanalystin-datenanalyst-at-kantonsspital-winterthur-4289514045
Reporting analyst (m/f/d),Coca-Cola HBC,"Zürich, Schweiz",LinkedIn,https://ch.linkedin.com/jobs/view/reporting-analyst-m-f-d-at-coca-cola-hbc-4289952075?position=2&pageNum=0&refId=tIUw87ierj%2BIVDIwcClJ%2FA%3D%3D&trackingId=WE3z2IwpEuHxj2XSzLnLCA%3D%3D,Not specified,2025-08-23 13:46:49.053143,2025-08-22,,ch.linkedin.com/jobs/view/reporting-analyst-m-f-d-at-coca-cola-hbc-4289952075
MEMS Process Engineer Wet Chemistry • 80-100%,Sensirion,"Stäfa, Zürich, Schweiz",LinkedIn,https://ch.linkedin.com/jobs/view/mems-process-engineer-wet-chemistry-%E2%80%A2-80-100%25-at-sensirion-4289776317?position=6&pageNum=0&refId=tIUw87ierj%2BIVDIwcClJ%2FA%3D%3D&trackingId=rvjgJcIL3N%2BwJUa508WQpg%3D%3D,Not specified,2025-08-23 13:46:49.053692,2025-08-22,,ch.linkedin.com/jobs/view/mems-process-engineer-wet-chemistry-%E2%80%A2-80-100%25-at-sensirion-4289776317
Web & Business Analyst*in,TieTalent,"Mägenwil, Aargau, Schweiz",LinkedIn,https://ch.linkedin.com/jobs/view/web-business-analyst-in-at-tietalent-4287615991?position=18&pageNum=0&refId=tIUw87ierj%2BIVDIwcClJ%2FA%3D%3D&trackingId=lj2OgD40UXJ7AXSKehXJIw%3D%3D,Not specified,2025-08-23 13:46:49.055830,2025-08-23,,ch.linkedin.com/jobs/view/web-business-analyst-in-at-tietalent-4287615991
Software Architect Expert 80-100%,Siemens,"Zug, Zug, Schweiz",LinkedIn,https://ch.linkedin.com/jobs/view/software-architect-expert-80-100%25-at-siemens-4237638996?position=20&pageNum=0&refId=tIUw87ierj%2BIVDIwcClJ%2FA%3D%3D&trackingId=vE%2B5l7SfsDkM7pkLAb61Ow%3D%3D,Not specified,2025-08-23 13:46:49.056186,2025-08-23,,ch.linkedin.com/jobs/view/software-architect-expert-80-100%25-at-siemens-4237638996
Wissenschaftlicher Mitarbeiter (w/m/d) mit Promotionsziel im Bereich KI,Technische Hochschule Augsburg,Landsberg am Lech,LinkedIn,https://de.linkedin.com/jobs/view/wissenschaftlicher-mitarbeiter-w-m-d-mit-promotionsziel-im-bereich-ki-at-technische-hochschule-augsburg-4287626502?position=1&pageNum=0&refId=MA0QKWmfXhloZo3EnvRw%2BA%3D%3D&trackingId=x0%2BLlKfyxHRWYTdAXuiAxA%3D%3D,Not specified,2025-08-23 13:47:27.236207,2025-08-23,,de.linkedin.com/jobs/view/wissenschaftlicher-mitarbeiter-w-m-d-mit-promotionsziel-im-bereich-ki-at-technische-hochschule-augsburg-4287626502
Wissenschaftlicher Mitarbeiter (w/m/d) mit Promotionsziel im Bereich KI,TieTalent,Landsberg am Lech,LinkedIn,https://de.linkedin.com/jobs/view/wissenschaftlicher-mitarbeiter-w-m-d-mit-promotionsziel-im-bereich-ki-at-tietalent-4289569515?position=3&pageNum=0&refId=MA0QKWmfXhloZo3EnvRw%2BA%3D%3D&trackingId=%2FpTSFVDaWZ9Y7RoRb16dpw%3D%3D,Not specified,2025-08-23 13:47:27.236692,2025-08-22,,de.linkedin.com/jobs/view/wissenschaftlicher-mitarbeiter-w-m-d-mit-promotionsziel-im-bereich-ki-at-tietalent-4289569515
Mitarbeiter (m/w/d) im Vertriebsinnendienst für Softwarelösungen B2B,Var Group GmbH,Friedberg,LinkedIn,https://de.linkedin.com/jobs/view/mitarbeiter-m-w-d-im-vertriebsinnendienst-f%C3%BCr-softwarel%C3%B6sungen-b2b-at-var-group-gmbh-4256648487?position=4&pageNum=0&refId=MA0QKWmfXhloZo3EnvRw%2BA%3D%3D&trackingId=CF27YEadb4JDGDL6LHKb%2Bw%3D%3D,Not specified,2025-08-23 13:47:27.236903,2025-08-23,,de.linkedin.com/jobs/view/mitarbeiter-m-w-d-im-vertriebsinnendienst-f%C3%BCr-softwarel%C3%B6sungen-b2b-at-var-group-gmbh-4256648487
Analyst/Requirements Engineer,Instaffo,Bubenreuth,LinkedIn,https://de.linkedin.com/jobs/view/analyst-requirements-engineer-at-instaffo-4203410615?position=2&pageNum=0&refId=gbN90SlcO0MB6yQqXOTA2Q%3D%3D&trackingId=bdzKfcxI6r4IrCUrA83V3g%3D%3D,Not specified,2025-08-23 13:47:40.358440,2025-08-22,,de.linkedin.com/jobs/view/analyst-requirements-engineer-at-instaffo-4203410615
AI Consultant (d/m/w),TieTalent,Burgdorf,LinkedIn,https://de.linkedin.com/jobs/view/ai-consultant-d-m-w-at-tietalent-4290040607?position=1&pageNum=0&refId=d%2FwLVsM9HJ%2Bk1fm9wkGARA%3D%3D&trackingId=vX%2B3tZ0gNSsRvySS7TbO5w%3D%3D,Not specified,2025-08-23 13:47:53.966458,2025-08-23,,de.linkedin.com/jobs/view/ai-consultant-d-m-w-at-tietalent-4290040607
AI Consultant (d/m/w),TieTalent,Burgdorf,LinkedIn,https://de.linkedin.com/jobs/view/ai-consultant-d-m-w-at-tietalent-4290035940?position=3&pageNum=0&refId=d%2FwLVsM9HJ%2Bk1fm9wkGARA%3D%3D&trackingId=HN1v4GZeFfc5b7tUzZnnZA%3D%3D,Not specified,2025-08-23 13:47:53.966937,2025-08-23,,de.linkedin.com/jobs/view/ai-consultant-d-m-w-at-tietalent-4290035940
AI Consultant (d/m/w),TieTalent,Burgdorf,LinkedIn,https://de.linkedin.com/jobs/view/ai-consultant-d-m-w-at-tietalent-4290039624?position=4&pageNum=0&refId=d%2FwLVsM9HJ%2Bk1fm9wkGARA%3D%3D&trackingId=khqDtqN7KwoZcCJ9Ass4iQ%3D%3D,Not specified,2025-08-23 13:47:53.967148,2025-08-23,,de.linkedin.com/jobs/view/ai-consultant-d-m-w-at-tietalent-4290039624
Data Analyst und Dashboard Entwickler (m/w/d) mit Qlik,Dirk Rossmann GmbH,Burgwedel,LinkedIn,https://de.linkedin.com/jobs/view/data-analyst-und-dashboard-entwickler-m-w-d-mit-qlik-at-dirk-rossmann-gmbh-4265164105?position=6&pageNum=0&refId=d%2FwLVsM9HJ%2Bk1fm9wkGARA%3D%3D&trackingId=Qoo%2BuSIHclRWMHhIZ6sqLw%3D%3D,Not specified,2025-08-23 13:47:53.967535,2025-08-22,,de.linkedin.com/jobs/view/data-analyst-und-dashboard-entwickler-m-w-d-mit-qlik-at-dirk-rossmann-gmbh-4265164105
Analyst (m/w/d) Alternative Investments,TieTalent,Stuttgart,LinkedIn,https://de.linkedin.com/jobs/view/analyst-m-w-d-alternative-investments-at-tietalent-4289570167?position=2&pageNum=0&refId=aIxmkOTRWXp4rpMTe8maSQ%3D%3D&trackingId=ehULbFOaqaNthJI3bE0wuw%3D%3D,Not specified,2025-08-23 13:48:08.117987,2025-08-22,,de.linkedin.com/jobs/view/analyst-m-w-d-alternative-investments-at-tietalent-4289570167
Business Analyst (m/w/d) Markt & Wettbewerb,S-Payment,Stuttgart,LinkedIn,https://de.linkedin.com/jobs/view/business-analyst-m-w-d-markt-wettbewerb-at-s-payment-4278560329?position=4&pageNum=0&refId=aIxmkOTRWXp4rpMTe8maSQ%3D%3D&trackingId=Yt6B%2BDxca%2FwM39i7sD5LhA%3D%3D,Not specified,2025-08-23 13:48:08.118300,2025-08-22,,de.linkedin.com/jobs/view/business-analyst-m-w-d-markt-wettbewerb-at-s-payment-4278560329
Venture Partnering Manger (m/w/d) - Vollzeit ab 1.11.2025,NXTGN,Stuttgart,LinkedIn,https://de.linkedin.com/jobs/view/venture-partnering-manger-m-w-d-vollzeit-ab-1-11-2025-at-nxtgn-4287636132?position=7&pageNum=0&refId=aIxmkOTRWXp4rpMTe8maSQ%3D%3D&trackingId=%2FmBV3QvBQUWthEZuTkbiWA%3D%3D,Not specified,2025-08-23 13:48:08.118794,2025-08-23,,de.linkedin.com/jobs/view/venture-partnering-manger-m-w-d-vollzeit-ab-1-11-2025-at-nxtgn-4287636132
Kreditanalyst (w/m/d),Hays,Region Stuttgart,LinkedIn,https://de.linkedin.com/jobs/view/kreditanalyst-w-m-d-at-hays-4289926316?position=9&pageNum=0&refId=aIxmkOTRWXp4rpMTe8maSQ%3D%3D&trackingId=WY%2FJ8BAh798sHzyRpIBXMQ%3D%3D,Not specified,2025-08-23 13:48:08.119105,2025-08-22,,de.linkedin.com/jobs/view/kreditanalyst-w-m-d-at-hays-4289926316
AI Consultant – Generative KI / Prompt Engineering (m/w/d) - Quereinsteiger herzlich willkommen!,mycareernow GmbH,Reutlingen,LinkedIn,https://de.linkedin.com/jobs/view/ai-consultant-%E2%80%93-generative-ki-prompt-engineering-m-w-d-quereinsteiger-herzlich-willkommen%21-at-mycareernow-gmbh-4290214167?position=10&pageNum=0&refId=aIxmkOTRWXp4rpMTe8maSQ%3D%3D&trackingId=bmDoiwBCpOYtYzIFxYGpBg%3D%3D,Not specified,2025-08-23 13:48:08.119264,2025-08-23,,de.linkedin.com/jobs/view/ai-consultant-%E2%80%93-generative-ki-prompt-engineering-m-w-d-quereinsteiger-herzlich-willkommen%21-at-mycareernow-gmbh-4290214167
AI Consultant – Generative KI / Prompt Engineering (m/w/d) - Quereinsteiger herzlich willkommen!,mycareernow GmbH,Stuttgart,LinkedIn,https://de.linkedin.com/jobs/view/ai-consultant-%E2%80%93-generative-ki-prompt-engineering-m-w-d-quereinsteiger-herzlich-willkommen%21-at-mycareernow-gmbh-4290214163?position=11&pageNum=0&refId=aIxmkOTRWXp4rpMTe8maSQ%3D%3D&trackingId=uQavxZA73ZXYKDHMw6HQCw%3D%3D,Not specified,2025-08-23 13:48:08.119431,2025-08-23,,de.linkedin.com/jobs/view/ai-consultant-%E2%80%93-generative-ki-prompt-engineering-m-w-d-quereinsteiger-herzlich-willkommen%21-at-mycareernow-gmbh-4290214163
AI Consultant – Generative KI / Prompt Engineering (m/w/d) - Quereinsteiger herzlich willkommen!,mycareernow GmbH,Waiblingen,LinkedIn,https://de.linkedin.com/jobs/view/ai-consultant-%E2%80%93-generative-ki-prompt-engineering-m-w-d-quereinsteiger-herzlich-willkommen%21-at-mycareernow-gmbh-4290207960?position=12&pageNum=0&refId=aIxmkOTRWXp4rpMTe8maSQ%3D%3D&trackingId=OLzkRhf5XDTiV%2FRwRna1Ew%3D%3D,Not specified,2025-08-23 13:48:08.119585,2025-08-23,,de.linkedin.com/jobs/view/ai-consultant-%E2%80%93-generative-ki-prompt-engineering-m-w-d-quereinsteiger-herzlich-willkommen%21-at-mycareernow-gmbh-4290207960
AI Consultant – Generative KI / Prompt Engineering (m/w/d) - Quereinsteiger herzlich willkommen!,mycareernow GmbH,Sindelfingen,LinkedIn,https://de.linkedin.com/jobs/view/ai-consultant-%E2%80%93-generative-ki-prompt-engineering-m-w-d-quereinsteiger-herzlich-willkommen%21-at-mycareernow-gmbh-4290214169?position=13&pageNum=0&refId=aIxmkOTRWXp4rpMTe8maSQ%3D%3D&trackingId=woKvjnq31Vt4gzgmvobHMg%3D%3D,Not specified,2025-08-23 13:48:08.119739,2025-08-23,,de.linkedin.com/jobs/view/ai-consultant-%E2%80%93-generative-ki-prompt-engineering-m-w-d-quereinsteiger-herzlich-willkommen%21-at-mycareernow-gmbh-4290214169
AI Consultant – Generative KI / Prompt Engineering (m/w/d) - Quereinsteiger herzlich willkommen!,mycareernow GmbH,Tübingen,LinkedIn,https://de.linkedin.com/jobs/view/ai-consultant-%E2%80%93-generative-ki-prompt-engineering-m-w-d-quereinsteiger-herzlich-willkommen%21-at-mycareernow-gmbh-4290215007?position=16&pageNum=0&refId=aIxmkOTRWXp4rpMTe8maSQ%3D%3D&trackingId=9z1pTkpKjxEEZag4AU9t1g%3D%3D,Not specified,2025-08-23 13:48:08.120191,2025-08-23,,de.linkedin.com/jobs/view/ai-consultant-%E2%80%93-generative-ki-prompt-engineering-m-w-d-quereinsteiger-herzlich-willkommen%21-at-mycareernow-gmbh-4290215007
AI Consultant – Generative KI / Prompt Engineering (m/w/d) - Quereinsteiger herzlich willkommen!,mycareernow GmbH,Rottenburg am Neckar,LinkedIn,https://de.linkedin.com/jobs/view/ai-consultant-%E2%80%93-generative-ki-prompt-engineering-m-w-d-quereinsteiger-herzlich-willkommen%21-at-mycareernow-gmbh-4290212262?position=18&pageNum=0&refId=aIxmkOTRWXp4rpMTe8maSQ%3D%3D&trackingId=6uuK%2FRpJqYGvDPaytzj61g%3D%3D,Not specified,2025-08-23 13:48:08.120465,2025-08-23,,de.linkedin.com/jobs/view/ai-consultant-%E2%80%93-generative-ki-prompt-engineering-m-w-d-quereinsteiger-herzlich-willkommen%21-at-mycareernow-gmbh-4290212262
AI Consultant – Generative KI / Prompt Engineering (m/w/d) - Quereinsteiger herzlich willkommen!,mycareernow GmbH,Pforzheim,LinkedIn,https://de.linkedin.com/jobs/view/ai-consultant-%E2%80%93-generative-ki-prompt-engineering-m-w-d-quereinsteiger-herzlich-willkommen%21-at-mycareernow-gmbh-4290215006?position=19&pageNum=0&refId=aIxmkOTRWXp4rpMTe8maSQ%3D%3D&trackingId=BNaEURNIz5Xe5H42AsdIgA%3D%3D,Not specified,2025-08-23 13:48:08.120605,2025-08-23,,de.linkedin.com/jobs/view/ai-consultant-%E2%80%93-generative-ki-prompt-engineering-m-w-d-quereinsteiger-herzlich-willkommen%21-at-mycareernow-gmbh-4290215006
Berufseinsteiger - Data Engineer in der Wirtschaftsprüfung (w/m/d),EY,Stuttgart,LinkedIn,https://de.linkedin.com/jobs/view/berufseinsteiger-data-engineer-in-der-wirtschaftspr%C3%BCfung-w-m-d-at-ey-4275971146?position=27&pageNum=0&refId=aIxmkOTRWXp4rpMTe8maSQ%3D%3D&trackingId=CJmVTLJjkKJgFkfJcI8kBw%3D%3D,Not specified,2025-08-23 13:48:08.121690,2025-08-22,,de.linkedin.com/jobs/view/berufseinsteiger-data-engineer-in-der-wirtschaftspr%C3%BCfung-w-m-d-at-ey-4275971146
Business Analyst Provision & Vermittler (all genders),adesso insurance solutions GmbH,Stuttgart,LinkedIn,https://de.linkedin.com/jobs/view/business-analyst-provision-vermittler-all-genders-at-adesso-insurance-solutions-gmbh-4222865117?position=33&pageNum=0&refId=aIxmkOTRWXp4rpMTe8maSQ%3D%3D&trackingId=yKnGpDqI80381GlOMT5KEg%3D%3D,Not specified,2025-08-23 13:48:08.122504,2025-08-23,,de.linkedin.com/jobs/view/business-analyst-provision-vermittler-all-genders-at-adesso-insurance-solutions-gmbh-4222865117
Business Consultant Datenmigration (all genders),adesso insurance solutions GmbH,Stuttgart,LinkedIn,https://de.linkedin.com/jobs/view/business-consultant-datenmigration-all-genders-at-adesso-insurance-solutions-gmbh-4222867072?position=48&pageNum=0&refId=aIxmkOTRWXp4rpMTe8maSQ%3D%3D&trackingId=s1PkS9atXPTq8YOjKBu%2F8Q%3D%3D,Not specified,2025-08-23 13:48:08.124562,2025-08-23,,de.linkedin.com/jobs/view/business-consultant-datenmigration-all-genders-at-adesso-insurance-solutions-gmbh-4222867072
Business Analyst Requirements Engineering Meldewesen (all genders),adesso insurance solutions GmbH,Stuttgart,LinkedIn,https://de.linkedin.com/jobs/view/business-analyst-requirements-engineering-meldewesen-all-genders-at-adesso-insurance-solutions-gmbh-4222868002?position=51&pageNum=0&refId=aIxmkOTRWXp4rpMTe8maSQ%3D%3D&trackingId=qCUp7vSKm1EVGSMZWRrqDQ%3D%3D,Not specified,2025-08-23 13:48:08.124937,2025-08-23,,de.linkedin.com/jobs/view/business-analyst-requirements-engineering-meldewesen-all-genders-at-adesso-insurance-solutions-gmbh-4222868002
Spezialist Kreditrisikoanalyse & Bonitätsprüfung (m/w/d),AFL Mobilien Leasing GmbH,Göppingen,LinkedIn,https://de.linkedin.com/jobs/view/spezialist-kreditrisikoanalyse-bonit%C3%A4tspr%C3%BCfung-m-w-d-at-afl-mobilien-leasing-gmbh-4287630230?position=56&pageNum=0&refId=aIxmkOTRWXp4rpMTe8maSQ%3D%3D&trackingId=v4E07LQdZk6Jo4i2PwlxgA%3D%3D,Not specified,2025-08-23 13:48:08.125557,2025-08-23,,de.linkedin.com/jobs/view/spezialist-kreditrisikoanalyse-bonit%C3%A4tspr%C3%BCfung-m-w-d-at-afl-mobilien-leasing-gmbh-4287630230
Akademischer Mitarbeiter (m/w/d) für Sportpädagogik mit Qualifikationsziel (Promotion oder ggf. Habilitation),Pädagogische Hochschule Ludwigsburg,Ludwigsburg,LinkedIn,https://de.linkedin.com/jobs/view/akademischer-mitarbeiter-m-w-d-f%C3%BCr-sportp%C3%A4dagogik-mit-qualifikationsziel-promotion-oder-ggf-habilitation-at-p%C3%A4dagogische-hochschule-ludwigsburg-4289786048?position=58&pageNum=0&refId=aIxmkOTRWXp4rpMTe8maSQ%3D%3D&trackingId=W%2Bv1BP1b9V5hPWCtxczeVg%3D%3D,Not specified,2025-08-23 13:48:08.125807,2025-08-22,,de.linkedin.com/jobs/view/akademischer-mitarbeiter-m-w-d-f%C3%BCr-sportp%C3%A4dagogik-mit-qualifikationsziel-promotion-oder-ggf-habilitation-at-p%C3%A4dagogische-hochschule-ludwigsburg-4289786048
Junior Investment Analyst (m/w/d),FinMent,Berlin,LinkedIn,https://de.linkedin.com/jobs/view/junior-investment-analyst-m-w-d-at-finment-4287616970?position=10&pageNum=0&refId=g7VH5wFEvOGCu41EfrUJLQ%3D%3D&trackingId=9jlYZDI6rRW%2FAXtkXn8%2BHA%3D%3D,Not specified,2025-08-23 13:48:21.740171,2025-08-23,,de.linkedin.com/jobs/view/junior-investment-analyst-m-w-d-at-finment-4287616970
Junior Consultant Healthcare,LinkCare GmbH,Berlin,LinkedIn,https://de.linkedin.com/jobs/view/junior-consultant-healthcare-at-linkcare-gmbh-4287129176?position=24&pageNum=0&refId=g7VH5wFEvOGCu41EfrUJLQ%3D%3D&trackingId=pIBIatOL2KRGw7ImSzriKg%3D%3D,Not specified,2025-08-23 13:48:21.742057,2025-08-22,,de.linkedin.com/jobs/view/junior-consultant-healthcare-at-linkcare-gmbh-4287129176
Business-Analyst:in,Empion,Berlin,LinkedIn,https://de.linkedin.com/jobs/view/business-analyst-in-at-empion-4289953557?position=30&pageNum=0&refId=g7VH5wFEvOGCu41EfrUJLQ%3D%3D&trackingId=nURuOmcWqx96D0fd3yXiJw%3D%3D,Not specified,2025-08-23 13:48:21.742863,2025-08-22,,de.linkedin.com/jobs/view/business-analyst-in-at-empion-4289953557
AI Engineer,CoachHub - The digital coaching platform,Berlin,LinkedIn,https://de.linkedin.com/jobs/view/ai-engineer-at-coachhub-the-digital-coaching-platform-4279006409?position=38&pageNum=0&refId=g7VH5wFEvOGCu41EfrUJLQ%3D%3D&trackingId=vRonbkAFP6TJcmfVO8UfAQ%3D%3D,Not specified,2025-08-23 13:48:21.743892,2025-08-23,,de.linkedin.com/jobs/view/ai-engineer-at-coachhub-the-digital-coaching-platform-4279006409
Data Engineer: ZMS Audiences (all genders),Zalando,Berlin,LinkedIn,https://de.linkedin.com/jobs/view/data-engineer-zms-audiences-all-genders-at-zalando-4289789621?position=46&pageNum=0&refId=g7VH5wFEvOGCu41EfrUJLQ%3D%3D&trackingId=Y%2BFkqoImlJqMvuUxr94SRg%3D%3D,Not specified,2025-08-23 13:48:21.744879,2025-08-22,,de.linkedin.com/jobs/view/data-engineer-zms-audiences-all-genders-at-zalando-4289789621
Consultant Corporate Performance Management (w/m/d) /w/m/d),drjve AG,Berlin,LinkedIn,https://de.linkedin.com/jobs/view/consultant-corporate-performance-management-w-m-d-w-m-d-at-drjve-ag-4287149496?position=51&pageNum=0&refId=g7VH5wFEvOGCu41EfrUJLQ%3D%3D&trackingId=LLgR2CYSlPrHoOLXzR6Ihg%3D%3D,Not specified,2025-08-23 13:48:21.745506,2025-08-22,,de.linkedin.com/jobs/view/consultant-corporate-performance-management-w-m-d-w-m-d-at-drjve-ag-4287149496
Consultant - quantitative Methoden & Strategy (w|m|d),zeb consulting,Berlin,LinkedIn,https://de.linkedin.com/jobs/view/consultant-quantitative-methoden-strategy-w-m-d-at-zeb-consulting-4224515146?position=53&pageNum=0&refId=g7VH5wFEvOGCu41EfrUJLQ%3D%3D&trackingId=UZvOXr8gF%2FE0fLn3qfMofw%3D%3D,Not specified,2025-08-23 13:48:21.745751,2025-08-23,,de.linkedin.com/jobs/view/consultant-quantitative-methoden-strategy-w-m-d-at-zeb-consulting-4224515146
Data Engineer,JetBrains,"Berlin, Deutschland",LinkedIn,https://de.linkedin.com/jobs/view/data-engineer-at-jetbrains-4287118911?position=58&pageNum=0&refId=g7VH5wFEvOGCu41EfrUJLQ%3D%3D&trackingId=lmwM%2FTE0G6AzoeWBR5Qz%2FA%3D%3D,Not specified,2025-08-23 13:48:21.746369,2025-08-22,,de.linkedin.com/jobs/view/data-engineer-at-jetbrains-4287118911
(Senior) Data Engineer,Zalando,Berlin,LinkedIn,https://de.linkedin.com/jobs/view/senior-data-engineer-at-zalando-4278912117?position=60&pageNum=0&refId=g7VH5wFEvOGCu41EfrUJLQ%3D%3D&trackingId=m9PUi9HF0XNlzg5%2BSbuEWw%3D%3D,Not specified,2025-08-23 13:48:21.746612,2025-08-23,,de.linkedin.com/jobs/view/senior-data-engineer-at-zalando-4278912117
Data Analytics  Specialist (m/w/d) im Bankenumfeld,Hays,Frankfurt,LinkedIn,https://de.linkedin.com/jobs/view/data-analytics-specialist-m-w-d-im-bankenumfeld-at-hays-4289928928?position=2&pageNum=0&refId=XTMy673DZ8XSJaVKUH52XA%3D%3D&trackingId=QYP1U6cSIRVhvkw9ZddcWA%3D%3D,Not specified,2025-08-23 13:48:35.353763,2025-08-22,,de.linkedin.com/jobs/view/data-analytics-specialist-m-w-d-im-bankenumfeld-at-hays-4289928928
(Junior) Consultant Banking (m/w/d),movisco AG,Frankfurt,LinkedIn,https://de.linkedin.com/jobs/view/junior-consultant-banking-m-w-d-at-movisco-ag-4289485285?position=4&pageNum=0&refId=XTMy673DZ8XSJaVKUH52XA%3D%3D&trackingId=F1FaG%2Bq%2BfVQj9emA54LiSw%3D%3D,Not specified,2025-08-23 13:48:35.354048,2025-08-22,,de.linkedin.com/jobs/view/junior-consultant-banking-m-w-d-at-movisco-ag-4289485285
Analyst Produktmanagement (m/w/d)*,Bankhaus Metzler,Frankfurt am Main,LinkedIn,https://de.linkedin.com/jobs/view/analyst-produktmanagement-m-w-d-at-bankhaus-metzler-4238568513?position=7&pageNum=0&refId=XTMy673DZ8XSJaVKUH52XA%3D%3D&trackingId=MzaQXCSN2zl1aOXnwgSA1w%3D%3D,Not specified,2025-08-23 13:48:35.354473,2025-08-22,,de.linkedin.com/jobs/view/analyst-produktmanagement-m-w-d-at-bankhaus-metzler-4238568513
(Junior) Consultant Digital Banking (m/w/d),movisco AG,Frankfurt,LinkedIn,https://de.linkedin.com/jobs/view/junior-consultant-digital-banking-m-w-d-at-movisco-ag-4289478991?position=10&pageNum=0&refId=XTMy673DZ8XSJaVKUH52XA%3D%3D&trackingId=Wk2bp1qIMK6XEYQO8sIFjg%3D%3D,Not specified,2025-08-23 13:48:35.354892,2025-08-22,,de.linkedin.com/jobs/view/junior-consultant-digital-banking-m-w-d-at-movisco-ag-4289478991
Plant Process Engineer,Niomex GmbH,Wiesbaden,LinkedIn,https://de.linkedin.com/jobs/view/plant-process-engineer-at-niomex-gmbh-4290280485?position=13&pageNum=0&refId=XTMy673DZ8XSJaVKUH52XA%3D%3D&trackingId=Pvgj9i02yG2iKBWDzoLrfw%3D%3D,Not specified,2025-08-23 13:48:35.355304,2025-08-23,,de.linkedin.com/jobs/view/plant-process-engineer-at-niomex-gmbh-4290280485
Agile Business Analyst (w/m/d),DekaBank,Wiesbaden,LinkedIn,https://de.linkedin.com/jobs/view/agile-business-analyst-w-m-d-at-dekabank-4278545066?position=14&pageNum=0&refId=XTMy673DZ8XSJaVKUH52XA%3D%3D&trackingId=JJJknNQE%2FdtWSEGiwOg5Bw%3D%3D,Not specified,2025-08-23 13:48:35.355435,2025-08-22,,de.linkedin.com/jobs/view/agile-business-analyst-w-m-d-at-dekabank-4278545066
(Senior) Data Engineer Data & AI (f/m/d),E.ON Digital Technology,Frankfurt am Main,LinkedIn,https://de.linkedin.com/jobs/view/senior-data-engineer-data-ai-f-m-d-at-e-on-digital-technology-4264492816?position=24&pageNum=0&refId=XTMy673DZ8XSJaVKUH52XA%3D%3D&trackingId=j6v%2FPEs9xZusTULOEH%2BmBw%3D%3D,Not specified,2025-08-23 13:48:35.356771,2025-08-22,,de.linkedin.com/jobs/view/senior-data-engineer-data-ai-f-m-d-at-e-on-digital-technology-4264492816
Junior Analyst Kreditmanagement (w/m/d),TieTalent,Wiesbaden,LinkedIn,https://de.linkedin.com/jobs/view/junior-analyst-kreditmanagement-w-m-d-at-tietalent-4290044646?position=25&pageNum=0&refId=XTMy673DZ8XSJaVKUH52XA%3D%3D&trackingId=GxIH0s72a5VaeICWJMAn%2Bw%3D%3D,Not specified,2025-08-23 13:48:35.356910,2025-08-23,,de.linkedin.com/jobs/view/junior-analyst-kreditmanagement-w-m-d-at-tietalent-4290044646
Business Analyst - Dienstleistungsmanagement (m/w/d),BWI GmbH,Frankfurt am Main,LinkedIn,https://de.linkedin.com/jobs/view/business-analyst-dienstleistungsmanagement-m-w-d-at-bwi-gmbh-4289939180?position=27&pageNum=0&refId=XTMy673DZ8XSJaVKUH52XA%3D%3D&trackingId=pEDOYurntAHs7u4HQfx39g%3D%3D,Not specified,2025-08-23 13:48:35.357179,2025-08-22,,de.linkedin.com/jobs/view/business-analyst-dienstleistungsmanagement-m-w-d-at-bwi-gmbh-4289939180
"Junior Consultant (m/w/d) Work, Rewards and Careers",WTW,Frankfurt,LinkedIn,https://de.linkedin.com/jobs/view/junior-consultant-m-w-d-work-rewards-and-careers-at-wtw-4277536129?position=28&pageNum=0&refId=XTMy673DZ8XSJaVKUH52XA%3D%3D&trackingId=H0B%2FtJ2xf1pVP89elcAZSw%3D%3D,Not specified,2025-08-23 13:48:35.357313,2025-08-23,,de.linkedin.com/jobs/view/junior-consultant-m-w-d-work-rewards-and-careers-at-wtw-4277536129
AI Consultant – Generative KI / Prompt Engineering (m/w/d) - Quereinsteiger herzlich willkommen!,mycareernow GmbH,Rodgau,LinkedIn,https://de.linkedin.com/jobs/view/ai-consultant-%E2%80%93-generative-ki-prompt-engineering-m-w-d-quereinsteiger-herzlich-willkommen%21-at-mycareernow-gmbh-4290209768?position=29&pageNum=0&refId=XTMy673DZ8XSJaVKUH52XA%3D%3D&trackingId=ukk89ZL19vhwt6ELr1gAlA%3D%3D,Not specified,2025-08-23 13:48:35.357451,2025-08-23,,de.linkedin.com/jobs/view/ai-consultant-%E2%80%93-generative-ki-prompt-engineering-m-w-d-quereinsteiger-herzlich-willkommen%21-at-mycareernow-gmbh-4290209768
Wirtschaftswissenschaftler als Junior Analyst Bankwesen (w/m/d),TieTalent,Wiesbaden,LinkedIn,https://de.linkedin.com/jobs/view/wirtschaftswissenschaftler-als-junior-analyst-bankwesen-w-m-d-at-tietalent-4290034935?position=31&pageNum=0&refId=XTMy673DZ8XSJaVKUH52XA%3D%3D&trackingId=rjBuvc2xmOGGWQGJ%2BuwknA%3D%3D,Not specified,2025-08-23 13:48:35.357724,2025-08-23,,de.linkedin.com/jobs/view/wirtschaftswissenschaftler-als-junior-analyst-bankwesen-w-m-d-at-tietalent-4290034935
Wirtschaftswissenschaftler als Junior Analyst Kreditmanagement (w/m/d),TieTalent,Wiesbaden,LinkedIn,https://de.linkedin.com/jobs/view/wirtschaftswissenschaftler-als-junior-analyst-kreditmanagement-w-m-d-at-tietalent-4290035912?position=33&pageNum=0&refId=XTMy673DZ8XSJaVKUH52XA%3D%3D&trackingId=FCX2HBfgJWfK7SsgOFGreQ%3D%3D,Not specified,2025-08-23 13:48:35.357996,2025-08-23,,de.linkedin.com/jobs/view/wirtschaftswissenschaftler-als-junior-analyst-kreditmanagement-w-m-d-at-tietalent-4290035912
AI Consultant – Generative KI / Prompt Engineering (m/w/d) - Quereinsteiger herzlich willkommen!,mycareernow GmbH,Rüsselsheim,LinkedIn,https://de.linkedin.com/jobs/view/ai-consultant-%E2%80%93-generative-ki-prompt-engineering-m-w-d-quereinsteiger-herzlich-willkommen%21-at-mycareernow-gmbh-4290212261?position=37&pageNum=0&refId=XTMy673DZ8XSJaVKUH52XA%3D%3D&trackingId=tE9xSgaLkarJPSUDqMuhbw%3D%3D,Not specified,2025-08-23 13:48:35.358539,2025-08-23,,de.linkedin.com/jobs/view/ai-consultant-%E2%80%93-generative-ki-prompt-engineering-m-w-d-quereinsteiger-herzlich-willkommen%21-at-mycareernow-gmbh-4290212261
Junior Analyst Kreditwesen & Bilanzwesen (w/m/d),TieTalent,Wiesbaden,LinkedIn,https://de.linkedin.com/jobs/view/junior-analyst-kreditwesen-bilanzwesen-w-m-d-at-tietalent-4290042379?position=39&pageNum=0&refId=XTMy673DZ8XSJaVKUH52XA%3D%3D&trackingId=FSOi3DS9WovrmyNqZXCveg%3D%3D,Not specified,2025-08-23 13:48:35.358813,2025-08-23,,de.linkedin.com/jobs/view/junior-analyst-kreditwesen-bilanzwesen-w-m-d-at-tietalent-4290042379
AI Consultant – Generative KI / Prompt Engineering (m/w/d) - Quereinsteiger herzlich willkommen!,mycareernow GmbH,Wiesbaden,LinkedIn,https://de.linkedin.com/jobs/view/ai-consultant-%E2%80%93-generative-ki-prompt-engineering-m-w-d-quereinsteiger-herzlich-willkommen%21-at-mycareernow-gmbh-4290213204?position=40&pageNum=0&refId=XTMy673DZ8XSJaVKUH52XA%3D%3D&trackingId=2Pt%2BoPXuewaRc7A5LhBDEA%3D%3D,Not specified,2025-08-23 13:48:35.358937,2025-08-23,,de.linkedin.com/jobs/view/ai-consultant-%E2%80%93-generative-ki-prompt-engineering-m-w-d-quereinsteiger-herzlich-willkommen%21-at-mycareernow-gmbh-4290213204
Junior Analyst Kreditmanagement Immobilienkunden (w/m/d),TieTalent,Wiesbaden,LinkedIn,https://de.linkedin.com/jobs/view/junior-analyst-kreditmanagement-immobilienkunden-w-m-d-at-tietalent-4290041486?position=46&pageNum=0&refId=XTMy673DZ8XSJaVKUH52XA%3D%3D&trackingId=7ACCgucYPkmyAZaN8NIHYQ%3D%3D,Not specified,2025-08-23 13:48:35.359674,2025-08-23,,de.linkedin.com/jobs/view/junior-analyst-kreditmanagement-immobilienkunden-w-m-d-at-tietalent-4290041486
Business Analyst (w/m/d) im agilen IT-Umfeld,DekaBank,Wiesbaden,LinkedIn,https://de.linkedin.com/jobs/view/business-analyst-w-m-d-im-agilen-it-umfeld-at-dekabank-4278540644?position=50&pageNum=0&refId=XTMy673DZ8XSJaVKUH52XA%3D%3D&trackingId=Utx7nGadjI8SdiQfYeE%2FvA%3D%3D,Not specified,2025-08-23 13:48:35.360180,2025-08-22,,de.linkedin.com/jobs/view/business-analyst-w-m-d-im-agilen-it-umfeld-at-dekabank-4278540644
Biostatistiker (m/w/d),expertum Gruppe,Frankfurt am Main,LinkedIn,https://de.linkedin.com/jobs/view/biostatistiker-m-w-d-at-expertum-gruppe-4289480179?position=58&pageNum=0&refId=XTMy673DZ8XSJaVKUH52XA%3D%3D&trackingId=nNeuzG0DLk5cgnCckU3bAA%3D%3D,Not specified,2025-08-23 13:48:35.361193,2025-08-22,,de.linkedin.com/jobs/view/biostatistiker-m-w-d-at-expertum-gruppe-4289480179
(Junior) Consultant Banking (m/w/d),movisco AG,Bonn,LinkedIn,https://de.linkedin.com/jobs/view/junior-consultant-banking-m-w-d-at-movisco-ag-4289486050?position=10&pageNum=0&refId=Vm2fB1KDHcqgRNhGzggj8w%3D%3D&trackingId=Ipkz1vDIrXhyAq7yU699Gw%3D%3D,Not specified,2025-08-23 13:48:48.155003,2025-08-22,,de.linkedin.com/jobs/view/junior-consultant-banking-m-w-d-at-movisco-ag-4289486050
Wirtschaftsinformatiker / Business Analyst (m/w/d),GAG Immobilien AG,Köln,LinkedIn,https://de.linkedin.com/jobs/view/wirtschaftsinformatiker-business-analyst-m-w-d-at-gag-immobilien-ag-4287153340?position=11&pageNum=0&refId=Vm2fB1KDHcqgRNhGzggj8w%3D%3D&trackingId=8c68H12Taffp%2BtL0A5IWLQ%3D%3D,Not specified,2025-08-23 13:48:48.155161,2025-08-22,,de.linkedin.com/jobs/view/wirtschaftsinformatiker-business-analyst-m-w-d-at-gag-immobilien-ag-4287153340
IT Business Analyst,ELFIN Engineering & Solutions GmbH,Köln,LinkedIn,https://de.linkedin.com/jobs/view/it-business-analyst-at-elfin-engineering-solutions-gmbh-4223945530?position=13&pageNum=0&refId=Vm2fB1KDHcqgRNhGzggj8w%3D%3D&trackingId=UfTUyxgG6eIMUQMum%2Bm%2BpA%3D%3D,Not specified,2025-08-23 13:48:48.155469,2025-08-23,,de.linkedin.com/jobs/view/it-business-analyst-at-elfin-engineering-solutions-gmbh-4223945530
(Junior) Consultant Digital Banking (m/w/d),movisco AG,Bonn,LinkedIn,https://de.linkedin.com/jobs/view/junior-consultant-digital-banking-m-w-d-at-movisco-ag-4289475993?position=15&pageNum=0&refId=Vm2fB1KDHcqgRNhGzggj8w%3D%3D&trackingId=4lqTWPIz%2FOyY1AsBQTyk1A%3D%3D,Not specified,2025-08-23 13:48:48.155769,2025-08-22,,de.linkedin.com/jobs/view/junior-consultant-digital-banking-m-w-d-at-movisco-ag-4289475993
Business Transformation Consultant,WalkMe,Köln,LinkedIn,https://de.linkedin.com/jobs/view/business-transformation-consultant-at-walkme-4264633209?position=16&pageNum=0&refId=Vm2fB1KDHcqgRNhGzggj8w%3D%3D&trackingId=lHjtUjRhhgkOd%2FTHk7414g%3D%3D,Not specified,2025-08-23 13:48:48.155917,2025-08-23,,de.linkedin.com/jobs/view/business-transformation-consultant-at-walkme-4264633209
Samsung - Senior Data Solution Analyst - TV-Werbung DACH (gn),Grafton Recruitment,Düsseldorf,LinkedIn,https://de.linkedin.com/jobs/view/samsung-senior-data-solution-analyst-tv-werbung-dach-gn-at-grafton-recruitment-4258126788?position=18&pageNum=0&refId=Vm2fB1KDHcqgRNhGzggj8w%3D%3D&trackingId=ouBUTWA52UxYWFVPxzWxuQ%3D%3D,Not specified,2025-08-23 13:48:48.156214,2025-08-22,,de.linkedin.com/jobs/view/samsung-senior-data-solution-analyst-tv-werbung-dach-gn-at-grafton-recruitment-4258126788
IT Business Analyst Insurance (m/w/d),mgm technology partners,Köln,LinkedIn,https://de.linkedin.com/jobs/view/it-business-analyst-insurance-m-w-d-at-mgm-technology-partners-4289485293?position=20&pageNum=0&refId=Vm2fB1KDHcqgRNhGzggj8w%3D%3D&trackingId=7Ko%2BxITNyWzeBZN7p%2Fwv7A%3D%3D,Not specified,2025-08-23 13:48:48.156516,2025-08-22,,de.linkedin.com/jobs/view/it-business-analyst-insurance-m-w-d-at-mgm-technology-partners-4289485293
Quantitativer Analyst im Kreditrisiko (w/m/d),parcIT GmbH,Köln,LinkedIn,https://de.linkedin.com/jobs/view/quantitativer-analyst-im-kreditrisiko-w-m-d-at-parcit-gmbh-4210661158?position=22&pageNum=0&refId=Vm2fB1KDHcqgRNhGzggj8w%3D%3D&trackingId=cWaGpKx7RvYw78FEvyON%2FQ%3D%3D,Not specified,2025-08-23 13:48:48.156811,2025-08-22,,de.linkedin.com/jobs/view/quantitativer-analyst-im-kreditrisiko-w-m-d-at-parcit-gmbh-4210661158
Data Engineer (m/w/d),TieTalent,Wermelskirchen,LinkedIn,https://de.linkedin.com/jobs/view/data-engineer-m-w-d-at-tietalent-4290043476?position=25&pageNum=0&refId=Vm2fB1KDHcqgRNhGzggj8w%3D%3D&trackingId=P%2FSVVMw%2FlOcs%2BPoPI7jKQg%3D%3D,Not specified,2025-08-23 13:48:48.157273,2025-08-23,,de.linkedin.com/jobs/view/data-engineer-m-w-d-at-tietalent-4290043476
AI Consultant – Generative KI / Prompt Engineering (m/w/d) - Quereinsteiger herzlich willkommen!,mycareernow GmbH,Remscheid,LinkedIn,https://de.linkedin.com/jobs/view/ai-consultant-%E2%80%93-generative-ki-prompt-engineering-m-w-d-quereinsteiger-herzlich-willkommen%21-at-mycareernow-gmbh-4290213203?position=27&pageNum=0&refId=Vm2fB1KDHcqgRNhGzggj8w%3D%3D&trackingId=fJBEQp8mYirWaOw8%2BILI%2FA%3D%3D,Not specified,2025-08-23 13:48:48.157598,2025-08-23,,de.linkedin.com/jobs/view/ai-consultant-%E2%80%93-generative-ki-prompt-engineering-m-w-d-quereinsteiger-herzlich-willkommen%21-at-mycareernow-gmbh-4290213203
AI Consultant – Generative KI / Prompt Engineering (m/w/d) - Quereinsteiger herzlich willkommen!,mycareernow GmbH,Troisdorf,LinkedIn,https://de.linkedin.com/jobs/view/ai-consultant-%E2%80%93-generative-ki-prompt-engineering-m-w-d-quereinsteiger-herzlich-willkommen%21-at-mycareernow-gmbh-4290210708?position=35&pageNum=0&refId=Vm2fB1KDHcqgRNhGzggj8w%3D%3D&trackingId=%2F77XpNrJAiPxopBvC1Alwg%3D%3D,Not specified,2025-08-23 13:48:48.158815,2025-08-23,,de.linkedin.com/jobs/view/ai-consultant-%E2%80%93-generative-ki-prompt-engineering-m-w-d-quereinsteiger-herzlich-willkommen%21-at-mycareernow-gmbh-4290210708
AI Consultant – Generative KI / Prompt Engineering (m/w/d) - Quereinsteiger herzlich willkommen!,mycareernow GmbH,Pulheim,LinkedIn,https://de.linkedin.com/jobs/view/ai-consultant-%E2%80%93-generative-ki-prompt-engineering-m-w-d-quereinsteiger-herzlich-willkommen%21-at-mycareernow-gmbh-4290215012?position=36&pageNum=0&refId=Vm2fB1KDHcqgRNhGzggj8w%3D%3D&trackingId=%2FkSqJCQKTVWE1KSNwCeibg%3D%3D,Not specified,2025-08-23 13:48:48.158965,2025-08-23,,de.linkedin.com/jobs/view/ai-consultant-%E2%80%93-generative-ki-prompt-engineering-m-w-d-quereinsteiger-herzlich-willkommen%21-at-mycareernow-gmbh-4290215012
AI Consultant – Generative KI / Prompt Engineering (m/w/d) - Quereinsteiger herzlich willkommen!,mycareernow GmbH,Sankt Augustin,LinkedIn,https://de.linkedin.com/jobs/view/ai-consultant-%E2%80%93-generative-ki-prompt-engineering-m-w-d-quereinsteiger-herzlich-willkommen%21-at-mycareernow-gmbh-4290209767?position=37&pageNum=0&refId=Vm2fB1KDHcqgRNhGzggj8w%3D%3D&trackingId=RgqzJZ7%2FCUVXtN7gQjc7xQ%3D%3D,Not specified,2025-08-23 13:48:48.159103,2025-08-23,,de.linkedin.com/jobs/view/ai-consultant-%E2%80%93-generative-ki-prompt-engineering-m-w-d-quereinsteiger-herzlich-willkommen%21-at-mycareernow-gmbh-4290209767
Business Analyst - Dienstleistungsmanagement (m/w/d),BWI GmbH,Bonn,LinkedIn,https://de.linkedin.com/jobs/view/business-analyst-dienstleistungsmanagement-m-w-d-at-bwi-gmbh-4289933913?position=38&pageNum=0&refId=Vm2fB1KDHcqgRNhGzggj8w%3D%3D&trackingId=S54yl%2Br5zHUWc8QXhnzoKw%3D%3D,Not specified,2025-08-23 13:48:48.159277,2025-08-22,,de.linkedin.com/jobs/view/business-analyst-dienstleistungsmanagement-m-w-d-at-bwi-gmbh-4289933913
AI Consultant – Generative KI / Prompt Engineering (m/w/d) - Quereinsteiger herzlich willkommen!,mycareernow GmbH,Wuppertal,LinkedIn,https://de.linkedin.com/jobs/view/ai-consultant-%E2%80%93-generative-ki-prompt-engineering-m-w-d-quereinsteiger-herzlich-willkommen%21-at-mycareernow-gmbh-4290215002?position=39&pageNum=0&refId=Vm2fB1KDHcqgRNhGzggj8w%3D%3D&trackingId=cxfYO3JydeAJPAetfLDHCg%3D%3D,Not specified,2025-08-23 13:48:48.159437,2025-08-23,,de.linkedin.com/jobs/view/ai-consultant-%E2%80%93-generative-ki-prompt-engineering-m-w-d-quereinsteiger-herzlich-willkommen%21-at-mycareernow-gmbh-4290215002
AI Consultant – Generative KI / Prompt Engineering (m/w/d) - Quereinsteiger herzlich willkommen!,mycareernow GmbH,Solingen,LinkedIn,https://de.linkedin.com/jobs/view/ai-consultant-%E2%80%93-generative-ki-prompt-engineering-m-w-d-quereinsteiger-herzlich-willkommen%21-at-mycareernow-gmbh-4290213206?position=40&pageNum=0&refId=Vm2fB1KDHcqgRNhGzggj8w%3D%3D&trackingId=z2tsd62K5frVh78mUVzE9w%3D%3D,Not specified,2025-08-23 13:48:48.159612,2025-08-23,,de.linkedin.com/jobs/view/ai-consultant-%E2%80%93-generative-ki-prompt-engineering-m-w-d-quereinsteiger-herzlich-willkommen%21-at-mycareernow-gmbh-4290213206
"Supply Chain Engineer, 2026 Graduate",Anker Innovations LTD,Düsseldorf,LinkedIn,https://de.linkedin.com/jobs/view/supply-chain-engineer-2026-graduate-at-anker-innovations-ltd-4289923134?position=43&pageNum=0&refId=Vm2fB1KDHcqgRNhGzggj8w%3D%3D&trackingId=OeXxd02NH2gOLLKTgZ%2FPFg%3D%3D,Not specified,2025-08-23 13:48:48.160025,2025-08-22,,de.linkedin.com/jobs/view/supply-chain-engineer-2026-graduate-at-anker-innovations-ltd-4289923134
Business Development Specialist,MSX International,Köln,LinkedIn,https://de.linkedin.com/jobs/view/business-development-specialist-at-msx-international-4240140464?position=48&pageNum=0&refId=Vm2fB1KDHcqgRNhGzggj8w%3D%3D&trackingId=2Nr65IKgMiQpyfjmVxJl0A%3D%3D,Not specified,2025-08-23 13:48:48.160759,2025-08-22,,de.linkedin.com/jobs/view/business-development-specialist-at-msx-international-4240140464
Senior Analyst - BCG Vantage - Aerospace and Defense,TieTalent,Düsseldorf,LinkedIn,https://de.linkedin.com/jobs/view/senior-analyst-bcg-vantage-aerospace-and-defense-at-tietalent-4290043403?position=51&pageNum=0&refId=Vm2fB1KDHcqgRNhGzggj8w%3D%3D&trackingId=H59stQNtRIexZp9fR6qKCg%3D%3D,Not specified,2025-08-23 13:48:48.161197,2025-08-23,,de.linkedin.com/jobs/view/senior-analyst-bcg-vantage-aerospace-and-defense-at-tietalent-4290043403
AI Consultant – Generative KI / Prompt Engineering (m/w/d) - Quereinsteiger herzlich willkommen!,mycareernow GmbH,Ulm,LinkedIn,https://de.linkedin.com/jobs/view/ai-consultant-%E2%80%93-generative-ki-prompt-engineering-m-w-d-quereinsteiger-herzlich-willkommen%21-at-mycareernow-gmbh-4290210706?position=2&pageNum=0&refId=oIJ7cfAAda2aUQsZ9xOBQw%3D%3D&trackingId=p7mFtitZsiXIihEO57XrRA%3D%3D,Not specified,2025-08-23 13:49:01.682590,2025-08-23,,de.linkedin.com/jobs/view/ai-consultant-%E2%80%93-generative-ki-prompt-engineering-m-w-d-quereinsteiger-herzlich-willkommen%21-at-mycareernow-gmbh-4290210706
Business Analyst - Dienstleistungsmanagement (m/w/d),BWI GmbH,Ulm,LinkedIn,https://de.linkedin.com/jobs/view/business-analyst-dienstleistungsmanagement-m-w-d-at-bwi-gmbh-4289936722?position=3&pageNum=0&refId=oIJ7cfAAda2aUQsZ9xOBQw%3D%3D&trackingId=MCHJwzdXNM56Xs4riNfEVQ%3D%3D,Not specified,2025-08-23 13:49:01.682750,2025-08-22,,de.linkedin.com/jobs/view/business-analyst-dienstleistungsmanagement-m-w-d-at-bwi-gmbh-4289936722
Check Point Specialist (m/w/d),SMTnet Data Communications GmbH,Blaubeuren,LinkedIn,https://de.linkedin.com/jobs/view/check-point-specialist-m-w-d-at-smtnet-data-communications-gmbh-4290265156?position=16&pageNum=0&refId=oIJ7cfAAda2aUQsZ9xOBQw%3D%3D&trackingId=IBzISpOBPOjBVqFXnHRD4Q%3D%3D,Not specified,2025-08-23 13:49:01.684655,2025-08-23,,de.linkedin.com/jobs/view/check-point-specialist-m-w-d-at-smtnet-data-communications-gmbh-4290265156
Debitorenbuchhalter (m/w/d),TieTalent,Illerrieden,LinkedIn,https://de.linkedin.com/jobs/view/debitorenbuchhalter-m-w-d-at-tietalent-4290040541?position=19&pageNum=0&refId=oIJ7cfAAda2aUQsZ9xOBQw%3D%3D&trackingId=pAo%2FhW%2BzcI1LoeVzTouVgg%3D%3D,Not specified,2025-08-23 13:49:01.685062,2025-08-23,,de.linkedin.com/jobs/view/debitorenbuchhalter-m-w-d-at-tietalent-4290040541
Specialist (m/w/d) Produktion - Anzucht/Zellbank,Rentschler Biopharma,Laupheim,LinkedIn,https://de.linkedin.com/jobs/view/specialist-m-w-d-produktion-anzucht-zellbank-at-rentschler-biopharma-4278534777?position=23&pageNum=0&refId=oIJ7cfAAda2aUQsZ9xOBQw%3D%3D&trackingId=AlxdcChFeER8ondqUnYoOg%3D%3D,Not specified,2025-08-23 13:49:01.685603,2025-08-22,,de.linkedin.com/jobs/view/specialist-m-w-d-produktion-anzucht-zellbank-at-rentschler-biopharma-4278534777
"Fachlagerist (m/w/d) – Wareneingang, Kommissionierung, Warenausgang",allgaier GmbH,Günzburg,LinkedIn,https://de.linkedin.com/jobs/view/fachlagerist-m-w-d-%E2%80%93-wareneingang-kommissionierung-warenausgang-at-allgaier-gmbh-4289778983?position=33&pageNum=0&refId=oIJ7cfAAda2aUQsZ9xOBQw%3D%3D&trackingId=o%2BH7O6NzztdICdEw59xECw%3D%3D,Not specified,2025-08-23 13:49:01.686971,2025-08-22,,de.linkedin.com/jobs/view/fachlagerist-m-w-d-%E2%80%93-wareneingang-kommissionierung-warenausgang-at-allgaier-gmbh-4289778983
AI Consultant – Generative KI / Prompt Engineering (m/w/d) - Quereinsteiger herzlich willkommen!,mycareernow GmbH,Singen (Hohentwiel),LinkedIn,https://de.linkedin.com/jobs/view/ai-consultant-%E2%80%93-generative-ki-prompt-engineering-m-w-d-quereinsteiger-herzlich-willkommen%21-at-mycareernow-gmbh-4290207963?position=1&pageNum=0&refId=BiMx%2BHAGB0x3VoSKAUlltg%3D%3D&trackingId=H9oRdf%2FlvQbOz7Q5GBq7JA%3D%3D,Not specified,2025-08-23 13:49:14.358602,2025-08-23,,de.linkedin.com/jobs/view/ai-consultant-%E2%80%93-generative-ki-prompt-engineering-m-w-d-quereinsteiger-herzlich-willkommen%21-at-mycareernow-gmbh-4290207963
Senior Data Analyst & Engineer (alle),SWICA,"Winterthur, Zürich, Schweiz",LinkedIn,https://ch.linkedin.com/jobs/view/senior-data-analyst-engineer-alle-at-swica-organisation-de-sant%C3%A9-4287176067?position=4&pageNum=0&refId=BiMx%2BHAGB0x3VoSKAUlltg%3D%3D&trackingId=DkGEn7BShhYAAqkMKT6euw%3D%3D,Not specified,2025-08-23 13:49:14.359182,2025-08-23,,ch.linkedin.com/jobs/view/senior-data-analyst-engineer-alle-at-swica-organisation-de-sant%C3%A9-4287176067
AI Consultant – Generative KI / Prompt Engineering (m/w/d) - Quereinsteiger herzlich willkommen!,mycareernow GmbH,Ravensburg,LinkedIn,https://de.linkedin.com/jobs/view/ai-consultant-%E2%80%93-generative-ki-prompt-engineering-m-w-d-quereinsteiger-herzlich-willkommen%21-at-mycareernow-gmbh-4290208887?position=5&pageNum=0&refId=BiMx%2BHAGB0x3VoSKAUlltg%3D%3D&trackingId=MKLSMXjEJGR5QaGCI2Kzuw%3D%3D,Not specified,2025-08-23 13:49:14.359366,2025-08-23,,de.linkedin.com/jobs/view/ai-consultant-%E2%80%93-generative-ki-prompt-engineering-m-w-d-quereinsteiger-herzlich-willkommen%21-at-mycareernow-gmbh-4290208887
Operativer Einkäufer (m/w/d),TieTalent,"Sankt Gallen, Sankt Gallen, Schweiz",LinkedIn,https://ch.linkedin.com/jobs/view/operativer-eink%C3%A4ufer-m-w-d-at-tietalent-4287166973?position=26&pageNum=0&refId=BiMx%2BHAGB0x3VoSKAUlltg%3D%3D&trackingId=4CUQxZK6z6Tejhp8pgJU4A%3D%3D,Not specified,2025-08-23 13:49:14.362589,2025-08-23,,ch.linkedin.com/jobs/view/operativer-eink%C3%A4ufer-m-w-d-at-tietalent-4287166973
Kundendienstmitarbeiter/in 100%,The HEINEKEN Company,"Winterthur, Zürich, Schweiz",LinkedIn,https://ch.linkedin.com/jobs/view/kundendienstmitarbeiter-in-100%25-at-the-heineken-company-4289472862?position=34&pageNum=0&refId=BiMx%2BHAGB0x3VoSKAUlltg%3D%3D&trackingId=aKpHzNE5yQhV4cD5nI6LvA%3D%3D,Not specified,2025-08-23 13:49:14.363813,2025-08-22,,ch.linkedin.com/jobs/view/kundendienstmitarbeiter-in-100%25-at-the-heineken-company-4289472862
Data Engineer,SCIGILITY,"Zürich, Schweiz",LinkedIn,https://ch.linkedin.com/jobs/view/data-engineer-at-scigility-4236554169?position=8&pageNum=0&refId=IJVR2zIvgsd2zuae4Vr5ag%3D%3D&trackingId=xWQiYhEytwZNeLldDCG4qw%3D%3D,Not specified,2025-08-23 13:49:27.489100,2025-08-22,,ch.linkedin.com/jobs/view/data-engineer-at-scigility-4236554169
Fraud Case Analyst 100%,Viseca,"Zürich, Zürich, Schweiz",LinkedIn,https://ch.linkedin.com/jobs/view/fraud-case-analyst-100%25-at-viseca-4289788219?position=14&pageNum=0&refId=IJVR2zIvgsd2zuae4Vr5ag%3D%3D&trackingId=ek3wvalizjfRkpIzA0AJPg%3D%3D,Not specified,2025-08-23 13:49:27.489928,2025-08-22,,ch.linkedin.com/jobs/view/fraud-case-analyst-100%25-at-viseca-4289788219
Senior Data Engineer,Nicoll Curtin,"Zürich, Schweiz",LinkedIn,https://ch.linkedin.com/jobs/view/senior-data-engineer-at-nicoll-curtin-4287137161?position=15&pageNum=0&refId=IJVR2zIvgsd2zuae4Vr5ag%3D%3D&trackingId=IZyvVLx%2BPr9WzEHcBrdmug%3D%3D,Not specified,2025-08-23 13:49:27.490058,2025-08-22,,ch.linkedin.com/jobs/view/senior-data-engineer-at-nicoll-curtin-4287137161
Data & AI Consultant for Insurance,Zühlke Group,"Schlieren, Zürich, Schweiz",LinkedIn,https://ch.linkedin.com/jobs/view/data-ai-consultant-for-insurance-at-z%C3%BChlke-group-4209346578?position=19&pageNum=0&refId=IJVR2zIvgsd2zuae4Vr5ag%3D%3D&trackingId=7xaHkHlNr2BjqCHtQEDLOg%3D%3D,Not specified,2025-08-23 13:49:27.490595,2025-08-23,,ch.linkedin.com/jobs/view/data-ai-consultant-for-insurance-at-z%C3%BChlke-group-4209346578
Technical Requirements Engineer,Manning Global AG,"Zürich, Schweiz",LinkedIn,https://ch.linkedin.com/jobs/view/technical-requirements-engineer-at-manning-global-ag-4287124181?position=27&pageNum=0&refId=IJVR2zIvgsd2zuae4Vr5ag%3D%3D&trackingId=ihzdzQpb8F4J2bgMnZH1yg%3D%3D,Not specified,2025-08-23 13:49:27.491538,2025-08-22,,ch.linkedin.com/jobs/view/technical-requirements-engineer-at-manning-global-ag-4287124181
Data Engineer Data Platform (w/m) 80-100%,CSS,"Luzern, Luzern, Schweiz",LinkedIn,https://ch.linkedin.com/jobs/view/data-engineer-data-platform-w-m-80-100%25-at-css-4261999637?position=30&pageNum=0&refId=IJVR2zIvgsd2zuae4Vr5ag%3D%3D&trackingId=C5k2hv4S8kvFZVUlUfjTTw%3D%3D,Not specified,2025-08-23 13:49:27.491936,2025-08-23,,ch.linkedin.com/jobs/view/data-engineer-data-platform-w-m-80-100%25-at-css-4261999637
Graduate - Audit Banking & Asset Management,KPMG Switzerland,"Zürich, Zürich, Schweiz",LinkedIn,https://ch.linkedin.com/jobs/view/graduate-audit-banking-asset-management-at-kpmg-switzerland-4290202037?position=31&pageNum=0&refId=IJVR2zIvgsd2zuae4Vr5ag%3D%3D&trackingId=EupmD06NCHV7afn41AwjGw%3D%3D,Not specified,2025-08-23 13:49:27.492071,2025-08-23,,ch.linkedin.com/jobs/view/graduate-audit-banking-asset-management-at-kpmg-switzerland-4290202037
Senior IT Business Analyst - Finance - Swisslinx,Jobs via eFinancialCareers,"Zürich, Zürich, Schweiz",LinkedIn,https://ch.linkedin.com/jobs/view/senior-it-business-analyst-finance-swisslinx-at-jobs-via-efinancialcareers-4289912868?position=45&pageNum=0&refId=IJVR2zIvgsd2zuae4Vr5ag%3D%3D&trackingId=MQu%2FIpXGNUkEXeNfpaS%2BBg%3D%3D,Not specified,2025-08-23 13:49:27.493968,2025-08-22,,ch.linkedin.com/jobs/view/senior-it-business-analyst-finance-swisslinx-at-jobs-via-efinancialcareers-4289912868
Senior IT Business Analyst - Finance - Swisslinx,Jobs via eFinancialCareers,"Zürich, Zürich, Schweiz",LinkedIn,https://ch.linkedin.com/jobs/view/senior-it-business-analyst-finance-swisslinx-at-jobs-via-efinancialcareers-4289913804?position=47&pageNum=0&refId=IJVR2zIvgsd2zuae4Vr5ag%3D%3D&trackingId=EehuXWv6pUw0G2iMLIp4EA%3D%3D,Not specified,2025-08-23 13:49:27.494241,2025-08-22,,ch.linkedin.com/jobs/view/senior-it-business-analyst-finance-swisslinx-at-jobs-via-efinancialcareers-4289913804
Corporate Accountant (m/w/d),TieTalent,"Zürich, Zürich, Schweiz",LinkedIn,https://ch.linkedin.com/jobs/view/corporate-accountant-m-w-d-at-tietalent-4287148635?position=50&pageNum=0&refId=IJVR2zIvgsd2zuae4Vr5ag%3D%3D&trackingId=SMnBSQERf8JVbh3vwQY43w%3D%3D,Not specified,2025-08-23 13:49:27.494638,2025-08-22,,ch.linkedin.com/jobs/view/corporate-accountant-m-w-d-at-tietalent-4287148635
MEMS Process Engineer Metrology • 80-100%,Sensirion,"Stäfa, Zürich, Schweiz",LinkedIn,https://ch.linkedin.com/jobs/view/mems-process-engineer-metrology-%E2%80%A2-80-100%25-at-sensirion-4289777264?position=51&pageNum=0&refId=IJVR2zIvgsd2zuae4Vr5ag%3D%3D&trackingId=IjMNHtctDQDMF6se%2B%2BPt0Q%3D%3D,Not specified,2025-08-23 13:49:27.494768,2025-08-22,,ch.linkedin.com/jobs/view/mems-process-engineer-metrology-%E2%80%A2-80-100%25-at-sensirion-4289777264
Digital Assets Trader - ECN & etrading,Keyrock,"Zürich, Zürich, Schweiz",LinkedIn,https://ch.linkedin.com/jobs/view/digital-assets-trader-ecn-etrading-at-keyrock-4265314545?position=57&pageNum=0&refId=IJVR2zIvgsd2zuae4Vr5ag%3D%3D&trackingId=XxLnyzOFG6M5dcWrTwsUVg%3D%3D,Not specified,2025-08-23 13:49:27.495511,2025-08-22,,ch.linkedin.com/jobs/view/digital-assets-trader-ecn-etrading-at-keyrock-4265314545
Informatiker: in EFZ Applikationsentwicklung (m/w/d),Comparis,"Zürich, Zürich, Schweiz",LinkedIn,https://ch.linkedin.com/jobs/view/informatiker-in-efz-applikationsentwicklung-m-w-d-at-comparis-ch-ag-4287105619?position=58&pageNum=0&refId=IJVR2zIvgsd2zuae4Vr5ag%3D%3D&trackingId=jh%2Fex%2F1U5%2FBm%2Fa2SecPcmg%3D%3D,Not specified,2025-08-23 13:49:27.495663,2025-08-22,,ch.linkedin.com/jobs/view/informatiker-in-efz-applikationsentwicklung-m-w-d-at-comparis-ch-ag-4287105619
Business Analyst - Stores Checkout (m/w/d),ALDI DX,Mülheim an der Ruhr,LinkedIn,https://de.linkedin.com/jobs/view/business-analyst-stores-checkout-m-w-d-at-aldi-dx-4203646694?position=9&pageNum=0&refId=QCNiXnluAp6i2ABvNpQTAg%3D%3D&trackingId=u075AQMHKz6I7MkIRvJaEQ%3D%3D,Not specified,2025-08-23 13:49:40.280900,2025-08-23,,de.linkedin.com/jobs/view/business-analyst-stores-checkout-m-w-d-at-aldi-dx-4203646694
AI Prompt Evaluator,LJ Global Horizon,Essen,LinkedIn,https://de.linkedin.com/jobs/view/ai-prompt-evaluator-at-lj-global-horizon-4289473476?position=20&pageNum=0&refId=QCNiXnluAp6i2ABvNpQTAg%3D%3D&trackingId=6U%2BPE%2FXqFpbsf3E0w8i7vQ%3D%3D,Not specified,2025-08-23 13:49:40.282484,2025-08-22,,de.linkedin.com/jobs/view/ai-prompt-evaluator-at-lj-global-horizon-4289473476
UX & Web Analyst (w/m/d),move:elevator,Oberhausen,LinkedIn,https://de.linkedin.com/jobs/view/ux-web-analyst-w-m-d-at-move-elevator-4289485304?position=35&pageNum=0&refId=QCNiXnluAp6i2ABvNpQTAg%3D%3D&trackingId=tM2XZXioFKA6Hw6n8s%2Fz%2BQ%3D%3D,Not specified,2025-08-23 13:49:40.284533,2025-08-22,,de.linkedin.com/jobs/view/ux-web-analyst-w-m-d-at-move-elevator-4289485304
AI Consultant – Generative KI / Prompt Engineering (m/w/d) - Quereinsteiger herzlich willkommen!,mycareernow GmbH,Ratingen,LinkedIn,https://de.linkedin.com/jobs/view/ai-consultant-%E2%80%93-generative-ki-prompt-engineering-m-w-d-quereinsteiger-herzlich-willkommen%21-at-mycareernow-gmbh-4290209764?position=36&pageNum=0&refId=QCNiXnluAp6i2ABvNpQTAg%3D%3D&trackingId=g4FH0WVS5NKFTsspqUuJKQ%3D%3D,Not specified,2025-08-23 13:49:40.284672,2025-08-23,,de.linkedin.com/jobs/view/ai-consultant-%E2%80%93-generative-ki-prompt-engineering-m-w-d-quereinsteiger-herzlich-willkommen%21-at-mycareernow-gmbh-4290209764
AI Consultant – Generative KI / Prompt Engineering (m/w/d) - Quereinsteiger herzlich willkommen!,mycareernow GmbH,Velbert,LinkedIn,https://de.linkedin.com/jobs/view/ai-consultant-%E2%80%93-generative-ki-prompt-engineering-m-w-d-quereinsteiger-herzlich-willkommen%21-at-mycareernow-gmbh-4290210709?position=41&pageNum=0&refId=QCNiXnluAp6i2ABvNpQTAg%3D%3D&trackingId=YCcWXxH3wPEaRyLlqi%2Fk8Q%3D%3D,Not specified,2025-08-23 13:49:40.285359,2025-08-23,,de.linkedin.com/jobs/view/ai-consultant-%E2%80%93-generative-ki-prompt-engineering-m-w-d-quereinsteiger-herzlich-willkommen%21-at-mycareernow-gmbh-4290210709
AI Consultant – Generative KI / Prompt Engineering (m/w/d) - Quereinsteiger herzlich willkommen!,mycareernow GmbH,Willich,LinkedIn,https://de.linkedin.com/jobs/view/ai-consultant-%E2%80%93-generative-ki-prompt-engineering-m-w-d-quereinsteiger-herzlich-willkommen%21-at-mycareernow-gmbh-4290212264?position=48&pageNum=0&refId=QCNiXnluAp6i2ABvNpQTAg%3D%3D&trackingId=%2FYtQeeFpMqCbqPVzulPC9A%3D%3D,Not specified,2025-08-23 13:49:40.286353,2025-08-23,,de.linkedin.com/jobs/view/ai-consultant-%E2%80%93-generative-ki-prompt-engineering-m-w-d-quereinsteiger-herzlich-willkommen%21-at-mycareernow-gmbh-4290212264
AI Consultant – Generative KI / Prompt Engineering (m/w/d) - Quereinsteiger herzlich willkommen!,mycareernow GmbH,Viersen,LinkedIn,https://de.linkedin.com/jobs/view/ai-consultant-%E2%80%93-generative-ki-prompt-engineering-m-w-d-quereinsteiger-herzlich-willkommen%21-at-mycareernow-gmbh-4290207958?position=51&pageNum=0&refId=QCNiXnluAp6i2ABvNpQTAg%3D%3D&trackingId=M5gXw7c%2BJGUADagLtMqyfA%3D%3D,Not specified,2025-08-23 13:49:40.286769,2025-08-23,,de.linkedin.com/jobs/view/ai-consultant-%E2%80%93-generative-ki-prompt-engineering-m-w-d-quereinsteiger-herzlich-willkommen%21-at-mycareernow-gmbh-4290207958
Agricultural Economist (w/m/d) * - Consultant,unique land use GmbH,Freiburg im Breisgau,LinkedIn,https://de.linkedin.com/jobs/view/agricultural-economist-w-m-d-consultant-at-unique-land-use-gmbh-4289482750?position=1&pageNum=0&refId=7lPHAYTfa8hEInCsxJVx0g%3D%3D&trackingId=Zr6lMItxv8tLuqhzqnKu6A%3D%3D,Not specified,2025-08-23 13:49:53.576433,2025-08-22,,de.linkedin.com/jobs/view/agricultural-economist-w-m-d-consultant-at-unique-land-use-gmbh-4289482750
Baumpfleger*in für Freiburgs Stadtgrün,Stadt Freiburg,Freiburg im Breisgau,LinkedIn,https://de.linkedin.com/jobs/view/baumpfleger-in-f%C3%BCr-freiburgs-stadtgr%C3%BCn-at-stadt-freiburg-4287627135?position=21&pageNum=0&refId=7lPHAYTfa8hEInCsxJVx0g%3D%3D&trackingId=%2BShRhutxuKcBopct9A5Ysw%3D%3D,Not specified,2025-08-23 13:49:53.580077,2025-08-23,,de.linkedin.com/jobs/view/baumpfleger-in-f%C3%BCr-freiburgs-stadtgr%C3%BCn-at-stadt-freiburg-4287627135
Business Analyst - Dienstleistungsmanagement (m/w/d),BWI GmbH,Nürnberg,LinkedIn,https://de.linkedin.com/jobs/view/business-analyst-dienstleistungsmanagement-m-w-d-at-bwi-gmbh-4289933943?position=1&pageNum=0&refId=8i9J5O%2BtSFZHnlHTlb%2B1NQ%3D%3D&trackingId=PnxvnqjexUtPnT4aegPAEg%3D%3D,Not specified,2025-08-23 13:50:06.109852,2025-08-22,,de.linkedin.com/jobs/view/business-analyst-dienstleistungsmanagement-m-w-d-at-bwi-gmbh-4289933943
Business Analyst Requirements Engineering Meldewesen (all genders),adesso insurance solutions GmbH,Nürnberg,LinkedIn,https://de.linkedin.com/jobs/view/business-analyst-requirements-engineering-meldewesen-all-genders-at-adesso-insurance-solutions-gmbh-4222864260?position=5&pageNum=0&refId=8i9J5O%2BtSFZHnlHTlb%2B1NQ%3D%3D&trackingId=GSDl6BEFRMwlHynPeetDEw%3D%3D,Not specified,2025-08-23 13:50:06.110230,2025-08-23,,de.linkedin.com/jobs/view/business-analyst-requirements-engineering-meldewesen-all-genders-at-adesso-insurance-solutions-gmbh-4222864260
Absolvent der Informatik (m/w/d) Java / Spring  / TypeScript / React,mgm technology partners,Nürnberg,LinkedIn,https://de.linkedin.com/jobs/view/absolvent-der-informatik-m-w-d-java-spring-typescript-react-at-mgm-technology-partners-4289479767?position=7&pageNum=0&refId=8i9J5O%2BtSFZHnlHTlb%2B1NQ%3D%3D&trackingId=aecsaqlt2uIEb87uwZ20Ww%3D%3D,Not specified,2025-08-23 13:50:06.110405,2025-08-22,,de.linkedin.com/jobs/view/absolvent-der-informatik-m-w-d-java-spring-typescript-react-at-mgm-technology-partners-4289479767
Spezialist/in Personalentwicklung (w/m/d),Stadt Nürnberg,Nürnberg,LinkedIn,https://de.linkedin.com/jobs/view/spezialist-in-personalentwicklung-w-m-d-at-stadt-n%C3%BCrnberg-4289790779?position=10&pageNum=0&refId=8i9J5O%2BtSFZHnlHTlb%2B1NQ%3D%3D&trackingId=vGWpQhun5LhksC4agEAe3w%3D%3D,Not specified,2025-08-23 13:50:06.110665,2025-08-22,,de.linkedin.com/jobs/view/spezialist-in-personalentwicklung-w-m-d-at-stadt-n%C3%BCrnberg-4289790779
Post/Briefzusteller (m/w/d) - Quereinstieg,TieTalent,Neunkirchen am Sand,LinkedIn,https://de.linkedin.com/jobs/view/post-briefzusteller-m-w-d-quereinstieg-at-tietalent-4290040714?position=12&pageNum=0&refId=8i9J5O%2BtSFZHnlHTlb%2B1NQ%3D%3D&trackingId=fKhCuuqKBpNNgVNWOZT1mg%3D%3D,Not specified,2025-08-23 13:50:06.110837,2025-08-23,,de.linkedin.com/jobs/view/post-briefzusteller-m-w-d-quereinstieg-at-tietalent-4290040714
Administrator:in Data Management und Device Administration,Deutsche Bahn,Nürnberg,LinkedIn,https://de.linkedin.com/jobs/view/administrator-in-data-management-und-device-administration-at-deutsche-bahn-4289735609?position=13&pageNum=0&refId=8i9J5O%2BtSFZHnlHTlb%2B1NQ%3D%3D&trackingId=RqcvVu0ZPKhkzYc45SkAuw%3D%3D,Not specified,2025-08-23 13:50:06.110923,2025-08-22,,de.linkedin.com/jobs/view/administrator-in-data-management-und-device-administration-at-deutsche-bahn-4289735609
Post/Briefzusteller (m/w/d) - Quereinstieg,TieTalent,Pegnitz,LinkedIn,https://de.linkedin.com/jobs/view/post-briefzusteller-m-w-d-quereinstieg-at-tietalent-4290039656?position=14&pageNum=0&refId=8i9J5O%2BtSFZHnlHTlb%2B1NQ%3D%3D&trackingId=trLJyQOTFmErPUqZH1Mn8w%3D%3D,Not specified,2025-08-23 13:50:06.111010,2025-08-23,,de.linkedin.com/jobs/view/post-briefzusteller-m-w-d-quereinstieg-at-tietalent-4290039656
Post/Briefzusteller (m/w/d) - Quereinstieg,TieTalent,Igensdorf,LinkedIn,https://de.linkedin.com/jobs/view/post-briefzusteller-m-w-d-quereinstieg-at-tietalent-4290039687?position=16&pageNum=0&refId=8i9J5O%2BtSFZHnlHTlb%2B1NQ%3D%3D&trackingId=hUkWJQL%2FqE9FffdumNJwqA%3D%3D,Not specified,2025-08-23 13:50:06.111185,2025-08-23,,de.linkedin.com/jobs/view/post-briefzusteller-m-w-d-quereinstieg-at-tietalent-4290039687
Post/Briefzusteller (m/w/d) - Quereinstieg,TieTalent,Amberg,LinkedIn,https://de.linkedin.com/jobs/view/post-briefzusteller-m-w-d-quereinstieg-at-tietalent-4290036997?position=18&pageNum=0&refId=8i9J5O%2BtSFZHnlHTlb%2B1NQ%3D%3D&trackingId=mZGbf2ng%2BjGqdWNCofcYKQ%3D%3D,Not specified,2025-08-23 13:50:06.111360,2025-08-23,,de.linkedin.com/jobs/view/post-briefzusteller-m-w-d-quereinstieg-at-tietalent-4290036997
Consultant Audit / Wirtschaftsprüfung Energie (m/w/d),Rödl & Partner,Nürnberg,LinkedIn,https://de.linkedin.com/jobs/view/consultant-audit-wirtschaftspr%C3%BCfung-energie-m-w-d-at-r%C3%B6dl-partner-4174206005?position=22&pageNum=0&refId=8i9J5O%2BtSFZHnlHTlb%2B1NQ%3D%3D&trackingId=wOtNX6XtV3BOrgVsisviTA%3D%3D,Not specified,2025-08-23 13:50:06.111706,2025-08-22,,de.linkedin.com/jobs/view/consultant-audit-wirtschaftspr%C3%BCfung-energie-m-w-d-at-r%C3%B6dl-partner-4174206005
Quereinsteiger - Post / Briefzusteller (m/w/d),TieTalent,Neunkirchen am Sand,LinkedIn,https://de.linkedin.com/jobs/view/quereinsteiger-post-briefzusteller-m-w-d-at-tietalent-4290045256?position=25&pageNum=0&refId=8i9J5O%2BtSFZHnlHTlb%2B1NQ%3D%3D&trackingId=Xq4G2aLvHazVJut8PA7U9Q%3D%3D,Not specified,2025-08-23 13:50:06.111964,2025-08-23,,de.linkedin.com/jobs/view/quereinsteiger-post-briefzusteller-m-w-d-at-tietalent-4290045256
Quereinsteiger - Post / Briefzusteller (m/w/d),TieTalent,Igensdorf,LinkedIn,https://de.linkedin.com/jobs/view/quereinsteiger-post-briefzusteller-m-w-d-at-tietalent-4290046219?position=27&pageNum=0&refId=8i9J5O%2BtSFZHnlHTlb%2B1NQ%3D%3D&trackingId=UtDFJ%2BqEJiiy5mcsK%2FpRkA%3D%3D,Not specified,2025-08-23 13:50:06.112138,2025-08-23,,de.linkedin.com/jobs/view/quereinsteiger-post-briefzusteller-m-w-d-at-tietalent-4290046219
Quereinsteiger - Post / Briefzusteller (m/w/d),TieTalent,Pegnitz,LinkedIn,https://de.linkedin.com/jobs/view/quereinsteiger-post-briefzusteller-m-w-d-at-tietalent-4290043659?position=28&pageNum=0&refId=8i9J5O%2BtSFZHnlHTlb%2B1NQ%3D%3D&trackingId=YNvy6KjZ62kM%2BQexBzpbqw%3D%3D,Not specified,2025-08-23 13:50:06.112232,2025-08-23,,de.linkedin.com/jobs/view/quereinsteiger-post-briefzusteller-m-w-d-at-tietalent-4290043659
TYPO3-Spezialist (m/w/d) - Template-Entwicklung & Content-Umsetzung,TieTalent,Nürnberg,LinkedIn,https://de.linkedin.com/jobs/view/typo3-spezialist-m-w-d-template-entwicklung-content-umsetzung-at-tietalent-4289491262?position=30&pageNum=0&refId=8i9J5O%2BtSFZHnlHTlb%2B1NQ%3D%3D&trackingId=8efVKHefI5pC9Rna1LyyQA%3D%3D,Not specified,2025-08-23 13:50:06.112407,2025-08-22,,de.linkedin.com/jobs/view/typo3-spezialist-m-w-d-template-entwicklung-content-umsetzung-at-tietalent-4289491262
Quereinsteiger - Post / Briefzusteller (m/w/d),TieTalent,Amberg,LinkedIn,https://de.linkedin.com/jobs/view/quereinsteiger-post-briefzusteller-m-w-d-at-tietalent-4290043693?position=32&pageNum=0&refId=8i9J5O%2BtSFZHnlHTlb%2B1NQ%3D%3D&trackingId=GVIJ9qULtwPVNaCJ%2FPwpXA%3D%3D,Not specified,2025-08-23 13:50:06.112580,2025-08-23,,de.linkedin.com/jobs/view/quereinsteiger-post-briefzusteller-m-w-d-at-tietalent-4290043693
Stellvertretender Abteilungsleiter - Bedientheke (m/w/d),TieTalent,Lähr,LinkedIn,https://de.linkedin.com/jobs/view/stellvertretender-abteilungsleiter-bedientheke-m-w-d-at-tietalent-4289573044?position=36&pageNum=0&refId=8i9J5O%2BtSFZHnlHTlb%2B1NQ%3D%3D&trackingId=rE%2B0nEw7Tw6zdH7jjULJ7w%3D%3D,Not specified,2025-08-23 13:50:06.112926,2025-08-22,,de.linkedin.com/jobs/view/stellvertretender-abteilungsleiter-bedientheke-m-w-d-at-tietalent-4289573044
Chemiker / Naturwissenschaftler als Projektkoordinator (m/w/d),Pharmpur GmbH,Königsbrunn,LinkedIn,https://de.linkedin.com/jobs/view/chemiker-naturwissenschaftler-als-projektkoordinator-m-w-d-at-pharmpur-gmbh-4289779927?position=2&pageNum=0&refId=y9YQ96Bx0%2Fmfv4CSaqbTKg%3D%3D&trackingId=KVIyxWlD9jzVjaFmeZUegg%3D%3D,Not specified,2025-08-23 13:50:18.674431,2025-08-22,,de.linkedin.com/jobs/view/chemiker-naturwissenschaftler-als-projektkoordinator-m-w-d-at-pharmpur-gmbh-4289779927
Experienced R&D Engineer,Ambu A/S,Augsburg,LinkedIn,https://de.linkedin.com/jobs/view/experienced-r-d-engineer-at-ambu-a-s-4263722902?position=4&pageNum=0&refId=y9YQ96Bx0%2Fmfv4CSaqbTKg%3D%3D&trackingId=uMLF2BzM3AyPvoTrXYHrpg%3D%3D,Not specified,2025-08-23 13:50:18.674799,2025-08-23,,de.linkedin.com/jobs/view/experienced-r-d-engineer-at-ambu-a-s-4263722902
Post/Briefzusteller (m/w/d) - Quereinstieg,TieTalent,Zirndorf,LinkedIn,https://de.linkedin.com/jobs/view/post-briefzusteller-m-w-d-quereinstieg-at-tietalent-4290038715?position=26&pageNum=0&refId=o7r%2FoPK6DSoKTZgbd%2BvoUA%3D%3D&trackingId=OPvNppizi7MVJsxQwjfS6w%3D%3D,Not specified,2025-08-23 13:50:31.516052,2025-08-23,,de.linkedin.com/jobs/view/post-briefzusteller-m-w-d-quereinstieg-at-tietalent-4290038715
Post/Briefzusteller (m/w/d) - Quereinstieg,TieTalent,Baiersdorf,LinkedIn,https://de.linkedin.com/jobs/view/post-briefzusteller-m-w-d-quereinstieg-at-tietalent-4290045005?position=27&pageNum=0&refId=o7r%2FoPK6DSoKTZgbd%2BvoUA%3D%3D&trackingId=FgB%2Fs7BN8I3r4CpWCIMZjg%3D%3D,Not specified,2025-08-23 13:50:31.516189,2025-08-23,,de.linkedin.com/jobs/view/post-briefzusteller-m-w-d-quereinstieg-at-tietalent-4290045005
Post/Briefzusteller (m/w/d) - Quereinstieg,TieTalent,Erlangen,LinkedIn,https://de.linkedin.com/jobs/view/post-briefzusteller-m-w-d-quereinstieg-at-tietalent-4290037804?position=28&pageNum=0&refId=o7r%2FoPK6DSoKTZgbd%2BvoUA%3D%3D&trackingId=O0XreH%2FjoQFGvhH8X4YlIw%3D%3D,Not specified,2025-08-23 13:50:31.516327,2025-08-23,,de.linkedin.com/jobs/view/post-briefzusteller-m-w-d-quereinstieg-at-tietalent-4290037804
Post/Briefzusteller (m/w/d) - Quereinstieg,TieTalent,Cadolzburg,LinkedIn,https://de.linkedin.com/jobs/view/post-briefzusteller-m-w-d-quereinstieg-at-tietalent-4290037767?position=29&pageNum=0&refId=o7r%2FoPK6DSoKTZgbd%2BvoUA%3D%3D&trackingId=KDwfqnFmXUJQSP%2BuY2jZGg%3D%3D,Not specified,2025-08-23 13:50:31.516464,2025-08-23,,de.linkedin.com/jobs/view/post-briefzusteller-m-w-d-quereinstieg-at-tietalent-4290037767
Post/Briefzusteller (m/w/d) - Quereinstieg,TieTalent,Erlangen,LinkedIn,https://de.linkedin.com/jobs/view/post-briefzusteller-m-w-d-quereinstieg-at-tietalent-4290044329?position=33&pageNum=0&refId=o7r%2FoPK6DSoKTZgbd%2BvoUA%3D%3D&trackingId=jKHoYbZ4ZBTJHHJESvDFQQ%3D%3D,Not specified,2025-08-23 13:50:31.516961,2025-08-23,,de.linkedin.com/jobs/view/post-briefzusteller-m-w-d-quereinstieg-at-tietalent-4290044329
Quereinsteiger - Post / Briefzusteller (m/w/d),TieTalent,Baiersdorf,LinkedIn,https://de.linkedin.com/jobs/view/quereinsteiger-post-briefzusteller-m-w-d-at-tietalent-4290045210?position=47&pageNum=0&refId=o7r%2FoPK6DSoKTZgbd%2BvoUA%3D%3D&trackingId=QTNaBCgMTDzVvYAIltcJkw%3D%3D,Not specified,2025-08-23 13:50:31.518625,2025-08-23,,de.linkedin.com/jobs/view/quereinsteiger-post-briefzusteller-m-w-d-at-tietalent-4290045210
Quereinsteiger - Post / Briefzusteller (m/w/d),TieTalent,Erlangen,LinkedIn,https://de.linkedin.com/jobs/view/quereinsteiger-post-briefzusteller-m-w-d-at-tietalent-4290037981?position=48&pageNum=0&refId=o7r%2FoPK6DSoKTZgbd%2BvoUA%3D%3D&trackingId=iEWccG8HNMCbxwcrXbTr%2FA%3D%3D,Not specified,2025-08-23 13:50:31.518763,2025-08-23,,de.linkedin.com/jobs/view/quereinsteiger-post-briefzusteller-m-w-d-at-tietalent-4290037981
Quereinsteiger - Post / Briefzusteller (m/w/d),TieTalent,Cadolzburg,LinkedIn,https://de.linkedin.com/jobs/view/quereinsteiger-post-briefzusteller-m-w-d-at-tietalent-4290043684?position=49&pageNum=0&refId=o7r%2FoPK6DSoKTZgbd%2BvoUA%3D%3D&trackingId=rK0IpWsQPVYDrp5B6Ei0cA%3D%3D,Not specified,2025-08-23 13:50:31.518901,2025-08-23,,de.linkedin.com/jobs/view/quereinsteiger-post-briefzusteller-m-w-d-at-tietalent-4290043684
Quereinsteiger - Post / Briefzusteller (m/w/d),TieTalent,Erlangen,LinkedIn,https://de.linkedin.com/jobs/view/quereinsteiger-post-briefzusteller-m-w-d-at-tietalent-4290040889?position=52&pageNum=0&refId=o7r%2FoPK6DSoKTZgbd%2BvoUA%3D%3D&trackingId=kw5ee69ZG8XH%2Fu72pTpWgg%3D%3D,Not specified,2025-08-23 13:50:31.519292,2025-08-23,,de.linkedin.com/jobs/view/quereinsteiger-post-briefzusteller-m-w-d-at-tietalent-4290040889
Quereinsteiger - Post / Briefzusteller (m/w/d),TieTalent,Zirndorf,LinkedIn,https://de.linkedin.com/jobs/view/quereinsteiger-post-briefzusteller-m-w-d-at-tietalent-4290037969?position=54&pageNum=0&refId=o7r%2FoPK6DSoKTZgbd%2BvoUA%3D%3D&trackingId=034xtvTvjSvSOPMqXcHPNQ%3D%3D,Not specified,2025-08-23 13:50:31.519550,2025-08-23,,de.linkedin.com/jobs/view/quereinsteiger-post-briefzusteller-m-w-d-at-tietalent-4290037969
AI Consultant – Generative KI / Prompt Engineering (m/w/d) - Quereinsteiger herzlich willkommen!,mycareernow GmbH,Peine,LinkedIn,https://de.linkedin.com/jobs/view/ai-consultant-%E2%80%93-generative-ki-prompt-engineering-m-w-d-quereinsteiger-herzlich-willkommen%21-at-mycareernow-gmbh-4290211350?position=8&pageNum=0&refId=dZtfOCk2bIAK04Q6E0zSzw%3D%3D&trackingId=xw3gsV6X79mWiUEzQRqrTw%3D%3D,Not specified,2025-08-23 13:50:49.600562,2025-08-23,,de.linkedin.com/jobs/view/ai-consultant-%E2%80%93-generative-ki-prompt-engineering-m-w-d-quereinsteiger-herzlich-willkommen%21-at-mycareernow-gmbh-4290211350
Service Process Engineer (m/w/d),TieTalent,Sarstedt,LinkedIn,https://de.linkedin.com/jobs/view/service-process-engineer-m-w-d-at-tietalent-4289562944?position=13&pageNum=0&refId=dZtfOCk2bIAK04Q6E0zSzw%3D%3D&trackingId=YePARhT6ptP%2Fm521Gy%2BN%2Fg%3D%3D,Not specified,2025-08-23 13:50:49.601195,2025-08-22,,de.linkedin.com/jobs/view/service-process-engineer-m-w-d-at-tietalent-4289562944
Service Process Engineer (m/w/d),GEA Group,Sarstedt,LinkedIn,https://de.linkedin.com/jobs/view/service-process-engineer-m-w-d-at-gea-group-4289783832?position=22&pageNum=0&refId=dZtfOCk2bIAK04Q6E0zSzw%3D%3D&trackingId=IlymkFoezARRbEXASzZZxw%3D%3D,Not specified,2025-08-23 13:50:49.602440,2025-08-22,,de.linkedin.com/jobs/view/service-process-engineer-m-w-d-at-gea-group-4289783832
Spezialist Meldewesen (m/w/d),TieTalent,Burgdorf,LinkedIn,https://de.linkedin.com/jobs/view/spezialist-meldewesen-m-w-d-at-tietalent-4289485847?position=28&pageNum=0&refId=dZtfOCk2bIAK04Q6E0zSzw%3D%3D&trackingId=CNagpcTvXKL9Avuw0x0Kzg%3D%3D,Not specified,2025-08-23 13:50:49.603197,2025-08-22,,de.linkedin.com/jobs/view/spezialist-meldewesen-m-w-d-at-tietalent-4289485847
Teamleitung Produktmanagement (m/w/d),TieTalent,Burgdorf,LinkedIn,https://de.linkedin.com/jobs/view/teamleitung-produktmanagement-m-w-d-at-tietalent-4289488714?position=30&pageNum=0&refId=dZtfOCk2bIAK04Q6E0zSzw%3D%3D&trackingId=4qTQpaPIJfqQrPx8YvaOXA%3D%3D,Not specified,2025-08-23 13:50:49.603449,2025-08-22,,de.linkedin.com/jobs/view/teamleitung-produktmanagement-m-w-d-at-tietalent-4289488714
Teamleitung Produktmanagement (m/w/d),TieTalent,Burgdorf,LinkedIn,https://de.linkedin.com/jobs/view/teamleitung-produktmanagement-m-w-d-at-tietalent-4289572183?position=31&pageNum=0&refId=dZtfOCk2bIAK04Q6E0zSzw%3D%3D&trackingId=QQ6EWLGzm87AItw9ETRsQQ%3D%3D,Not specified,2025-08-23 13:50:49.603575,2025-08-22,,de.linkedin.com/jobs/view/teamleitung-produktmanagement-m-w-d-at-tietalent-4289572183
Mitarbeiter Poststelle (m/w/d),SPS,Hannover,LinkedIn,https://de.linkedin.com/jobs/view/mitarbeiter-poststelle-m-w-d-at-sps-4265322156?position=40&pageNum=0&refId=dZtfOCk2bIAK04Q6E0zSzw%3D%3D&trackingId=LtekIy72kyzZ6VgGK1cvjg%3D%3D,Not specified,2025-08-23 13:50:49.604704,2025-08-23,,de.linkedin.com/jobs/view/mitarbeiter-poststelle-m-w-d-at-sps-4265322156
Kundenbetreuer im Außendienst (m/w/d),TieTalent,Burgdorf,LinkedIn,https://de.linkedin.com/jobs/view/kundenbetreuer-im-au%C3%9Fendienst-m-w-d-at-tietalent-4289563991?position=51&pageNum=0&refId=dZtfOCk2bIAK04Q6E0zSzw%3D%3D&trackingId=r7kxLlG021WJR8nkH1rvCg%3D%3D,Not specified,2025-08-23 13:50:49.606089,2025-08-22,,de.linkedin.com/jobs/view/kundenbetreuer-im-au%C3%9Fendienst-m-w-d-at-tietalent-4289563991
Kundenbetreuer im Außendienst (m/w/d),TieTalent,Burgdorf,LinkedIn,https://de.linkedin.com/jobs/view/kundenbetreuer-im-au%C3%9Fendienst-m-w-d-at-tietalent-4289566892?position=52&pageNum=0&refId=dZtfOCk2bIAK04Q6E0zSzw%3D%3D&trackingId=ghSbXk8qdYshzIQGGDiGUw%3D%3D,Not specified,2025-08-23 13:50:49.606213,2025-08-22,,de.linkedin.com/jobs/view/kundenbetreuer-im-au%C3%9Fendienst-m-w-d-at-tietalent-4289566892
Fachangestellte r für Bäderbetriebe (m/w/d) im Schwimmbad Balneon,TieTalent,Neustadt am Rübenberge,LinkedIn,https://de.linkedin.com/jobs/view/fachangestellte-r-f%C3%BCr-b%C3%A4derbetriebe-m-w-d-im-schwimmbad-balneon-at-tietalent-4289494040?position=53&pageNum=0&refId=dZtfOCk2bIAK04Q6E0zSzw%3D%3D&trackingId=ryxuWxivJlFUly7A2xHWkw%3D%3D,Not specified,2025-08-23 13:50:49.606337,2025-08-22,,de.linkedin.com/jobs/view/fachangestellte-r-f%C3%BCr-b%C3%A4derbetriebe-m-w-d-im-schwimmbad-balneon-at-tietalent-4289494040
Prompt Engineer (m/w/d) – Starte jetzt in deine Zukunft mit KI,mycareernow GmbH,Fellbach,LinkedIn,https://de.linkedin.com/jobs/view/prompt-engineer-m-w-d-%E2%80%93-starte-jetzt-in-deine-zukunft-mit-ki-at-mycareernow-gmbh-4290206997?position=9&pageNum=0&refId=3Uw7h3C6oCbT5ovUmTwg3w%3D%3D&trackingId=j69LMDLxEDEoG%2FXmIB5ENQ%3D%3D,Not specified,2025-08-23 13:51:02.798883,2025-08-23,,de.linkedin.com/jobs/view/prompt-engineer-m-w-d-%E2%80%93-starte-jetzt-in-deine-zukunft-mit-ki-at-mycareernow-gmbh-4290206997
Prompt Engineer (m/w/d) – Starte jetzt in deine Zukunft mit KI,mycareernow GmbH,Bonlanden,LinkedIn,https://de.linkedin.com/jobs/view/prompt-engineer-m-w-d-%E2%80%93-starte-jetzt-in-deine-zukunft-mit-ki-at-mycareernow-gmbh-4290213194?position=11&pageNum=0&refId=3Uw7h3C6oCbT5ovUmTwg3w%3D%3D&trackingId=k1i2TYQhtoO02sW2jJGDmg%3D%3D,Not specified,2025-08-23 13:51:02.799135,2025-08-23,,de.linkedin.com/jobs/view/prompt-engineer-m-w-d-%E2%80%93-starte-jetzt-in-deine-zukunft-mit-ki-at-mycareernow-gmbh-4290213194
Prompt Engineer (m/w/d) – Starte jetzt in deine Zukunft mit KI,mycareernow GmbH,Göppingen,LinkedIn,https://de.linkedin.com/jobs/view/prompt-engineer-m-w-d-%E2%80%93-starte-jetzt-in-deine-zukunft-mit-ki-at-mycareernow-gmbh-4290212252?position=12&pageNum=0&refId=3Uw7h3C6oCbT5ovUmTwg3w%3D%3D&trackingId=X%2FFwJHUtr0%2Bjeulsf3GbYQ%3D%3D,Not specified,2025-08-23 13:51:02.799260,2025-08-23,,de.linkedin.com/jobs/view/prompt-engineer-m-w-d-%E2%80%93-starte-jetzt-in-deine-zukunft-mit-ki-at-mycareernow-gmbh-4290212252
Beruflicher Neustart? Starte durch als Prompt Engineer (m/w/d) – Jetzt bewerben!,mycareernow GmbH,Leonberg,LinkedIn,https://de.linkedin.com/jobs/view/beruflicher-neustart%3F-starte-durch-als-prompt-engineer-m-w-d-%E2%80%93-jetzt-bewerben%21-at-mycareernow-gmbh-4290208900?position=17&pageNum=0&refId=3Uw7h3C6oCbT5ovUmTwg3w%3D%3D&trackingId=17kUt3TOgdOzBDvLug1TMg%3D%3D,Not specified,2025-08-23 13:51:02.799840,2025-08-23,,de.linkedin.com/jobs/view/beruflicher-neustart%3F-starte-durch-als-prompt-engineer-m-w-d-%E2%80%93-jetzt-bewerben%21-at-mycareernow-gmbh-4290208900
Beruflicher Neustart? Starte durch als Prompt Engineer (m/w/d) – Jetzt bewerben!,mycareernow GmbH,Ludwigsburg,LinkedIn,https://de.linkedin.com/jobs/view/beruflicher-neustart%3F-starte-durch-als-prompt-engineer-m-w-d-%E2%80%93-jetzt-bewerben%21-at-mycareernow-gmbh-4290209771?position=20&pageNum=0&refId=3Uw7h3C6oCbT5ovUmTwg3w%3D%3D&trackingId=jChwxcWMwXTFibA6Udds2g%3D%3D,Not specified,2025-08-23 13:51:02.800188,2025-08-23,,de.linkedin.com/jobs/view/beruflicher-neustart%3F-starte-durch-als-prompt-engineer-m-w-d-%E2%80%93-jetzt-bewerben%21-at-mycareernow-gmbh-4290209771
Solution Engineer - Cloud & AI Azure Platform,Microsoft,"Baden-Württemberg, Deutschland",LinkedIn,https://de.linkedin.com/jobs/view/solution-engineer-cloud-ai-azure-platform-at-microsoft-4278660399?position=24&pageNum=0&refId=3Uw7h3C6oCbT5ovUmTwg3w%3D%3D&trackingId=NF1Qf%2FRVbd2c0M9ogILCjQ%3D%3D,Not specified,2025-08-23 13:51:02.800653,2025-08-22,,de.linkedin.com/jobs/view/solution-engineer-cloud-ai-azure-platform-at-microsoft-4278660399
Cloud & AI Solution Engineer - Software and Development Tools,Microsoft,"Baden-Württemberg, Deutschland",LinkedIn,https://de.linkedin.com/jobs/view/cloud-ai-solution-engineer-software-and-development-tools-at-microsoft-4278664106?position=27&pageNum=0&refId=3Uw7h3C6oCbT5ovUmTwg3w%3D%3D&trackingId=OP4%2BxPZXnXarp7DmiPUz%2Fw%3D%3D,Not specified,2025-08-23 13:51:02.801000,2025-08-22,,de.linkedin.com/jobs/view/cloud-ai-solution-engineer-software-and-development-tools-at-microsoft-4278664106
Fullstack Engineer (d/f/m) - Based in Stuttgart (Germany),Taxfix,Stuttgart,LinkedIn,https://de.linkedin.com/jobs/view/fullstack-engineer-d-f-m-based-in-stuttgart-germany-at-taxfix-4239978398?position=30&pageNum=0&refId=3Uw7h3C6oCbT5ovUmTwg3w%3D%3D&trackingId=QC0XBMhpsfFw2lTEyshM7Q%3D%3D,Not specified,2025-08-23 13:51:02.801346,2025-08-22,,de.linkedin.com/jobs/view/fullstack-engineer-d-f-m-based-in-stuttgart-germany-at-taxfix-4239978398
Elektrohelfer / Elektroinstallateur (m/w/d) Energiekonzepte & Photovoltaik - 1KOMMA5° Riederich,1KOMMA5°,Riederich,LinkedIn,https://de.linkedin.com/jobs/view/elektrohelfer-elektroinstallateur-m-w-d-energiekonzepte-photovoltaik-1komma5%C2%B0-riederich-at-1komma5%C2%B0-4287125208?position=37&pageNum=0&refId=3Uw7h3C6oCbT5ovUmTwg3w%3D%3D&trackingId=lCWLmsx7rbjvQeMYDxQAKg%3D%3D,Not specified,2025-08-23 13:51:02.802181,2025-08-22,,de.linkedin.com/jobs/view/elektrohelfer-elektroinstallateur-m-w-d-energiekonzepte-photovoltaik-1komma5%C2%B0-riederich-at-1komma5%C2%B0-4287125208
Expert SEO Consultant (m/w/d),diva-e,Stuttgart,LinkedIn,https://de.linkedin.com/jobs/view/expert-seo-consultant-m-w-d-at-diva-e-4289797765?position=39&pageNum=0&refId=3Uw7h3C6oCbT5ovUmTwg3w%3D%3D&trackingId=F64zrartnhzqtUOLsSu6QA%3D%3D,Not specified,2025-08-23 13:51:02.802416,2025-08-22,,de.linkedin.com/jobs/view/expert-seo-consultant-m-w-d-at-diva-e-4289797765
Senior Consultant Banking AI (all genders),adesso SE,Stuttgart,LinkedIn,https://de.linkedin.com/jobs/view/senior-consultant-banking-ai-all-genders-at-adesso-se-4277929347?position=44&pageNum=0&refId=3Uw7h3C6oCbT5ovUmTwg3w%3D%3D&trackingId=ooJXT53AEIro9ITSu6gNoQ%3D%3D,Not specified,2025-08-23 13:51:02.803018,2025-08-23,,de.linkedin.com/jobs/view/senior-consultant-banking-ai-all-genders-at-adesso-se-4277929347
Senior IT Architect (all genders) - BCG Platinion,TieTalent,Stuttgart,LinkedIn,https://de.linkedin.com/jobs/view/senior-it-architect-all-genders-bcg-platinion-at-tietalent-4290038594?position=45&pageNum=0&refId=3Uw7h3C6oCbT5ovUmTwg3w%3D%3D&trackingId=If0ovoN6WiXuPfxccoapLA%3D%3D,Not specified,2025-08-23 13:51:02.803140,2025-08-23,,de.linkedin.com/jobs/view/senior-it-architect-all-genders-bcg-platinion-at-tietalent-4290038594
IT-Consultant Conversational AI (all genders),adesso SE,Stuttgart,LinkedIn,https://de.linkedin.com/jobs/view/it-consultant-conversational-ai-all-genders-at-adesso-se-4277530702?position=51&pageNum=0&refId=3Uw7h3C6oCbT5ovUmTwg3w%3D%3D&trackingId=MS1J80B7lDVANvqS3OzrZw%3D%3D,Not specified,2025-08-23 13:51:02.803846,2025-08-23,,de.linkedin.com/jobs/view/it-consultant-conversational-ai-all-genders-at-adesso-se-4277530702
Senior Cloud & AI Solution Engineer - Software and Development Tools,Microsoft,"Baden-Württemberg, Deutschland",LinkedIn,https://de.linkedin.com/jobs/view/senior-cloud-ai-solution-engineer-software-and-development-tools-at-microsoft-4278665133?position=52&pageNum=0&refId=3Uw7h3C6oCbT5ovUmTwg3w%3D%3D&trackingId=LzsvKevGE4YgFT%2FjkxzE0Q%3D%3D,Not specified,2025-08-23 13:51:02.803963,2025-08-22,,de.linkedin.com/jobs/view/senior-cloud-ai-solution-engineer-software-and-development-tools-at-microsoft-4278665133
Senior Consultant Infor LN Manufacturing / Planning (m/w/d),Sulzer GmbH,Stuttgart,LinkedIn,https://de.linkedin.com/jobs/view/senior-consultant-infor-ln-manufacturing-planning-m-w-d-at-sulzer-gmbh-4239101175?position=58&pageNum=0&refId=3Uw7h3C6oCbT5ovUmTwg3w%3D%3D&trackingId=gxVD5sfUTkScucP45UGgJA%3D%3D,Not specified,2025-08-23 13:51:02.804661,2025-08-23,,de.linkedin.com/jobs/view/senior-consultant-infor-ln-manufacturing-planning-m-w-d-at-sulzer-gmbh-4239101175
Senior Consultant Infor LN Finance (m/w/d),Sulzer GmbH,Stuttgart,LinkedIn,https://de.linkedin.com/jobs/view/senior-consultant-infor-ln-finance-m-w-d-at-sulzer-gmbh-4238570525?position=59&pageNum=0&refId=3Uw7h3C6oCbT5ovUmTwg3w%3D%3D&trackingId=KFZ45v%2BlswAsZsqkvSZ2qw%3D%3D,Not specified,2025-08-23 13:51:02.804777,2025-08-23,,de.linkedin.com/jobs/view/senior-consultant-infor-ln-finance-m-w-d-at-sulzer-gmbh-4238570525
AI Consultant – Generative KI / Prompt Engineering (m/w/d) - Quereinsteiger herzlich willkommen!,mycareernow GmbH,Potsdam,LinkedIn,https://de.linkedin.com/jobs/view/ai-consultant-%E2%80%93-generative-ki-prompt-engineering-m-w-d-quereinsteiger-herzlich-willkommen%21-at-mycareernow-gmbh-4290208886?position=6&pageNum=0&refId=UZ3ly97be2rGcd33jjjM1A%3D%3D&trackingId=qxnyix%2BFQiiCUYhXQp5Tfw%3D%3D,Not specified,2025-08-23 13:51:16.219218,2025-08-23,,de.linkedin.com/jobs/view/ai-consultant-%E2%80%93-generative-ki-prompt-engineering-m-w-d-quereinsteiger-herzlich-willkommen%21-at-mycareernow-gmbh-4290208886
Zukunftsforscher/in (Mensch),Taikonauten,Berlin,LinkedIn,https://de.linkedin.com/jobs/view/zukunftsforscher-in-mensch-at-taikonauten-4287121903?position=10&pageNum=0&refId=UZ3ly97be2rGcd33jjjM1A%3D%3D&trackingId=qGH2Su0zVBoxFnnHz7hetw%3D%3D,Not specified,2025-08-23 13:51:16.219720,2025-08-22,,de.linkedin.com/jobs/view/zukunftsforscher-in-mensch-at-taikonauten-4287121903
Senior Machine Learning Engineer,Autodesk,Berlin,LinkedIn,https://de.linkedin.com/jobs/view/senior-machine-learning-engineer-at-autodesk-4264349912?position=26&pageNum=0&refId=UZ3ly97be2rGcd33jjjM1A%3D%3D&trackingId=8R5jpcmwPLdlUNyEM4xq%2Bg%3D%3D,Not specified,2025-08-23 13:51:16.221731,2025-08-23,,de.linkedin.com/jobs/view/senior-machine-learning-engineer-at-autodesk-4264349912
Principal Engineer - AI & Cloud Infrastructure (m/w/d),Vivecti Group,Berlin,LinkedIn,https://de.linkedin.com/jobs/view/principal-engineer-ai-cloud-infrastructure-m-w-d-at-vivecti-group-4287121054?position=29&pageNum=0&refId=UZ3ly97be2rGcd33jjjM1A%3D%3D&trackingId=FrjDM%2F0gwTRx2lYsS2AzXA%3D%3D,Not specified,2025-08-23 13:51:16.222105,2025-08-22,,de.linkedin.com/jobs/view/principal-engineer-ai-cloud-infrastructure-m-w-d-at-vivecti-group-4287121054
Prompt Engineer (m/w/d) – Starte jetzt in deine Zukunft mit KI,mycareernow GmbH,Falkensee,LinkedIn,https://de.linkedin.com/jobs/view/prompt-engineer-m-w-d-%E2%80%93-starte-jetzt-in-deine-zukunft-mit-ki-at-mycareernow-gmbh-4289953552?position=31&pageNum=0&refId=UZ3ly97be2rGcd33jjjM1A%3D%3D&trackingId=%2FR823bOB1FBUdW%2BRE7gxoQ%3D%3D,Not specified,2025-08-23 13:51:16.222350,2025-08-22,,de.linkedin.com/jobs/view/prompt-engineer-m-w-d-%E2%80%93-starte-jetzt-in-deine-zukunft-mit-ki-at-mycareernow-gmbh-4289953552
Solution Engineer - Cloud & AI Azure Platform,Microsoft,Berlin,LinkedIn,https://de.linkedin.com/jobs/view/solution-engineer-cloud-ai-azure-platform-at-microsoft-4278657933?position=44&pageNum=0&refId=UZ3ly97be2rGcd33jjjM1A%3D%3D&trackingId=Z0zyP4UCxcuMz8%2FV2MxMgg%3D%3D,Not specified,2025-08-23 13:51:16.223992,2025-08-22,,de.linkedin.com/jobs/view/solution-engineer-cloud-ai-azure-platform-at-microsoft-4278657933
Cloud & AI Solution Engineer - Software and Development Tools,Microsoft,Berlin,LinkedIn,https://de.linkedin.com/jobs/view/cloud-ai-solution-engineer-software-and-development-tools-at-microsoft-4278662183?position=48&pageNum=0&refId=UZ3ly97be2rGcd33jjjM1A%3D%3D&trackingId=c%2FSVKXLPJLIy1euxJC5I1Q%3D%3D,Not specified,2025-08-23 13:51:16.224492,2025-08-22,,de.linkedin.com/jobs/view/cloud-ai-solution-engineer-software-and-development-tools-at-microsoft-4278662183
Senior Machine Learning Ops Expert (m/w/d),BWI GmbH,Berlin,LinkedIn,https://de.linkedin.com/jobs/view/senior-machine-learning-ops-expert-m-w-d-at-bwi-gmbh-4278900089?position=57&pageNum=0&refId=UZ3ly97be2rGcd33jjjM1A%3D%3D&trackingId=IEtjMr6ZFdMfoVY3%2BaQs0w%3D%3D,Not specified,2025-08-23 13:51:16.225586,2025-08-23,,de.linkedin.com/jobs/view/senior-machine-learning-ops-expert-m-w-d-at-bwi-gmbh-4278900089
Beruflicher Neustart? Starte durch als Prompt Engineer (m/w/d) – Jetzt bewerben!,mycareernow GmbH,Oranienburg,LinkedIn,https://de.linkedin.com/jobs/view/beruflicher-neustart%3F-starte-durch-als-prompt-engineer-m-w-d-%E2%80%93-jetzt-bewerben%21-at-mycareernow-gmbh-4290208897?position=59&pageNum=0&refId=UZ3ly97be2rGcd33jjjM1A%3D%3D&trackingId=kVEwzF7nIFOlzvTNxN6Vrg%3D%3D,Not specified,2025-08-23 13:51:16.225819,2025-08-23,,de.linkedin.com/jobs/view/beruflicher-neustart%3F-starte-durch-als-prompt-engineer-m-w-d-%E2%80%93-jetzt-bewerben%21-at-mycareernow-gmbh-4290208897
Prompt Engineer (m/w/d) – Starte jetzt in deine Zukunft mit KI,mycareernow GmbH,Frankfurt,LinkedIn,https://de.linkedin.com/jobs/view/prompt-engineer-m-w-d-%E2%80%93-starte-jetzt-in-deine-zukunft-mit-ki-at-mycareernow-gmbh-4289949801?position=9&pageNum=0&refId=NjdMRNjYc%2FhM5iuuSVQCMw%3D%3D&trackingId=hdeRQ2imrHuHeqCKaOblvA%3D%3D,Not specified,2025-08-23 13:51:29.422604,2025-08-22,,de.linkedin.com/jobs/view/prompt-engineer-m-w-d-%E2%80%93-starte-jetzt-in-deine-zukunft-mit-ki-at-mycareernow-gmbh-4289949801
Prompt Engineer (m/w/d) – Starte jetzt in deine Zukunft mit KI,mycareernow GmbH,Hanau,LinkedIn,https://de.linkedin.com/jobs/view/prompt-engineer-m-w-d-%E2%80%93-starte-jetzt-in-deine-zukunft-mit-ki-at-mycareernow-gmbh-4289951570?position=11&pageNum=0&refId=NjdMRNjYc%2FhM5iuuSVQCMw%3D%3D&trackingId=evDG5apLRCDJVfT0blIv1g%3D%3D,Not specified,2025-08-23 13:51:29.422855,2025-08-22,,de.linkedin.com/jobs/view/prompt-engineer-m-w-d-%E2%80%93-starte-jetzt-in-deine-zukunft-mit-ki-at-mycareernow-gmbh-4289951570
Managing Partner,Antal International,Frankfurt,LinkedIn,https://de.linkedin.com/jobs/view/managing-partner-at-antal-international-4258110762?position=14&pageNum=0&refId=NjdMRNjYc%2FhM5iuuSVQCMw%3D%3D&trackingId=9WNDXGIYnx%2FkGfHa0xtk4Q%3D%3D,Not specified,2025-08-23 13:51:29.423216,2025-08-22,,de.linkedin.com/jobs/view/managing-partner-at-antal-international-4258110762
Softwarearchitekt - Künstliche Intelligenz,Finanz Informatik,Frankfurt,LinkedIn,https://de.linkedin.com/jobs/view/softwarearchitekt-k%C3%BCnstliche-intelligenz-at-finanz-informatik-4263356637?position=17&pageNum=0&refId=NjdMRNjYc%2FhM5iuuSVQCMw%3D%3D&trackingId=z03J4vY%2BAlnumVsavry0UQ%3D%3D,Not specified,2025-08-23 13:51:29.423586,2025-08-22,,de.linkedin.com/jobs/view/softwarearchitekt-k%C3%BCnstliche-intelligenz-at-finanz-informatik-4263356637
Beruflicher Neustart? Starte durch als Prompt Engineer (m/w/d) – Jetzt bewerben!,mycareernow GmbH,Offenbach am Main,LinkedIn,https://de.linkedin.com/jobs/view/beruflicher-neustart%3F-starte-durch-als-prompt-engineer-m-w-d-%E2%80%93-jetzt-bewerben%21-at-mycareernow-gmbh-4290207966?position=22&pageNum=0&refId=NjdMRNjYc%2FhM5iuuSVQCMw%3D%3D&trackingId=M3LPgIIWbIdiJ1cyz0BnDQ%3D%3D,Not specified,2025-08-23 13:51:29.424211,2025-08-23,,de.linkedin.com/jobs/view/beruflicher-neustart%3F-starte-durch-als-prompt-engineer-m-w-d-%E2%80%93-jetzt-bewerben%21-at-mycareernow-gmbh-4290207966
Senior Machine Learning Ops Expert (m/w/d),BWI GmbH,Frankfurt am Main,LinkedIn,https://de.linkedin.com/jobs/view/senior-machine-learning-ops-expert-m-w-d-at-bwi-gmbh-4278794675?position=23&pageNum=0&refId=NjdMRNjYc%2FhM5iuuSVQCMw%3D%3D&trackingId=9i2HqiBdBbxu6tFY12%2B1xQ%3D%3D,Not specified,2025-08-23 13:51:29.424337,2025-08-23,,de.linkedin.com/jobs/view/senior-machine-learning-ops-expert-m-w-d-at-bwi-gmbh-4278794675
Beruflicher Neustart? Starte durch als Prompt Engineer (m/w/d) – Jetzt bewerben!,mycareernow GmbH,Oberursel (Taunus),LinkedIn,https://de.linkedin.com/jobs/view/beruflicher-neustart%3F-starte-durch-als-prompt-engineer-m-w-d-%E2%80%93-jetzt-bewerben%21-at-mycareernow-gmbh-4290215025?position=24&pageNum=0&refId=NjdMRNjYc%2FhM5iuuSVQCMw%3D%3D&trackingId=bJxpqL2bAqb6T%2BfEeer0yQ%3D%3D,Not specified,2025-08-23 13:51:29.424462,2025-08-23,,de.linkedin.com/jobs/view/beruflicher-neustart%3F-starte-durch-als-prompt-engineer-m-w-d-%E2%80%93-jetzt-bewerben%21-at-mycareernow-gmbh-4290215025
Beruflicher Neustart? Starte durch als Prompt Engineer (m/w/d) – Jetzt bewerben!,mycareernow GmbH,Mainz,LinkedIn,https://de.linkedin.com/jobs/view/beruflicher-neustart%3F-starte-durch-als-prompt-engineer-m-w-d-%E2%80%93-jetzt-bewerben%21-at-mycareernow-gmbh-4290208903?position=27&pageNum=0&refId=NjdMRNjYc%2FhM5iuuSVQCMw%3D%3D&trackingId=OrAGQR9QU%2BbCTOhcLdfz9Q%3D%3D,Not specified,2025-08-23 13:51:29.424831,2025-08-23,,de.linkedin.com/jobs/view/beruflicher-neustart%3F-starte-durch-als-prompt-engineer-m-w-d-%E2%80%93-jetzt-bewerben%21-at-mycareernow-gmbh-4290208903
Projektleiter (w/m/d) Healthcare,Drees & Sommer,Frankfurt,LinkedIn,https://de.linkedin.com/jobs/view/projektleiter-w-m-d-healthcare-at-drees-sommer-4287145118?position=32&pageNum=0&refId=NjdMRNjYc%2FhM5iuuSVQCMw%3D%3D&trackingId=KhZ7BPw7gjvDbz45yZtnLQ%3D%3D,Not specified,2025-08-23 13:51:29.425455,2025-08-22,,de.linkedin.com/jobs/view/projektleiter-w-m-d-healthcare-at-drees-sommer-4287145118
Expert SEO Consultant (m/w/d),diva-e,Frankfurt am Main,LinkedIn,https://de.linkedin.com/jobs/view/expert-seo-consultant-m-w-d-at-diva-e-4289799520?position=41&pageNum=0&refId=NjdMRNjYc%2FhM5iuuSVQCMw%3D%3D&trackingId=MCVvJBlW4WFi36p4TrhH2g%3D%3D,Not specified,2025-08-23 13:51:29.426575,2025-08-22,,de.linkedin.com/jobs/view/expert-seo-consultant-m-w-d-at-diva-e-4289799520
Expert SEO Consultant (m/w/d),diva-e,Frankfurt,LinkedIn,https://de.linkedin.com/jobs/view/expert-seo-consultant-m-w-d-at-diva-e-4289475424?position=42&pageNum=0&refId=NjdMRNjYc%2FhM5iuuSVQCMw%3D%3D&trackingId=MIF7A4wqeXGWwMDs4rChzA%3D%3D,Not specified,2025-08-23 13:51:29.426702,2025-08-22,,de.linkedin.com/jobs/view/expert-seo-consultant-m-w-d-at-diva-e-4289475424
GTM Recruiter,MongoDB,Frankfurt,LinkedIn,https://de.linkedin.com/jobs/view/gtm-recruiter-at-mongodb-4289924596?position=44&pageNum=0&refId=NjdMRNjYc%2FhM5iuuSVQCMw%3D%3D&trackingId=t9mZhLwWcf6QeKhVsh%2Bcjg%3D%3D,Not specified,2025-08-23 13:51:29.426958,2025-08-22,,de.linkedin.com/jobs/view/gtm-recruiter-at-mongodb-4289924596
Senior Data Engineer (m/f/d),CGI,Eschborn,LinkedIn,https://de.linkedin.com/jobs/view/senior-data-engineer-m-f-d-at-cgi-4072285466?position=49&pageNum=0&refId=NjdMRNjYc%2FhM5iuuSVQCMw%3D%3D&trackingId=Wx2%2FDMSimbrXPc3iVl9tig%3D%3D,Not specified,2025-08-23 13:51:29.427586,2025-08-23,,de.linkedin.com/jobs/view/senior-data-engineer-m-f-d-at-cgi-4072285466
Senior Consultants IT Architektur m/w/d,microfin Unternehmensberatung GmbH,Bad Homburg vor der Höhe,LinkedIn,https://de.linkedin.com/jobs/view/senior-consultants-it-architektur-m-w-d-at-microfin-unternehmensberatung-gmbh-4287615532?position=50&pageNum=0&refId=NjdMRNjYc%2FhM5iuuSVQCMw%3D%3D&trackingId=butOD5NyK0MxPwW1IhowlA%3D%3D,Not specified,2025-08-23 13:51:29.427711,2025-08-23,,de.linkedin.com/jobs/view/senior-consultants-it-architektur-m-w-d-at-microfin-unternehmensberatung-gmbh-4287615532
Senior Consultant Banking AI (all genders),adesso SE,Frankfurt,LinkedIn,https://de.linkedin.com/jobs/view/senior-consultant-banking-ai-all-genders-at-adesso-se-4277927601?position=53&pageNum=0&refId=NjdMRNjYc%2FhM5iuuSVQCMw%3D%3D&trackingId=U1NdQMtzSXtWjmPw67GNGg%3D%3D,Not specified,2025-08-23 13:51:29.428072,2025-08-23,,de.linkedin.com/jobs/view/senior-consultant-banking-ai-all-genders-at-adesso-se-4277927601
Purchasing Engineer (m/w/d),Applied Materials Europe,Alzenau,LinkedIn,https://de.linkedin.com/jobs/view/purchasing-engineer-m-w-d-at-applied-materials-europe-4287114592?position=59&pageNum=0&refId=NjdMRNjYc%2FhM5iuuSVQCMw%3D%3D&trackingId=Ry%2BD%2FgCLmhAvi9eyiw2E4w%3D%3D,Not specified,2025-08-23 13:51:29.428768,2025-08-22,,de.linkedin.com/jobs/view/purchasing-engineer-m-w-d-at-applied-materials-europe-4287114592
Prompt Engineer (m/w/d) – Starte jetzt in deine Zukunft mit KI,mycareernow GmbH,Köln,LinkedIn,https://de.linkedin.com/jobs/view/prompt-engineer-m-w-d-%E2%80%93-starte-jetzt-in-deine-zukunft-mit-ki-at-mycareernow-gmbh-4289953553?position=12&pageNum=0&refId=NXJ03AQ7t4xk0K%2FVfxByTw%3D%3D&trackingId=5FavNGJJgyLXdHoUTPEiSw%3D%3D,Not specified,2025-08-23 13:51:42.907108,2025-08-22,,de.linkedin.com/jobs/view/prompt-engineer-m-w-d-%E2%80%93-starte-jetzt-in-deine-zukunft-mit-ki-at-mycareernow-gmbh-4289953553
Prompt Engineer (m/w/d) – Starte jetzt in deine Zukunft mit KI,mycareernow GmbH,Hürth,LinkedIn,https://de.linkedin.com/jobs/view/prompt-engineer-m-w-d-%E2%80%93-starte-jetzt-in-deine-zukunft-mit-ki-at-mycareernow-gmbh-4289949810?position=15&pageNum=0&refId=NXJ03AQ7t4xk0K%2FVfxByTw%3D%3D&trackingId=%2FSbYhwFkeL8pAZgHbuMUdg%3D%3D,Not specified,2025-08-23 13:51:42.907363,2025-08-22,,de.linkedin.com/jobs/view/prompt-engineer-m-w-d-%E2%80%93-starte-jetzt-in-deine-zukunft-mit-ki-at-mycareernow-gmbh-4289949810
Prompt Engineer (m/w/d) – Starte jetzt in deine Zukunft mit KI,mycareernow GmbH,Frechen,LinkedIn,https://de.linkedin.com/jobs/view/prompt-engineer-m-w-d-%E2%80%93-starte-jetzt-in-deine-zukunft-mit-ki-at-mycareernow-gmbh-4289953551?position=16&pageNum=0&refId=NXJ03AQ7t4xk0K%2FVfxByTw%3D%3D&trackingId=AtUdPYxOq9jTNaw2CrM0Ng%3D%3D,Not specified,2025-08-23 13:51:42.907451,2025-08-22,,de.linkedin.com/jobs/view/prompt-engineer-m-w-d-%E2%80%93-starte-jetzt-in-deine-zukunft-mit-ki-at-mycareernow-gmbh-4289953551
Prompt Engineer (m/w/d) – Starte jetzt in deine Zukunft mit KI,mycareernow GmbH,Kerpen,LinkedIn,https://de.linkedin.com/jobs/view/prompt-engineer-m-w-d-%E2%80%93-starte-jetzt-in-deine-zukunft-mit-ki-at-mycareernow-gmbh-4290210697?position=18&pageNum=0&refId=NXJ03AQ7t4xk0K%2FVfxByTw%3D%3D&trackingId=auNbWW5%2FAgAEYtQzUCJGSw%3D%3D,Not specified,2025-08-23 13:51:42.907626,2025-08-23,,de.linkedin.com/jobs/view/prompt-engineer-m-w-d-%E2%80%93-starte-jetzt-in-deine-zukunft-mit-ki-at-mycareernow-gmbh-4290210697
Prompt Engineer (m/w/d) – Starte jetzt in deine Zukunft mit KI,mycareernow GmbH,Hilden,LinkedIn,https://de.linkedin.com/jobs/view/prompt-engineer-m-w-d-%E2%80%93-starte-jetzt-in-deine-zukunft-mit-ki-at-mycareernow-gmbh-4290207942?position=19&pageNum=0&refId=NXJ03AQ7t4xk0K%2FVfxByTw%3D%3D&trackingId=c4VOff2TIwwjMcCNM%2FWDsA%3D%3D,Not specified,2025-08-23 13:51:42.907714,2025-08-23,,de.linkedin.com/jobs/view/prompt-engineer-m-w-d-%E2%80%93-starte-jetzt-in-deine-zukunft-mit-ki-at-mycareernow-gmbh-4290207942
Prompt Engineer (m/w/d) – Starte jetzt in deine Zukunft mit KI,mycareernow GmbH,Hennef (Sieg),LinkedIn,https://de.linkedin.com/jobs/view/prompt-engineer-m-w-d-%E2%80%93-starte-jetzt-in-deine-zukunft-mit-ki-at-mycareernow-gmbh-4290207946?position=20&pageNum=0&refId=NXJ03AQ7t4xk0K%2FVfxByTw%3D%3D&trackingId=gl4KQ5P5%2BNu8rgDpkZgFXg%3D%3D,Not specified,2025-08-23 13:51:42.907801,2025-08-23,,de.linkedin.com/jobs/view/prompt-engineer-m-w-d-%E2%80%93-starte-jetzt-in-deine-zukunft-mit-ki-at-mycareernow-gmbh-4290207946
Prompt Engineer (m/w/d) – Starte jetzt in deine Zukunft mit KI,mycareernow GmbH,Kaarst,LinkedIn,https://de.linkedin.com/jobs/view/prompt-engineer-m-w-d-%E2%80%93-starte-jetzt-in-deine-zukunft-mit-ki-at-mycareernow-gmbh-4290209751?position=22&pageNum=0&refId=NXJ03AQ7t4xk0K%2FVfxByTw%3D%3D&trackingId=b3vdcgULbY7ID3D1HXprFg%3D%3D,Not specified,2025-08-23 13:51:42.908005,2025-08-23,,de.linkedin.com/jobs/view/prompt-engineer-m-w-d-%E2%80%93-starte-jetzt-in-deine-zukunft-mit-ki-at-mycareernow-gmbh-4290209751
Prompt Engineer (m/w/d) – Starte jetzt in deine Zukunft mit KI,mycareernow GmbH,Grevenbroich,LinkedIn,https://de.linkedin.com/jobs/view/prompt-engineer-m-w-d-%E2%80%93-starte-jetzt-in-deine-zukunft-mit-ki-at-mycareernow-gmbh-4290206992?position=24&pageNum=0&refId=NXJ03AQ7t4xk0K%2FVfxByTw%3D%3D&trackingId=1dyw79RAu%2F6PWlCObr34uQ%3D%3D,Not specified,2025-08-23 13:51:42.908181,2025-08-23,,de.linkedin.com/jobs/view/prompt-engineer-m-w-d-%E2%80%93-starte-jetzt-in-deine-zukunft-mit-ki-at-mycareernow-gmbh-4290206992
Beruflicher Neustart? Starte durch als Prompt Engineer (m/w/d) – Jetzt bewerben!,mycareernow GmbH,Leverkusen,LinkedIn,https://de.linkedin.com/jobs/view/beruflicher-neustart%3F-starte-durch-als-prompt-engineer-m-w-d-%E2%80%93-jetzt-bewerben%21-at-mycareernow-gmbh-4290215017?position=30&pageNum=0&refId=NXJ03AQ7t4xk0K%2FVfxByTw%3D%3D&trackingId=Asw7b156puxM%2B0rswQ74zQ%3D%3D,Not specified,2025-08-23 13:51:42.908695,2025-08-23,,de.linkedin.com/jobs/view/beruflicher-neustart%3F-starte-durch-als-prompt-engineer-m-w-d-%E2%80%93-jetzt-bewerben%21-at-mycareernow-gmbh-4290215017
Beruflicher Neustart? Starte durch als Prompt Engineer (m/w/d) – Jetzt bewerben!,mycareernow GmbH,Langenfeld (Rheinland),LinkedIn,https://de.linkedin.com/jobs/view/beruflicher-neustart%3F-starte-durch-als-prompt-engineer-m-w-d-%E2%80%93-jetzt-bewerben%21-at-mycareernow-gmbh-4290209772?position=31&pageNum=0&refId=NXJ03AQ7t4xk0K%2FVfxByTw%3D%3D&trackingId=7134DBew2S9kEBQrIE4HNA%3D%3D,Not specified,2025-08-23 13:51:42.908780,2025-08-23,,de.linkedin.com/jobs/view/beruflicher-neustart%3F-starte-durch-als-prompt-engineer-m-w-d-%E2%80%93-jetzt-bewerben%21-at-mycareernow-gmbh-4290209772
Cloud Engineer (All Genders),Optimyze Consulting,Düsseldorf und Umgebung,LinkedIn,https://de.linkedin.com/jobs/view/cloud-engineer-all-genders-at-optimyze-consulting-4289960587?position=39&pageNum=0&refId=NXJ03AQ7t4xk0K%2FVfxByTw%3D%3D&trackingId=GkkRHLdbQaloAgKhuDwJfA%3D%3D,Not specified,2025-08-23 13:51:42.909456,2025-08-22,,de.linkedin.com/jobs/view/cloud-engineer-all-genders-at-optimyze-consulting-4289960587
Beruflicher Neustart? Starte durch als Prompt Engineer (m/w/d) – Jetzt bewerben!,mycareernow GmbH,Neuss,LinkedIn,https://de.linkedin.com/jobs/view/beruflicher-neustart%3F-starte-durch-als-prompt-engineer-m-w-d-%E2%80%93-jetzt-bewerben%21-at-mycareernow-gmbh-4290214172?position=46&pageNum=0&refId=NXJ03AQ7t4xk0K%2FVfxByTw%3D%3D&trackingId=EVOtR9LXWttEZ%2FVzI1nxAw%3D%3D,Not specified,2025-08-23 13:51:42.910051,2025-08-23,,de.linkedin.com/jobs/view/beruflicher-neustart%3F-starte-durch-als-prompt-engineer-m-w-d-%E2%80%93-jetzt-bewerben%21-at-mycareernow-gmbh-4290214172
Senior Machine Learning Ops Expert (m/w/d),BWI GmbH,Bonn,LinkedIn,https://de.linkedin.com/jobs/view/senior-machine-learning-ops-expert-m-w-d-at-bwi-gmbh-4278795491?position=48&pageNum=0&refId=NXJ03AQ7t4xk0K%2FVfxByTw%3D%3D&trackingId=wh0nGDJGxzd9S3fbI0zG2w%3D%3D,Not specified,2025-08-23 13:51:42.910222,2025-08-23,,de.linkedin.com/jobs/view/senior-machine-learning-ops-expert-m-w-d-at-bwi-gmbh-4278795491
IT Architect (all genders) - BCG Platinion,TieTalent,Köln,LinkedIn,https://de.linkedin.com/jobs/view/it-architect-all-genders-bcg-platinion-at-tietalent-4290049047?position=52&pageNum=0&refId=NXJ03AQ7t4xk0K%2FVfxByTw%3D%3D&trackingId=m3LzXAVz1%2FolY59JicCSvg%3D%3D,Not specified,2025-08-23 13:51:42.910568,2025-08-23,,de.linkedin.com/jobs/view/it-architect-all-genders-bcg-platinion-at-tietalent-4290049047
Prompt Engineer (m/w/d) – Starte jetzt in deine Zukunft mit KI,mycareernow GmbH,Heidenheim,LinkedIn,https://de.linkedin.com/jobs/view/prompt-engineer-m-w-d-%E2%80%93-starte-jetzt-in-deine-zukunft-mit-ki-at-mycareernow-gmbh-4289956244?position=2&pageNum=0&refId=RkPjDXUTVYrnjlTePdiSng%3D%3D&trackingId=Ol0TJ44g61Dafo44GYRfwg%3D%3D,Not specified,2025-08-23 13:51:56.025285,2025-08-22,,de.linkedin.com/jobs/view/prompt-engineer-m-w-d-%E2%80%93-starte-jetzt-in-deine-zukunft-mit-ki-at-mycareernow-gmbh-4289956244
Beruflicher Neustart? Starte durch als Prompt Engineer (m/w/d) – Jetzt bewerben!,mycareernow GmbH,Neu-Ulm,LinkedIn,https://de.linkedin.com/jobs/view/beruflicher-neustart%3F-starte-durch-als-prompt-engineer-m-w-d-%E2%80%93-jetzt-bewerben%21-at-mycareernow-gmbh-4290209774?position=3&pageNum=0&refId=RkPjDXUTVYrnjlTePdiSng%3D%3D&trackingId=iqO7g84W8yZvi1jxNSZgxA%3D%3D,Not specified,2025-08-23 13:51:56.025427,2025-08-23,,de.linkedin.com/jobs/view/beruflicher-neustart%3F-starte-durch-als-prompt-engineer-m-w-d-%E2%80%93-jetzt-bewerben%21-at-mycareernow-gmbh-4290209774
Senior Machine Learning Ops Expert (m/w/d),BWI GmbH,Ulm,LinkedIn,https://de.linkedin.com/jobs/view/senior-machine-learning-ops-expert-m-w-d-at-bwi-gmbh-4278795490?position=4&pageNum=0&refId=RkPjDXUTVYrnjlTePdiSng%3D%3D&trackingId=61DnvDTDzDR9DuzPj13dBw%3D%3D,Not specified,2025-08-23 13:51:56.025565,2025-08-23,,de.linkedin.com/jobs/view/senior-machine-learning-ops-expert-m-w-d-at-bwi-gmbh-4278795490
Leiter IT (m/w/d) der Abteilung 3 - Informationstechnik -,TieTalent,Bärenbach,LinkedIn,https://de.linkedin.com/jobs/view/leiter-it-m-w-d-der-abteilung-3-informationstechnik-at-tietalent-4289486940?position=6&pageNum=0&refId=RkPjDXUTVYrnjlTePdiSng%3D%3D&trackingId=fj3qAAA%2Bnj7FzdtUIn%2BzZQ%3D%3D,Not specified,2025-08-23 13:51:56.025842,2025-08-22,,de.linkedin.com/jobs/view/leiter-it-m-w-d-der-abteilung-3-informationstechnik-at-tietalent-4289486940
Senior Consultant Banking AI (all genders),adesso SE,Ulm,LinkedIn,https://de.linkedin.com/jobs/view/senior-consultant-banking-ai-all-genders-at-adesso-se-4277925784?position=7&pageNum=0&refId=RkPjDXUTVYrnjlTePdiSng%3D%3D&trackingId=f9pnfkpDXN9HP%2FtMkFXixg%3D%3D,Not specified,2025-08-23 13:51:56.025982,2025-08-23,,de.linkedin.com/jobs/view/senior-consultant-banking-ai-all-genders-at-adesso-se-4277925784
IT-Consultant Conversational AI (all genders),adesso SE,Ulm,LinkedIn,https://de.linkedin.com/jobs/view/it-consultant-conversational-ai-all-genders-at-adesso-se-4078622469?position=8&pageNum=0&refId=RkPjDXUTVYrnjlTePdiSng%3D%3D&trackingId=NL9T7Ly2BIz01N5fNNfaTg%3D%3D,Not specified,2025-08-23 13:51:56.026118,2025-08-23,,de.linkedin.com/jobs/view/it-consultant-conversational-ai-all-genders-at-adesso-se-4078622469
IT-Consultant Conversational AI (all genders),adesso SE,Ulm,LinkedIn,https://de.linkedin.com/jobs/view/it-consultant-conversational-ai-all-genders-at-adesso-se-4277535065?position=9&pageNum=0&refId=RkPjDXUTVYrnjlTePdiSng%3D%3D&trackingId=fEEMzJQjGLgEpaSC4XVhDw%3D%3D,Not specified,2025-08-23 13:51:56.026257,2025-08-23,,de.linkedin.com/jobs/view/it-consultant-conversational-ai-all-genders-at-adesso-se-4277535065
Senior IT-Architect im Geschäftsfeld Analytics & Simulation (m/w/d),BWI GmbH,Ulm,LinkedIn,https://de.linkedin.com/jobs/view/senior-it-architect-im-gesch%C3%A4ftsfeld-analytics-simulation-m-w-d-at-bwi-gmbh-4278900075?position=11&pageNum=0&refId=RkPjDXUTVYrnjlTePdiSng%3D%3D&trackingId=jERMNNnWMNT%2BRMG1f4zsgg%3D%3D,Not specified,2025-08-23 13:51:56.026532,2025-08-23,,de.linkedin.com/jobs/view/senior-it-architect-im-gesch%C3%A4ftsfeld-analytics-simulation-m-w-d-at-bwi-gmbh-4278900075
Software Entwickler Simulation / Künstliche Intelligenz (KI) (d/f/m),Airbus Defence and Space,Immenstaad am Bodensee,LinkedIn,https://de.linkedin.com/jobs/view/software-entwickler-simulation-k%C3%BCnstliche-intelligenz-ki-d-f-m-at-airbus-defence-and-space-4261687342?position=3&pageNum=0&refId=C06oEIvoZI9FLRtggbQCsw%3D%3D&trackingId=z0mf0gzT%2Bc0beX2vJfrDgA%3D%3D,Not specified,2025-08-23 13:52:08.417031,2025-08-22,,de.linkedin.com/jobs/view/software-entwickler-simulation-k%C3%BCnstliche-intelligenz-ki-d-f-m-at-airbus-defence-and-space-4261687342
Prompt Engineer (m/w/d) – Starte jetzt in deine Zukunft mit KI,mycareernow GmbH,Konstanz,LinkedIn,https://de.linkedin.com/jobs/view/prompt-engineer-m-w-d-%E2%80%93-starte-jetzt-in-deine-zukunft-mit-ki-at-mycareernow-gmbh-4290206991?position=4&pageNum=0&refId=C06oEIvoZI9FLRtggbQCsw%3D%3D&trackingId=STBOJkUYe9rKwQinb3rMZA%3D%3D,Not specified,2025-08-23 13:52:08.417217,2025-08-23,,de.linkedin.com/jobs/view/prompt-engineer-m-w-d-%E2%80%93-starte-jetzt-in-deine-zukunft-mit-ki-at-mycareernow-gmbh-4290206991
Prompt Engineer (m/w/d) – Starte jetzt in deine Zukunft mit KI,mycareernow GmbH,Friedrichshafen,LinkedIn,https://de.linkedin.com/jobs/view/prompt-engineer-m-w-d-%E2%80%93-starte-jetzt-in-deine-zukunft-mit-ki-at-mycareernow-gmbh-4289953548?position=6&pageNum=0&refId=C06oEIvoZI9FLRtggbQCsw%3D%3D&trackingId=%2F1MfjinYZfZqISQ1Su%2BtsA%3D%3D,Not specified,2025-08-23 13:52:08.417573,2025-08-22,,de.linkedin.com/jobs/view/prompt-engineer-m-w-d-%E2%80%93-starte-jetzt-in-deine-zukunft-mit-ki-at-mycareernow-gmbh-4289953548
Robotics Engineer,RoBoa,"Zürich, Zürich, Schweiz",LinkedIn,https://ch.linkedin.com/jobs/view/robotics-engineer-at-roboa-4289575445?position=2&pageNum=0&refId=owWU2tiv80Hb2yRFIx2rGw%3D%3D&trackingId=GZDqYabAjk5p%2FFwkPjkgYA%3D%3D,Not specified,2025-08-23 13:52:20.983386,2025-08-22,,ch.linkedin.com/jobs/view/robotics-engineer-at-roboa-4289575445
Managing Partner,Antal International,"Zürich, Schweiz",LinkedIn,https://ch.linkedin.com/jobs/view/managing-partner-at-antal-international-4279806547?position=7&pageNum=0&refId=owWU2tiv80Hb2yRFIx2rGw%3D%3D&trackingId=jlLVWtP0QLDDz46isCG3Jw%3D%3D,Not specified,2025-08-23 13:52:20.984052,2025-08-22,,ch.linkedin.com/jobs/view/managing-partner-at-antal-international-4279806547
Managing Partner,Antal International,"Zürich, Schweiz",LinkedIn,https://ch.linkedin.com/jobs/view/managing-partner-at-antal-international-4216692146?position=10&pageNum=0&refId=owWU2tiv80Hb2yRFIx2rGw%3D%3D&trackingId=AyaH5blqJFgkGmVxcymUuQ%3D%3D,Not specified,2025-08-23 13:52:20.984438,2025-08-22,,ch.linkedin.com/jobs/view/managing-partner-at-antal-international-4216692146
Content Editor and Writer (f/m/d) 60-100%,PHENOGY AG,"Root, Luzern, Schweiz",LinkedIn,https://ch.linkedin.com/jobs/view/content-editor-and-writer-f-m-d-60-100%25-at-phenogy-ag-4289915427?position=15&pageNum=0&refId=owWU2tiv80Hb2yRFIx2rGw%3D%3D&trackingId=Lahe90bpljv6m25lw9gcAA%3D%3D,Not specified,2025-08-23 13:52:20.985053,2025-08-22,,ch.linkedin.com/jobs/view/content-editor-and-writer-f-m-d-60-100%25-at-phenogy-ag-4289915427
Data Platform Architect,Trust In SODA,"Zürich, Zürich, Schweiz",LinkedIn,https://ch.linkedin.com/jobs/view/data-platform-architect-at-trust-in-soda-4289915133?position=24&pageNum=0&refId=owWU2tiv80Hb2yRFIx2rGw%3D%3D&trackingId=seKNVRO%2Bgt4YYXAdkx4M7A%3D%3D,Not specified,2025-08-23 13:52:20.986183,2025-08-22,,ch.linkedin.com/jobs/view/data-platform-architect-at-trust-in-soda-4289915133
Senior Robotics Engineer - Task Planning & Reasoning,ANYbotics,"Eu, Zug, Schweiz",LinkedIn,https://ch.linkedin.com/jobs/view/senior-robotics-engineer-task-planning-reasoning-at-anybotics-4289950320?position=27&pageNum=0&refId=owWU2tiv80Hb2yRFIx2rGw%3D%3D&trackingId=htWRNilgHao%2FFLnnbBxuxg%3D%3D,Not specified,2025-08-23 13:52:20.986565,2025-08-22,,ch.linkedin.com/jobs/view/senior-robotics-engineer-task-planning-reasoning-at-anybotics-4289950320
Full-stack Engineer (Zürich),Lakera,"Zürich, Zürich, Schweiz",LinkedIn,https://ch.linkedin.com/jobs/view/full-stack-engineer-z%C3%BCrich-at-lakera-4208895368?position=30&pageNum=0&refId=owWU2tiv80Hb2yRFIx2rGw%3D%3D&trackingId=rvRauuhJBkIrws8fDcMlhQ%3D%3D,Not specified,2025-08-23 13:52:20.986923,2025-08-23,,ch.linkedin.com/jobs/view/full-stack-engineer-z%C3%BCrich-at-lakera-4208895368
Senior Enterprise Architekt (alle),AEW Energie AG,"Aarau, Aargau, Schweiz",LinkedIn,https://ch.linkedin.com/jobs/view/senior-enterprise-architekt-alle-at-aew-energie-ag-4289798429?position=45&pageNum=0&refId=owWU2tiv80Hb2yRFIx2rGw%3D%3D&trackingId=s6X%2FBhh4vp5aaMeF9uO75g%3D%3D,Not specified,2025-08-23 13:52:20.988816,2025-08-22,,ch.linkedin.com/jobs/view/senior-enterprise-architekt-alle-at-aew-energie-ag-4289798429
"Senior Consultant - LLM, Python, Agentic framework, Code Assist, NLP, Switzerland",Infosys,"Zürich, Zürich, Schweiz",LinkedIn,https://ch.linkedin.com/jobs/view/senior-consultant-llm-python-agentic-framework-code-assist-nlp-switzerland-at-infosys-4273300618?position=50&pageNum=0&refId=owWU2tiv80Hb2yRFIx2rGw%3D%3D&trackingId=eY5KhxdZ33a5WBO5NFPfeA%3D%3D,Not specified,2025-08-23 13:52:20.989430,2025-08-22,,ch.linkedin.com/jobs/view/senior-consultant-llm-python-agentic-framework-code-assist-nlp-switzerland-at-infosys-4273300618
"Senior Technology Architect_ Azure Stack, Databricks",Infosys,"Zürich, Zürich, Schweiz",LinkedIn,https://ch.linkedin.com/jobs/view/senior-technology-architect-azure-stack-databricks-at-infosys-4255446015?position=58&pageNum=0&refId=owWU2tiv80Hb2yRFIx2rGw%3D%3D&trackingId=fMnjKVHUjgadH2nHvb0nJg%3D%3D,Not specified,2025-08-23 13:52:20.990379,2025-08-22,,ch.linkedin.com/jobs/view/senior-technology-architect-azure-stack-databricks-at-infosys-4255446015
Prompt Engineer (m/w/d) – Starte jetzt in deine Zukunft mit KI,mycareernow GmbH,Hattingen,LinkedIn,https://de.linkedin.com/jobs/view/prompt-engineer-m-w-d-%E2%80%93-starte-jetzt-in-deine-zukunft-mit-ki-at-mycareernow-gmbh-4290207944?position=16&pageNum=0&refId=O2E6UVPLsWewTGYko9abRg%3D%3D&trackingId=ZTtaf61DpSQqgAxD6vs5gw%3D%3D,Not specified,2025-08-23 13:52:35.284401,2025-08-23,,de.linkedin.com/jobs/view/prompt-engineer-m-w-d-%E2%80%93-starte-jetzt-in-deine-zukunft-mit-ki-at-mycareernow-gmbh-4290207944
Prompt Engineer (m/w/d) – Starte jetzt in deine Zukunft mit KI,mycareernow GmbH,Krefeld,LinkedIn,https://de.linkedin.com/jobs/view/prompt-engineer-m-w-d-%E2%80%93-starte-jetzt-in-deine-zukunft-mit-ki-at-mycareernow-gmbh-4289956242?position=17&pageNum=0&refId=O2E6UVPLsWewTGYko9abRg%3D%3D&trackingId=iFaL2OrqJAhpsyCwOuImAw%3D%3D,Not specified,2025-08-23 13:52:35.284525,2025-08-22,,de.linkedin.com/jobs/view/prompt-engineer-m-w-d-%E2%80%93-starte-jetzt-in-deine-zukunft-mit-ki-at-mycareernow-gmbh-4289956242
Prompt Engineer (m/w/d) – Starte jetzt in deine Zukunft mit KI,mycareernow GmbH,Gelsenkirchen,LinkedIn,https://de.linkedin.com/jobs/view/prompt-engineer-m-w-d-%E2%80%93-starte-jetzt-in-deine-zukunft-mit-ki-at-mycareernow-gmbh-4289950766?position=24&pageNum=0&refId=O2E6UVPLsWewTGYko9abRg%3D%3D&trackingId=%2BWqLMvy5nY2jz5I7LdfqsA%3D%3D,Not specified,2025-08-23 13:52:35.285398,2025-08-22,,de.linkedin.com/jobs/view/prompt-engineer-m-w-d-%E2%80%93-starte-jetzt-in-deine-zukunft-mit-ki-at-mycareernow-gmbh-4289950766
Beruflicher Neustart? Starte durch als Prompt Engineer (m/w/d) – Jetzt bewerben!,mycareernow GmbH,Meerbusch,LinkedIn,https://de.linkedin.com/jobs/view/beruflicher-neustart%3F-starte-durch-als-prompt-engineer-m-w-d-%E2%80%93-jetzt-bewerben%21-at-mycareernow-gmbh-4290211355?position=30&pageNum=0&refId=O2E6UVPLsWewTGYko9abRg%3D%3D&trackingId=V52gWNjKS2hGcOmcFo1Xjg%3D%3D,Not specified,2025-08-23 13:52:35.286138,2025-08-23,,de.linkedin.com/jobs/view/beruflicher-neustart%3F-starte-durch-als-prompt-engineer-m-w-d-%E2%80%93-jetzt-bewerben%21-at-mycareernow-gmbh-4290211355
Beruflicher Neustart? Starte durch als Prompt Engineer (m/w/d) – Jetzt bewerben!,mycareernow GmbH,Oberhausen,LinkedIn,https://de.linkedin.com/jobs/view/beruflicher-neustart%3F-starte-durch-als-prompt-engineer-m-w-d-%E2%80%93-jetzt-bewerben%21-at-mycareernow-gmbh-4290215018?position=32&pageNum=0&refId=O2E6UVPLsWewTGYko9abRg%3D%3D&trackingId=WTmaSCYtUX4sPHFdmxBZSQ%3D%3D,Not specified,2025-08-23 13:52:35.286376,2025-08-23,,de.linkedin.com/jobs/view/beruflicher-neustart%3F-starte-durch-als-prompt-engineer-m-w-d-%E2%80%93-jetzt-bewerben%21-at-mycareernow-gmbh-4290215018
Beruflicher Neustart? Starte durch als Prompt Engineer (m/w/d) – Jetzt bewerben!,mycareernow GmbH,Mülheim an der Ruhr,LinkedIn,https://de.linkedin.com/jobs/view/beruflicher-neustart%3F-starte-durch-als-prompt-engineer-m-w-d-%E2%80%93-jetzt-bewerben%21-at-mycareernow-gmbh-4290214174?position=33&pageNum=0&refId=O2E6UVPLsWewTGYko9abRg%3D%3D&trackingId=9%2FTUvzUUWgUrGr8v0vMDBg%3D%3D,Not specified,2025-08-23 13:52:35.286495,2025-08-23,,de.linkedin.com/jobs/view/beruflicher-neustart%3F-starte-durch-als-prompt-engineer-m-w-d-%E2%80%93-jetzt-bewerben%21-at-mycareernow-gmbh-4290214174
Beruflicher Neustart? Starte durch als Prompt Engineer (m/w/d) – Jetzt bewerben!,mycareernow GmbH,Mönchengladbach,LinkedIn,https://de.linkedin.com/jobs/view/beruflicher-neustart%3F-starte-durch-als-prompt-engineer-m-w-d-%E2%80%93-jetzt-bewerben%21-at-mycareernow-gmbh-4290212266?position=34&pageNum=0&refId=O2E6UVPLsWewTGYko9abRg%3D%3D&trackingId=MVucD74%2BldGuZ4p5vwfkmA%3D%3D,Not specified,2025-08-23 13:52:35.286620,2025-08-23,,de.linkedin.com/jobs/view/beruflicher-neustart%3F-starte-durch-als-prompt-engineer-m-w-d-%E2%80%93-jetzt-bewerben%21-at-mycareernow-gmbh-4290212266
Beruflicher Neustart? Starte durch als Prompt Engineer (m/w/d) – Jetzt bewerben!,mycareernow GmbH,Moers,LinkedIn,https://de.linkedin.com/jobs/view/beruflicher-neustart%3F-starte-durch-als-prompt-engineer-m-w-d-%E2%80%93-jetzt-bewerben%21-at-mycareernow-gmbh-4290209769?position=35&pageNum=0&refId=O2E6UVPLsWewTGYko9abRg%3D%3D&trackingId=ZvzXUAcwbBfmip8AcYvE%2Bg%3D%3D,Not specified,2025-08-23 13:52:35.286737,2025-08-23,,de.linkedin.com/jobs/view/beruflicher-neustart%3F-starte-durch-als-prompt-engineer-m-w-d-%E2%80%93-jetzt-bewerben%21-at-mycareernow-gmbh-4290209769
Junior Czech Speaking Prompt Evaluator,CallForTalents,Essen,LinkedIn,https://de.linkedin.com/jobs/view/junior-czech-speaking-prompt-evaluator-at-callfortalents-4289582561?position=38&pageNum=0&refId=O2E6UVPLsWewTGYko9abRg%3D%3D&trackingId=kMGAqWGi8pVGuC2DpiEuuQ%3D%3D,Not specified,2025-08-23 13:52:35.287085,2025-08-22,,de.linkedin.com/jobs/view/junior-czech-speaking-prompt-evaluator-at-callfortalents-4289582561
Beruflicher Neustart? Starte durch als Prompt Engineer (m/w/d) – Jetzt bewerben!,mycareernow GmbH,Lobberich,LinkedIn,https://de.linkedin.com/jobs/view/beruflicher-neustart%3F-starte-durch-als-prompt-engineer-m-w-d-%E2%80%93-jetzt-bewerben%21-at-mycareernow-gmbh-4290211359?position=47&pageNum=0&refId=O2E6UVPLsWewTGYko9abRg%3D%3D&trackingId=nTSt88yUoP702R3uPOkKgg%3D%3D,Not specified,2025-08-23 13:52:35.288136,2025-08-23,,de.linkedin.com/jobs/view/beruflicher-neustart%3F-starte-durch-als-prompt-engineer-m-w-d-%E2%80%93-jetzt-bewerben%21-at-mycareernow-gmbh-4290211359
Junior Croatian Speaking Prompt Evaluator,CallForTalents,Essen,LinkedIn,https://de.linkedin.com/jobs/view/junior-croatian-speaking-prompt-evaluator-at-callfortalents-4289588189?position=60&pageNum=0&refId=O2E6UVPLsWewTGYko9abRg%3D%3D&trackingId=GOvZuSWGzt5rZoUhGnlBmA%3D%3D,Not specified,2025-08-23 13:52:35.289639,2025-08-22,,de.linkedin.com/jobs/view/junior-croatian-speaking-prompt-evaluator-at-callfortalents-4289588189
Prompt Engineer (m/w/d) – Starte jetzt in deine Zukunft mit KI,mycareernow GmbH,Freiburg im Breisgau,LinkedIn,https://de.linkedin.com/jobs/view/prompt-engineer-m-w-d-%E2%80%93-starte-jetzt-in-deine-zukunft-mit-ki-at-mycareernow-gmbh-4289956238?position=1&pageNum=0&refId=hhV9gJCgdSZ9N3uHisxd0Q%3D%3D&trackingId=Bu%2BQ7lvoWPhbBF79aBMidg%3D%3D,Not specified,2025-08-23 13:52:48.476546,2025-08-22,,de.linkedin.com/jobs/view/prompt-engineer-m-w-d-%E2%80%93-starte-jetzt-in-deine-zukunft-mit-ki-at-mycareernow-gmbh-4289956238
Beruflicher Neustart? Starte durch als Prompt Engineer (m/w/d) – Jetzt bewerben!,mycareernow GmbH,Lahr/Schwarzwald,LinkedIn,https://de.linkedin.com/jobs/view/beruflicher-neustart%3F-starte-durch-als-prompt-engineer-m-w-d-%E2%80%93-jetzt-bewerben%21-at-mycareernow-gmbh-4290208899?position=2&pageNum=0&refId=hhV9gJCgdSZ9N3uHisxd0Q%3D%3D&trackingId=O7w5HJZqntsT4iFJas8y5A%3D%3D,Not specified,2025-08-23 13:52:48.476733,2025-08-23,,de.linkedin.com/jobs/view/beruflicher-neustart%3F-starte-durch-als-prompt-engineer-m-w-d-%E2%80%93-jetzt-bewerben%21-at-mycareernow-gmbh-4290208899
Beruflicher Neustart? Starte durch als Prompt Engineer (m/w/d) – Jetzt bewerben!,mycareernow GmbH,Nürnberg,LinkedIn,https://de.linkedin.com/jobs/view/beruflicher-neustart%3F-starte-durch-als-prompt-engineer-m-w-d-%E2%80%93-jetzt-bewerben%21-at-mycareernow-gmbh-4290211352?position=1&pageNum=0&refId=3tRJdM4%2BIg9PhTCWGn85tg%3D%3D&trackingId=rYfrDR3NWiNXAnjYV%2BLRAQ%3D%3D,Not specified,2025-08-23 13:53:02.899691,2025-08-23,,de.linkedin.com/jobs/view/beruflicher-neustart%3F-starte-durch-als-prompt-engineer-m-w-d-%E2%80%93-jetzt-bewerben%21-at-mycareernow-gmbh-4290211352
Senior Machine Learning Ops Expert (m/w/d),BWI GmbH,Nürnberg,LinkedIn,https://de.linkedin.com/jobs/view/senior-machine-learning-ops-expert-m-w-d-at-bwi-gmbh-4278797173?position=2&pageNum=0&refId=3tRJdM4%2BIg9PhTCWGn85tg%3D%3D&trackingId=glxSjsd45r6dWygrMw1YwQ%3D%3D,Not specified,2025-08-23 13:53:02.899880,2025-08-23,,de.linkedin.com/jobs/view/senior-machine-learning-ops-expert-m-w-d-at-bwi-gmbh-4278797173
Senior Consultant Banking AI (all genders),adesso SE,Nürnberg,LinkedIn,https://de.linkedin.com/jobs/view/senior-consultant-banking-ai-all-genders-at-adesso-se-4277926750?position=3&pageNum=0&refId=3tRJdM4%2BIg9PhTCWGn85tg%3D%3D&trackingId=9%2BRvtmymSlvycHd%2B1VtTQw%3D%3D,Not specified,2025-08-23 13:53:02.900061,2025-08-23,,de.linkedin.com/jobs/view/senior-consultant-banking-ai-all-genders-at-adesso-se-4277926750
IT-Consultant Conversational AI (all genders),adesso SE,Nürnberg,LinkedIn,https://de.linkedin.com/jobs/view/it-consultant-conversational-ai-all-genders-at-adesso-se-4277530703?position=7&pageNum=0&refId=3tRJdM4%2BIg9PhTCWGn85tg%3D%3D&trackingId=skGz%2B99LXI1nH7cifbDdhg%3D%3D,Not specified,2025-08-23 13:53:02.900790,2025-08-23,,de.linkedin.com/jobs/view/it-consultant-conversational-ai-all-genders-at-adesso-se-4277530703
Senior IT-Architect im Geschäftsfeld Analytics & Simulation (m/w/d),BWI GmbH,Nürnberg,LinkedIn,https://de.linkedin.com/jobs/view/senior-it-architect-im-gesch%C3%A4ftsfeld-analytics-simulation-m-w-d-at-bwi-gmbh-4278793927?position=10&pageNum=0&refId=3tRJdM4%2BIg9PhTCWGn85tg%3D%3D&trackingId=aWHc6fNjoutZmoxYL3xeGw%3D%3D,Not specified,2025-08-23 13:53:02.901317,2025-08-23,,de.linkedin.com/jobs/view/senior-it-architect-im-gesch%C3%A4ftsfeld-analytics-simulation-m-w-d-at-bwi-gmbh-4278793927
AI Solution Engineer (m/w/d),Güntner,Fürstenfeldbruck,LinkedIn,https://de.linkedin.com/jobs/view/ai-solution-engineer-m-w-d-at-g%C3%BCntner-4289902691?position=1&pageNum=0&refId=FCQ3AD7%2BlV3aC%2FBa17Q8xQ%3D%3D&trackingId=BnR6x2Zw5JOBBkg7OVXwVg%3D%3D,Not specified,2025-08-23 13:53:19.477621,2025-08-22,,de.linkedin.com/jobs/view/ai-solution-engineer-m-w-d-at-g%C3%BCntner-4289902691
Senior Consultant Banking AI (all genders),adesso SE,Augsburg,LinkedIn,https://de.linkedin.com/jobs/view/senior-consultant-banking-ai-all-genders-at-adesso-se-4277924922?position=6&pageNum=0&refId=FCQ3AD7%2BlV3aC%2FBa17Q8xQ%3D%3D&trackingId=OkOsHEaMSt0pzlBnmOf9CQ%3D%3D,Not specified,2025-08-23 13:53:19.478533,2025-08-23,,de.linkedin.com/jobs/view/senior-consultant-banking-ai-all-genders-at-adesso-se-4277924922
IT-Consultant Conversational AI (all genders),adesso SE,Augsburg,LinkedIn,https://de.linkedin.com/jobs/view/it-consultant-conversational-ai-all-genders-at-adesso-se-4277532133?position=7&pageNum=0&refId=FCQ3AD7%2BlV3aC%2FBa17Q8xQ%3D%3D&trackingId=yrT%2BHJWswG7vBBiAeuNjHg%3D%3D,Not specified,2025-08-23 13:53:19.478699,2025-08-23,,de.linkedin.com/jobs/view/it-consultant-conversational-ai-all-genders-at-adesso-se-4277532133
Prompt Engineer (m/w/d) – Starte jetzt in deine Zukunft mit KI,mycareernow GmbH,Fürth,LinkedIn,https://de.linkedin.com/jobs/view/prompt-engineer-m-w-d-%E2%80%93-starte-jetzt-in-deine-zukunft-mit-ki-at-mycareernow-gmbh-4290214151?position=1&pageNum=0&refId=TApwKm1684obNjtiVwfgtA%3D%3D&trackingId=QYcEwY09vXZTZ9TDAIqYlQ%3D%3D,Not specified,2025-08-23 13:53:36.903571,2025-08-23,,de.linkedin.com/jobs/view/prompt-engineer-m-w-d-%E2%80%93-starte-jetzt-in-deine-zukunft-mit-ki-at-mycareernow-gmbh-4290214151
Senior Machine Learning Engineer,Autodesk,Parsberg,LinkedIn,https://de.linkedin.com/jobs/view/senior-machine-learning-engineer-at-autodesk-4264355176?position=2&pageNum=0&refId=TApwKm1684obNjtiVwfgtA%3D%3D&trackingId=Inmx81gNPOi0Ax4%2FkoIX1g%3D%3D,Not specified,2025-08-23 13:53:36.903737,2025-08-23,,de.linkedin.com/jobs/view/senior-machine-learning-engineer-at-autodesk-4264355176
Digital Workplace Services Partner(m/w/d) - Germany,Infosys,Erlangen,LinkedIn,https://de.linkedin.com/jobs/view/digital-workplace-services-partner-m-w-d-germany-at-infosys-4287157124?position=10&pageNum=0&refId=TApwKm1684obNjtiVwfgtA%3D%3D&trackingId=Uu5wPmRL0XhgNJ6Ctk0iFg%3D%3D,Not specified,2025-08-23 13:53:36.904977,2025-08-22,,de.linkedin.com/jobs/view/digital-workplace-services-partner-m-w-d-germany-at-infosys-4287157124
AI Platform Engineer (d/m/w),TieTalent,Burgdorf,LinkedIn,https://de.linkedin.com/jobs/view/ai-platform-engineer-d-m-w-at-tietalent-4290042602?position=5&pageNum=0&refId=m3uxN3KZUGzxDC4qkMqyTQ%3D%3D&trackingId=fIwoX8poEW%2FI0KOC%2FsYIeA%3D%3D,Not specified,2025-08-23 13:53:53.693991,2025-08-23,,de.linkedin.com/jobs/view/ai-platform-engineer-d-m-w-at-tietalent-4290042602
AI Platform Engineer (d/m/w),TieTalent,Burgdorf,LinkedIn,https://de.linkedin.com/jobs/view/ai-platform-engineer-d-m-w-at-tietalent-4290043593?position=6&pageNum=0&refId=m3uxN3KZUGzxDC4qkMqyTQ%3D%3D&trackingId=YccaHeuTzUneUoP%2FchzNQQ%3D%3D,Not specified,2025-08-23 13:53:53.694129,2025-08-23,,de.linkedin.com/jobs/view/ai-platform-engineer-d-m-w-at-tietalent-4290043593
Prompt Engineer (m/w/d) – Starte jetzt in deine Zukunft mit KI,mycareernow GmbH,Hannover,LinkedIn,https://de.linkedin.com/jobs/view/prompt-engineer-m-w-d-%E2%80%93-starte-jetzt-in-deine-zukunft-mit-ki-at-mycareernow-gmbh-4289952628?position=7&pageNum=0&refId=m3uxN3KZUGzxDC4qkMqyTQ%3D%3D&trackingId=o4sPLBrWhQNYTUEfPki49A%3D%3D,Not specified,2025-08-23 13:53:53.694270,2025-08-22,,de.linkedin.com/jobs/view/prompt-engineer-m-w-d-%E2%80%93-starte-jetzt-in-deine-zukunft-mit-ki-at-mycareernow-gmbh-4289952628
Prompt Engineer (m/w/d) – Starte jetzt in deine Zukunft mit KI,mycareernow GmbH,Garbsen,LinkedIn,https://de.linkedin.com/jobs/view/prompt-engineer-m-w-d-%E2%80%93-starte-jetzt-in-deine-zukunft-mit-ki-at-mycareernow-gmbh-4289950769?position=8&pageNum=0&refId=m3uxN3KZUGzxDC4qkMqyTQ%3D%3D&trackingId=bCBhGPirpMjl7H2nXhNtrA%3D%3D,Not specified,2025-08-23 13:53:53.694410,2025-08-22,,de.linkedin.com/jobs/view/prompt-engineer-m-w-d-%E2%80%93-starte-jetzt-in-deine-zukunft-mit-ki-at-mycareernow-gmbh-4289950769
Senior Machine Learning Engineer,Autodesk,Hannover,LinkedIn,https://de.linkedin.com/jobs/view/senior-machine-learning-engineer-at-autodesk-4264356153?position=9&pageNum=0&refId=m3uxN3KZUGzxDC4qkMqyTQ%3D%3D&trackingId=GQO6I3%2Bs2umHVjv2nvd%2F0w%3D%3D,Not specified,2025-08-23 13:53:53.694546,2025-08-23,,de.linkedin.com/jobs/view/senior-machine-learning-engineer-at-autodesk-4264356153
Prompt Engineer (m/w/d) – Starte jetzt in deine Zukunft mit KI,mycareernow GmbH,Hildesheim,LinkedIn,https://de.linkedin.com/jobs/view/prompt-engineer-m-w-d-%E2%80%93-starte-jetzt-in-deine-zukunft-mit-ki-at-mycareernow-gmbh-4289948945?position=10&pageNum=0&refId=m3uxN3KZUGzxDC4qkMqyTQ%3D%3D&trackingId=NVDc62ivXYs596ZJdFECSQ%3D%3D,Not specified,2025-08-23 13:53:53.694682,2025-08-22,,de.linkedin.com/jobs/view/prompt-engineer-m-w-d-%E2%80%93-starte-jetzt-in-deine-zukunft-mit-ki-at-mycareernow-gmbh-4289948945
Prompt Engineer (m/w/d) – Starte jetzt in deine Zukunft mit KI,mycareernow GmbH,Hameln,LinkedIn,https://de.linkedin.com/jobs/view/prompt-engineer-m-w-d-%E2%80%93-starte-jetzt-in-deine-zukunft-mit-ki-at-mycareernow-gmbh-4290209750?position=11&pageNum=0&refId=m3uxN3KZUGzxDC4qkMqyTQ%3D%3D&trackingId=11J3UOCawWDOQrk66zfa7g%3D%3D,Not specified,2025-08-23 13:53:53.694819,2025-08-23,,de.linkedin.com/jobs/view/prompt-engineer-m-w-d-%E2%80%93-starte-jetzt-in-deine-zukunft-mit-ki-at-mycareernow-gmbh-4290209750
Softwarearchitekt - Künstliche Intelligenz,Finanz Informatik,Hannover,LinkedIn,https://de.linkedin.com/jobs/view/softwarearchitekt-k%C3%BCnstliche-intelligenz-at-finanz-informatik-4263361166?position=14&pageNum=0&refId=m3uxN3KZUGzxDC4qkMqyTQ%3D%3D&trackingId=Oq5X%2FOuVl45DPdWZoeFlKA%3D%3D,Not specified,2025-08-23 13:53:53.695231,2025-08-22,,de.linkedin.com/jobs/view/softwarearchitekt-k%C3%BCnstliche-intelligenz-at-finanz-informatik-4263361166
Beruflicher Neustart? Starte durch als Prompt Engineer (m/w/d) – Jetzt bewerben!,mycareernow GmbH,Langenhagen,LinkedIn,https://de.linkedin.com/jobs/view/beruflicher-neustart%3F-starte-durch-als-prompt-engineer-m-w-d-%E2%80%93-jetzt-bewerben%21-at-mycareernow-gmbh-4290215021?position=15&pageNum=0&refId=m3uxN3KZUGzxDC4qkMqyTQ%3D%3D&trackingId=jZ2c8hBPpuneEYvZmC2M3w%3D%3D,Not specified,2025-08-23 13:53:53.695362,2025-08-23,,de.linkedin.com/jobs/view/beruflicher-neustart%3F-starte-durch-als-prompt-engineer-m-w-d-%E2%80%93-jetzt-bewerben%21-at-mycareernow-gmbh-4290215021
Beruflicher Neustart? Starte durch als Prompt Engineer (m/w/d) – Jetzt bewerben!,mycareernow GmbH,Lehrte,LinkedIn,https://de.linkedin.com/jobs/view/beruflicher-neustart%3F-starte-durch-als-prompt-engineer-m-w-d-%E2%80%93-jetzt-bewerben%21-at-mycareernow-gmbh-4290215026?position=16&pageNum=0&refId=m3uxN3KZUGzxDC4qkMqyTQ%3D%3D&trackingId=WrqXTzwsctmsc1llEYUKqA%3D%3D,Not specified,2025-08-23 13:53:53.695489,2025-08-23,,de.linkedin.com/jobs/view/beruflicher-neustart%3F-starte-durch-als-prompt-engineer-m-w-d-%E2%80%93-jetzt-bewerben%21-at-mycareernow-gmbh-4290215026
Beruflicher Neustart? Starte durch als Prompt Engineer (m/w/d) – Jetzt bewerben!,mycareernow GmbH,Neustadt am Rübenberge,LinkedIn,https://de.linkedin.com/jobs/view/beruflicher-neustart%3F-starte-durch-als-prompt-engineer-m-w-d-%E2%80%93-jetzt-bewerben%21-at-mycareernow-gmbh-4290214179?position=18&pageNum=0&refId=m3uxN3KZUGzxDC4qkMqyTQ%3D%3D&trackingId=C9sy0W675ziFUxoNcmJSyA%3D%3D,Not specified,2025-08-23 13:53:53.695742,2025-08-23,,de.linkedin.com/jobs/view/beruflicher-neustart%3F-starte-durch-als-prompt-engineer-m-w-d-%E2%80%93-jetzt-bewerben%21-at-mycareernow-gmbh-4290214179
Senior Consultant Banking AI (all genders),adesso SE,Hannover,LinkedIn,https://de.linkedin.com/jobs/view/senior-consultant-banking-ai-all-genders-at-adesso-se-4277930117?position=31&pageNum=0&refId=m3uxN3KZUGzxDC4qkMqyTQ%3D%3D&trackingId=aBuh%2FYTMC3LBNMjlr76sFw%3D%3D,Not specified,2025-08-23 13:53:53.697368,2025-08-23,,de.linkedin.com/jobs/view/senior-consultant-banking-ai-all-genders-at-adesso-se-4277930117
IT-Consultant Conversational AI (all genders),adesso SE,Hannover,LinkedIn,https://de.linkedin.com/jobs/view/it-consultant-conversational-ai-all-genders-at-adesso-se-4277534069?position=32&pageNum=0&refId=m3uxN3KZUGzxDC4qkMqyTQ%3D%3D&trackingId=WWC9GqdR2W6K8R%2Bp9Tf7iQ%3D%3D,Not specified,2025-08-23 13:53:53.697493,2025-08-23,,de.linkedin.com/jobs/view/it-consultant-conversational-ai-all-genders-at-adesso-se-4277534069
Senior Inhouse Consultant Workday Finance (m/f/d),IU Internationale Hochschule,Hannover,LinkedIn,https://de.linkedin.com/jobs/view/senior-inhouse-consultant-workday-finance-m-f-d-at-iu-international-university-of-applied-sciences-4264650652?position=35&pageNum=0&refId=m3uxN3KZUGzxDC4qkMqyTQ%3D%3D&trackingId=AxYC2HprFLRuOssN%2BnE5PQ%3D%3D,Not specified,2025-08-23 13:53:53.697869,2025-08-22,,de.linkedin.com/jobs/view/senior-inhouse-consultant-workday-finance-m-f-d-at-iu-international-university-of-applied-sciences-4264650652
