title,company,location,source,url,salary,scraped_at,posted_at,description,job_id
AI-Spezialist (m/w/d),Metzler GmbH,"Reutlingen, Baden-Württemberg, Germany",LinkedIn,https://de.linkedin.com/jobs/view/ai-spezialist-m-w-d-at-metzler-gmbh-4284086096?position=1&pageNum=0&refId=FUhhyyVLgZlTvCgEtO7c9w%3D%3D&trackingId=TdDjbCx7OoTj2vk6kIeHvw%3D%3D,Not specified,2025-08-13 17:00:40.238492,2025-08-13,"Über uns: Die Metzler GmbH ist ein führender Anbieter von hochwertigen Briefkästen, Hausnummern, Türklingeln und Sprechanlagen in Deutschland und Europa. Seit unserer Gründung im Jahr 2013 haben wir über 1,2 Millionen Kunden beliefert und legen großen Wert auf Qualität, Design und Nachhaltigkeit. Ihre Aufgaben: Überblick behalten: Sie verfolgen kontinuierlich die Entwicklungen im Bereich der Künstlichen Intelligenz (KI) und identifizieren innovative Anwendungsmöglichkeiten für unser Unternehmen. Impulsgeber sein: Als interner Berater führen Sie Bedarfsanalysen mit verschiedenen Fachbereichen durch und entwickeln maßgeschneiderte KI-Lösungen für interne und externe Anwendungen. Datenanalyse und Modellierung: Sie analysieren Daten, erstellen geeignete Datengrundlagen, wählen passende Algorithmen aus oder programmieren diese selbst, trainieren KI-Modelle und implementieren abschließend funktionsfähige KI-Lösungen. Innovative Services entwickeln: Mit Hilfe von KI-Technologien entwickeln Sie neue Services und Dienstleistungen, die unser Produktportfolio erweitern und unseren Kunden Mehrwert bieten. Prozessautomatisierung: Sie identifizieren Automatisierungspotenziale in unseren Geschäftsprozessen und setzen diese durch den Einsatz von KI-Technologien um, um Effizienz und Qualität zu steigern. Ihr Profil: Ausbildung: Abgeschlossenes Studium in Informatik, Data Science, Mathematik oder einem vergleichbaren Fachgebiet. Berufserfahrung: Praktische Erfahrung in der Anwendung von KI in komplexen Projekten. Fachkenntnisse: Fundierte Kenntnisse in Datenanalyse, maschinellem Lernen und der Entwicklung von KI-Modellen. Erfahrung mit Programmiersprachen wie Python oder R sowie mit KI-Frameworks und -Tools wünschenswert. Analytische Fähigkeiten: Ausgeprägtes analytisches Denkvermögen und die Fähigkeit, komplexe Sachverhalte zu durchdringen. Kommunikationsstärke: Fähigkeit, technische Sachverhalte verständlich zu vermitteln und effektiv mit verschiedenen Stakeholdern zu kommunizieren. Teamfähigkeit: Sie arbeiten gerne im Team, sind kreativ, belastbar und verfügen über ein gutes Zeitmanagement. Wir bieten: Sicherer Arbeitsplatz: Eine unbefristete Festanstellung in einem wachstumsstarken Unternehmen. Arbeitsklima: Ein angenehmes Arbeitsumfeld mit flachen Hierarchien und kurzen Entscheidungswegen. Vergütung: Eine attraktive, leistungsorientierte Vergütung. Weiterentwicklung: Möglichkeiten zur persönlichen und fachlichen Weiterentwicklung durch Schulungen und Workshops. Innovation: Die Chance, in einem innovativen Umfeld die Zukunft unseres Unternehmens aktiv mitzugestalten. Haben wir Ihr Interesse geweckt? Dann freuen wir uns auf Ihre aussagekräftige Bewerbung unter Angabe Ihrer Gehaltsvorstellung und des frühestmöglichen Eintrittstermins. Bitte senden Sie Ihre Unterlagen per E-Mail an d.schaedler@metzlergmbh.de Werden Sie Teil unseres Teams und gestalten Sie mit uns die Zukunft des E-Commerce! Arbeitsort: Täleswiesenstr. 9, 72770 Reutlingen",de.linkedin.com/jobs/view/ai-spezialist-m-w-d-at-metzler-gmbh-4284086096
Senior Machine Learning Engineer,Enigma,"Baden-Württemberg, Germany",LinkedIn,https://de.linkedin.com/jobs/view/senior-machine-learning-engineer-at-enigma-4284112318?position=2&pageNum=0&refId=FUhhyyVLgZlTvCgEtO7c9w%3D%3D&trackingId=ipNVhBuy5TgmQ%2FrhJ%2FKrzQ%3D%3D,Not specified,2025-08-13 17:00:40.239733,2025-08-13,"Senior Machine Learning Engineer | Tensorflow | Pytorch | Python | C++ | Autonomous Driving Senior Machine Learning Engineer Our client is an innovative company developing advanced AI solutions for real-time perception and decision-making in complex environments. Their technology is already being integrated into real-world applications across the mobility and automation sectors. In this role, you will: Contribute to the design and evolution of deep learning models used for environmental perception Tackle performance tuning and model integration on embedded or production-grade computing platforms Work on refining internal pipelines for data processing, model training, and evaluation Support real-world testing efforts by validating features in real-time operational scenarios What you’ll need: MSc or PhD in Computer Science, Robotics, or a related technical discipline Experience solving problems with machine learning using frameworks like TensorFlow or PyTorch Proficiency in both C++ and Python A strong team-oriented mindset and eagerness to learn Bonus experience: Work in computer vision or autonomous system projects Applied ML for 3D perception or environmental understanding Experience with mid-to-large-scale software development projects What’s on offer: Opportunity to work on cutting-edge AI technology in a highly skilled and passionate team Flat hierarchies and fast decision-making processes Flexible work schedule Competitive salary Stock options available Machine Learning Engineer | Tensorflow | Pytorch | Python | C++ | Autonomous Driving",de.linkedin.com/jobs/view/senior-machine-learning-engineer-at-enigma-4284112318
Performance Analyst (m/w/d/x),pilot group,"Stuttgart, Baden-Württemberg, Germany",LinkedIn,https://de.linkedin.com/jobs/view/performance-analyst-m-w-d-x-at-pilot-group-4284116753?position=3&pageNum=0&refId=FUhhyyVLgZlTvCgEtO7c9w%3D%3D&trackingId=FY58Ss1pLoAgQtnkyPZyGA%3D%3D,Not specified,2025-08-13 17:00:40.239891,2025-08-13,"Das erwartet dich bei uns: Du bist für die konstante Aufbereitung und Interpretation von Kampagnendaten und Performancekennziffern für unsere Kund*innen zuständig. Du agierst als zentrale Schnittstelle zwischen den Kampagnen- & Kund*innen Anforderungen und der technischen Umsetzung durch das Data Team, um die Entwicklung professioneller Data Pipelines voranzutreiben. Du analysierst alle Daten, definierst eine belastbare und nachhaltige Datenstruktur und überführst diese in ein zukunftsfähiges Datenmodell. Du führst Korrelationsanalysen durch und leitest daraus Frühwarn-KPIs für laufende Kampagnen ab. Du wirkst maßgeblich am Aufbau von Attribution Analytics mit, auch unter Einbeziehung von Modelings und Werbedruck-Analytics und arbeitest dabei eng mit unserem Data-Team zusammen. Du übernimmst das Projektmanagement für deinen Aufgabenbereich und stimmst dich dabei eng mit den Kolleg*innen ab. Du stehst in direktem Kundenkontakt und übernimmst eine beratende Rolle bei der Diskussion von Handlungsempfehlungen. Das solltest du mitbringen: Du bringst bereits erste Berufserfahrungen im Bereich Performance Analytics mit, idealerweise aus einer Agentur. Du bringst fundierte Kenntnisse in Media & Performance-Marketing KPIs mit. Deine analytischen Fähigkeiten sind stark ausgeprägt und du kannst Datensätze aus diversen Quellen, schwerpunktmäßig in Excel, selbstständig organisieren und interpretieren. Idealerweise bringst du erste Kenntnisse in SQL und/oder Python mit, um fachliche Anforderungen präzise für das technische Team formulieren zu können. Du besitzt ein datengetriebenes Mindset und die Fähigkeit, komplexe Analysen in verständliche Handlungsempfehlungen zu übersetzen. Du bist kommunikationsstark und souverän im direkten Kundenkontakt. Eine hohe Lernbereitschaft und Neugierde für neue analytische Methoden und Tools zeichnen dich aus. Eine hohe Eigenständigkeit, eine proaktive Herangehensweise und eine strukturierte Arbeitsweise zeichnen dich aus. Du bringst sehr gute Deutschkenntnisse mit. Und das gibt's obendrauf: Zentrales & modernes Büro Regelmäßige Mitarbeiter­updates Gestaltungs­spielraum Teamspirit & gemeinschaftliche Atmosphäre Coachings & Schulungen pilot Talent­schmiede & Onboarding Transparente Feedback­kultur Deutschlandticket-Zuschuss Massagen im Büro Zuschuss zur Fitnessclub-Mitglied­schaft International Exchange (LocalPlanet) Präsente zu Jubiläen & zum Ende der Probezeit Soziales Engagement",de.linkedin.com/jobs/view/performance-analyst-m-w-d-x-at-pilot-group-4284116753
Germany – PhD in Hydrological Modelling with Machine Learning at University of Stuttgart,PhDFinder,Stuttgart Region,LinkedIn,https://de.linkedin.com/jobs/view/germany-%E2%80%93-phd-in-hydrological-modelling-with-machine-learning-at-university-of-stuttgart-at-phdfinder-4283799439?position=4&pageNum=0&refId=FUhhyyVLgZlTvCgEtO7c9w%3D%3D&trackingId=qrQMQbPStUVB%2ByH9T2vVLw%3D%3D,Not specified,2025-08-13 17:00:40.240034,2025-08-12,"University: University of Stuttgart Country: Germany Deadline: 2025-10-01 Fields: hydrology, environmental engineering, data science, applied mathematics, civil engineering Are you passionate about harnessing the power of artificial intelligence to solve pressing environmental challenges, and do you envision your research making a tangible impact on water management and hydrological prediction? If you are eager to advance your career at the intersection of machine learning, hydrology, and environmental engineering, this opportunity at the University of Stuttgart could be the perfect next step. About The University Or Research Institute The University of Stuttgart stands as a beacon of innovation and excellence in research and teaching, located in one of Europe’s most vibrant industrial regions. Renowned for its multidisciplinary approach, the university fosters a collaborative academic environment that brings together students and researchers from over 100 countries. With a strong focus on knowledge and technology transfer, the University of Stuttgart is deeply integrated with both the local and international scientific communities. Its Faculty of Civil and Environmental Engineering is particularly noted for pioneering research in water sciences, simulation technology, and sustainable engineering practices. The city of Stuttgart, a hub for engineering and environmental sciences, offers an outstanding quality of life, rich cultural experiences, and a welcoming atmosphere for international scholars. Research Topic and Significance The advertised PhD project, “End-to-End Hydrological Modelling Using Machine Learning: Leveraging Transformers and Opportunistic Sensor Data for Hydrological Predictions,” lies at the forefront of modern environmental science. Traditional hydrological models, while foundational, often fall short in capturing the nonlinear complexities of real-world water systems due to their reliance on simplified assumptions and linear relationships. Recent advances in machine learning, particularly in neural networks and deep learning architectures, have opened new avenues for data-driven modelling in hydrology. This research aims to integrate state-of-the-art machine learning techniques—specifically Transformers and Neural Ordinary Differential Equations (Neural ODEs)—with diverse and opportunistic sensor data. The goal is to develop robust, end-to-end hydrological models that can accurately predict rainfall and runoff, even when data is sparse or heterogeneous. The significance of this research extends to better forecasting of extreme hydrological events, improved water resource management, and enhanced understanding of complex environmental systems. By bridging the gap between physics-based and data-driven approaches, this project has the potential to set new standards in hydrological prediction and environmental monitoring. Also See PhD Position in Hydrological and Water Resource Modelling in the Himalayan Region of Ladakh at NTNU PhD Position in Hydrological Modelling and Water Management at University of Twente Canada – Fully Funded PhD in Drought Modelling at University of Saskatchewan Fully Funded MSc by Research at Cranfield: Tackling PFAS in Water PhD Positions in Climate and Groundwater Research at UNSW Sydney Project Details This PhD position is part of the international Doctoral Program “Environment Water” (ENWAT), offered by the Faculty of Civil and Environmental Engineering Sciences at the University of Stuttgart in collaboration with the German Academic Exchange Service (DAAD). The successful candidate will join the Chair of Stochastic Simulation and Safety Research for Hydrosystems (LS3) at the Institute for Modelling Hydraulic and Environmental Systems (IWS), with possible association to the Stuttgart Centre for Simulation Technology (SC SimTech). Supervision will be provided by a distinguished team: Prof. Dr.-Ing. Wolfgang Nowak, apl. Prof. Sergey Oladyshkin, and Dr. rer. nat. Jochen Seidel. The research will focus on developing and applying advanced machine learning models—especially Transformers and Neural ODEs—to integrate diverse sensor data for hydrological forecasting. The candidate will benefit from a vibrant research environment, access to cutting-edge computational resources, and opportunities for interdisciplinary collaboration. Key project keywords include: hydrological modelling, model development, deep learning, transformers, and data-driven modelling. Candidate Profile This position is ideally suited for ambitious and talented individuals who possess: – A Master’s degree (MSc, Dipl.-Ing., or equivalent) in hydrology, environmental sciences, hydrogeology, water management, civil engineering, data sciences, statistics, applied mathematics, or a closely related field. – Programming skills (e.g., Python, MATLAB, Julia). – Experience in scientific writing and presentation. – Ability to work independently and as part of a team. – Willingness to learn new concepts and methods. – Prior experience (through coursework or thesis) in hydrological modelling or machine learning. – Motivation to contribute to the research group’s goals and culture. Additional Requirements Include – Submission of a CV/resume detailing academic background, skills, publications, and achievements. – Copies of all degree certificates and transcripts, including grade scales and certified English translations if necessary. – No more than 6 years since the last degree at the time of DAAD nomination (December 2025). – Only international (non-German) applicants are eligible; candidates must not have resided in Germany for more than 15 months at the time of nomination. – Proof of English proficiency (TOEFL, IELTS, or evidence of English-medium education). – Two recent reference letters from university professors. – A motivation letter (1 page) outlining relevant experience and research goals. – A summary of relevant information about the applicant (1 page). Application Process The application deadline is 2025-10-01. Required Applications should be submitted via the University of Stuttgart’s official career portal. Please ensure all required documents are included and adhere to the guidelines outlined in the official advertisement: https://careers.uni-stuttgart.de/job/Stuttgart-End-to-End-Hydrological-Modelling-Using-Machine-Learning-Leveraging-Transformers-and-Opportunistic/1167499955/ The University of Stuttgart offers a scholarship of 1300 € per month for up to 48 months (100% working hours). The position is based at the Stuttgart Campus Vaihingen, providing access to world-class research facilities and a supportive international community. Conclusion If you are driven by a desire to advance scientific understanding at the interface of hydrology and artificial intelligence, and you seek a stimulating, international research environment, this PhD position at the University of Stuttgart is an exceptional opportunity. We encourage all qualified candidates to apply and take the next step in their academic journey. For more details and to submit your application, please visit the official advertisement link above. Stay tuned for similar opportunities in engineering and environmental sciences by following updates on this platform. Want to calculate your PhD admission chances? Try it here: https://phdfinder.com/phd_admission_chance_calculator/ Get the latest openings in your field and preferred country—straight to your email inbox. Sign up now for 14 days free: https://phdfinder.com/position-alert-service/ We’re an independent team helping students find opportunities. Found this opportunity helpful? Support us with a coffee!",de.linkedin.com/jobs/view/germany-%E2%80%93-phd-in-hydrological-modelling-with-machine-learning-at-university-of-stuttgart-at-phdfinder-4283799439
Performance Analyst (m/w/d/x),pilot group,Stuttgart Region,LinkedIn,https://de.linkedin.com/jobs/view/performance-analyst-m-w-d-x-at-pilot-group-4284422599?position=6&pageNum=0&refId=FUhhyyVLgZlTvCgEtO7c9w%3D%3D&trackingId=fePyRUjUW6GK51Ecz8xFvQ%3D%3D,Not specified,2025-08-13 17:00:40.240317,2025-08-13,"Das Erwartet Dich Bei Uns Du bist für die konstante Aufbereitung und Interpretation von Kampagnendaten und Performancekennziffern für unsere Kund*innen zuständig. Du agierst als zentrale Schnittstelle zwischen den Kampagnen- & Kund*innen Anforderungen und der technischen Umsetzung durch das Data Team, um die Entwicklung professioneller Data Pipelines voranzutreiben. Du analysierst alle Daten, definierst eine belastbare und nachhaltige Datenstruktur und überführst diese in ein zukunftsfähiges Datenmodell. Du führst Korrelationsanalysen durch und leitest daraus Frühwarn-KPIs für laufende Kampagnen ab. Du wirkst maßgeblich am Aufbau von Attribution Analytics mit, auch unter Einbeziehung von Modelings und Werbedruck-Analytics und arbeitest dabei eng mit unserem Data-Team zusammen. Du übernimmst das Projektmanagement für deinen Aufgabenbereich und stimmst dich dabei eng mit den Kolleg*innen ab. Du stehst in direktem Kundenkontakt und übernimmst eine beratende Rolle bei der Diskussion von Handlungsempfehlungen. Das Solltest Du Mitbringen Du bringst bereits erste Berufserfahrungen im Bereich Performance Analytics mit, idealerweise aus einer Agentur. Du bringst fundierte Kenntnisse in Media & Performance-Marketing KPIs mit. Deine analytischen Fähigkeiten sind stark ausgeprägt und du kannst Datensätze aus diversen Quellen, schwerpunktmäßig in Excel, selbstständig organisieren und interpretieren. Idealerweise bringst du erste Kenntnisse in SQL und/oder Python mit, um fachliche Anforderungen präzise für das technische Team formulieren zu können. Du besitzt ein datengetriebenes Mindset und die Fähigkeit, komplexe Analysen in verständliche Handlungsempfehlungen zu übersetzen. Du bist kommunikationsstark und souverän im direkten Kundenkontakt. Eine hohe Lernbereitschaft und Neugierde für neue analytische Methoden und Tools zeichnen dich aus. Eine hohe Eigenständigkeit, eine proaktive Herangehensweise und eine strukturierte Arbeitsweise zeichnen dich aus. Du bringst sehr gute Deutschkenntnisse mit. Und Das Gibt's Obendrauf Zentrales & modernes Büro Regelmäßige Mitarbeiter­updates Gestaltungs­spielraum Teamspirit & gemeinschaftliche Atmosphäre Coachings & Schulungen pilot Talent­schmiede & Onboarding Transparente Feedback­kultur Deutschlandticket-Zuschuss Massagen im Büro Zuschuss zur Fitnessclub-Mitglied­schaft International Exchange (LocalPlanet) Präsente zu Jubiläen & zum Ende der Probezeit Soziales Engagement Bei pilot dreht sich alles um die Menschen, die hinter unseren Erfolgen stehen. Unsere pilot Crew besteht aus engagierten, kreativen und strategischen Köpfen, die gemeinsam die Zukunft der Markenkommunikation gestalten. Was uns auszeichnet, ist nicht nur das optimale Zusammenspiel von Media, Kreation, Forschung und Technologie, sondern vor allem die Menschen, die mit Leidenschaft und Teamgeist jeden Tag den Status Quo herausfordern. Erlebe mehr über die Persönlichkeiten, die unsere Kultur prägen und tauche ein in unsere Welt. Entdecke die Highlights unserer Events und Teamaktivitäten, lerne unsere Fachbereiche kennen und sieh dir an, wie wir bei pilot zusammenarbeiten, um Marken voranzubringen. Besuche unsere pilot Karriereseite",de.linkedin.com/jobs/view/performance-analyst-m-w-d-x-at-pilot-group-4284422599
Senior Artificial Intelligence Specialist (all genders),adesso SE,"Stuttgart, Baden-Württemberg, Germany",LinkedIn,https://de.linkedin.com/jobs/view/senior-artificial-intelligence-specialist-all-genders-at-adesso-se-3733041156?position=7&pageNum=0&refId=FUhhyyVLgZlTvCgEtO7c9w%3D%3D&trackingId=eJnej%2BfIiocjre%2BwSjrRTw%3D%3D,Not specified,2025-08-13 17:00:40.240457,2025-08-13,"Wir gehören zu den Top-Adressen in der IT-Welt und fokussieren uns auf die Optimierung der Kerngeschäfts­prozesse unserer Kunden. Durch den smarten Einsatz maßgeschneiderter IT-Lösungen unterstützen wir unsere Kunden dabei, das Beste aus ihrem Business und aktuellen Technologien herauszuholen. Unseren Erfolg aber erreichen wir nur durch eins: die Menschen bei adesso! Sie bringen Ideen, fachliches Know how und Technologien zusammen. Gemeinsam programmieren wir (deine) Zukunft bei adesso. DEINE ROLLE Branchenübergreifende Beratung: Du berätst unsere Kunden branchenübergreifend bezüglich datengetriebener Lösungen mit einem Fokus auf künstliche Intelligenz. Projektbetreuung: Du betreust die Umsetzung von KI-Projekten ganzheitlich, beginnend bei der Use Case Definition, über die Entwicklung, bis hin zur Operationalisierung. Projekteinsatz: Du übernimmst je nach Seniorität die Rolle eines Product Owners, Requirements Engineers oder Entwicklers in Projekten. Themenentwicklung: Du unterstützt aktiv bei der Entwicklung neuer Themen. DEIN PROFIL Fundiertes Wissen: Erfolgreich abgeschlossenes Studium in den Fachrichtungen Informatik, Data Science, (Computer-)Linguistik, Kognitionswissenschaft oder ein vergleichbarer Studiengang. Eine Promotion ist von Vorteil, aber keine Voraussetzung . Programmierkenntnisse: Gute Kenntnisse in Python oder R, inklusive Entwicklung in der Cloud (z.B. AWS, Azure) Berufserfahrung: Mindestens zwei Jahre Berufserfahrung in einer vergleichbaren Position, inklusive agiler Projekt- bzw. Produktentwicklung Kommunikationsfähigkeiten: Teamgeist mit sehr guten Kommunikations-, Management- und Präsentationsfähigkeiten Leidenschaft: Begeisterung für Beratung, künstliche Intelligenz und die Entwicklung innovativer Produkte Sprachkenntnisse: Fließend in Deutsch und Englisch, weitere Sprachen sind von Vorteil Unser Versprechen: Du wirst dich bei uns wohlfühlen! Kollegial, familiär und auf Augenhöhe – wir leben Austausch, Teamgeist und einen respektvollen Umgang miteinander. Diversität und verschiedene Blickwinkel werden bei uns genauso geschätzt wie du als Mensch. Das und viel mehr steht für unser ganz besonderes Wir-Gefühl. Für das es sogar ein Wort gibt: adessi. Unsere Kultur und das Zusammenarbeiten sind geprägt von gegenseitiger Wertschätzung, Anerkennung und Unterstützung. Das verbindet uns hierarchieübergreifend – auch im Home-Office. So belegen wir zum wiederholten Mal den 1. Platz beim Wettbewerb „Deutschlands Beste Arbeitgeber in der ITK“!. Unser umfangreiches Trainingsangebot und ein transparentes Laufbahnstufenmodell für alle sorgen dafür, dass deine Entwicklung bei uns nicht stillsteht. Denn gemeinsam zu wachsen und Chancengeber zu sein, das ist programmiert in unserer DNA.",de.linkedin.com/jobs/view/senior-artificial-intelligence-specialist-all-genders-at-adesso-se-3733041156
Performance Analyst - befristet (m/w/d/x),pilot group,Stuttgart Region,LinkedIn,https://de.linkedin.com/jobs/view/performance-analyst-befristet-m-w-d-x-at-pilot-group-4284428048?position=9&pageNum=0&refId=FUhhyyVLgZlTvCgEtO7c9w%3D%3D&trackingId=dacCYiLgVXGx8bTFSRLgPg%3D%3D,Not specified,2025-08-13 17:00:40.240735,2025-08-13,"Das Erwartet Dich Bei Uns Du willst deine Expertise im Bereich Performance Analytics einbringen und suchst eine spannende Aufgabe auf Projektbasis? Dann freuen wir uns auf deine Bewerbung und darauf, dich für die Dauer des Projekts in unserem Team willkommen zu heißen. Du bist für die konstante Aufbereitung und Interpretation von Kampagnendaten und Performancekennziffern für unsere Kund*innen zuständig. Du agierst als zentrale Schnittstelle zwischen den Kampagnen- & Kund*innen Anforderungen und der technischen Umsetzung durch das Data Team, um die Entwicklung professioneller Data Pipelines voranzutreiben. Du analysierst alle Daten, definierst eine belastbare und nachhaltige Datenstruktur und überführst diese in ein zukunftsfähiges Datenmodell. Du führst Korrelationsanalysen durch und leitest daraus Frühwarn-KPIs für laufende Kampagnen ab. Du wirkst maßgeblich am Aufbau von Attribution Analytics mit, auch unter Einbeziehung von Modelings und Werbedruck-Analytics und arbeitest dabei eng mit unserem Data-Team zusammen. Du übernimmst das Projektmanagement für deinen Aufgabenbereich und stimmst dich dabei eng mit den Kolleg*innen ab. Du stehst in direktem Kundenkontakt und übernimmst eine beratende Rolle bei der Diskussion von Handlungsempfehlungen. Das Solltest Du Mitbringen Du bringst bereits erste Berufserfahrungen im Bereich Performance Analytics mit, idealerweise aus einer Agentur. Du bringst fundierte Kenntnisse in Media & Performance-Marketing KPIs mit. Deine analytischen Fähigkeiten sind stark ausgeprägt und du kannst Datensätze aus diversen Quellen, schwerpunktmäßig in Excel, selbstständig organisieren und interpretieren. Idealerweise bringst du erste Kenntnisse in SQL und/oder Python mit, um fachliche Anforderungen präzise für das technische Team formulieren zu können. Du besitzt ein datengetriebenes Mindset und die Fähigkeit, komplexe Analysen in verständliche Handlungsempfehlungen zu übersetzen. Du bist kommunikationsstark und souverän im direkten Kundenkontakt. Eine hohe Lernbereitschaft und Neugierde für neue analytische Methoden und Tools zeichnen dich aus. Eine hohe Eigenständigkeit, eine proaktive Herangehensweise und eine strukturierte Arbeitsweise zeichnen dich aus. Du bringst sehr gute Deutschkenntnisse mit. Und Das Gibt's Obendrauf Zentrales & modernes Büro Regelmäßige Mitarbeiter­updates Gestaltungs­spielraum Teamspirit & gemeinschaftliche Atmosphäre Coachings & Schulungen pilot Talent­schmiede & Onboarding Transparente Feedback­kultur Deutschlandticket-Zuschuss Massagen im Büro Zuschuss zur Fitnessclub-Mitglied­schaft International Exchange (LocalPlanet) Präsente zu Jubiläen & zum Ende der Probezeit Soziales Engagement Bei pilot dreht sich alles um die Menschen, die hinter unseren Erfolgen stehen. Unsere pilot Crew besteht aus engagierten, kreativen und strategischen Köpfen, die gemeinsam die Zukunft der Markenkommunikation gestalten. Was uns auszeichnet, ist nicht nur das optimale Zusammenspiel von Media, Kreation, Forschung und Technologie, sondern vor allem die Menschen, die mit Leidenschaft und Teamgeist jeden Tag den Status Quo herausfordern. Erlebe mehr über die Persönlichkeiten, die unsere Kultur prägen und tauche ein in unsere Welt. Entdecke die Highlights unserer Events und Teamaktivitäten, lerne unsere Fachbereiche kennen und sieh dir an, wie wir bei pilot zusammenarbeiten, um Marken voranzubringen. Besuche unsere pilot Karriereseite",de.linkedin.com/jobs/view/performance-analyst-befristet-m-w-d-x-at-pilot-group-4284428048
Consultant Actuarial Risk Modelling & Data Science (w/m/d),PwC Deutschland,"Stuttgart, Baden-Württemberg, Germany",LinkedIn,https://de.linkedin.com/jobs/view/consultant-actuarial-risk-modelling-data-science-w-m-d-at-pwc-deutschland-4283552361?position=11&pageNum=0&refId=FUhhyyVLgZlTvCgEtO7c9w%3D%3D&trackingId=pu3UoMW6i54BtQC%2Fs46sbw%3D%3D,Not specified,2025-08-13 17:00:40.241015,2025-08-12,"Für unseren Geschäftsbereich Risk & Regulatory suchen wir dich zum nächstmöglichen Zeitpunkt als Consultant Actuarial Risk Modelling & Data Science (w/m/d). Das erwartet dich Verantwortungsbereich – Als Teil unseres Teams im Bereich Aktuarwesen wirkst du an spannenden Projekten bei nationalen und internationalen Versicherungsunternehmen mit und unterstützt bei der Bewältigung aktueller Herausforderungen. Beratung – Wir arbeiten mit unseren Mandanten an aktuellen Themen wie der Optimierung und Modernisierung von Geschäftsprozessen und Systemen, der Modellierung und Bewertung, der Einführung von neuen Standards sowie der Anwendung von Data Analytics und KI. Dabei kannst du dich in unserem Team schnell weiterentwickeln und nach und nach mehr Verantwortung übernehmen. Prüfung – Du übernimmst im Team Verantwortung für aktuarielle Prozesse und Bewertungen in Jahres- und Quartalsabschlüssen nach verschiedenen Standards (z.B. HGB, IFRS oder Solvency II). Dabei hast du sowohl die IT/Prozess- als auch die methodische Seite im Blick. Als Aktuar :in bist du bei der Qualitätssicherung und Validierung von aktuariellen Modellen ebenso aktiv wie bei Transaktionen. Das bringst du mit Du hast dein Studium der Mathematik, Wirtschaftsmathematik, Finanzmathematik, Informatik, Wirtschaftsinformatik, Physik oder einer vergleichbaren Fachrichtung abgeschlossen. Du verfügst über erste Erfahrung im Finanz- oder Versicherungsbereich und / oder hast dich im Studium bereits mit versicherungsmathematischen Themen (wie z.B. Pricing, Bewertung, Modellierung, Programmierung, Actuarial Data Science oder Anwendungen von Machine Learning/Predictive Modeling) beschäftigt. Es macht dir Spaß, dich mit komplexen mathematischen Fragen, mit mathematischen Modellen, mit Risikomanagement und Rechnungswesen und/oder Digitalisierung und Prozessgestaltung zu beschäftigen. Du beherrschst die Sprachen Deutsch und Englisch fließend in Wort und Schrift. Du arbeitest gerne in interdisziplinären Teams und bringst ausgeprägte analytische sowie kommunikative Fähigkeiten mit. Außerdem setzt du dich gerne mit komplexen Fragestellungen und kreativen Lösungsmöglichkeiten auseinander. Deine Benefits Flexibilität – Deine Arbeitszeit und deinen Arbeitsort kannst du bei uns - in Abstimmung mit den betrieblichen Anforderungen und arbeitsrechtlichen Bestimmungen - selber bestimmen. Dabei gibt es keine Kernarbeitszeiten und du hast die Möglichkeit, im Home Office sowie in über 40 Ländern zu arbeiten. Masterförderung – Durch unsere interne Academy, internationale Erfahrungen durch Secondments und kontinuierliches Mentoring entwickelst du dich stetig weiter. Darüber hinaus bieten wir die Möglichkeit einer Masterförderung für Examensmaster und Spezialisierungsmaster an. Freizeit – Dank eines Teilzeit-Blockmodells kannst du auch mehrmonatige Auszeiten in Form eines Sabbaticals nehmen. Zusätzlich kannst du bei PwC Deutschland Überstunden auf einem persönlichen Jahresarbeitszeitskonto sammeln. Deine Überstunden kannst du im Laufe des Jahres durch Freizeit ausgleichen. Restliche Überstunden werden einmal jährlich ausgezahlt. Gesundheit – Deine Gesundheit liegt uns am Herzen: Neben einer eigenen betrieblichen Krankenkasse bieten wir auch Vorsorgeuntersuchungen sowie Sportangebote an. Nimm an unserem kostenlosen Betriebssportprogramm teil oder profitiere von vergünstigten Beiträgen in diversen Fitnessstudios oder einer Urban Sports Club-Mitgliedschaft. Das ist noch nicht alles – Wir möchten ein positives Arbeitsumfeld schaffen: Ein Umfeld, in dem flexibles und kreatives Arbeiten möglich ist, in dem Arbeit anerkannt und Leistung honoriert wird und auf das wir stolz sind. Alle Benefits findest du auf unserer Karriereseite. Bei PwC Deutschland arbeiten wir daran, entscheidende Herausforderungen zu lösen, nachhaltige Ergebnisse zu schaffen und das Vertrauen in die Wirtschaft und Gesellschaft auszubauen. Als Teil unseres Governance, Risk & Compliance Teams (kurz GRC) begleitest du Projekte in der Bank- und Versicherungsbranche. Unsere Projekte umfassen diverse Schwerpunkte und reichen vom zahlenbasierten Aktuarswesen, quantitativer Risikomodellierung Modellierung und Risikomanagement bei Banken und Versicherungen bis hin zu Anti Financial Crime, ESG und Klimarisikomanagement. So divers wie unsere Projekte ist auch unser Team aufgestellt: Eine große Varianz an Studienfächern wie Mathematik, MINT, Jura, VWL und BWL sind maßgeblich für unseren Projekterfolg. Kontakt Du hast Fragen zu dieser Position oder deiner Bewerbung? Melde dich gerne bei Juliana Hope unter +49 69 9585-2222 .",de.linkedin.com/jobs/view/consultant-actuarial-risk-modelling-data-science-w-m-d-at-pwc-deutschland-4283552361
(Senior) AI-Architect (all genders),MHP – A Porsche Company,"Ludwigsburg, Baden-Württemberg, Germany",LinkedIn,https://de.linkedin.com/jobs/view/senior-ai-architect-all-genders-at-mhp-%E2%80%93-a-porsche-company-4207767356?position=14&pageNum=0&refId=FUhhyyVLgZlTvCgEtO7c9w%3D%3D&trackingId=hhxiGEuzpbaYJjInnjJOdQ%3D%3D,Not specified,2025-08-13 17:00:40.241435,2025-08-13,"ENABLING YOU TO SHAPE A BETTER TOMORROW Code number: J000015898 Entry level: Professionals Location: Deutschlandweit & Hybrid Work Organization: MHP - A Porsche Company Tasks As a (Senior) AI Architect, you will play a key role in designing and implementing scalable, production-ready data and AI architectures. You will collaborate with data scientists, developers, IT teams, and business stakeholders to build secure, high-performing data infrastructures that drive enterprise-wide digital transformation. The following tasks are waiting for you: Cloud Architecture & AI Integration Consulting: Providing guidance on the design and integration of cloud infrastructures (Azure, AWS) and AI technologies Architecture Development: Designing and implementing scalable Data & AI architectures, including Data Mesh and Lakehouse models, and driving the development of modern AI infrastructures. Pipeline & MLOps Engineering: Collaborating with AI engineers and data scientists to build robust data pipelines, optimize MLOps/LLMOps workflows, and ensure smooth model deployment. Governance & IT Security: Ensuring data quality, security, and compliance through data governance frameworks, system hardening, encryption, access control, and alignment with data protection regulations. Mentoring & Team Development: Supporting the team in developing expertise in AI architecture through technical mentoring, knowledge sharing and leadership Qualifications To be prepared for your journey as AI Architect, you should bring the following qualifications with you: Completed studies in Computer Science, Data Science, Artificial Intelligence, or a related field, with at least 5 years of experience in designing and implementing Data & AI architectures. Passion for developing innovative AI solutions, driving digital transformation and mentoring teams Expertise in cloud technologies (AWS, Azure, GCP), AI/ML models, MLOps, data pipelines (e.g., Spark, Kafka), and modern architecture patterns (e.g. Data Mesh, Lakehouse). Your working method is characterized by a pragmatic mindset, strong analytical thinking, and a structured, solution-oriented approach to complex technical challenges. Things to know before departure: Start Date: By agreement – always at the beginning of the month Working Hours: Full-time (40h); 30 vacation days Employment Type: Indefinite Line of Work: Consulting Language skills: Fluent in English (German is a plus) Flexibility & willingness to travel Other: a valid work permit; if needed, we can apply for the work permit as part of our recruiting process. The process takes time and has an impact on the start date. Exclusive look behind the scenes At MHP, you will continuously grow with your tasks in an innovative and supportive environment. That makes us the perfect sparring partner for your career. Both for functional input and business networking. Among other things, we offer: We support and appreciate colleagues as they are and celebrate our successes together. We always welcome creativity and new impulses. Depending on the project, you can work at home, in the office, or on-site with the customer. With us, you have the opportunity to grow in your tasks, your know-how, and in responsibility. You will find a detailed overview of our benefits here.",de.linkedin.com/jobs/view/senior-ai-architect-all-genders-at-mhp-%E2%80%93-a-porsche-company-4207767356
Senior Solution Engineer (Daimler) - Global Accounts,Snowflake,"Stuttgart, Baden-Württemberg, Germany",LinkedIn,https://de.linkedin.com/jobs/view/senior-solution-engineer-daimler-global-accounts-at-snowflake-4202558455?position=16&pageNum=0&refId=FUhhyyVLgZlTvCgEtO7c9w%3D%3D&trackingId=rzQ9Mb33G7idh1pPHmDuDQ%3D%3D,Not specified,2025-08-13 17:00:40.241711,2025-08-12,"Where Data Does More. Join the Snowflake team. We are looking for a Senior Solution Engineer for the German market who can solve our customer’s most complex problems. In this role you will work directly with the account sales team and channel partners to understand the needs of Daimler, strategize on how to best support them in their adoption and acceleration of the Snowflake products and solutions. As a Snowflake Solution Engineer you share our passion for solving complex data challenges and helping organizations to get the most out of their data assets. Our technical landscape is ever evolving and you are keen to learn new skills and put them into practice on real world challenges. You are able to translate features and functions into solutions that solve business problems, in conversations with technical or business teams, with end users or executives.In this role you will get to: Present Snowflake’s technology and vision to executives and technical contributors at prospects and customers Work hands-on with prospects and customers to demonstrate and communicate the value of Snowflake technology throughout the sales cycle, from demo to proof of concept to design and implementation Create and develop technical champions in your accounts to drive deals and achieve a technical win Be at the cutting edge of Snowflake technology and confidently present Snowflake roadmap features and functionality to customers and/or prospects Immerse and enable yourself in the ever-evolving industry, maintaining a deep understanding of competitive and complementary technologies and vendors and how to position Snowflake in relation to them Work closely with other sales engineers to make each other the best and constantly learn from wins and losses Collaborate with Product Management, Engineering, and Marketing to continuously improve Snowflake’s products and marketing Represent Snowflake at industry or customer events Work with our ecosystem and implementation partners to build joint architectures or collaborate on account strategies and initiatives to help our customers be successful On day one you we will expect you to have: Extensive solution engineering/solution architect experience in a Saas environment or relevant industry experience (analytics, data science, data engineering etc) Proven track record of delivering technical wins & strong customer relationships in your accounts Show leadership and impact beyond your own accounts by uplifting others in your team or region. Outstanding presentation skills to both technical and executive audiences, whether impromptu on a whiteboard or using presentations and demos Understanding of and experience with data architecture, data analytics and cloud technology Hands on experience with SQL Ability to solve customer specific business problems and apply Snowflake’s solutions Customer-facing skills to effectively communicate our vision to a wide variety of technical and executive audiences both written and verbal Fluency in German language - written & spoken Preferred (but not required) to have: Hands on experience with Python Experience working with modern data technology (e.g. dbt, spark, containers, devops tooling, orchestration tools, git, etc.) Experience with data science and machine learning technology People want to buy from people who understand them. Our Sales Engineers build connections, relationships and trust with our customers that last. We love to learn, are open to giving and receiving feedback and are passionate about making our customers and each other successful. Think you have what it takes but not sure that you tick every box above? Apply anyways! We value the broad range of experience our teams bring to the table and believe our customers are more successful because of it. Snowflake is growing fast, and we’re scaling our team to help enable and accelerate our growth. We are looking for people who share our values, challenge ordinary thinking, and push the pace of innovation while building a future for themselves and Snowflake. How do you want to make your impact? For jobs located in the United States, please visit the job posting on the Snowflake Careers Site for salary and benefits information: careers.snowflake.com",de.linkedin.com/jobs/view/senior-solution-engineer-daimler-global-accounts-at-snowflake-4202558455
Azure Global Black Belt (GBB) Cloud & AI Data Specialist,Microsoft,"Baden-Württemberg, Germany",LinkedIn,https://de.linkedin.com/jobs/view/azure-global-black-belt-gbb-cloud-ai-data-specialist-at-microsoft-4283389863?position=17&pageNum=0&refId=FUhhyyVLgZlTvCgEtO7c9w%3D%3D&trackingId=I08l0OPW1vyzWNnsbDsKcA%3D%3D,Not specified,2025-08-13 17:00:40.241852,2025-08-12,,de.linkedin.com/jobs/view/azure-global-black-belt-gbb-cloud-ai-data-specialist-at-microsoft-4283389863
Junior Machine Learning Engineer (m/f/d),Merantix Momentum,"Berlin, Berlin, Germany",LinkedIn,https://de.linkedin.com/jobs/view/junior-machine-learning-engineer-m-f-d-at-merantix-momentum-4282209351?position=1&pageNum=0&refId=XTaIsImydkS3IcNZ5GQaSg%3D%3D&trackingId=Yl0toIRT5ITqHgQAJzMxlA%3D%3D,Not specified,2025-08-13 17:01:18.388751,2025-08-13,"What We Do Merantix Momentum is a Berlin-based AI startup focusing on accelerating AI adoption across many industries through B2B solutions, as well as publicly funded research projects. We work across several domains, including automotive, manufacturing, retail, healthcare and many more, transforming businesses as an external machine learning department. We achieve this using our core expertise in state-of-the-art machine learning combined with our culture of rapid iterations to build scalable solutions. Your role Are you passionate about developing impactful applications of Machine Learning? The Mission of this role is to bring state-of-the-art machine-learning methods to real-world applications from ideation and prototyping to production. These will be your main responsibilities: Scope machine learning projects and assess their technical feasibility through client interaction Implement machine learning methods and apply them to real world use cases Contribute to the development of our internal tech stack Collaborate with data-, backend-, and frontend engineers in order to build production-ready AI solutions Your profile You are proficient in software engineering and the latest Machine- and Deep-Learning technologies, as well as classical Machine Learning methods. You will independently scope, plan, manage, and drive machine learning projects from ideation to production. You are a great fit for our team if this describes you: MSc+ in computer science, Machine Learning, or related technical field; Relevant programming skills in Python with experience with libraries like PyTorch and scikit-learn; Experience in several of the following: time series analysis, optimization problems, probabilistic modelling, computer vision; Proven ability to independently complete complex, real-world technical projects; Appreciation for sound engineering practices like version control, clean code, code review, testing, CI/CD, and automation; Ability to interact with clients, to understand their problems, and to design and explain complex technical solutions; Fluency in English (German is a plus); What We Offer What we offer We have a flexible work-from-home policy; Brand new office situated on the AI Campus in Berlin; We offer Visa Sponsorship; Hardware allowance. We give you support to have all the equipment you would need to thrive in your job; International Team: within our current Team, we have more than 10 nationalities and counting; We offer 50€ per employee per month that can be allocated as desired to one of the following: Mobility & transportation (NAVIT), sport (Urban Sports Club membership) or Edenred (Groceries); Engaging Topics and Excellence: Merantix offers unique insights into applied machine learning research and development, working with a group of highly talented engineers and entrepreneurs. Ethics: We are committed to developing ethical AI software; Dynamic working culture: We hold weekly and monthly events around AI Innovation and Implementation. We have a flat hierarchy, open 360° feedback, and flexible working hours; Learning and Development. Annual learning and development budget to attend conferences or purchase educational resources to further develop additional skills; About Us We are an equal-opportunity employer and value diversity. We consider all applications equally regardless of race, color, ancestry, religion, sex, national origin, sexual orientation, age, citizenship, marital status, disability, or gender identity. We strongly encourage individuals from groups traditionally underrepresented in tech to apply, and we can help with immigration.",de.linkedin.com/jobs/view/junior-machine-learning-engineer-m-f-d-at-merantix-momentum-4282209351
Performance Analyst (m/w/d/x),pilot group,"Berlin, Berlin, Germany",LinkedIn,https://de.linkedin.com/jobs/view/performance-analyst-m-w-d-x-at-pilot-group-4284115825?position=7&pageNum=0&refId=XTaIsImydkS3IcNZ5GQaSg%3D%3D&trackingId=sXO%2FH%2BsZVvkTVavv%2FH%2FyIA%3D%3D,Not specified,2025-08-13 17:01:18.389491,2025-08-13,"Das erwartet dich bei uns: Du bist für die konstante Aufbereitung und Interpretation von Kampagnendaten und Performancekennziffern für unsere Kund*innen zuständig. Du agierst als zentrale Schnittstelle zwischen den Kampagnen- & Kund*innen Anforderungen und der technischen Umsetzung durch das Data Team, um die Entwicklung professioneller Data Pipelines voranzutreiben. Du analysierst alle Daten, definierst eine belastbare und nachhaltige Datenstruktur und überführst diese in ein zukunftsfähiges Datenmodell. Du führst Korrelationsanalysen durch und leitest daraus Frühwarn-KPIs für laufende Kampagnen ab. Du wirkst maßgeblich am Aufbau von Attribution Analytics mit, auch unter Einbeziehung von Modelings und Werbedruck-Analytics und arbeitest dabei eng mit unserem Data-Team zusammen. Du übernimmst das Projektmanagement für deinen Aufgabenbereich und stimmst dich dabei eng mit den Kolleg*innen ab. Du stehst in direktem Kundenkontakt und übernimmst eine beratende Rolle bei der Diskussion von Handlungsempfehlungen. Das solltest du mitbringen: Du bringst bereits erste Berufserfahrungen im Bereich Performance Analytics mit, idealerweise aus einer Agentur. Du bringst fundierte Kenntnisse in Media & Performance-Marketing KPIs mit. Deine analytischen Fähigkeiten sind stark ausgeprägt und du kannst Datensätze aus diversen Quellen, schwerpunktmäßig in Excel, selbstständig organisieren und interpretieren. Idealerweise bringst du erste Kenntnisse in SQL und/oder Python mit, um fachliche Anforderungen präzise für das technische Team formulieren zu können. Du besitzt ein datengetriebenes Mindset und die Fähigkeit, komplexe Analysen in verständliche Handlungsempfehlungen zu übersetzen. Du bist kommunikationsstark und souverän im direkten Kundenkontakt. Eine hohe Lernbereitschaft und Neugierde für neue analytische Methoden und Tools zeichnen dich aus. Eine hohe Eigenständigkeit, eine proaktive Herangehensweise und eine strukturierte Arbeitsweise zeichnen dich aus. Du bringst sehr gute Deutschkenntnisse mit. Und das gibt's obendrauf: Zentrales & modernes Büro Regelmäßige Mitarbeiter­updates Gestaltungs­spielraum Teamspirit & gemeinschaftliche Atmosphäre Coachings & Schulungen pilot Talent­schmiede & Onboarding Transparente Feedback­kultur Deutschlandticket-Zuschuss Massagen im Büro Zuschuss zur Fitnessclub-Mitglied­schaft International Exchange (LocalPlanet) Präsente zu Jubiläen & zum Ende der Probezeit Soziales Engagement",de.linkedin.com/jobs/view/performance-analyst-m-w-d-x-at-pilot-group-4284115825
Senior Machine Learning Engineer (AI Platform),N26,"Berlin, Berlin, Germany",LinkedIn,https://de.linkedin.com/jobs/view/senior-machine-learning-engineer-ai-platform-at-n26-4284417259?position=15&pageNum=0&refId=XTaIsImydkS3IcNZ5GQaSg%3D%3D&trackingId=AlJzjyWUheKKKq5VCrmQlw%3D%3D,Not specified,2025-08-13 17:01:18.390414,2025-08-13,"About The Opportunity At N26, we are building the foundational capabilities that empower product teams and data scientists to integrate AI at scale. As part of the Platform Engineering domain, the AI Platform team is responsible for designing, building, and operating the infrastructure and tooling that make AI use cases scalable, reliable, and easy to adopt, across both Machine Learning and Generative AI domains. We are looking for a Senior Machine Learning Engineer with strong software engineering and infrastructure engineering skills, platform thinking, and leadership qualities to join our evolving AI Platform team. This role is ideal for someone who thrives on technical ownership, cross-functional impact, and mentorship, and is motivated by building systems that enable others. You will shape platform direction, lead the design of core components, and play a key role in ensuring that our AI Platform evolves to meet growing business and product needs. In This Role, You Will Lead cross-functional collaboration as part of the AI Platform team, working with Software Engineers, SREs, and internal AI customers (e.g. Data Scientists and Backend Engineers) Design, build, and operate platform components that enable scalable and reliable workflows for model training, deployment, inference, and monitoring Engage with internal customers to understand their workflows and use cases, and deliver self-service platform capabilities that allow Data Scientists and Backend Engineers to build and ship AI features independently Lead the technical discovery and architecture of new platform features such as a Feature Platform, model registries, or serving abstractions Own and evolve engineering best practices across software development, DevOps for ML, and production ML operations Take ownership of the reliability, scalability, and developer experience of the platform, identifying opportunities for continuous improvement Provide technical leadership in shaping platform direction and championing platform thinking across AI initiatives in the company Mentor engineers within the team, contribute to a healthy engineering culture, and support hiring efforts as we continue to grow Background What you need to be successful: Degree in Computer Science, Data Science, Engineering, or a related technical field Strong grasp of ML lifecycle needs, software engineering principles, and modern platform infrastructure Proven ability to operate autonomously in high-responsibility roles with broad scope Profile 5+ years of experience delivering production-grade ML systems, ideally within platform teams or at-scale environments Strong hands-on development skills in Python, with experience designing robust, maintainable codebases Experience with cloud-native ML infrastructure, particularly AWS SageMaker, Bedrock, Lambda, or ECS Deep understanding of the ML lifecycle, and experience building reusable capabilities like model registries, feature stores, training pipelines, or monitoring systems Deep familiarity with Terraform, Kubernetes, Kafka, and similar distributed systems Track record of mentoring engineers, leading technical initiatives, and being a visible contributor to team and domain-wide goals Ability to see beyond individual features and deliver in a domain-wide platform context Nice To Haves Experience building GenAI platforms or working with RAG pipelines, LLM APIs, and prompt orchestration Experience with multi-tenant platform design, including access control, cost management, and usage monitoring Exposure to platform product thinking (e.g., designing for self-service, usability, and customer feedback loops) Familiarity with the TypeScript programming language Previous involvement in hiring or team-building activities Traits Proactive, solution-oriented mindset, with ownership over outcomes and platform quality Exceptional team player and clear, structured communicator who can bridge technical and non-technical stakeholders Enthusiastic about enabling others and raising the level of collaboration and engineering maturity across teams Comfortable navigating uncertainty and leading the way in emerging technical domains What’s In It For You Accelerate your career growth by joining one of Europe’s most talked about disruptors. Employee benefits that range from a competitive personal development budget, work from home budget, discounts to fitness & wellness memberships, language apps and public transportation. Come together with your team in the office for a dedicated day of teamwork each week, plus another day of your choice, and enjoy the flexibility of remote work the rest of the time. Some roles may require additional in-office presence. As an N26 employee you will have access to a Premium subscription on your personal N26 bank account. As well as subscriptions for friends and family members. Additional day of annual leave for each year of service. A high degree of autonomy and access to cutting edge technologies - all while working with a friendly team of peers of diverse nationalities, life experiences and backgrounds. A relocation package with visa support for those who need it. Who We Are N26 has reimagined banking for today’s digital world. Technology and design empower everything we do and it’s how we are building the global banking platform the world loves to use. We've eliminated physical branches, paperwork, and hidden fees for an elegant digital experience and supreme savings. Giving people the power to live and bank their way is what gets us out of bed in the morning and inspires the work that we do. We are headquartered in Berlin with offices in multiple cities across Europe, including Vienna and Barcelona, and a 1,500-strong team of more than 80 nationalities. Sounds good? Apply now for this position. Equal Opportunities We recognize that our strength lies in our people and the varied perspectives they bring to our workforce. We strive to build talented and diverse teams to drive our business success and empower our people to reach their full potential. We genuinely welcome and encourage applications from people of all backgrounds, cultures, genders, sexual orientations, abilities, neurodiversities, and ages. We're committed to creating an inclusive workspace where everyone feels valued and respected, free from harassment and discrimination. If there's anything you need to make the application process work for you, please let us know by reaching out to candidate.exp@n26.com. Visit our website to learn more about Diversity, Equity, & Inclusion at N26.",de.linkedin.com/jobs/view/senior-machine-learning-engineer-ai-platform-at-n26-4284417259
Machine Learning Engineer (m/w/d | 3+ yrs exp | End-to-End AI Projects),TieTalent,"Berlin, Berlin, Germany",LinkedIn,https://de.linkedin.com/jobs/view/machine-learning-engineer-m-w-d-3%2B-yrs-exp-end-to-end-ai-projects-at-tietalent-4283815298?position=16&pageNum=0&refId=XTaIsImydkS3IcNZ5GQaSg%3D%3D&trackingId=IDQKpYw9zB1PkqDsKKE11g%3D%3D,Not specified,2025-08-13 17:01:18.390531,2025-08-12,"*One Thousand Berlin, Germany (On-site)* *We are looking for you to complement our team of round pegs in square holes!* AI is transforming everything, and we make sure the right people are ahead of the curve. We do so by creating AI breakthroughs with our clients. For us, creating breakthroughs is an irresistible adventure that we want to do 1000 times over. That’s why we are called One Thousand. And as a profitable, fast-growing company, we are on track as never before! To create AI breakthroughs, our team of 25 friendly nerds identifies pain points and solves them with fast-paced MVPs. And: We enable the broader transformation of our clients into an AI powerhouse. If you are keen to help Europe finally speed up in AI and would love to have warm outliers around you, join us now! We’re Looking For An Experienced ML Engineer (min. 3 Years) Who Thrives In Building Scalable, Production-ready AI Systems And Who Identifies With Most Of The Following *What we care about* Inherent Drive for Greatness:* Our world-class team of outliers ships AI breakthroughs extremely fast while ensuring quality standards are met. We are people who feel like they still have something to prove – and we do so by working on something 1000x greater than us. Relentless Resourcefulness:* Creating AI breakthroughs requires the ability to thrive in uncertainty. We have the strength to bounce back and a tenacity to keep pushing to go where it hurts. We balance persistence with lightness. Infectious Enthusiasm:* We care about making AI a blast for everyone involved. With electrifying empathy, we propel our clients forward in understanding, building, and thriving with AI and boost our team with the opportunity to shape our future. *What the role is about* You will have the chance to shape fast-paced AI breakthrough projects. You will ensure our Proof-of-Concepts (PoCs) are productionized as MVPs to generate business value. You will be responsible for building data pipelines, running ML workows, developing web services, deploying them on cloud environments, and supporting integration with our clients’ systems. You will be a key contributor in growing our high-impact start-up and shaping our identity – both internally and externally. You will be working not only with corporates but also be bringing AI to large international NGOs, the “Mittelstand,” scale-ups, unions, or the public sector. You will have the chance to fully be yourself and will be embraced if you respect the others :-) *What we would love to see* Knowing how to execute real-life software projects:* You have at least 3 years of experience in building scalable software projects in a professional manner. Leveraging AI Expertise:* You have hands-on experience implementing machine learning models in production environments, including model training, deployment, and monitoring. You are proficient with machine learning frameworks (e.g., TensorFlow, PyTorch, or scikit-learn) and understand the full ML lifecycle, from data preprocessing to model evaluation and optimization. You thrive on solving practical ML problems and are comfortable working within a team to deliver impactful solutions. Bringing technical depth:* You can solve diverse software engineering challenges with a exible toolbox and love fostering good quality code. You have a strong foundation in Python and SQL. Besides that, you have experience with setting up secure web applications (e.g., working with SSL certicates). You bring experience with RDBMS (preferably PostgreSQL) and with at least one cloud platform (preferably, Microsoft Azure), too. Being dedicated:* You don't have to master everything, yet you fully support the team to reach our goals in a resultoriented way of working while fostering a culture of caring. Dealing with ambiguity: *Even if some challenges are vaguely defined, you make sense of what needs to be done. Conversing in German:* Ability to communicate in German with our clients with level B1 or higher. University degree* in IT/Computer Science/Computer Engineering. *Ideally, you also bring the following* Experience with data science tools (pandas, matplotlib, scikit-learn, ...). Experience working with LLMs (OpenAI / Claude API). Experience in building front-end solutions. Experience with Docker. Experience integrating web services with SAP. Openness to travel to clients location 2-3 times a month. *What we offer* Ascension – as we are going to push and enable you to do the best work of your life. Anti-Mimeticism – as we are on the journey to 1000 AI breakthroughs since long before the recent hype. Captivating AI breakthrough projects with a lot of room for personal development, experimentation, continuous learning, and growth. A unique role in a pioneering AI company with autonomy in shaping and leading key endeavors that contribute to the advancement of AI applications. A professional, yet exible work environment, innovative work practices along “No rules rules,” and continuous mutual support. A value-driven business with top-of-market pay for a Machine Learning Engineer. All the other start-up stuff such as free drinks and snacks, game nights, ... Work Life Balance: Flexible hours & remote work Family Friendly Work Environment Female Empowerment: Equal opportunities & diversity, Mentorship & career development, Leadership support for women We are determined to foster and embrace diversity – not just among our clients but especially within our own walls. We believe that this will make our organization and quality of work better, but more importantly, we strongly believe it is the right thing to do. Sounds like a “wow” opportunity? You would like to get to know us and the One Thousand better? Great – we can’t wait to hear from you! Don't meet all the criteria? Apply anyway - we look forward to hearing from you! Job Types: Full-time, Permanent Pay: 65.000,00€ - 85.000,00€ per year Ability To Commute/relocate 10999 Berlin-Kreuzberg: Reliably commute or planning to relocate before starting work (Required) Application Question(s) Do you have at least 3 years of experience in developing scalable software projects professionally? Do you have 3 years of work experience with Python (Programming Language)? Do you have 3 years of work experience with Software engineering? Do you have 3 years of work experience with building and deploying ML models? Do you have an academic background in IT/Computer Science/Computer Engineering (e.g., a bachelor’s degree)? Language Englisch, Level C1 (Required) Deutsch, Level B1 (Required) Work Location: Hybrid remote in 10999 Berlin-Kreuzberg",de.linkedin.com/jobs/view/machine-learning-engineer-m-w-d-3%2B-yrs-exp-end-to-end-ai-projects-at-tietalent-4283815298
Senior AI / ML Ops Engineer (f/m/d),Sealenic,"Berlin, Berlin, Germany",LinkedIn,https://de.linkedin.com/jobs/view/senior-ai-ml-ops-engineer-f-m-d-at-sealenic-4273986596?position=19&pageNum=0&refId=XTaIsImydkS3IcNZ5GQaSg%3D%3D&trackingId=9uQPVBImK9%2FD8sPbeV1Rcw%3D%3D,Not specified,2025-08-13 17:01:18.390876,2025-08-13,"Sealenic is transforming the way seafarers and maritime teams access information. Accurate decision making, and precise execution of workflows when it matters, is vital for the safe and efficient operation of global shipping. The cost of getting things wrong can be catastrophic. But key information is often scattered across different sources and systems, from international regulations to internal reports and vessel-specific procedures. Piecing it together can take time, and can leave decision-maker fraught with uncertainty. That's where Sealenic comes in. Our AI-powered agentic platform simplifies complex searches on HSEQ, safety, and nautical topics, delivering comprehensible and reliable answers along with source references for easy verification. saving time, increasing the accuracy of key decisions, and improving safety and operating efficiency. With the backing of industry investors and a growing global team, we are bridging the gap between vast maritime regulations and operational efficiency, and reshaping maritime decision-making. Your Mission As a Senior AI / ML Ops Engineer at Sealenic, you’ll play a vital role in transforming decision-making for both on-shore and off-shore teams in the shipping industry. The systems you’ll help design and build will have a direct impact on the frontline of the maritime sector, which facilitates over 90% of global trade. You’ll work closely with product and technical teams to develop and maintain the data infrastructure behind our cutting-edge SaaS platform. In this role, you’ll not only drive the development of robust data pipelines, but also influence the data architecture that powers our innovative products. About The Role We're seeking a highly skilled and proactive Senior AI / ML Ops Engineer to join our team full-time to develop the data platform that will revolutionise decision-making in the shipping industry. The role offers exciting opportunities to work with large-scale data, Generative AI technologies, and dynamic data environments. Responsibilities Shape the technical vision and roadmap for our AI/ML platform, ensuring alignment with business goals Lead end‑to‑end delivery of ML services: Data pipelines, Agentic patterns, model fine‑tuning and training, deployment, and monitoring Participate in architecting and operating services (including our MCP server) for inference, function‑calling, and orchestration at scale Design and integrate ontology‑driven knowledge graphs and vector‑search pipelines (embeddings, retrieval workflows) Build and optimize cloud infrastructure (AWS Lambda, ECS, S3 etc) for cost‑efficient, low‑latency inference Establish MLOps best practices: CI/CD for models (MLflow), testing frameworks (unit, integration, A/B), and robust logging/alerting Mentor and coach fellow engineers, run code reviews, and evangelize Responsible AI and continuous improvement Qualifications Strong technical background in software engineering, machine learning, or AI product development. Deep knowledge of data and AI ecosystems, patterns and frameworks(LLMs, embeddings, vector stores, RAG, model tuning, evaluation). 4+ years designing and operating cloud‑native applications (AWS) for AI workloads Proven track record owning the technical direction of large‑scale systems and coaching junior engineers Experience in model fine‑tuning, prompt engineering, function calling, and retrieval‑based methods Strong background in feature engineering, model evaluation/diagnostics, and real‑time monitoring Master’s degree in CS, AI/ML or equivalent practical experience Technical Skills Languages & Frameworks: Python Fast API (expert) AI/ML: LangChain, Hugging Face, PyTorch, TensorFlow MLOps & Pipelines: MLflow, Kubeflow, CI/CD (GitHub Actions), AWS (CDK/Cloudformation/Terraform) Data & Search: ETL workflows, SQL/NoSQL, vector stores, graph databases Cloud & Infra: AWS (Lambda, ECS, S3, Aurora, CloudWatch), Docker Monitoring & Testing: pytest/jest,CloudWatch, Postman/Newman Professional Skills Excellent written and verbal communication in English. Strategic thinker who balances rapid delivery with long‑term maintainability Adaptable problem‑solver comfortable with ambiguity and evolving requirements Passion for mentorship, knowledge sharing, and fostering a culture of technical excellence Why Us? Competitive compensation package + ESOP (stock options) A high-impact foundational role at an early-stage startup Direct access to founders and influence on company strategy A supportive and flexible working environment (hybrid in Berlin) Access to an extensive network of startup, maritime, and consulting veterans At Sealenic, we’re building the future of maritime decision-making. If you’re passionate about data, innovation, and building impactful solutions, we’d love to hear from you!",de.linkedin.com/jobs/view/senior-ai-ml-ops-engineer-f-m-d-at-sealenic-4273986596
Data Science Solutions Engineer (m/f/d),ZEIT Verlagsgruppe,"Berlin, Berlin, Germany",LinkedIn,https://de.linkedin.com/jobs/view/data-science-solutions-engineer-m-f-d-at-zeit-verlagsgruppe-4282303214?position=21&pageNum=0&refId=XTaIsImydkS3IcNZ5GQaSg%3D%3D&trackingId=L%2BXw%2F%2FFopBXnCy957W43tA%3D%3D,Not specified,2025-08-13 17:01:18.391105,2025-08-12,"DIE ZEIT. DIE ZEIT ist eines der führenden Angebote für anspruchsvollen Print- und Online-Journalismus in Text und Bild, für aufwendige Datenvisualisierungen und digitales Storytelling. DIE ZEIT steht für die analytische Einordnung des Weltgeschehens, meinungsstarke Kommentare, ein exzellentes visuelles Design sowie reichweitenstarke Podcasts und Videoformate. Zu der gesamten Plattform gehören ein umfassendes Portfolio an Angeboten zur Studien- und Berufsorientierung (Berufstest, Studium-Interessentest, Suchmaschine für Studiengänge, CHE-Hochschulranking), unsere Stellenmärkte und Spiele sowie Apps. Wir ergänzen höchste journalistische Ansprüche um Produkt- und Technik-Exzellenz – und die Freude an der gemeinsamen Arbeit. Das suchen wir. Als Solutions Engineer im Team Data Science & AI entwickeln Sie KI-Anwendungen für die Millionen Leserinnen und Leser der ZEIT und die über 500 Mitarbeitenden in unserer Redaktion. Sie arbeiten unter anderem an RAG-basierten Suchfunktionen und an Assistenz-Tools, mit denen Sie unseren Journalistinnen die Arbeit erleichtern – von der schnelleren Veröffentlichung einer Nachricht bis zum automatisierten Podcast-Transkript. Sie arbeiten eng mit unseren Produkt- und Entwicklungsteams zusammen und stehen im regelmäßigen Austausch mit den redaktionellen Ressorts der ZEIT. Sie beraten und unterstützen zudem Projekte in allen Bereichen des Zeitverlags. Agil ist bei uns kein Buzzword, sondern Praxis: Wir experimentieren mit neuen Tools und evaluieren fortlaufend verschiedene technische Ansätze, um mit den Entwicklungen im KI-Bereich Schritt zu halten. Lernen ist für uns von großer Bedeutung: Wir fahren auf Konferenzen und organisieren unsere eigenen internen Weiterbildungsformate. Das bringen Sie mit. Sie haben fundierte Programmierkenntnisse in Python, unserer bevorzugten Programmiersprache. Sie sind sicher im Umgang mit (Vektor-) Datenbanken. Wir arbeiten vor allem mit PostgreSQL und OpenSearch. Sie haben Erfahrung mit Kubernetes. Sie haben zudem Erfahrung mit Machine Learning Modellen, insbesondere im Bereich Natural Language Processing. Sie kennen sich bereits mit RAG-Anwendungen aus. Wir verwenden derzeit vor allem Haystack zur Pflege unserer Such-Pipelines. Unittests und eine sorgfältige Dokumentation gehören für Sie zu gutem Code dazu. Sie haben Interesse an Journalismus und freuen sich auf die Arbeit in einer Redaktion, die hohe ethische Standards hat. Sie haben einen kritischen Blick auf Daten und Methoden. Nicht alles, was technisch möglich ist, ist auch gut. Deutsch beherrschen Sie mindestens auf dem Sprachniveau C1. Unseren Code schreiben wir auf Englisch. Das bieten wir. Sie suchen zum 1. September 2025 eine anspruchsvolle und abwechslungsreiche Tätigkeit als Data Science Solutions Engineer? Bewerben Sie sich jetzt! Die Stelle ist befristet zum 31.08.2027. Team: Sie finden bei uns ein großartiges Miteinander unter qualifizierten Kolleginnen und Kollegen – wir lernen von- und miteinander. In unserem neuen Berliner Newsroom arbeiten mehr als 200 Menschen. Mit der Redaktion der gedruckten ZEIT arbeiten wir eng zusammen. Qualität: Wir sind ein führendes Nachrichtenmedium und aktualisieren unsere Seite rund um die Uhr. Wir veröffentlichen digitale Magazine und Datenprojekte, veranstalten mehrere Festivals, arbeiten an internationalen Initiativen für Demokratie und sind das führende Medienhaus für Podcasts. Unsere Arbeit wurde vielfach national und international ausgezeichnet. Attraktiver Standort: Ihr zukünftiger Arbeitsplatz befindet sich in zentraler Innenstadtlage mit bester Anbindung an den Öffentlichen Nahverkehr – einen entsprechenden Fahrtkostenzuschuss gibt es natürlich auch. Onboarding: Um Ihnen das Ankommen und die Orientierung in den ersten Monaten zu erleichtern, begleiten wir Sie mit unserem Onboarding- und Pat:innenprogramm. Vernetzung & Entwicklung: Wir bieten allen Mitarbeitenden ausgezeichnete Möglichkeiten innerhalb unserer Verlagsgruppe. Nutzen Sie z.B. unser internes Mentoring Programm oder auch die Webinare der ZEIT Akademie oder ZEIT Sprachen. Darüber hinaus gibt es eine große Auswahl an E-Learning-Angeboten. Erste Einblicke finden Sie bei kununu, LinkedIn ,  XING oder auch auf unserer ZEIT Karriereseite. So lange diese Position auf unserer Karriereseite sichtbar ist, können Sie sich sehr gerne darauf bewerben – es gibt keine Bewerbungsfrist. Weitere Antworten zu unserem Bewerbungsprozess finden Sie in unseren FAQ. Wir kümmern uns umeinander. Die ZEIT Verlagsgruppe ist ein Arbeitgeber, der für Chancengleichheit und einen respektvollen Umgang steht. Wir setzen uns ein für faire Beschäftigungsmöglichkeiten unabhängig von ethnischer oder sozialer Herkunft, Geschlecht, Religion, Weltanschauung, Alter, sexueller Identität oder Behinderung. Unser stetiges Ziel ist es, ein wertschätzendes und anerkennendes Arbeitsumfeld für alle Beschäftigten zu schaffen.",de.linkedin.com/jobs/view/data-science-solutions-engineer-m-f-d-at-zeit-verlagsgruppe-4282303214
IT Business Analyst,ING Deutschland,"Berlin, Berlin, Germany",LinkedIn,https://de.linkedin.com/jobs/view/it-business-analyst-at-ing-deutschland-4283911916?position=23&pageNum=0&refId=XTaIsImydkS3IcNZ5GQaSg%3D%3D&trackingId=IBcQ4%2Bs%2BRAlSj0z7ntGrdg%3D%3D,Not specified,2025-08-13 17:01:18.391333,2025-08-12,"Are you passionate for driving innovation in the banking industry and committed to delivering exceptional customer experiences thanks to top notch technology-driven solutions? Preferably in a company that values communication, learning, and a diverse range of backgrounds? This fits? Perfect! Apply now with your CV – a pivotal role in implementing transformative business initiatives awaits! Your Tasks You contribute to our strategic IT planning by working with business stakeholders to outline the essential IT components necessary for the successful implementation of new business initiatives. You are the expert who turns high-level business initiatives into doable roadmaps, breaking them down into tickets that our software engineers can dive into, ensuring a smooth execution process. Thanks to your holistic understanding of the product, you prudently consolidate functional and non-functional requirements from business and risk stakeholders, conveying a comprehensive product understanding and ensuring alignment with our organizational goals. Being the go-to person for our engineers you address product-related inquiries and make sure that technical and non-technical teams are on the same wavelength. In the same vein you team up with Customer Journey Experts and foster cross-functional cooperations bridging the gap between business objectives and technical implementation. In the nitty-gritty of project details, you actively participate in refinement sessions with software engineers to ensure project goals and details are well-understood, facilitating a collaborative development process. You drive internal IT testing of newly developed and modified features, including the creation of test documentation as well as support business departments during test execution. Last but not least, your data-driven insights, including definition and tracking of relevant metrics, offer valuable perspectives for our strategic objectives. Your Profile Degree in Computer Science, Business Informatics or relevant experience Deep understanding of REST APIs and ability to execute SQL statements against relational databases to verify system behaviour Prior backend development experience is highly advantageous Profound technical understanding and experience in building technology platforms in microservice-based environments Familiarity with Agile and Scrum methodologies and proven ability to manage and collaborate with diverse stakeholders Passion for user-centric design and a commitment to delivering exceptional user experiences Keen understanding of market trends and emerging technologies in the financial services industry Strong analytical and problem-solving skills to address complex challenges effectively Excellent English communication skills are essential, proficiency in German is a plus We Offer Many Benefits Company pension plan, capital-building offers, free Deutschlandticket & bicycle leasING, company restaurant Hybrid working: In addition to working in the office, you can also work remotely – within operational, regulatory and legal requirements. Individualized work schedule models, sabbatical, subsidization of nursing & childcare costs Personal budget for continuing education and development as well as health; plus, a personal budget to set up your mobile working space Ready for a new job? At ING we are colourful and diverse: different personalities with different perspectives - an international culture where we value and appreciate each other. We believe in substance over style, people instead of labels. This describes you to a T? Simply apply online - your resume is all we need to get to know you, a cover letter is optional!",de.linkedin.com/jobs/view/it-business-analyst-at-ing-deutschland-4283911916
Senior Data Analyst - Size & Fit (all genders),Zalando,"Berlin, Berlin, Germany",LinkedIn,https://de.linkedin.com/jobs/view/senior-data-analyst-size-fit-all-genders-at-zalando-4284413051?position=24&pageNum=0&refId=XTaIsImydkS3IcNZ5GQaSg%3D%3D&trackingId=OLjPlzupPTTfsZIiZvvU0A%3D%3D,Not specified,2025-08-13 17:01:18.391449,2025-08-13,"At Zalando, we believe that an article that doesn’t fit well is the wrong article for our customers. As a Senior Data Analyst in the Size & Fit team, you will play a key role in addressing the challenge of finding the right fit in online shopping. Our mission involves gaining a deep understanding of customers’ preferences related to size and fit, as well as a comprehensive knowledge of the assortment attributes and measurements from our brands. The real magic happens when we successfully match both. In this role, you will collaborate closely with the Engineering and Applied Science team and act as a bridge to Product, Business. You will measure and analyze how the solutions we provide to our customers are impacting our business, and your insights will enable strategic commercial decisions at Zalando. Would you like to bring in your skills to shape a great experience for millions of customers when buying clothes online? About Size & Fit At Zalando, we deeply understand that Size Matters . We are excited to use our unique and large article and customer datasets to tackle this challenge using ML and Computer Vision techniques. You will join our multidisciplinary Zurich & Berlin-based Size and Fit Team , composed of Machine Learning Researchers, Software Engineers, Designers, Product and Business Managers from 30+ different nationalities. We provide advice on customer size and fit choices and conduct focused experiments using emerging technologies to solve the challenges. You will take on this complex and important topic working side by side with our Product Specialists and Applied Scientists. We have great problems to solve, a huge customer base to impact, and we are a team that loves to have fun. 'Size and Fit' is a human topic. We use machines to help solve our customers’ challenges. But we never forget—size and fit success is defined by how customers feel when they wear fashion. WHAT WE’D LOVE YOU TO DO (AND LOVE DOING) Bring your business data-driven analytical approach to the Size & Fit Team; you generate hypotheses and try to test them by performing descriptive, exploratory and quantitative analyses. You can translate metrics from algorithmic and data products into actionable business insights. You know when a hypothesis can only be tested by an experiment, and you can help create and drive them. You are the connector between the Engineering team and the Product team. You can translate the Size and Fit benefits to answer complex business questions and identify and measure commercial opportunities. Be a reliable partner for the Size & Fit Team when related to commercial reporting and analytics, and support the Team with more complex analysis. Avoid working in silos by collaborating with cross-functional leaders from Engineering, Applied Science, Product, Content and Customer Analytics to drive innovation. You incorporate data from different sources within and outside of Zalando to drive projects. WE’D LOVE TO MEET YOU IF You have a proven track record of 5+ experience as a Data Analyst or sim ilar role. A university degree in Mathematics, Economics, Computer Science, Quantitative social science, or a comparable subject. Strong technical background with advanced SQL skills and programming background, including, but not limited to, Python, Spark, and Google Big Query. Excellent knowledge in coding for data retrieval, processing, exploration and analysis. Constant drive and tenacity to learn new techniques and tools are a must. Understanding of the economics of online platforms and/or online fashion retailers, as well as the commercial KPIs governing their success. Strong communication to convince technical and non-technical audiences with the insights you generate and compelling data-driven storytelling that enables decision-making. Enjoy working cross-functionally; you have great stakeholder management skills to work with different levels of management to support, challenge, and bring solutions. Hands-on mentality, a person who always finds solutions to challenges. You are proactive, can adapt quickly to changes, and always remain focused on our quality objectives. OUR OFFER Zalando provides a range of benefits, here’s an overview of what you can expect. Ask your Talent Acquisition Partner to learn more about what we offer. Employee shares program 40% off fashion and beauty products sold and shipped by Zalando, 30% off Zalando Lounge, discounts from external partners 2 paid volunteering days a year Hybrid working model with 60% (or more) remote per week, actual practice is up to each team to best support their collaboration Work from abroad for up to 30 working days a year 27 days of vacation a year to start Relocation assistance available (subject to prior agreement) Family services, including counseling and support Health and wellbeing options (including Gympass) Mental health support and coaching available Drive your development through our training platform Learn all about Zalando and our values here https //jobs.zalando.com/en/?gh_src=22377bdd1us",de.linkedin.com/jobs/view/senior-data-analyst-size-fit-all-genders-at-zalando-4284413051
Senior Data Analyst - Size & Fit (all genders) AS,Zalando,"Berlin, Berlin, Germany",LinkedIn,https://de.linkedin.com/jobs/view/senior-data-analyst-size-fit-all-genders-as-at-zalando-4284405899?position=25&pageNum=0&refId=XTaIsImydkS3IcNZ5GQaSg%3D%3D&trackingId=2WGu0uBW9c%2Fwr8aWKjP7Lw%3D%3D,Not specified,2025-08-13 17:01:18.391565,2025-08-13,"At Zalando, we believe that an article that doesn’t fit well is the wrong article for our customers. As a Senior Data Analyst in the Size & Fit team, you will play a key role in addressing the challenge of finding the right fit in online shopping. Our mission involves gaining a deep understanding of customers’ preferences related to size and fit, as well as a comprehensive knowledge of the assortment attributes and measurements from our brands. The real magic happens when we successfully match both. In this role, you will collaborate closely with the Applied Science team and act as a bridge to Product, Business, and Engineering. You will measure and analyze how the solutions we provide to our customers are impacting our business, and your insights will enable strategic commercial decisions at Zalando. Would you like to bring in your skills to shape a great experience for millions of customers when buying clothes online? About Size & Fit At Zalando, we deeply understand that Size Matters . We are excited to use our unique and large article and customer datasets to tackle this challenge using ML and Computer Vision techniques. You will join our multidisciplinary Zurich & Berlin-based Size and Fit Team , composed of Machine Learning Researchers, Software Engineers, Designers, Product and Business Managers from 30+ different nationalities. We provide advice on customer size and fit choices and conduct focused experiments using emerging technologies to solve the challenges. You will take on this complex and important topic working side by side with our Product Specialists and Applied Scientists. We have great problems to solve, a huge customer base to impact, and we are a team that loves to have fun. 'Size and Fit' is a human topic. We use machines to help solve our customers’ challenges. But we never forget—size and fit success is defined by how customers feel when they wear fashion. WHAT WE’D LOVE YOU TO DO (AND LOVE DOING) Bring your business data-driven analytical approach to the Size & Fit Team; you generate hypotheses and try to test them by performing descriptive, exploratory, and quantitative analyses. You can translate metrics from algorithmic and data products into actionable business insights. You know when a hypothesis can only be tested by an experiment, and you can help create and drive them. You are the connector between the Applied Science team and the Product team. You can translate the Size and Fit benefits to answer complex business questions and identify and measure commercial opportunities. Be a reliable partner for the Size & Fit Team when related to commercial reporting and analytics, and support the Team with more complex analysis. Avoid working in silos by collaborating with cross-functional leaders from Applied Science, Product, Content and Customer Analytics to drive innovation. You incorporate data from different sources within and outside of Zalando to drive projects. WE’D LOVE TO MEET YOU IF You have a proven track record of 5+ experience as a Data Analyst or similar role. A university degree in Mathematics, Economics, Computer Science, Quantitative social science, or a comparable subject. Strong technical background with advanced SQL skills and programming background, including, but not limited to, Python and Spark. Excellent knowledge in coding for data retrieval, exploration and analysis. Advanced statistical testing skills. Constant drive and tenacity to learn new techniques and tools are a must. Understanding of the economics of online platforms and/or online fashion retailers, as well as the commercial KPIs governing their success. Strong communication to convince technical and non-technical audiences with the insights you generate and compelling data-driven storytelling that enables decision-making. Enjoy working cross-functionally; you have great stakeholder management skills to work with different levels of management to support, challenge, and bring solutions. Hands-on mentality, a person who always finds solutions to challenges. You are proactive, can adapt quickly to changes, and always remain focused on our quality objectives. OUR OFFER Zalando provides a range of benefits, here’s an overview of what you can expect. Ask your Talent Acquisition Partner to learn more about what we offer. Employee shares program 40% off fashion and beauty products sold and shipped by Zalando, 30% off Zalando Lounge, discounts from external partners 2 paid volunteering days a year Hybrid working model with 60% (or more) remote per week, actual practice is up to each team to best support their collaboration Work from abroad for up to 30 working days a year 27 days of vacation a year to start Relocation assistance available (subject to prior agreement) Family services, including counseling and support Health and wellbeing options (including Gympass) Mental health support and coaching available Drive your development through our training platform Learn all about Zalando and our values here https //jobs.zalando.com/en/?gh_src=22377bdd1us",de.linkedin.com/jobs/view/senior-data-analyst-size-fit-all-genders-as-at-zalando-4284405899
Senior Data & AI Strategist (f/m/d),E.ON Digital Technology,"Berlin, Berlin, Germany",LinkedIn,https://de.linkedin.com/jobs/view/senior-data-ai-strategist-f-m-d-at-e-on-digital-technology-4273345185?position=28&pageNum=0&refId=XTaIsImydkS3IcNZ5GQaSg%3D%3D&trackingId=t9%2FoLfh%2F6mMUHClweCAvZg%3D%3D,Not specified,2025-08-13 17:01:18.391892,2025-08-12,,de.linkedin.com/jobs/view/senior-data-ai-strategist-f-m-d-at-e-on-digital-technology-4273345185
Senior Machine Learning Ops Engineer (w/m/d),TieTalent,"Berlin, Berlin, Germany",LinkedIn,https://de.linkedin.com/jobs/view/senior-machine-learning-ops-engineer-w-m-d-at-tietalent-4284159253?position=29&pageNum=0&refId=XTaIsImydkS3IcNZ5GQaSg%3D%3D&trackingId=JP0rxWs0kV%2Bk%2BPPouXwJEA%3D%3D,Not specified,2025-08-13 17:01:18.392002,2025-08-13,,de.linkedin.com/jobs/view/senior-machine-learning-ops-engineer-w-m-d-at-tietalent-4284159253
Senior Data Analyst (d/f/m) - People Analytics,Taxfix,"Berlin, Berlin, Germany",LinkedIn,https://de.linkedin.com/jobs/view/senior-data-analyst-d-f-m-people-analytics-at-taxfix-4270759130?position=30&pageNum=0&refId=XTaIsImydkS3IcNZ5GQaSg%3D%3D&trackingId=Yq3sbUxIwiuBaXVym0YVPQ%3D%3D,Not specified,2025-08-13 17:01:18.392115,2025-08-13,,de.linkedin.com/jobs/view/senior-data-analyst-d-f-m-people-analytics-at-taxfix-4270759130
Research Associate - Data Analytics and Decision Making,UNSW,"Berlin, Berlin, Germany",LinkedIn,https://de.linkedin.com/jobs/view/research-associate-data-analytics-and-decision-making-at-unsw-4268939871?position=33&pageNum=0&refId=XTaIsImydkS3IcNZ5GQaSg%3D%3D&trackingId=XHNba4lwgnEdoWkoDLNKEw%3D%3D,Not specified,2025-08-13 17:01:18.392448,2025-08-13,,de.linkedin.com/jobs/view/research-associate-data-analytics-and-decision-making-at-unsw-4268939871
Systems Architect AI,Cisco,"Berlin, Berlin, Germany",LinkedIn,https://de.linkedin.com/jobs/view/systems-architect-ai-at-cisco-4243672180?position=35&pageNum=0&refId=XTaIsImydkS3IcNZ5GQaSg%3D%3D&trackingId=mTGEFeQR4DHvAzsXQSCvug%3D%3D,Not specified,2025-08-13 17:01:18.392668,2025-08-13,,de.linkedin.com/jobs/view/systems-architect-ai-at-cisco-4243672180
Consultant Actuarial Risk Modelling & Data Science (w/m/d),PwC Deutschland,"Berlin, Berlin, Germany",LinkedIn,https://de.linkedin.com/jobs/view/consultant-actuarial-risk-modelling-data-science-w-m-d-at-pwc-deutschland-4283556079?position=39&pageNum=0&refId=XTaIsImydkS3IcNZ5GQaSg%3D%3D&trackingId=ImXFNW%2FR0WWIS8EmFjq8Aw%3D%3D,Not specified,2025-08-13 17:01:18.393108,2025-08-12,,de.linkedin.com/jobs/view/consultant-actuarial-risk-modelling-data-science-w-m-d-at-pwc-deutschland-4283556079
Professorship in Information Technology with focus on “Web Applications and Software Development,TieTalent,"Berlin, Berlin, Germany",LinkedIn,https://de.linkedin.com/jobs/view/professorship-in-information-technology-with-focus-on-%E2%80%9Cweb-applications-and-software-development-at-tietalent-4283817436?position=52&pageNum=0&refId=XTaIsImydkS3IcNZ5GQaSg%3D%3D&trackingId=VRd4%2BQq1savZ8xVMmciAuA%3D%3D,Not specified,2025-08-13 17:01:18.394530,2025-08-12,,de.linkedin.com/jobs/view/professorship-in-information-technology-with-focus-on-%E2%80%9Cweb-applications-and-software-development-at-tietalent-4283817436
Azure Global Black Belt (GBB) Cloud & AI Data Specialist,Microsoft,"Berlin, Berlin, Germany",LinkedIn,https://de.linkedin.com/jobs/view/azure-global-black-belt-gbb-cloud-ai-data-specialist-at-microsoft-4283392580?position=55&pageNum=0&refId=XTaIsImydkS3IcNZ5GQaSg%3D%3D&trackingId=eoDvitfyUcRJagQHy0PzWQ%3D%3D,Not specified,2025-08-13 17:01:18.394864,2025-08-12,,de.linkedin.com/jobs/view/azure-global-black-belt-gbb-cloud-ai-data-specialist-at-microsoft-4283392580
"Analyst, Business Development - Russian Speaking",AppLovin,"Berlin, Berlin, Germany",LinkedIn,https://de.linkedin.com/jobs/view/analyst-business-development-russian-speaking-at-applovin-4283901231?position=56&pageNum=0&refId=XTaIsImydkS3IcNZ5GQaSg%3D%3D&trackingId=iom0EhSaXIR0TtRgMzoNtQ%3D%3D,Not specified,2025-08-13 17:01:18.394974,2025-08-12,,de.linkedin.com/jobs/view/analyst-business-development-russian-speaking-at-applovin-4283901231
"Scientific Data Architect -Frankfurt, Germany",TetraScience,"Frankfurt am Main, Hesse, Germany",LinkedIn,https://de.linkedin.com/jobs/view/scientific-data-architect-frankfurt-germany-at-tetrascience-4283784975?position=1&pageNum=0&refId=DWtkzgyuJEN%2FKnYN9xC5pA%3D%3D&trackingId=p5wLCb39ecSAyN1fQWOQlg%3D%3D,Not specified,2025-08-13 17:01:56.776328,2025-08-12,"Who We Are TetraScience is the Scientific Data and AI Cloud company. We are catalyzing the Scientific AI revolution by designing and industrializing AI-native scientific data sets, which we bring to life in a growing suite of next gen lab data management solutions, scientific use cases, and AI-enabled outcomes. TetraScience is the category leader in this vital new market, generating more revenue than all other companies in the aggregate. In the last year alone, the world's dominant players in compute, cloud, data, and AI infrastructure have converged on TetraScience as the de facto standard, entering into co-innovation and go-to-market partnerships: Latest News and Announcements | TetraScience Newsroom: In connection with your candidacy, you will be asked to carefully review the Tetra Way letter, authored directly by Patrick Grady, our co-founder and CEO. This letter is designed to assist you in better understanding whether TetraScience is the right fit for you from a values and ethos perspective. It is impossible to overstate the importance of this document and you are encouraged to take it literally and reflect on whether you are aligned with our unique approach to company and team building. If you join us, you will be expected to embody its contents each day. Who You Are You are a product-minded, outcome-obsessed driver of technical scientific solutions. You a high velocity self-starter. You refuse to let uncertainty obstruct your path to designing and building solutions. You roll up your sleeves, try things out, and get things done . You do not hesitate to prototype, demo, and build in order to accelerate delivery of products for your end users. You thrive in environments where you can collaborate with scientists, product managers, and engineers to transform complex scientific data into actionable outcomes. Your ability to engage with scientists and business leaders alike makes you a key player in maximizing the value of scientific data. With rich experience applying cutting edge data methodologies to the biopharma R&D domain, you bridge understanding between present-day pain points and generalizable solutions. You are an insatiable learner , with a track record of deeply learning new tools, methods, and domains. You fundamentally embody the principles of extreme ownership and have a demonstrated history of building extensible data models and applications for Biopharma end users to maximize value from their data via analysis and integration with AI/ML. This role will require extreme self-discipline and determination as we forge a category that will fundamentally and forever change the life science industry. What You Have Done PhD with 7+ years / Masters with 10+ years of industry experience in life sciences with extensive domain knowledge in drug discovery (target ID through lead optimization), preclinical development, CMC (all drug modalities), or product quality testing Proven track record of defining, designing, prototyping, and implementing productized AI/ML-driven use cases in cloud environments Collaborated with cross-functional teams, including product managers, software engineers, and scientific stakeholders Performed extensive exploratory data analysis and workflow optimization to enable scientific outcomes not previously possible Engaged diverse audiences, from scientists to executive stakeholders using your excellent communication and storytelling abilities Advised scientists in a consulting capacity to further research, development, and quality testing outcomes Requirements What You Will Do You will be a critical team member in a unique partnership to industrialize Scientific AI. As such, you will engage directly with customers onsite a couple of days per week in the Frankfurt Region, building strong relationships, deeply understanding their scientific data challenges and requirements, and accelerating solutions Design and implement extensible, reusable data models that efficiently capture and organize scientific data for scientific use cases, ensuring scalability and future adaptability Translate scientific data workflows into robust solutions leveraging the Tetra Data Platform Own, scope, prototype, and implement solutions including: Data model design (tabular & JSON) Python-based parser development Lab software (e.g., ELN/LIMS) integration via APIs Data visualization and app development in Python (using app frameworks like Streamlit and plotting tools like holoviews and Plotly) Collaborate with Scientific Business Analysts (SBAs), customer scientists and applied AI engineers to develop and deploy models (ML, AI, mechanistic, statistical, hybrid) Programmatically interrogating proprietary instrument output files Dynamically iterate with scientific end users and technical stakeholders to rapidly drive solution development and adoption through regular demos and meetings Proactively communicate implementation progress and deliver demos to customer stakeholders Collaborate with the product team to build and prioritize our roadmap by understanding customers' pain points within and outside Tetra Data Platform Rapidly learn new technologies (e.g., new AWS services or scientific analysis applications) to develop and troubleshoot use cases Benefits Competitive Salary and equity in a fast-growing company Supportive, team-oriented culture of continuous improvement Generous paid time off (PTO) Flexible working arrangements - Remote work when not at Customer Sites We are not currently providing visa sponsorship for this position.",de.linkedin.com/jobs/view/scientific-data-architect-frankfurt-germany-at-tetrascience-4283784975
Mehrere Data Scientists (m/w/d) mit den Schwerpunkten Prozessautomation und konzeptionelle Arbeiten im Rahmen des statistischen Meldewesens,TieTalent,"Frankfurt am Main, Hesse, Germany",LinkedIn,https://de.linkedin.com/jobs/view/mehrere-data-scientists-m-w-d-mit-den-schwerpunkten-prozessautomation-und-konzeptionelle-arbeiten-im-rahmen-des-statistischen-meldewesens-at-tietalent-4283812661?position=4&pageNum=0&refId=DWtkzgyuJEN%2FKnYN9xC5pA%3D%3D&trackingId=z5Trx6OlA5G5XO9zJ0eCNg%3D%3D,Not specified,2025-08-13 17:01:56.776743,2025-08-12,"Die Deutsche Bundesbank ist eine besondere Bank: Ein integraler Bestandteil des Europäischen Systems der Zentralbanken mit bedeutender Funktion in der Finanzstabilität, Bankenaufsicht, Geldpolitik und im Zahlungsverkehr in Deutschland. Allem voran jedoch sind wir ein starkes Team aus zuverlässigen und verantwortungsbewussten Menschen, die mit ihrer täglichen Arbeit die Voraussetzungen für einen stabilen Euro und eine funktionierende Wirtschaft schaffen. Finden auch Sie bei uns Ihre verantwortungsvolle Aufgabe! Mehrere Data Scientists (m/w/d) mit den Schwerpunkten Prozessautomation und konzeptionelle Arbeiten im Rahmen des statistischen Meldewesens Arbeitsort: Frankfurt am Main Anstellung: Vollzeit (Teilzeit ist grundsätzlich möglich) Stellen-ID: 2025_0787_02 Unsere Arbeitseinheiten sind verantwortlich für die Erhebung, Qualitätssicherung und Analyse zentraler Finanz- und Wirtschaftsstatistiken. Dazu zählen unter anderem Daten zu Versicherungen, Altersvorsorgeeinrichtungen, Wohnimmobilienfinanzierungen, Zahlungsverkehr, Wertpapierbeständen sowie Geldmarkt-, Referenz- und Außenwirtschaftsdaten. Diese Statistiken bilden die Grundlage für die Analyse der Finanzstabilität und die Erfüllung nationaler und europäischer Meldepflichten. Mit modernen Technologien und Data Science gestalten wir die Prozesse zukunftsorientiert und sorgen für eine hohe Datenqualität. Für diese spannenden Aufgaben suchen wir derzeit bis zu 15 Data Scientists für verschiedene Teams. Eigenverantwortliche Übernahme von Data-Science-Aufgaben im Meldewesen und Weiterentwicklung unserer Statistiken sowie die zugehörigen Prozesse. Digitalisierung, Standardisierung und Automatisierung der Arbeitsabläufe zur Datenerhebung und -qualitätssicherung. Verbesserung des Datenqualitätsmanagements und Einsatz moderner Technologien sowie Analysemethoden im agilen Team. Eigenständige Analyse und Bewertung von Zukunftsthemen wie z. B. Cloud-Migration und Implementierung innovativer Lösungen. Mitwirkung an der Umsetzung nationaler und internationaler Datenanforderungen, Analyse regulatorischer Änderungen sowie Anpassung der Prozesse. Teilnahme an verschiedenen Arbeitsgruppen sowie Erstellung von Entscheidungsvorlagen und Abstimmung mit internen und externen Partner*innen. Master- oder gleichwertiger Studienabschluss der Wirtschaftswissenschaften (z. B. VWL, BWL, Wirtschaftsrecht, Wirtschaftspsychologie) oder eines quantitativen Studiengangs (z. B. Statistik, (Wirtschafts-) Mathematik oder (Wirtschafts-)-informatik, Data Science, Physik, Quantitative Economics/Finance) mit jeweils mindestens gutem Abschluss Gute volkswirtschaftliche Kenntnisse sowie gute Kenntnisse der Bilanzierung von Kreditinstituten, Unternehmen und Versicherungen und des dazugehörigen Meldewesens Gute Programmierkenntnisse (idealerweise in Python, R, Java, SQL) Gute Kenntnisse und Erfahrung in der Anwendung, Weiterentwicklung und Implementierung mathematisch-statistischer Verfahren (z. B. Machine Learning) Kenntnisse von Cloud-Technologien und deren Einsatzmöglichkeiten (z. B. Azure, AWS oder Google Cloud) sind von Vorteil Erste Erfahrungen in der konzeptionellen Arbeit und/oder der Gremienarbeit von Vorteil Erfahrung in der Arbeit mit agilen Methoden (z. B. Kanban oder Scrum) und deren Anwendung im Management von datengetriebenen IT-Projekten sind von Vorteil Ausgeprägte Fähigkeit zur Analyse, Bewertung und prägnanten Darstellung komplexer Sachverhalte Eigenständige und zugleich teamorientierte Arbeitsweise Sicheres Auftreten, Verhandlungsgeschick und Überzeugungsvermögen, auch im internationalen Umfeld Sehr gute kommunikative Fähigkeiten in Deutsch und Englisch Vergütung & Perspektiven Vergütung in Anlehnung an den TVöD auf Basis der Entgeltgruppe 13, (63.500 bis 91.700 Euro brutto), mit Entwicklungsmöglichkeiten, zukunftsorientierter Arbeitsplatz im öffentlichen Dienst mit verlässlichen Arbeitsbedingungen, abwechslungsreiche Aufgaben, grundsätzliche Verbeamtungsmöglichkeit, Möglichkeit zur Fortführung eines bestehenden Beamtenverhältnisses (bis A 15), individuelle Talentförderung, nationale und internationale Austauschmöglichkeiten New Work Umfangreiche Homeoffice-Möglichkeiten innerhalb von Deutschland (grundsätzlich bis zu 60 % der Arbeitszeit), kollegiale und wertschätzende Arbeitsatmosphäre, Arbeitszeit: 39 Stunden/Woche, 30 Tage Urlaub, Work-Life-Balance Zusatzleistungen Kostenloses Deutschlandticket als Jobticket, gute Verkehrsanbindung (Bus & Bahn), zentrale Lage, kostenlose Parkplätze, Betriebsrestaurant TITL1_DE",de.linkedin.com/jobs/view/mehrere-data-scientists-m-w-d-mit-den-schwerpunkten-prozessautomation-und-konzeptionelle-arbeiten-im-rahmen-des-statistischen-meldewesens-at-tietalent-4283812661
Performance Analyst (m/w/d/x),pilot group,"Mainz, Rhineland-Palatinate, Germany",LinkedIn,https://de.linkedin.com/jobs/view/performance-analyst-m-w-d-x-at-pilot-group-4284117369?position=5&pageNum=0&refId=DWtkzgyuJEN%2FKnYN9xC5pA%3D%3D&trackingId=G080%2FlDDNg7329tMfFpWLg%3D%3D,Not specified,2025-08-13 17:01:56.776870,2025-08-13,"Das erwartet dich bei uns: Du bist für die konstante Aufbereitung und Interpretation von Kampagnendaten und Performancekennziffern für unsere Kund*innen zuständig. Du agierst als zentrale Schnittstelle zwischen den Kampagnen- & Kund*innen Anforderungen und der technischen Umsetzung durch das Data Team, um die Entwicklung professioneller Data Pipelines voranzutreiben. Du analysierst alle Daten, definierst eine belastbare und nachhaltige Datenstruktur und überführst diese in ein zukunftsfähiges Datenmodell. Du führst Korrelationsanalysen durch und leitest daraus Frühwarn-KPIs für laufende Kampagnen ab. Du wirkst maßgeblich am Aufbau von Attribution Analytics mit, auch unter Einbeziehung von Modelings und Werbedruck-Analytics und arbeitest dabei eng mit unserem Data-Team zusammen. Du übernimmst das Projektmanagement für deinen Aufgabenbereich und stimmst dich dabei eng mit den Kolleg*innen ab. Du stehst in direktem Kundenkontakt und übernimmst eine beratende Rolle bei der Diskussion von Handlungsempfehlungen. Das solltest du mitbringen: Du bringst bereits erste Berufserfahrungen im Bereich Performance Analytics mit, idealerweise aus einer Agentur. Du bringst fundierte Kenntnisse in Media & Performance-Marketing KPIs mit. Deine analytischen Fähigkeiten sind stark ausgeprägt und du kannst Datensätze aus diversen Quellen, schwerpunktmäßig in Excel, selbstständig organisieren und interpretieren. Idealerweise bringst du erste Kenntnisse in SQL und/oder Python mit, um fachliche Anforderungen präzise für das technische Team formulieren zu können. Du besitzt ein datengetriebenes Mindset und die Fähigkeit, komplexe Analysen in verständliche Handlungsempfehlungen zu übersetzen. Du bist kommunikationsstark und souverän im direkten Kundenkontakt. Eine hohe Lernbereitschaft und Neugierde für neue analytische Methoden und Tools zeichnen dich aus. Eine hohe Eigenständigkeit, eine proaktive Herangehensweise und eine strukturierte Arbeitsweise zeichnen dich aus. Du bringst sehr gute Deutschkenntnisse mit. Und das gibt's obendrauf: Zentrales & modernes Büro Regelmäßige Mitarbeiter­updates Gestaltungs­spielraum Teamspirit & gemeinschaftliche Atmosphäre Coachings & Schulungen pilot Talent­schmiede & Onboarding Transparente Feedback­kultur Deutschlandticket-Zuschuss Massagen im Büro Zuschuss zur Fitnessclub-Mitglied­schaft International Exchange (LocalPlanet) Präsente zu Jubiläen & zum Ende der Probezeit Soziales Engagement",de.linkedin.com/jobs/view/performance-analyst-m-w-d-x-at-pilot-group-4284117369
Data Analyst - Energies (m/w/d),TieTalent,"Seligenstadt, Hesse, Germany",LinkedIn,https://de.linkedin.com/jobs/view/data-analyst-energies-m-w-d-at-tietalent-4284154839?position=7&pageNum=0&refId=DWtkzgyuJEN%2FKnYN9xC5pA%3D%3D&trackingId=ezmnYepAe7d4DE0w%2Fbmlaw%3D%3D,Not specified,2025-08-13 17:01:56.777126,2025-08-13,"*Data Analyst - Energies (m/w/d)* *Vollzeitbeschäftigung* Die NGEN Germany GmbH ist ein zukunftsweisendes Energieversorgungsunternehmen, das sich voll und ganz der Digitalisierung des Energiesektors widmet. Bei uns erwartet Dich nicht nur eine spannende und sichere Branche, sondern auch die perfekte Plattform, um Deine Karriere auf das nächste Level zu heben. Als Data Analyst erwartet dich eine spannende und verantwortungsvolle Aufgabe im Bereich Energiehandel. Bringe dein Fachwissen in einem dynamischen Umfeld ein und gestalte mit uns innovative Softwarelösungen. Profitiere von vielseitigen Entwicklungs- und Gestaltungsmöglichkeiten in einem zukunftsorientierten Unternehmen. Deine Aufgaben Analyse und Modellierung von Monetarisierungspotenzialen für Batteriespeichersysteme in folgenden Bereichen: _Day-Ahead- und Intraday-Handel_ _Sekundärregelleistung (aFRR) und andere Systemdienstleistungen_ _Netzstützung und Redispatch-Mechanismen (z. B. Redispatch 2.0)_ Aufbau und Validierung von Business Cases mittels datengestützter Methoden und Simulationen Entwicklung und Pflege analytischer Tools und Dashboards zur Überwachung von Markttrends, Preissignalen und regulatorischen Änderungen Gestaltung kommerzieller Angebote, Preisstrategien und skalierbarer Geschäftsmodelle Enge Zusammenarbeit mit Technik- und Vertriebsteams zur Abstimmung technischer Fähigkeiten mit den Marktanforderungen Unterstützung von Kundenterminen, Ausschreibungen und Projektkostenkalkulationen mit quantitativen Analysen Laufende Beobachtung der Marktentwicklung und entsprechende Anpassung der Strategien *Dein Profil: * Drei Jahre Erfahrung in der Analyse von Energiemärkten, im Handel oder Ähnlichem Ausgeprägtes analytisches Denkvermögen und Begeisterung für Daten und Modellierung Sicherer Umgang mit Programmiersprachen und Tools zur Datenanalyse (z. B. Python, SQL, Excel oder vergleichbare Anwendungen) Erfahrung in der Erstellung und Präsentation von Business Cases auf Basis quantitativer Modelle Unternehmerisches Denken sowie die Fähigkeit, sowohl in kaufmännischen als auch technischen Bereichen zu agieren Verhandlungssichere Englischkenntnisse Unser Angebot Ein motivierendes Betriebsklima mit flachen Hierarchien, in dem Teamgeist und gegenseitiger Support an erster Stelle stehen. Ein modern ausgestattetes Büro, das kreatives und produktives Arbeiten fördert. Attraktive Vergütung kombiniert mit flexiblen Arbeitszeiten für eine ausgewogene Work-Life Balance. Option auf Homeoffice, um Beruf und Privatleben optimal in Einklang zu bringen Ein sicherer Arbeitsplatz mit langfristigen Entwicklungsperspektiven in einem zukunftsorientierten Unternehmen Hervorragende Möglichkeiten zur beruflichen Weiterentwicklung und individuelle Weiterbildung, die Dein Wachstum fördern. Arbeitsort: Seligenstadt Werde Teil unseres engagierten Teams und bewirb dich jetzt mit deinen aussagekräftigen Unterlagen unter: *KONTAKT* office@ngen.at +43 676 6047843 Stefan Janjusevic NGEN Germany GmbH Stehnweg 2 63500 Seligenstadt Art der Stelle: Vollzeit Leistungen Betriebliche Weiterbildung Firmenevents Firmenhandy Flexible Arbeitszeiten Gleitzeit Homeoffice-Möglichkeit Ausbildung Abitur oder gleichwertig (Wünschenswert) Berufserfahrung der Datenanalyse: 3 Jahre (Erforderlich) Sprache fließend Deutsch (min. C2-Niveau) (Erforderlich) Arbeitsort: Vor Ort",de.linkedin.com/jobs/view/data-analyst-energies-m-w-d-at-tietalent-4284154839
Mehrere Data Analysts (m/w/d) für das Meldewesen im Bereich Daten und Statistik,TieTalent,"Frankfurt am Main, Hesse, Germany",LinkedIn,https://de.linkedin.com/jobs/view/mehrere-data-analysts-m-w-d-f%C3%BCr-das-meldewesen-im-bereich-daten-und-statistik-at-tietalent-4283816387?position=10&pageNum=0&refId=DWtkzgyuJEN%2FKnYN9xC5pA%3D%3D&trackingId=1XU%2B%2FuZLS11IU5inrXxmzw%3D%3D,Not specified,2025-08-13 17:01:56.777510,2025-08-12,"Die Deutsche Bundesbank ist eine besondere Bank: Ein integraler Bestandteil des Europäischen Systems der Zentralbanken mit bedeutender Funktion in der Finanzstabilität, Bankenaufsicht, Geldpolitik und im Zahlungsverkehr in Deutschland. Allem voran jedoch sind wir ein starkes Team aus zuverlässigen und verantwortungsbewussten Menschen, die mit ihrer täglichen Arbeit auch die IT-technischen Voraussetzungen für einen stabilen Euro und weitere Zentralbankaufgaben schaffen. Begleiten Sie uns auf dem Weg zu einer digitalen Zentralbank! Mehrere Data Analysts (m/w/d) für das Meldewesen im Bereich Daten und Statistik Arbeitsort: Frankfurt am Main Anstellung: Vollzeit (Teilzeit ist grundsätzlich möglich), unbefristet Stellen-ID: 2025_0789_02 Für unseren Zentralbereich Daten und Statistik suchen wir derzeit bis zu sechs Data Analysts (m/w/d). Wir freuen uns auf Ihre Bewerbung – unabhängig davon, ob Sie erst kürzlich Ihr Studium abgeschlossen haben oder bereits über Berufserfahrung verfügen. Ihre Arbeit, Ihre Ergebnisse: Sie übernehmen die selbständige Prüfung und Bearbeitung ausgewählter statistischer Meldungen Optimieren: Mit Ihren Analysen helfen Sie, die Datenqualität zu verbessern und die Bearbeitungsprozesse zu verschlanken Digitalisieren: Ihre IT-Kenntnisse nutzen Sie, um im Rahmen von Projekten und smarten Lösungen die Digitalisierung und Automatisierung voranzubringen Bachelor- oder gleichwertiger Studienabschluss mit wirtschaftswissenschaftlichem oder IT-technischem Schwerpunkt oder vergleichbare Kenntnisse aus langjähriger Berufserfahrung Erfahrung in der Datenanalyse ist von Vorteil Grundkenntnisse in der Durchführung von Ad-hoc-Analysen und erste Erfahrungen in der Mitarbeit in IT-Projekten Sicherer Umgang mit Microsoft Excel Kenntnisse in SQL, Python oder Power BI sind wünschenswert. Sollten Sie diese Kenntnisse noch nicht mitbringen, erwarten wir die Bereitschaft, sich diese im Rahmen Ihrer Tätigkeit anzueignen. Ausgeprägtes Verantwortungsbewusstsein, hohe Eigenständigkeit gepaart mit einer guten Arbeitsstruktur und fachlicher Flexibilität Interesse an der Arbeit mit Daten und im Analysieren fachlicher Zusammenhänge Gute kommunikative Kenntnisse in Deutsch und Englisch Vergütung & Perspektiven Vergütung in Anlehnung an den TVöD auf Basis der Entgeltgruppe E 9b, zzgl. Bankzulage, mit Entwicklungsmöglichkeiten, Prämien für besondere Leistungen, abwechslungsreiche Aufgaben, grundsätzliche Verbeamtungsmöglichkeit, umfangreiches Weiterbildungsangebot New Work Umfangreiche Homeoffice-Möglichkeiten innerhalb von Deutschland (grundsätzlich bis zu 60 % der Arbeitszeit), 30 Tage Urlaub, flexible und planbare Arbeitszeiten, Gleitzeit mit Zeitausgleich für Mehrarbeit, Vereinbarkeit von Beruf und Familie Zusatzleistungen Kostenloses Deutschlandticket als Jobticket, zentrale Lage, betriebliches Gesundheitsmanagement, Betriebskita bzw. Betreuungsangebote, betriebseigene Wohnungen TITL1_DE",de.linkedin.com/jobs/view/mehrere-data-analysts-m-w-d-f%C3%BCr-das-meldewesen-im-bereich-daten-und-statistik-at-tietalent-4283816387
Research Associate - Data Analytics and Decision Making,UNSW,"Frankfurt, Hesse, Germany",LinkedIn,https://de.linkedin.com/jobs/view/research-associate-data-analytics-and-decision-making-at-unsw-4268940859?position=11&pageNum=0&refId=DWtkzgyuJEN%2FKnYN9xC5pA%3D%3D&trackingId=yZQmTsYfeeY3hpwpTqY5YQ%3D%3D,Not specified,2025-08-13 17:01:56.777637,2025-08-13,"This Job is based in Australia Research Associate - Data Analytics and Decision Making Employment type: Full-time (35 hours per week) Duration: Fixed term contract, 12 months Remuneration : Level A, Step 6 from $113,911 plus 17% super Location : Canberra, ACT OR Sydney, NSW About UNSW Canberra University of New South Wales (UNSW) in Canberra has multiple locations in the Nation’s Capital. UNSW Canberra distinguishes itself from other institutions by its commitment to being thoughtful, practical, and purposeful in all endeavours. This combined approach is integral to the University's impact and contributes to its recognition as one of the top 50 universities globally, as well as a proud member of Australia's esteemed Group of Eight. Choosing a career at UNSW means embracing an environment where thriving, facing challenges, and engaging in meaningful work are not just encouraged but integral to the university experience. If you seek a career where you can excel and contribute meaningfully, you've found the right place. At UNSW, we pride ourselves on being a workplace where the best people come to do their best work. The Defence Trailblazer for Concept to Sovereign Capability is a $250 million enterprise powered by UNSW and UoA, with funding from the Australian Government through the Trailblazer Universities Program, as well as university and industry partners. Our mission is to accelerate the commercialisation of research for the Australian Defence Force (ADF), develop education training pathways, fast-track entrepreneurs' ideas to commercialisation, and enhance collaboration between Industry, government, and academia. Why Your Role Matters You will join a high-performing interdisciplinary research group, the Decision Support & Analytics Research Group (DSARG), with clear aims to bring innovations at the interface of artificial intelligence and production scheduling and predictive maintenance. You will work with the School of Systems & Computing, a hub of experts on AI, Cyber and Systems Engineers. The About The Project And The Role Ocius Technology and UNSW Canberra are partnered on a project to increase the rapid scaling of production of Uncrewed Surface Vessels (USVs). Supported by funding from Defence Trailblazer, the project is developing an integrated production and maintenance facility, along with an Artificial Intelligence (AI)-powered logistics support framework, led by Dr. Ripon K. Chakrabortty, Founder & Leader of DSARG, School of Systems & Computing, UNSW Canberra. The Ocius Bluebottle USV fleet is powered by renewable energy, utilizing solar, wind, and wave power, or a combination of energy sources, and offers economic and operational advantages over conventional methods. Ocius is a key supplier to the Royal Australian Navy (RAN), and this collaborative project will directly support Australia’s security by scaling production and supporting a capable and resilient sovereign supply chain. Under the direction of the project’s UNSW lead, the Research Associate will be involved in conducting the technical tasks of the project, primarily related to flexible workspace layout design and AI-based predictive maintenance models. Who You Are Our ideal candidate will have A PhD in Data Analytics, Industrial Engineering, Artificial Intelligence, Computer Science or similar discipline in addition to demonstrated strong performance in research in the areas of Production and Layout Design, Facility Planning, AI-based tools for Predictive and Preventive Maintenance. Demonstrated ability to undertake high-quality academic research and conduct independent research, preferably in AI and supporting areas. Software skills, involvement in the profession and/or Industry, and experience working with Enterprise Resource Planning (ERP) and Integrated Logistics Support (ILS) systems would be considered added benefits. Demonstrated ability to work in a team, collaborate across disciplines and build effective relationships. Excellent interpersonal, oral and written communication skills appropriate for interacting effectively with team members, collaborators and colleagues across the Faculty. A demonstrated ability to complete tasks within agreed time frames with suitable supervision. Benefits And Culture UNSW is committed to helping staff balance work-life responsibilities, by providing access to high-quality services, facilities, and flexible work and leave arrangements. Generous superannuation contributions Employee discounts A commitment to life long learning UNSW-wide strategy to focus on Healthy Body, Healthy Mind, Healthy Places and Healthy Culture. Eligibility The successful candidate will be required to undertake pre-employment checks prior to commencement in this role. The checks that will be undertaken are listed in the Position Description. You will not be required to provide any further documentation or information regarding the checks until directly requested by UNSW. Candidates must hold Australian citizenship to be considered for this position. The successful candidates must be eligible to obtain and maintain a Baseline Security Clearance (i.e. Australian Citizen). Visa sponsorship is not available for this position. The University reserves the right not to proceed with any appointment. How To Apply Make each day matter with a meaningful career at UNSW. Please apply via our online recruitment system. In Your Application, Please Include your CV a 2-page cover letter addressing the skills and experience outlined in the Position Description. Applications Close: Wednesday 13 August 2025 at 11:55 pm Contact : For role-related queries please contact: Dr Ripon K. Chakrabortty r.chakrabortty@unsw.edu.au For Recruitment Process Related Queries Please Contact Holly Whale – Talent Acquisition Consultant h.whale@unsw.edu.au Applications cannot be accepted if sent directly to the contact listed. Find out more about the lifestyle and benefits when working with UNSW For further information about UNSW Canberra, please visit: UNSW Canberra For further information on living in Canberra, please visit: Living in Canberra UNSW is committed to equity diversity and inclusion. Applications from women, people of culturally and linguistically diverse backgrounds, those living with disabilities, members of the LGBTIQ+ community; and people of Aboriginal and Torres Strait Islander descent, are encouraged. UNSW provides workplace adjustments for people with disability, and access to flexible work options for eligible staff.",de.linkedin.com/jobs/view/research-associate-data-analytics-and-decision-making-at-unsw-4268940859
Consultant Actuarial Risk Modelling & Data Science (w/m/d),PwC Deutschland,"Frankfurt, Hesse, Germany",LinkedIn,https://de.linkedin.com/jobs/view/consultant-actuarial-risk-modelling-data-science-w-m-d-at-pwc-deutschland-4283551612?position=14&pageNum=0&refId=DWtkzgyuJEN%2FKnYN9xC5pA%3D%3D&trackingId=fKyd7HkP%2FQG1L8PuHcHTOQ%3D%3D,Not specified,2025-08-13 17:01:56.778019,2025-08-12,"Für unseren Geschäftsbereich Risk & Regulatory suchen wir dich zum nächstmöglichen Zeitpunkt als Consultant Actuarial Risk Modelling & Data Science (w/m/d). Das erwartet dich Verantwortungsbereich – Als Teil unseres Teams im Bereich Aktuarwesen wirkst du an spannenden Projekten bei nationalen und internationalen Versicherungsunternehmen mit und unterstützt bei der Bewältigung aktueller Herausforderungen. Beratung – Wir arbeiten mit unseren Mandanten an aktuellen Themen wie der Optimierung und Modernisierung von Geschäftsprozessen und Systemen, der Modellierung und Bewertung, der Einführung von neuen Standards sowie der Anwendung von Data Analytics und KI. Dabei kannst du dich in unserem Team schnell weiterentwickeln und nach und nach mehr Verantwortung übernehmen. Prüfung – Du übernimmst im Team Verantwortung für aktuarielle Prozesse und Bewertungen in Jahres- und Quartalsabschlüssen nach verschiedenen Standards (z.B. HGB, IFRS oder Solvency II). Dabei hast du sowohl die IT/Prozess- als auch die methodische Seite im Blick. Als Aktuar :in bist du bei der Qualitätssicherung und Validierung von aktuariellen Modellen ebenso aktiv wie bei Transaktionen. Das bringst du mit Du hast dein Studium der Mathematik, Wirtschaftsmathematik, Finanzmathematik, Informatik, Wirtschaftsinformatik, Physik oder einer vergleichbaren Fachrichtung abgeschlossen. Du verfügst über erste Erfahrung im Finanz- oder Versicherungsbereich und / oder hast dich im Studium bereits mit versicherungsmathematischen Themen (wie z.B. Pricing, Bewertung, Modellierung, Programmierung, Actuarial Data Science oder Anwendungen von Machine Learning/Predictive Modeling) beschäftigt. Es macht dir Spaß, dich mit komplexen mathematischen Fragen, mit mathematischen Modellen, mit Risikomanagement und Rechnungswesen und/oder Digitalisierung und Prozessgestaltung zu beschäftigen. Du beherrschst die Sprachen Deutsch und Englisch fließend in Wort und Schrift. Du arbeitest gerne in interdisziplinären Teams und bringst ausgeprägte analytische sowie kommunikative Fähigkeiten mit. Außerdem setzt du dich gerne mit komplexen Fragestellungen und kreativen Lösungsmöglichkeiten auseinander. Deine Benefits Flexibilität – Deine Arbeitszeit und deinen Arbeitsort kannst du bei uns - in Abstimmung mit den betrieblichen Anforderungen und arbeitsrechtlichen Bestimmungen - selber bestimmen. Dabei gibt es keine Kernarbeitszeiten und du hast die Möglichkeit, im Home Office sowie in über 40 Ländern zu arbeiten. Masterförderung – Durch unsere interne Academy, internationale Erfahrungen durch Secondments und kontinuierliches Mentoring entwickelst du dich stetig weiter. Darüber hinaus bieten wir die Möglichkeit einer Masterförderung für Examensmaster und Spezialisierungsmaster an. Freizeit – Dank eines Teilzeit-Blockmodells kannst du auch mehrmonatige Auszeiten in Form eines Sabbaticals nehmen. Zusätzlich kannst du bei PwC Deutschland Überstunden auf einem persönlichen Jahresarbeitszeitskonto sammeln. Deine Überstunden kannst du im Laufe des Jahres durch Freizeit ausgleichen. Restliche Überstunden werden einmal jährlich ausgezahlt. Gesundheit – Deine Gesundheit liegt uns am Herzen: Neben einer eigenen betrieblichen Krankenkasse bieten wir auch Vorsorgeuntersuchungen sowie Sportangebote an. Nimm an unserem kostenlosen Betriebssportprogramm teil oder profitiere von vergünstigten Beiträgen in diversen Fitnessstudios oder einer Urban Sports Club-Mitgliedschaft. Das ist noch nicht alles – Wir möchten ein positives Arbeitsumfeld schaffen: Ein Umfeld, in dem flexibles und kreatives Arbeiten möglich ist, in dem Arbeit anerkannt und Leistung honoriert wird und auf das wir stolz sind. Alle Benefits findest du auf unserer Karriereseite. Bei PwC Deutschland arbeiten wir daran, entscheidende Herausforderungen zu lösen, nachhaltige Ergebnisse zu schaffen und das Vertrauen in die Wirtschaft und Gesellschaft auszubauen. Als Teil unseres Governance, Risk & Compliance Teams (kurz GRC) begleitest du Projekte in der Bank- und Versicherungsbranche. Unsere Projekte umfassen diverse Schwerpunkte und reichen vom zahlenbasierten Aktuarswesen, quantitativer Risikomodellierung Modellierung und Risikomanagement bei Banken und Versicherungen bis hin zu Anti Financial Crime, ESG und Klimarisikomanagement. So divers wie unsere Projekte ist auch unser Team aufgestellt: Eine große Varianz an Studienfächern wie Mathematik, MINT, Jura, VWL und BWL sind maßgeblich für unseren Projekterfolg. Kontakt Du hast Fragen zu dieser Position oder deiner Bewerbung? Melde dich gerne bei Juliana Hope unter +49 69 9585-2222 .",de.linkedin.com/jobs/view/consultant-actuarial-risk-modelling-data-science-w-m-d-at-pwc-deutschland-4283551612
Senior Data Analyst (m/w/d),ENERCON,"Mainz, Rhineland-Palatinate, Germany",LinkedIn,https://de.linkedin.com/jobs/view/senior-data-analyst-m-w-d-at-enercon-4263488453?position=15&pageNum=0&refId=DWtkzgyuJEN%2FKnYN9xC5pA%3D%3D&trackingId=fDoUz3hcZpf7s1zfy83ZJw%3D%3D,Not specified,2025-08-13 17:01:56.778146,2025-08-13,"ENERCON gehört seit mehr als 40 Jahren zu den Technologieführern im Bereich der Windenergie. Als erster Hersteller von Windenergieanlagen setzte das Unternehmen ein getriebeloses Antriebskonzept ein, das ein Merkmal aller ENERCON Windenergieanlagen ist. Auch in anderen Bereichen wie z. B. Rotorblattdesign, Steuerungstechnik und Netzanschlusstechnik ist ENERCON führend und beweist mit einer Vielzahl von technologischen Neuentwicklungen immer wieder seine Innovationskraft. Senior Data Analyst (m/w/d) Innovative Ideen sind das Markenzeichen unserer Erfolge und treiben uns an. Wir setzen uns mit Leidenschaft dafür ein, Windenergieprojekte weltweit zu realisieren und die energietechnischen Herausforderungen von morgen zu meistern. Du kannst mit deinem Engagement dazu beitragen, die Zukunft der erneuerbaren Energien zu gestalten. Deine Aufgaben: Datenverarbeitung und -analyse: Zusammenführen und Analysieren von Daten aus verschiedenen Quellen (SAP, SAC, Excel, MS Project Online) mit Power BI und KI Analysieren von Projekt-KPIs und Abweichungen Verarbeiten von strukturierten und unstrukturierten Daten zur Verbesserungspotential-Erkennung Zentralisieren und Analysieren von Verträgen und Meilensteinen mit SAP AI Identifizieren und Korrigieren fehlerhafter Stammdaten mit KI Analyse historischer Daten zur Budgetoptimierung Erstellen: Entwickeln und Verbessern von Tools und Datenbanken für das PM-Team Automatisierte Analysen mit Microsoft Copilot und KI Identifizieren und Implementieren von Automatisierungspotenzialen Pflegen von Lessons-Learned-Datenbanken Bedarfsabhängige Aktivitäten: Simulationen für Business Cases Ursachenanalysen Wichtige Tools: Power BI, Excel, SAC, Microsoft Copilot, SAP AI Deine Qualifikationen: Technische Expertise: Erfahrung mit Datenintegrations- und Analysetools (SAP, SAC, Power BI, Excel, MS Project Online, SharePoint) Kenntnisse in KI-Tools (SAP AI, Microsoft Copilot) Vertrautheit mit SAP Datasphere und anderen Datenmanagement-Plattformen Umgang mit unstrukturierten Daten und Anwendung von KI-Modellen Verständnis des Vertrags- und Meilensteinmanagements Vertrautheit mit Microsoft Copilot und SAP Joule Problemlösung und prädiktive Analytik: Starke analytische Fähigkeiten und Erfahrung in Simulationen und prädiktiven Analysen Durchführung von Ursachenanalysen und Empfehlung von Verbesserungen Kenntnisse von Risikomanagementstrategien und Nutzung von KI zur Risikovorhersage Zusammenarbeit und Kommunikation: Freude an der Zusammenarbeit mit funktionsübergreifenden Teams Starke Kommunikationsfähigkeiten zur Präsentation komplexer Datenanalysen Kontinuierliche Verbesserung und Innovation: Proaktiv in der Erforschung neuer Technologien und Methoden Fähigkeit, mit Fortschritten in der Datenanalyse und KI Schritt zu halten Bildung: Erfolgreich abgeschlossenes Studium in Mathematik, Wirtschaftsinformatik, Wirtschaftsingenieurwesen, Informatik, Statistik oder ähnlichem Fachbereich Sprachkenntnisse: Gute Deutschkenntnisse sind wichtig und werden bevorzugt Deine Benefits: Finanzielle Unterstützung zu verschiedenen Formen von vermögenswirksamen Leistungen Möglichkeit bis zu 60 % mobil zu arbeiten (home office) Flexible Arbeitszeit durch entsprechende Arbeitsmodelle Individuelles Mentoring für einen gelungenen Berufseinstieg (Learning-on-the-Job) Ein internationales Onboarding mit ausgewogenem Einarbeitungsplan Ein harmonisches Team mit einer perfekten Mischung aus jungen und erfahrenen Kollegen Hierarchieübergreifende Duz-Kultur als fest verankerter Teil der Unternehmenskultur Internationale Zusammenarbeit an Projekten mit Mitarbeitenden aus mehr als 35 Ländern weltweit Freiwillige projektbasierte Auslandsaufenthalte in mehr als 35 Ländern weltweit Reichhaltiges Benefits-Paket mit Unterstützung zu Firmenfitness (Hansefit) Möglichkeit zum Jobradleasing Sonderurlaub für spezielle Anlässe Mitarbeiterevents, die für frischen Wind sorgen Finde mehr über Deine individuellen Benefits heraus – Deine zukünftige Personalabteilung hilft Dir gerne dabei. Contact Details Bernard Ravesloot +49 151 1462 0890",de.linkedin.com/jobs/view/senior-data-analyst-m-w-d-at-enercon-4263488453
Senior Business Intelligence Consultant (m/w/d),TieTalent,"Frankfurt am Main, Hesse, Germany",LinkedIn,https://de.linkedin.com/jobs/view/senior-business-intelligence-consultant-m-w-d-at-tietalent-4283864684?position=17&pageNum=0&refId=DWtkzgyuJEN%2FKnYN9xC5pA%3D%3D&trackingId=OEsb4Ik5Rtqewt4WeQyOBQ%3D%3D,Not specified,2025-08-13 17:01:56.778394,2025-08-13,"Dein Team Dein Team besteht aus sympathischen Entwickler:innen und Berater:innen, die sehr nah an der Technik arbeiten. Unser Ziel ist es, Analytics-Lösungen zu bauen, die den Kunden jederzeit Zugriff auf verlässliche Informationen geben, sodass sie damit die Geschäftsergebnisse messen, überwachen und beeinflussen können. Kurzum: Wir bauen die entscheidenden Systeme für unsere Kunden. Was wir von dir erwarten: Eine eigenverantwortliche und strukturierte Arbeitsweise und Begeisterung für Technik. Worauf du dich freuen kannst: Auf ein harmonisches Miteinander, einen starken Zusammenhalt und jede Menge Humor bei der Arbeit. Was dich erwartet Du arbeitest an spannenden Aufgaben in der Schnittstelle zwischen den Fachabteilungen und der IT. In den folgenden Bereichen erwarten dich nationale und internationale Analytics-Projekte: Aufnahme und Analyse von fachlichen Anforderungen und Erstellen der BI Roadmap Erstellen von fachlichen und technischen Designs Implementierung von Analytics-Lösungen und Self-Service Anwendungen Sprich: Du hilfst unseren Kunden Entscheidungen zu treffen Das bringst du mit Nach deinem abgeschlossenen (Wirtschafts-)Informatik-Studium konntest du bereits mindestens zwei Jahre Berufserfahrung im Umfeld von Business Intelligence und Advanced Analytics sammeln. Mit deinen guten Programmierkenntnisse in SQL und Scriptsprachen sowie Erfahrungen in der Beratung und Projektarbeit mit relationalen Datenbanken im DWH-Umfeld und/oder etablierten Frontendtools passt du perfekt zu uns! Darüber hinaus bringst du deine konzeptionellen und technischen Erfahrungen mit DWH-Modellierungstechniken und Anforderungsaufnahme in unsere Projekte ein. Du bist reisebereit und hast Lust, dich mit unseren Kunden oder deinem Team vor Ort auszutauschen. Du bringst sehr gute Deutschkenntnisse (min. C1) und gute Englischkenntnisse (min. B2) mit. Viele gute Gründe 30, 40 oder 50 Urlaubstage Betreuungskostenzuschuss ISR Akademie Hansefit",de.linkedin.com/jobs/view/senior-business-intelligence-consultant-m-w-d-at-tietalent-4283864684
(Junior) Data Analyst (w/m/d),TieTalent,"Cologne, North Rhine-Westphalia, Germany",LinkedIn,https://de.linkedin.com/jobs/view/junior-data-analyst-w-m-d-at-tietalent-4283864981?position=4&pageNum=0&refId=g24K6EiSwKnrlOXuCPKdjA%3D%3D&trackingId=NLIgH1eUPDUSN%2BmyJ04K%2Fg%3D%3D,Not specified,2025-08-13 17:02:33.855525,2025-08-13,"Herzlich Willkommen bei der MSR Consulting Group. Als führende Unternehmensberatung begleiten wir Klienten aus den Branchen Automotive & Mobility, Financial Services und Industrial Goods auf ihrem Weg zum Best-in-Class. Unser Ziel: Die Welt für Kunden besser machen. Bei uns erwartet dich Teamgeist, eigenverantwortliches Arbeiten und gemeinsame Entwicklung. Mit einer kununu-Bewertung von 4,4 von 5 sind wir stolz auf die Zufriedenheit unserer Mitarbeitenden und unsere offene Unternehmenskultur. Werde Teil unseres Teams und gestalte mit uns die Zukunft! (Junior) Data Analyst (w⁠/⁠m⁠/⁠d) Arbeitsort: Köln | Full-time employee | AB SOFORT So kann Deine Arbeitswoche bei uns aussehen Intensive Python-Schulung Erstellung eines Fragebogens für eine Kundenzufriedenheitsstudie Online-Termin mit einem externen Felddienstleister zur Umsetzung einer Befragung Team-Meeting im Büro zum Projektupdate Bereinigung und Quality-Check von bereitgestellten Kundendaten Auswertungen der Befragungsdaten und Ermittlung von Service-Level-Standards Treiberanalysen mit Hilfe multivariater Regressionsanalysen zur Identifikation der wichtigsten Handlungsfelder Erstellung einer Ergebnis-Präsentation in PowerPoint für einen Klienten mit konkreten Lösungsansätzen Interne Weiterbildung zum Thema „Gewichtung in der Marktforschung“ und persönliches Treffen mit den Kolleg*innen im Büro Darauf kannst Du Dich bei MSR freuen Spannende Projekte: Unbefristeter Job, abwechslungsreiche Aufgaben und schnelle Verantwortung für eigene Aufgaben Teamarbeit: Kurze Wege, regelmäßiger Austausch und Feedback. Top Einarbeitung: Individuelles Onboarding mit Mentor und monatliche Weiterbildungen an der MSR Academy. Entwicklung: Halbjährliche Mitarbeitergespräche und klare Karriereschritte. Attraktive Vergütung: Systematische Gehaltsentwicklung, Deutschlandticket & Firmenbike. Teamgeist: Jährliches Europa-Seminar, Team-Events & Feel Good-Aktivitäten. Flexibilität: Modernes Büro mit großem Garten, Home-Office-Möglichkeit, flexible Arbeitszeiten. Work-Life-Balance: 29 Tage Urlaub zzgl. Rosenmontag sowie die Option auf Sabbatical und weitere freie Tage … und selbstverständlich dürfen auch bei uns kostenloser Kaffee, Tee und der wöchentliche bunte Obstkorb nicht fehlen Das bringst Du idealerweise mit Sehr gut abgeschlossenes Studium mit Bezug zu statistischen/ empirischen Inhalten (Erste) Erfahrungen in der Anwendung von multivariaten Analyseverfahren Du hast erste Kenntnisse in einer Statistiksoftware wie SPSS/ STATA oder einer Programmiersprache wie z.B. Python, R oder VBA gesammelt (kein Muss) Falls Du bereits eigene Projekte als Showcase umgesetzt hast (z.B. auf GitHub), teile diese gerne mit uns Du arbeitest eigenständig, verbindlich sowie lösungsorientiert und bist interessiert, technische Kompetenzen zu entwickeln Fließende Deutschkenntnisse in Wort und Schrift sind zwingend erforderlich Kontakt Teresa Höhl (Talent Acquisition + Employer Branding) Tel.: 0221 4892813 Mail.: teresa.hoehl(at)msr.de",de.linkedin.com/jobs/view/junior-data-analyst-w-m-d-at-tietalent-4283864981
Data Analyst (m/f/d) Commercial,TieTalent,"Düsseldorf, North Rhine-Westphalia, Germany",LinkedIn,https://de.linkedin.com/jobs/view/data-analyst-m-f-d-commercial-at-tietalent-4283864459?position=5&pageNum=0&refId=g24K6EiSwKnrlOXuCPKdjA%3D%3D&trackingId=jtbC0crqafLiGljBJCHp1Q%3D%3D,Not specified,2025-08-13 17:02:33.855665,2025-08-13,"Job Description At The Stepstone Group, we have a simple yet very important mission: The right job for everyone. Using our data, platform, and technology, we create opportunities for jobseekers and companies around the world to find a perfect match in fair and equitable way. With over 20 brands across 30+ countries, we strive for fair and unbiased hiring. Join our team of 4,000+ employees and be part of reshaping the labour market and becoming the world's leading job platform. ZIPC1_DE",de.linkedin.com/jobs/view/data-analyst-m-f-d-commercial-at-tietalent-4283864459
(Senior) Data Analyst (w/m/d),TieTalent,"Cologne, North Rhine-Westphalia, Germany",LinkedIn,https://de.linkedin.com/jobs/view/senior-data-analyst-w-m-d-at-tietalent-4283867549?position=7&pageNum=0&refId=g24K6EiSwKnrlOXuCPKdjA%3D%3D&trackingId=Dq%2Fy5AC5nigOaZKTKPOI4Q%3D%3D,Not specified,2025-08-13 17:02:33.855940,2025-08-13,"Herzlich Willkommen bei der MSR Consulting Group. Als führende Unternehmensberatung begleiten wir Klienten v.a. aus den Branchen Automotive & Mobility sowie Financial Services auf ihrem Weg zum Best-in-Class. Unser Ziel: Die Welt für Kunden besser machen. Bei uns erwartet dich Teamgeist, eigenverantwortliches Arbeiten und gemeinsame Entwicklung. Mit einer kununu-Bewertung von 4,4 von 5 sind wir stolz auf die Zufriedenheit unserer Mitarbeitenden und unsere offene Unternehmenskultur. Werde Teil unseres Teams und gestalte mit uns die Zukunft! (Senior) Data Analyst (w⁠/⁠m⁠/⁠d) Arbeitsort: Köln | Full-time employee | AB SOFORT So kann Deine Arbeitswoche bei uns aussehen Du konzipierst und steuerst anspruchsvolle Analysen zu Kunden- und Marktdaten – von der Anforderungsaufnahme bis zur Ergebnispräsentation. Du entwickelst methodisch fundierte Fragebögen und begleitest Umfragen in enger Abstimmung mit internen Teams und externen Dienstleistern. Du strukturierst, bereinigst und analysierst komplexe Datensätze, identifizierst Optimierungspotenziale und leitest konkrete Handlungsempfehlungen ab. Du führst statistische Modellierungen durch – z. B. Regressions-, Cluster- oder Faktorenanalysen – und übersetzt Ergebnisse in relevante Insights für unsere Klienten. Du verantwortest die Erstellung klar strukturierter Ergebnisreports und Präsentationen. Du bringst Dich aktiv in die Weiterentwicklung unserer Methoden- und Toollandschaft ein, z. B. durch Automatisierung von Analyseprozessen oder Aufbau interaktiver Dashboards. Du teilst Dein Wissen im Team und engagierst Dich in internen Kompetenz-Formaten. Darauf kannst Du Dich bei MSR freuen Spannende Projekte: Unbefristeter Job, abwechslungsreiche Aufgaben und schnelle Verantwortung für eigene Aufgaben Teamarbeit: Kurze Wege, regelmäßiger Austausch und Feedback. Top Einarbeitung: Individuelles Onboarding mit Mentor und monatliche Weiterbildungen an der MSR Academy. Entwicklung: Halbjährliche Mitarbeitergespräche und klare Karriereschritte. Attraktive Vergütung: Systematische Gehaltsentwicklung, Deutschlandticket & Firmenbike. Teamgeist: Jährliches Europa-Seminar, Team-Events & Feel Good-Aktivitäten. Flexibilität: Modernes Büro mit großem Garten, Home-Office-Möglichkeit, flexible Arbeitszeiten. Work-Life-Balance: 29 Tage Urlaub zzgl. Rosenmontag sowie die Option auf Sabbatical und weitere freie Tage … und selbstverständlich dürfen auch bei uns kostenloser Kaffee, Tee und der wöchentliche bunte Obstkorb nicht fehlen Das bringst Du idealerweise mit Sehr gut abgeschlossenes Studium mit Fokus auf Statistik, Data Science, Wirtschaftswissenschaften, Psychologie, Sozialwissenschaften o. ä. Mehrjährige praktische Erfahrung in der quantitativen Datenanalyse – idealerweise in Marktforschung, Consulting oder datengetriebener Produkt-/ Serviceoptimierung. Sicherer Umgang mit Statistiksoftware (z. B. SPSS, R, Python, Stata) sowie fundierte Kenntnisse multivariater Analyseverfahren. Erfahrung in der Konzeption und Umsetzung von Analyseprojekten mit mehreren Stakeholdern sowie ausgeprägte Präsentations- und Storytelling-Fähigkeiten. Selbstständige, strukturierte und verantwortungsbewusste Arbeitsweise – mit Freude an evidenzbasiertem Denken und technischer Weiterentwicklung. Sehr gute Deutschkenntnisse in Wort und Schrift sind zwingend erforderlich. Kontakt Teresa Höhl (Talent Acquisition + Employer Branding) Tel.: 0221 4892813 Mail.: teresa.hoehl(at)msr.de",de.linkedin.com/jobs/view/senior-data-analyst-w-m-d-at-tietalent-4283867549
Consultant Actuarial Risk Modelling & Data Science (w/m/d),PwC Deutschland,"Cologne, North Rhine-Westphalia, Germany",LinkedIn,https://de.linkedin.com/jobs/view/consultant-actuarial-risk-modelling-data-science-w-m-d-at-pwc-deutschland-4283555239?position=9&pageNum=0&refId=g24K6EiSwKnrlOXuCPKdjA%3D%3D&trackingId=lU4s72NsL8f3UWQDkPIfNA%3D%3D,Not specified,2025-08-13 17:02:33.856213,2025-08-12,"Für unseren Geschäftsbereich Risk & Regulatory suchen wir dich zum nächstmöglichen Zeitpunkt als Consultant Actuarial Risk Modelling & Data Science (w/m/d). Das erwartet dich Verantwortungsbereich – Als Teil unseres Teams im Bereich Aktuarwesen wirkst du an spannenden Projekten bei nationalen und internationalen Versicherungsunternehmen mit und unterstützt bei der Bewältigung aktueller Herausforderungen. Beratung – Wir arbeiten mit unseren Mandanten an aktuellen Themen wie der Optimierung und Modernisierung von Geschäftsprozessen und Systemen, der Modellierung und Bewertung, der Einführung von neuen Standards sowie der Anwendung von Data Analytics und KI. Dabei kannst du dich in unserem Team schnell weiterentwickeln und nach und nach mehr Verantwortung übernehmen. Prüfung – Du übernimmst im Team Verantwortung für aktuarielle Prozesse und Bewertungen in Jahres- und Quartalsabschlüssen nach verschiedenen Standards (z.B. HGB, IFRS oder Solvency II). Dabei hast du sowohl die IT/Prozess- als auch die methodische Seite im Blick. Als Aktuar :in bist du bei der Qualitätssicherung und Validierung von aktuariellen Modellen ebenso aktiv wie bei Transaktionen. Das bringst du mit Du hast dein Studium der Mathematik, Wirtschaftsmathematik, Finanzmathematik, Informatik, Wirtschaftsinformatik, Physik oder einer vergleichbaren Fachrichtung abgeschlossen. Du verfügst über erste Erfahrung im Finanz- oder Versicherungsbereich und / oder hast dich im Studium bereits mit versicherungsmathematischen Themen (wie z.B. Pricing, Bewertung, Modellierung, Programmierung, Actuarial Data Science oder Anwendungen von Machine Learning/Predictive Modeling) beschäftigt. Es macht dir Spaß, dich mit komplexen mathematischen Fragen, mit mathematischen Modellen, mit Risikomanagement und Rechnungswesen und/oder Digitalisierung und Prozessgestaltung zu beschäftigen. Du beherrschst die Sprachen Deutsch und Englisch fließend in Wort und Schrift. Du arbeitest gerne in interdisziplinären Teams und bringst ausgeprägte analytische sowie kommunikative Fähigkeiten mit. Außerdem setzt du dich gerne mit komplexen Fragestellungen und kreativen Lösungsmöglichkeiten auseinander. Deine Benefits Flexibilität – Deine Arbeitszeit und deinen Arbeitsort kannst du bei uns - in Abstimmung mit den betrieblichen Anforderungen und arbeitsrechtlichen Bestimmungen - selber bestimmen. Dabei gibt es keine Kernarbeitszeiten und du hast die Möglichkeit, im Home Office sowie in über 40 Ländern zu arbeiten. Masterförderung – Durch unsere interne Academy, internationale Erfahrungen durch Secondments und kontinuierliches Mentoring entwickelst du dich stetig weiter. Darüber hinaus bieten wir die Möglichkeit einer Masterförderung für Examensmaster und Spezialisierungsmaster an. Freizeit – Dank eines Teilzeit-Blockmodells kannst du auch mehrmonatige Auszeiten in Form eines Sabbaticals nehmen. Zusätzlich kannst du bei PwC Deutschland Überstunden auf einem persönlichen Jahresarbeitszeitskonto sammeln. Deine Überstunden kannst du im Laufe des Jahres durch Freizeit ausgleichen. Restliche Überstunden werden einmal jährlich ausgezahlt. Gesundheit – Deine Gesundheit liegt uns am Herzen: Neben einer eigenen betrieblichen Krankenkasse bieten wir auch Vorsorgeuntersuchungen sowie Sportangebote an. Nimm an unserem kostenlosen Betriebssportprogramm teil oder profitiere von vergünstigten Beiträgen in diversen Fitnessstudios oder einer Urban Sports Club-Mitgliedschaft. Das ist noch nicht alles – Wir möchten ein positives Arbeitsumfeld schaffen: Ein Umfeld, in dem flexibles und kreatives Arbeiten möglich ist, in dem Arbeit anerkannt und Leistung honoriert wird und auf das wir stolz sind. Alle Benefits findest du auf unserer Karriereseite. Bei PwC Deutschland arbeiten wir daran, entscheidende Herausforderungen zu lösen, nachhaltige Ergebnisse zu schaffen und das Vertrauen in die Wirtschaft und Gesellschaft auszubauen. Als Teil unseres Governance, Risk & Compliance Teams (kurz GRC) begleitest du Projekte in der Bank- und Versicherungsbranche. Unsere Projekte umfassen diverse Schwerpunkte und reichen vom zahlenbasierten Aktuarswesen, quantitativer Risikomodellierung Modellierung und Risikomanagement bei Banken und Versicherungen bis hin zu Anti Financial Crime, ESG und Klimarisikomanagement. So divers wie unsere Projekte ist auch unser Team aufgestellt: Eine große Varianz an Studienfächern wie Mathematik, MINT, Jura, VWL und BWL sind maßgeblich für unseren Projekterfolg. Kontakt Du hast Fragen zu dieser Position oder deiner Bewerbung? Melde dich gerne bei Juliana Hope unter +49 69 9585-2222 .",de.linkedin.com/jobs/view/consultant-actuarial-risk-modelling-data-science-w-m-d-at-pwc-deutschland-4283555239
Consultant Actuarial Risk Modelling & Data Science (w/m/d),PwC Deutschland,Greater Dusseldorf Area,LinkedIn,https://de.linkedin.com/jobs/view/consultant-actuarial-risk-modelling-data-science-w-m-d-at-pwc-deutschland-4283556082?position=10&pageNum=0&refId=g24K6EiSwKnrlOXuCPKdjA%3D%3D&trackingId=ofT7%2FwAsMPZ3VGK5RsJ7iQ%3D%3D,Not specified,2025-08-13 17:02:33.856348,2025-08-12,"Für unseren Geschäftsbereich Risk & Regulatory suchen wir dich zum nächstmöglichen Zeitpunkt als Consultant Actuarial Risk Modelling & Data Science (w/m/d). Das erwartet dich Verantwortungsbereich – Als Teil unseres Teams im Bereich Aktuarwesen wirkst du an spannenden Projekten bei nationalen und internationalen Versicherungsunternehmen mit und unterstützt bei der Bewältigung aktueller Herausforderungen. Beratung – Wir arbeiten mit unseren Mandanten an aktuellen Themen wie der Optimierung und Modernisierung von Geschäftsprozessen und Systemen, der Modellierung und Bewertung, der Einführung von neuen Standards sowie der Anwendung von Data Analytics und KI. Dabei kannst du dich in unserem Team schnell weiterentwickeln und nach und nach mehr Verantwortung übernehmen. Prüfung – Du übernimmst im Team Verantwortung für aktuarielle Prozesse und Bewertungen in Jahres- und Quartalsabschlüssen nach verschiedenen Standards (z.B. HGB, IFRS oder Solvency II). Dabei hast du sowohl die IT/Prozess- als auch die methodische Seite im Blick. Als Aktuar :in bist du bei der Qualitätssicherung und Validierung von aktuariellen Modellen ebenso aktiv wie bei Transaktionen. Das bringst du mit Du hast dein Studium der Mathematik, Wirtschaftsmathematik, Finanzmathematik, Informatik, Wirtschaftsinformatik, Physik oder einer vergleichbaren Fachrichtung abgeschlossen. Du verfügst über erste Erfahrung im Finanz- oder Versicherungsbereich und / oder hast dich im Studium bereits mit versicherungsmathematischen Themen (wie z.B. Pricing, Bewertung, Modellierung, Programmierung, Actuarial Data Science oder Anwendungen von Machine Learning/Predictive Modeling) beschäftigt. Es macht dir Spaß, dich mit komplexen mathematischen Fragen, mit mathematischen Modellen, mit Risikomanagement und Rechnungswesen und/oder Digitalisierung und Prozessgestaltung zu beschäftigen. Du beherrschst die Sprachen Deutsch und Englisch fließend in Wort und Schrift. Du arbeitest gerne in interdisziplinären Teams und bringst ausgeprägte analytische sowie kommunikative Fähigkeiten mit. Außerdem setzt du dich gerne mit komplexen Fragestellungen und kreativen Lösungsmöglichkeiten auseinander. Deine Benefits Flexibilität – Deine Arbeitszeit und deinen Arbeitsort kannst du bei uns - in Abstimmung mit den betrieblichen Anforderungen und arbeitsrechtlichen Bestimmungen - selber bestimmen. Dabei gibt es keine Kernarbeitszeiten und du hast die Möglichkeit, im Home Office sowie in über 40 Ländern zu arbeiten. Masterförderung – Durch unsere interne Academy, internationale Erfahrungen durch Secondments und kontinuierliches Mentoring entwickelst du dich stetig weiter. Darüber hinaus bieten wir die Möglichkeit einer Masterförderung für Examensmaster und Spezialisierungsmaster an. Freizeit – Dank eines Teilzeit-Blockmodells kannst du auch mehrmonatige Auszeiten in Form eines Sabbaticals nehmen. Zusätzlich kannst du bei PwC Deutschland Überstunden auf einem persönlichen Jahresarbeitszeitskonto sammeln. Deine Überstunden kannst du im Laufe des Jahres durch Freizeit ausgleichen. Restliche Überstunden werden einmal jährlich ausgezahlt. Gesundheit – Deine Gesundheit liegt uns am Herzen: Neben einer eigenen betrieblichen Krankenkasse bieten wir auch Vorsorgeuntersuchungen sowie Sportangebote an. Nimm an unserem kostenlosen Betriebssportprogramm teil oder profitiere von vergünstigten Beiträgen in diversen Fitnessstudios oder einer Urban Sports Club-Mitgliedschaft. Das ist noch nicht alles – Wir möchten ein positives Arbeitsumfeld schaffen: Ein Umfeld, in dem flexibles und kreatives Arbeiten möglich ist, in dem Arbeit anerkannt und Leistung honoriert wird und auf das wir stolz sind. Alle Benefits findest du auf unserer Karriereseite. Bei PwC Deutschland arbeiten wir daran, entscheidende Herausforderungen zu lösen, nachhaltige Ergebnisse zu schaffen und das Vertrauen in die Wirtschaft und Gesellschaft auszubauen. Als Teil unseres Governance, Risk & Compliance Teams (kurz GRC) begleitest du Projekte in der Bank- und Versicherungsbranche. Unsere Projekte umfassen diverse Schwerpunkte und reichen vom zahlenbasierten Aktuarswesen, quantitativer Risikomodellierung Modellierung und Risikomanagement bei Banken und Versicherungen bis hin zu Anti Financial Crime, ESG und Klimarisikomanagement. So divers wie unsere Projekte ist auch unser Team aufgestellt: Eine große Varianz an Studienfächern wie Mathematik, MINT, Jura, VWL und BWL sind maßgeblich für unseren Projekterfolg. Kontakt Du hast Fragen zu dieser Position oder deiner Bewerbung? Melde dich gerne bei Juliana Hope unter +49 69 9585-2222 .",de.linkedin.com/jobs/view/consultant-actuarial-risk-modelling-data-science-w-m-d-at-pwc-deutschland-4283556082
Senior Data Analyst (all genders),adesso SE,"Cologne, North Rhine-Westphalia, Germany",LinkedIn,https://de.linkedin.com/jobs/view/senior-data-analyst-all-genders-at-adesso-se-4203242534?position=12&pageNum=0&refId=g24K6EiSwKnrlOXuCPKdjA%3D%3D&trackingId=NepBaQFNgaGcK9cg72zSew%3D%3D,Not specified,2025-08-13 17:02:33.856625,2025-08-13,"Wir gehören zu den Top-Adressen in der IT-Welt und fokussieren uns auf die Optimierung der Kerngeschäfts­prozesse unserer Kunden. Durch den smarten Einsatz maßgeschneiderter IT-Lösungen unterstützen wir unsere Kunden dabei, das Beste aus ihrem Business und aktuellen Technologien herauszuholen. Unseren Erfolg aber erreichen wir nur durch eins: die Menschen bei adesso! Sie bringen Ideen, fachliches Know how und Technologien zusammen. Gemeinsam programmieren wir (deine) Zukunft bei adesso. DEINE ROLLE Konzeption und Implementierung: Du trägst Verantwortung für die Konzeption und technische Implementierung von datengetriebenen Lösungen oder einzelnen Bestandteilen einer datengetriebenen Lösung. Anforderungsmanagement: Gemeinsam mit Kunden, Usern und weiteren Stakeholdern erarbeitest du die relevanten Anforderungen und gestaltest mit ihnen innovative Lösungsideen, die diese Anforderungen erfüllen. Datenanalyse und Modellierung: Deine Stärke liegt in der Aufbereitung und Analyse strukturierter und unstrukturierter Daten aus verschiedensten Datenquellen sowie in der Datenmodellierung. Dabei entwickelst du Analysen und Bewertungen von strategischen, prozessualen und methodischen Fragestellungen. Prozessoptimierung: Du bringst Optimierungsvorschläge sowie Ideen proaktiv beim Kunden ein und implementierst Prozesse zur Datenqualitätssicherung. Konzepterstellung: Zusammen mit unseren Datenarchitektinnen und -architekten konkretisierst du Konzepte zu umsetzungsreifen Entwürfen und bereitest gemeinsam mit unseren Data Engineers die Realisierung von Lösungen vor. Projektunterstützung: Du unterstützt Projekte in allen Phasen, von der Anforderungsanalyse, dem Design, der Implementierung, hin zum Testing und der Produktivsetzung. DEIN PROFIL Begeisterung für Daten: „Bock auf Daten!“: Mit viel Begeisterung eignest du dir gerne neues Wissen zu Applikationen, Technologien und Tools im Data & Analytics Kontext an Akademischer Hintergrund: Du hast ein abgeschlossenes Studium mit der Fachrichtung Wirtschaftsinformatik, Wirtschaftswissenschaften, Wirtschaftsingenieurwesen, Informatik oder einer vergleichbaren Fachrichtung. Analytisches Denkvermögen: Du hast ein ausgeprägtes analytisches Denkvermögen und die Fähigkeit, Schlussfolgerungen aus deinen Ergebnissen zu ziehen. Fachkenntnisse: Du hast fundierte Kenntnisse in klassischen Business Intelligence und Data Warehouse-Konzepten sowie in modernen Data & Analytics Plattformen. Technische Fähigkeiten: Du bringst fundierte Kenntnisse in SQL mit und fühlst dich in der Datenmodellierung sicher, idealerweise im Zusammenspiel mit Business-Intelligence-Tools wie Power BI, Tableau oder Qlik Sense. Architekturverständnis: Du hast Freude daran, Architekturen aus fachlicher Perspektive zu konzipieren bzw. zu durchleuchten Sprachkenntnisse: Sehr gute Deutsch- und gute Englischkenntnisse Unser Versprechen: Du wirst dich bei uns wohlfühlen! Kollegial, familiär und auf Augenhöhe – wir leben Austausch, Teamgeist und einen respektvollen Umgang miteinander. Diversität und verschiedene Blickwinkel werden bei uns genauso geschätzt wie du als Mensch. Das und viel mehr steht für unser ganz besonderes Wir-Gefühl. Für das es sogar ein Wort gibt: adessi. Unsere Kultur und das Zusammenarbeiten sind geprägt von gegenseitiger Wertschätzung, Anerkennung und Unterstützung. Das verbindet uns hierarchieübergreifend – auch im Home-Office. So belegen wir zum wiederholten Mal den 1. Platz beim Wettbewerb „Deutschlands Beste Arbeitgeber in der ITK“!. Unser umfangreiches Trainingsangebot und ein transparentes Laufbahnstufenmodell für alle sorgen dafür, dass deine Entwicklung bei uns nicht stillsteht. Denn gemeinsam zu wachsen und Chancengeber zu sein, das ist programmiert in unserer DNA.",de.linkedin.com/jobs/view/senior-data-analyst-all-genders-at-adesso-se-4203242534
Senior Internal Auditor (f/m/d),ZF Group,"Düsseldorf, North Rhine-Westphalia, Germany",LinkedIn,https://de.linkedin.com/jobs/view/senior-internal-auditor-f-m-d-at-zf-group-4282201505?position=18&pageNum=0&refId=g24K6EiSwKnrlOXuCPKdjA%3D%3D&trackingId=SrzI1rt8TNTi1%2BoabkPbIA%3D%3D,Not specified,2025-08-13 17:02:33.857448,2025-08-13,"As an Auditor (m/f/d), you will be performing and assessing business processes in our department Commercial Audit (VAC). You will also be coordinating audit results with the management and tracking all deviations until they are fixed. In this role you will be elaborating and further developing our risk-oriented audit programs for existing and future audit areas. Additionally, you may also be performing special audits. We are looking for a highly self-sufficient and motivated person able to organize all aspects of an audit. What you can look forward to as Senior Internal Auditor (f/m/d): Independent planning and execution of audits of domestic and foreign companies of ZF with a focus on regularity, efficiency and effectiveness Conducting special audits, consulting services and improvement projects Coordination of the audit results with the responsible management and reporting to the Group management Identification, testing and evaluation of business-critical processes for effectiveness and efficiency and compliance with company requirements Contribution to, and further development of, risk-oriented and control-based audit programs for existing and new audit areas Your profile as Senior Internal Auditor (f/m/d): University degree in Accounting, Finance, Business, Industrial Engineering, Data Science, Economics or similar Professional experience in the internal auditing of an international company Effective written and verbal communication skills, including the ability to explain data and findings to a non-technical audience in German and English language so the significance of the matter being discussed is understood Careful working style, assertiveness and good communication skills combined with a confident demeanor and strong organizational, management, analytical and problem-solving skills Data analytics knowledge is an advantage",de.linkedin.com/jobs/view/senior-internal-auditor-f-m-d-at-zf-group-4282201505
Murex Business Solution Architect - German speaking,Publicis Sapient,"Cologne, North Rhine-Westphalia, Germany",LinkedIn,https://de.linkedin.com/jobs/view/murex-business-solution-architect-german-speaking-at-publicis-sapient-4129214302?position=20&pageNum=0&refId=g24K6EiSwKnrlOXuCPKdjA%3D%3D&trackingId=DuEbheAdiv6FL2SvzSMlfA%3D%3D,Not specified,2025-08-13 17:02:33.857719,2025-08-13,"Job Description Als Teil der Financial-Services-Branche wirst du unsere Kunden dabei unterstützen, neue Chancen zu entdecken und innovative Lösungsansätze zu entwickeln, um sie auf ihrem Weg in eine digitale Zukunft zu begleiten. Als Murex Business Solution Architect in der Finanzdienstleistungsbranche bist du Experte in den verschiedenen Funktionsbereichen der Murex-Plattform. Dein Einfluss Du trägst über das Modul hinaus zum gesamten Murex-Anwendungsbereich bei Du berätst unsere Kunden bei der Auswahl der optimalen Technologie-Stacks und Designs für die Murex-Plattform, um die bestmögliche Architektur zu gewährleisten Du beaufsichtigst den gesamten Projektlebenszyklus von der Konzeption bis zur Inbetriebnahme, um so die erfolgreiche Implementierung und Integration der Murex-Lösungen sicherzustellen Du kennst die Abläufe und Zusammenhänge in Banken und Vermögensverwaltungen gut und verstehst die Abhängigkeiten und Interaktionen zwischen den verschiedenen Abläufen Du behältst den Überblick über den Fortschritt der Projekte, koordinierst Zeitpläne und arbeitest mit verschiedenen Teams zusammen, um eine reibungslose Ausführung zu gewährleisten Du arbeitest aktiv an der End-to-End-Testkampagne mit, um sicherzustellen, dass die Prozesse reibungslos ablaufen Qualifications Deine Qualifikationen Du hast eine langjährige Erfahrung in der Leitung von Lösungsentwicklungssitzungen und im Umgang mit Geschäftsanwendern Du hast Erfahrung im Bereich der Finanzdienstleistungsbranche mit Schwerpunkt auf Murex Du bringst ein tiefgreifendes Verständnis der Prozesse in Banken und Vermögensverwaltungen mit Kenntnisse Murex-Funktionen an Kundenbedürfnisse zu optimieren Umfassende Kenntnisse über komplexe Produktmigrationen in Murex Planung und Umsetzung von DevOps und agilen Methoden für Murex-Programme Erfahrung in der Leitung von End-to-End-Testkampagnen Kenntnisse in den Bereichen FX, IRD, FI, Commodities, Equities und anderen Anlageklassen Fundierte Kenntnisse von Produktkonfigurationen bis hin zu Preisgestaltung, Simulation, Bewertungen, PnL-Attribution, Regeldefinitionen, FO-Einstellung und GOM-Setup Du hast Erfahrung in der Angebotserstellung, der Entwicklung maßgeschneiderter Lösungen basierend auf Kundenbedürfnissen sowie in der Zusammenarbeit mit Senorigen Stakeholdern Du verfügst über ausgezeichnete Kommunikations- und Präsentationsfähigkeiten und kannst komplexe technische Zusammenhänge verständlich vermitteln Du hast Erfahrung in der Arbeit in interkulturellen und interdisziplinären Projektteams Du verfügst über fließende Deutsch- und Englischkenntnisse in schriftlicher und mündlicher Kommunikation von komplexen Konzepten in einer Geschäftsumgebung Additional Information Wir bieten Hybrides Arbeitsmodell und flexible Arbeitszeiten Starke Unternehmenskultur, bei der der Mensch im Mittelpunkt steht Zahlreiche Lernmöglichkeiten zur Förderung deiner beruflichen Entwicklung Hervorragende Möglichkeiten für die berufliche Weiterentwicklung Anreize und Belohnungssysteme für Mitarbeiter Betriebliche Altersvorsorge und Berufsunfähigkeitsversicherung Ergonomische Stühle und höhenverstellbare Schreibtische, hundefreundliche Büros Ermäßigungen für Reisen, Kultur und Freizeitaktivitäten Lebendige Arbeitsplatzkultur mit verschiedenen Veranstaltungen im Laufe des Jahres (z. B. After-Work-Events, gesundes Frühstück) Mögliche Standorte: Berlin, München, Frankfurt, Düsseldorf, Köln oder Hamburg Bei Publicis Sapient sind wir bemüht eine offene und inklusive Unternehmenskultur zu schaffen. Als Teil unseres Engagements für eine integrative und vielfältige Belegschaft achten wir besonders im Recruitingprozess auf Chancengleichheit und unterscheiden nicht nach Rasse, Hautfarbe, Herkunft, ethnische Zugehörigkeit, Geschlecht, Behinderung, sexuelle Orientierung, Geschlechtsidentität oder Religion. Company Description Wer wir sind: Als Partner für digitale Business Transformation begleitet Publicis Sapient Unternehmen auf ihrem Weg in die digitale Zukunft. Wir helfen, digitale Fähigkeiten zu aktivieren und kontinuierlich wachsenden Kundenerwartungen bestmöglich zu entsprechen. Mit unserer Start-up-Mentalität und innovativen Methodik eröffnen wir Unternehmen neue Wertschöpfungs- und Wachstumspotenziale. Dazu verbinden wir Strategie, Beratung und Customer Experience mit agilem Engineering und kreativer Problemlösungskompetenz. Wir – das sind rund 20.000 digitale Pioniere an 53 Standorten auf der ganzen Welt. Dazu zählen Expert:innen aus den Bereichen Technologie, Data Science, Design, Consulting und Customer Experience. Gemeinsam mit unseren Kund:innen entwickeln wir innovative Produkte und Services, die begeistern und den Unternehmenserfolg vorantreiben. Willkommen bei Publicis Sapient, dem Spezialisten für digitale Business Transformation der Publicis Groupe.",de.linkedin.com/jobs/view/murex-business-solution-architect-german-speaking-at-publicis-sapient-4129214302
Business Analytics Specialist Tableau (all genders),adesso SE,"Ulm, Baden-Württemberg, Germany",LinkedIn,https://de.linkedin.com/jobs/view/business-analytics-specialist-tableau-all-genders-at-adesso-se-4203243434?position=3&pageNum=0&refId=SNlC3yWVdBccwh%2FAkCZkaw%3D%3D&trackingId=R%2FrCJ0IW%2FhgquHTasmPXMQ%3D%3D,Not specified,2025-08-13 17:03:09.679123,2025-08-13,"Wir gehören zu den Top-Adressen in der IT-Welt und fokussieren uns auf die Optimierung der Kerngeschäfts­prozesse unserer Kunden. Durch den smarten Einsatz maßgeschneiderter IT-Lösungen unterstützen wir unsere Kunden dabei, das Beste aus ihrem Business und aktuellen Technologien herauszuholen. Unseren Erfolg aber erreichen wir nur durch eins: die Menschen bei adesso! Sie bringen Ideen, fachliches Know how und Technologien zusammen. Gemeinsam programmieren wir (deine) Zukunft bei adesso. DEINE ROLLE Visualisiere datengetriebene Lösungen: Gestalte gemeinsam mit uns die Business Line Data & Analytics. Wir fokussieren uns auf die Daten unserer Kunden und konzipieren maßgeschneiderte Lösungen durch individuelle Beratung. Data Visualization Projekte: Du übernimmst die Konzeption, die technische Implementierung, die Business Analyse und das Stakeholdermanagement in Data Visualization Projekten. Tableau Specialist: Erstelle Reports und Dashboards und führe explorative und Datenanalysen mit Tableau durch. Zudem richtest du Tableau Server ein und bist für deren Anbindung an die bestehende IT-Infrastruktur zuständig. Workshops: Du übernimmst die Durchführung von Workshops und Anwenderschulungen mit Kunden und adessi. Übernehme Verantwortung: Du bist verantwortlich für die Vendoren-Auswahl von Data & Analytics Anbietern DEIN PROFIL Strategische Beratung: Du hast Spaß und Motivation an der strategischen Beratung rund um Data Visualization. Tableau-Erfahrung: Du hast Erfahrung im Umgang mit dem Tableau Stack, zudem sind Zertifizierungen im Tableau Kontext (z.B. Qualified Associate, Certified Professional) wünschenswert. Analoge Tools: Du hast Erfahrung im Umgang mit analogen BI-/Analytics Tools. Weitere Kenntnisse: Fundierte Kenntnisse der Datenmodellierung (Star/Snowflake), Datenvisualisierung und Datenbewirtschaftung sind genauso vorhanden wie Kenntnisse von klassischer Business Intelligence und Data Warehouse-Konzepten sowie von modernen Data & Analytics Plattformen. Soft Skills: Gute Kommunikations- und Präsentationsfähigkeiten Sprachkenntnisse: Sehr gute Deutsch- und gute Englischkenntnisse Unser Versprechen: Du wirst dich bei uns wohlfühlen! Kollegial, familiär und auf Augenhöhe – wir leben Austausch, Teamgeist und einen respektvollen Umgang miteinander. Diversität und verschiedene Blickwinkel werden bei uns genauso geschätzt wie du als Mensch. Das und viel mehr steht für unser ganz besonderes Wir-Gefühl. Für das es sogar ein Wort gibt: adessi. Unsere Kultur und das Zusammenarbeiten sind geprägt von gegenseitiger Wertschätzung, Anerkennung und Unterstützung. Das verbindet uns hierarchieübergreifend – auch im Home-Office. So belegen wir zum wiederholten Mal den 1. Platz beim Wettbewerb „Deutschlands Beste Arbeitgeber in der ITK“!. Unser umfangreiches Trainingsangebot und ein transparentes Laufbahnstufenmodell für alle sorgen dafür, dass deine Entwicklung bei uns nicht stillsteht. Denn gemeinsam zu wachsen und Chancengeber zu sein, das ist programmiert in unserer DNA.",de.linkedin.com/jobs/view/business-analytics-specialist-tableau-all-genders-at-adesso-se-4203243434
"Software Engineer III, AI/ML, Creator Reputation",Google,"Zurich, Zurich, Switzerland",LinkedIn,https://ch.linkedin.com/jobs/view/software-engineer-iii-ai-ml-creator-reputation-at-google-4284142749?position=4&pageNum=0&refId=XMR59x7W0ylizpESsvzygg%3D%3D&trackingId=f7FmnIFTUKRepVGdSLF9Ng%3D%3D,Not specified,2025-08-13 17:03:32.934773,2025-08-13,"Minimum qualifications: Bachelor’s degree or equivalent practical experience. 2 years of experience with software development in one or more programming languages, or 1 year of experience with an advanced degree. 1 year of experience with one or more of the following: Speech/audio (e.g., technology duplicating and responding to the human voice), reinforcement learning (e.g., sequential decision making), ML infrastructure, or specialization in another ML field. 1 year of experience with ML infrastructure (e.g., model deployment, model evaluation, optimization, data processing, debugging). 2 years of experience with software development in C++, Python and SQL. Experience with Data Analysis. Preferred qualifications: Master's degree or PhD in Computer Science or related technical fields. 2 years of experience with data structures or algorithms. Experience developing accessible technologies. Experience with Big Data Processing. About The Job Google's software engineers develop the next-generation technologies that change how billions of users connect, explore, and interact with information and one another. Our products need to handle information at massive scale, and extend well beyond web search. We're looking for engineers who bring fresh ideas from all areas, including information retrieval, distributed computing, large-scale system design, networking and data storage, security, artificial intelligence, natural language processing, UI design and mobile; the list goes on and is growing every day. As a software engineer, you will work on a specific project critical to Google’s needs with opportunities to switch teams and projects as you and our fast-paced business grow and evolve. We need our engineers to be versatile, display leadership qualities and be enthusiastic to take on new problems across the full-stack as we continue to push technology forward. The team's mission is to empower good creators and safeguard the YouTube ecosystem. We achieve this by understanding creator behavior, identifying bad actors, and developing solutions that have a significant impact on the entire platform. We are not just about keeping the bad actors away, but also about helping good creators thrive. We deal with complex, ambiguous problems where ground truth is not always available and where abusers are constantly adapting. We look for engineers that enjoy solving hard problems, are comfortable with ambiguity and are passionate about making a difference on a large scale. You will be part of a team that repeatedly finds ways to train successful classifiers and anticipates the next move of the abusers. At YouTube, we believe that everyone deserves to have a voice, and that the world is a better place when we listen, share, and build community through our stories. We work together to give everyone the power to share their story, explore what they love, and connect with one another in the process. Working at the intersection of cutting-edge technology and boundless creativity, we move at the speed of culture with a shared goal to show people the world. We explore new ideas, solve real problems, and have fun — and we do it all together. Responsibilities Conceive, build, and launch novel ML models and solutions, from initial idea to full production deployment, addressing complex and ambiguous problems. Integrate ML classifiers from other teams, harmonizing them into a powerful, cohesive classification system that delivers unified insights. Analyze complex problems, such as spikes in abuse or emerging platform vulnerabilities, to devise targeted solutions for mitigation and prevention. Collaborate closely with a diverse group of stakeholders across YouTube, including analysts, data scientists, and policy experts, championing data-driven solutions and influencing platform-wide strategies. Be comfortable doing some amount of infrastructure work, for example, to launch an ML classifier. This might involve designing and implementing robust data pipelines, optimizing system performance, or maintaining crucial classification infrastructure. Google is proud to be an equal opportunity workplace and is an affirmative action employer. We are committed to equal employment opportunity regardless of race, color, ancestry, religion, sex, national origin, sexual orientation, age, citizenship, marital status, disability, gender identity or Veteran status. We also consider qualified applicants regardless of criminal histories, consistent with legal requirements. See also Google's EEO Policy and EEO is the Law. If you have a disability or special need that requires accommodation, please let us know by completing our Accommodations for Applicants form .",ch.linkedin.com/jobs/view/software-engineer-iii-ai-ml-creator-reputation-at-google-4284142749
Senior ML Engineer (Zürich),Lakera,"Zurich, Zurich, Switzerland",LinkedIn,https://ch.linkedin.com/jobs/view/senior-ml-engineer-z%C3%BCrich-at-lakera-4230291328?position=5&pageNum=0&refId=XMR59x7W0ylizpESsvzygg%3D%3D&trackingId=IY2PZGE4nBwzLD0gybOrnQ%3D%3D,Not specified,2025-08-13 17:03:32.934924,2025-08-13,"You want to operate at the cutting edge of AI, building the strongest defenses in the AI cybersecurity market. You will be increasing the scope and quality of our defenses, and playing a pivotal role in ensuring that GenAI applications can be deployed securely at scale. You will lead the creation of cutting-edge models that perform exceptionally well and operate in real time. This involves continuously identifying edge cases for our detectors and working to collect and generate intricate threat datasets to improve the performance of these models. You will ensure that Lakera can continuously ship the best defenses in the market with a high cadence. Your passion lies in shaping the future, working on ideas that define the secure use of AI in the decades ahead. Your work will play a vital role in ensuring that AI can unleash its best potential–for good. About Lakera Lakera is on a mission to ensure AI does what we want it to do. We are heading towards a future where AI agents run our businesses and personal lives. Here at Lakera, we're not just dreaming about the future; we're building the security foundation for it. We empower security teams and builders so that their businesses can adopt AI technologies and unleash the next phase of intelligent computing. We work with Fortune 500 companies, startups, and foundation model providers to protect them and their users from adversarial misalignment. We are also the company behind Gandalf, the world’s most popular AI security game. Lakera has offices in San Francisco and Zurich. We move fast and work with intensity. We act as one team but expect everyone to take substantial ownership and accountability. We prioritize transparency at every level and are committed to always raising the bar in everything we do. We promote diversity of thought as we believe that creates the best outcomes. Example projects Extend the scope of one of our detectors to support multiple languages without dropping performance on already supported languages. Increase the scope where our defenses perform by 100x (e.g., multi-lingual data, code, etc). Extend modeling and data generation to enable passing additional context to our prompt injection detectors, such as the LLM output and behavioral metadata. Red team our model to understand the most pressing vulnerabilities of our detectors and prioritize the data collection and generation required to fix them. What You’ll Bring You have at least 4 years of experience shipping machine learning models to production, ideally in environments where reliability and quality are key (e.g., autonomous driving, industrial applications, healthcare). Most of your experience productionizing ML models has been in unstructured data spaces such as NLP and vision. You have had experience working on end-to-end development of ML models. You have experience working on the “long tail” of data distribution, bringing models from prototypes to real-world systems. You aspire to play a pivotal role in defining the future of secure AI within a mission-driven company with ambitious goals. 👉 Let's stay connected! Follow us on LinkedIn , Twitter & Instagram to learn more about what is happening at Lakera. ℹ️ Join us on Momentum , the slack community for AI Safety and Security everything. ❗To remove your information from our recruitment database, please email privacy@lakera.ai .",ch.linkedin.com/jobs/view/senior-ml-engineer-z%C3%BCrich-at-lakera-4230291328
"Software Engineer III, AI/ML, Google Search",Google,"Zurich, Zurich, Switzerland",LinkedIn,https://ch.linkedin.com/jobs/view/software-engineer-iii-ai-ml-google-search-at-google-4284145403?position=6&pageNum=0&refId=XMR59x7W0ylizpESsvzygg%3D%3D&trackingId=xyPbvnyj6dn%2Frx0Pd06Kbw%3D%3D,Not specified,2025-08-13 17:03:32.935079,2025-08-13,"Minimum qualifications: Bachelor’s degree or equivalent practical experience. 2 years of experience with software development in one or more programming languages, or 1 year of experience with an advanced degree. 1 year of experience with one or more of the following: Speech/audio (e.g., technology duplicating and responding to the human voice), reinforcement learning (e.g., sequential decision making), ML infrastructure, or specialization in another ML field. 1 year of experience with ML infrastructure (e.g., model deployment, model evaluation, optimization, data processing, debugging). 2 years of experience with software development in Python. Large Language Model, Machine Learning. Preferred qualifications: Master's degree or PhD in Computer Science or related technical fields. 2 years of experience with data structures or algorithms. Experience developing accessible technologies. Practical Prompt Engineering experience. About The Job Google's software engineers develop the next-generation technologies that change how billions of users connect, explore, and interact with information and one another. Our products need to handle information at massive scale, and extend well beyond web search. We're looking for engineers who bring fresh ideas from all areas, including information retrieval, distributed computing, large-scale system design, networking and data storage, security, artificial intelligence, natural language processing, UI design and mobile; the list goes on and is growing every day. As a software engineer, you will work on a specific project critical to Google’s needs with opportunities to switch teams and projects as you and our fast-paced business grow and evolve. We need our engineers to be versatile, display leadership qualities and be enthusiastic to take on new problems across the full-stack as we continue to push technology forward. Harness the power of LLMs to rewrite Google Search! The team is developing Web Guide - a result first AI experience for Search. Join and be a part of the journey towards a full launch of Web Guide serving billions of users! In Google Search, we're reimagining what it means to search for information – any way and anywhere. To do that, we need to solve complex engineering challenges and expand our infrastructure, while maintaining a universally accessible and useful experience that people around the world rely on. In joining the Search team, you'll have an opportunity to make an impact on billions of people globally. Responsibilities Write product or system development code. Focusing on the quality aspects of the product. Pompting and distilling the latest Gemini models. Writing AI raters, running and analyzing evals. Launching improved versions of Web Guide. Google is proud to be an equal opportunity workplace and is an affirmative action employer. We are committed to equal employment opportunity regardless of race, color, ancestry, religion, sex, national origin, sexual orientation, age, citizenship, marital status, disability, gender identity or Veteran status. We also consider qualified applicants regardless of criminal histories, consistent with legal requirements. See also Google's EEO Policy and EEO is the Law. If you have a disability or special need that requires accommodation, please let us know by completing our Accommodations for Applicants form .",ch.linkedin.com/jobs/view/software-engineer-iii-ai-ml-google-search-at-google-4284145403
R&D Microfluidics Engineer,Malvern Panalytical,"Wädenswil, Zurich, Switzerland",LinkedIn,https://ch.linkedin.com/jobs/view/r-d-microfluidics-engineer-at-malvern-panalytical-4284140189?position=8&pageNum=0&refId=XMR59x7W0ylizpESsvzygg%3D%3D&trackingId=1JjpS18VN8HBWZD%2B3MJOAw%3D%3D,Not specified,2025-08-13 17:03:32.935384,2025-08-13,"R&D Microfluidics Engineer (Wädenswil) Creoptix AG, a brand of MalvernPanalytical, provides the next-generation bioanalytical instruments based on the proprietary Grating-Coupled-Interferometry (GCI) technology. Our products are used for drug discovery and life sciences for both industry and academic research. Our instruments combine advanced opto-mechatronic engineering with sophisticated software, enabling precise and reliable bioanalytical measurements. To strengthen our inter-disciplinary R&D team based in Wädenswil we are seeking a passionate and skilled Microfluidics Engineer. Your Role And Responsibilities You will be primarily focused on the development of microfluidic subsystems and related process control software for our instruments. Collaborate with engineers and application scientists to understand domain specific requirements and use-cases. Create concepts, plan and execute feasibility studies, perform calculations and simulations. Explore manufacturing technologies and materials, off-the-shelf or custom-build components, liaise with suppliers. Build and refine proof-of-concept prototypes integrating hardware and software. Develop and test process control software to achieve optimal instrument performance. Assist our operations and service teams to implement manufacturing, testing and servicing instructions. Required Qualifications: Master’s degree in a relevant field (e.g., Mechanical Engineering, Mechatronics Engineering, Biomedical Engineering, Physics). Minimum 2 years of experience in product development engineering. Strong interest in becoming an expert in microfluidics. Candidates with strong qualifications but without prior microfluidics experience will also be considered. Proficiency in programming languages such as Lua, Python, C/C++. Hands-on mechatronics skills to build and test prototypes. Experience in computational fluid dynamics is an advantage. Proactive, results-driven mindset with a strong sense of ownership. Excellent communication skills in English. What We Offer A collaborative, interdisciplinary team of experts in engineering, physics, data science, and biochemistry. A culture of innovation, ownership, professionalism, and continuous learning. Opportunities to work on cutting-edge technology with real-world impact. About Us - Malvern Panalytical, Micromeritics And SciAps. Together we are a powerful and highly complementary combination of market leading technologies. We are the toolmakers for the world's most innovative companies, academic institutions, and government laboratories. We are their partners in discovery. Malvern Panalytical instruments analyze the chemical, physical and structural nature of materials, from proteins to polymers and semiconductors to minerals. Our leading technologies measure particle size, shape, concentration and zeta potential, biomolecular interactions and stability, elemental concentrations and crystallographic structure. Micromeritics manufactures systems for the characterization of particles, powders, and porous materials for a wide- range of end markets including catalysts, chemicals, building materials, clean-tech and battery. Our leading technologies measure surface area, porosity, density, adsorption and particle activity. SciAps specializes in portable X-ray fluorescence (XRF), laser-based (LIBS) and near-infrared (NIR) analyzers to measure any element in any environment. SciAps is the Center of Excellence for our handheld instruments. We have a global footprint with R&D and manufacturing sites in North America, Europe, and Asia. We are more than 2,500 employees in a customer-focused organization with sales and service offices in 20 countries, all committed to delivering expert and responsive customer support. Part of Spectris plc, a publicly traded FTSE 250 company, Spectris combines precision with purpose, delivering progress for a more sustainable world. Precision is at the heart of what we do – our leading, high-tech instruments and software equip our customers to solve some of their greatest challenges to make the world cleaner, healthier and more productive. Malvern Panalytical, Micromeritics & SciAps Your Partners in Discovery Malvern Panalytical, Micromeritics and SciAps, part of the Spectris Group, are committed to a diverse and inclusive culture where everyone can thrive and achieve a fulfilling career. Changing the world isn’t something you can do on your own, or with a single way of thinking; it takes a wide collection of experiences, stories, knowledge, and expertise. We encourage applications from underrepresented individuals and people with diverse backgrounds. Although we always select the most qualified applicant for each role and make all decisions without regard to race, sex, age, or any other protected class, we are an inclusive, equal opportunity organization that prizes diversity. Your unique perspective is important to us.",ch.linkedin.com/jobs/view/r-d-microfluidics-engineer-at-malvern-panalytical-4284140189
Research Associate - Data Analytics and Decision Making,UNSW,"Zurich, Zurich, Switzerland",LinkedIn,https://ch.linkedin.com/jobs/view/research-associate-data-analytics-and-decision-making-at-unsw-4268944659?position=11&pageNum=0&refId=XMR59x7W0ylizpESsvzygg%3D%3D&trackingId=HW17JkIAfuP%2BwRc9kuNo5A%3D%3D,Not specified,2025-08-13 17:03:32.935839,2025-08-13,"This Job is based in Australia Research Associate - Data Analytics and Decision Making Employment type: Full-time (35 hours per week) Duration: Fixed term contract, 12 months Remuneration : Level A, Step 6 from $113,911 plus 17% super Location : Canberra, ACT OR Sydney, NSW About UNSW Canberra University of New South Wales (UNSW) in Canberra has multiple locations in the Nation’s Capital. UNSW Canberra distinguishes itself from other institutions by its commitment to being thoughtful, practical, and purposeful in all endeavours. This combined approach is integral to the University's impact and contributes to its recognition as one of the top 50 universities globally, as well as a proud member of Australia's esteemed Group of Eight. Choosing a career at UNSW means embracing an environment where thriving, facing challenges, and engaging in meaningful work are not just encouraged but integral to the university experience. If you seek a career where you can excel and contribute meaningfully, you've found the right place. At UNSW, we pride ourselves on being a workplace where the best people come to do their best work. The Defence Trailblazer for Concept to Sovereign Capability is a $250 million enterprise powered by UNSW and UoA, with funding from the Australian Government through the Trailblazer Universities Program, as well as university and industry partners. Our mission is to accelerate the commercialisation of research for the Australian Defence Force (ADF), develop education training pathways, fast-track entrepreneurs' ideas to commercialisation, and enhance collaboration between Industry, government, and academia. Why Your Role Matters You will join a high-performing interdisciplinary research group, the Decision Support & Analytics Research Group (DSARG), with clear aims to bring innovations at the interface of artificial intelligence and production scheduling and predictive maintenance. You will work with the School of Systems & Computing, a hub of experts on AI, Cyber and Systems Engineers. The About The Project And The Role Ocius Technology and UNSW Canberra are partnered on a project to increase the rapid scaling of production of Uncrewed Surface Vessels (USVs). Supported by funding from Defence Trailblazer, the project is developing an integrated production and maintenance facility, along with an Artificial Intelligence (AI)-powered logistics support framework, led by Dr. Ripon K. Chakrabortty, Founder & Leader of DSARG, School of Systems & Computing, UNSW Canberra. The Ocius Bluebottle USV fleet is powered by renewable energy, utilizing solar, wind, and wave power, or a combination of energy sources, and offers economic and operational advantages over conventional methods. Ocius is a key supplier to the Royal Australian Navy (RAN), and this collaborative project will directly support Australia’s security by scaling production and supporting a capable and resilient sovereign supply chain. Under the direction of the project’s UNSW lead, the Research Associate will be involved in conducting the technical tasks of the project, primarily related to flexible workspace layout design and AI-based predictive maintenance models. Who You Are Our ideal candidate will have A PhD in Data Analytics, Industrial Engineering, Artificial Intelligence, Computer Science or similar discipline in addition to demonstrated strong performance in research in the areas of Production and Layout Design, Facility Planning, AI-based tools for Predictive and Preventive Maintenance. Demonstrated ability to undertake high-quality academic research and conduct independent research, preferably in AI and supporting areas. Software skills, involvement in the profession and/or Industry, and experience working with Enterprise Resource Planning (ERP) and Integrated Logistics Support (ILS) systems would be considered added benefits. Demonstrated ability to work in a team, collaborate across disciplines and build effective relationships. Excellent interpersonal, oral and written communication skills appropriate for interacting effectively with team members, collaborators and colleagues across the Faculty. A demonstrated ability to complete tasks within agreed time frames with suitable supervision. Benefits And Culture UNSW is committed to helping staff balance work-life responsibilities, by providing access to high-quality services, facilities, and flexible work and leave arrangements. Generous superannuation contributions Employee discounts A commitment to life long learning UNSW-wide strategy to focus on Healthy Body, Healthy Mind, Healthy Places and Healthy Culture. Eligibility The successful candidate will be required to undertake pre-employment checks prior to commencement in this role. The checks that will be undertaken are listed in the Position Description. You will not be required to provide any further documentation or information regarding the checks until directly requested by UNSW. Candidates must hold Australian citizenship to be considered for this position. The successful candidates must be eligible to obtain and maintain a Baseline Security Clearance (i.e. Australian Citizen). Visa sponsorship is not available for this position. The University reserves the right not to proceed with any appointment. How To Apply Make each day matter with a meaningful career at UNSW. Please apply via our online recruitment system. In Your Application, Please Include your CV a 2-page cover letter addressing the skills and experience outlined in the Position Description. Applications Close: Wednesday 13 August 2025 at 11:55 pm Contact : For role-related queries please contact: Dr Ripon K. Chakrabortty r.chakrabortty@unsw.edu.au For Recruitment Process Related Queries Please Contact Holly Whale – Talent Acquisition Consultant h.whale@unsw.edu.au Applications cannot be accepted if sent directly to the contact listed. Find out more about the lifestyle and benefits when working with UNSW For further information about UNSW Canberra, please visit: UNSW Canberra For further information on living in Canberra, please visit: Living in Canberra UNSW is committed to equity diversity and inclusion. Applications from women, people of culturally and linguistically diverse backgrounds, those living with disabilities, members of the LGBTIQ+ community; and people of Aboriginal and Torres Strait Islander descent, are encouraged. UNSW provides workplace adjustments for people with disability, and access to flexible work options for eligible staff.",ch.linkedin.com/jobs/view/research-associate-data-analytics-and-decision-making-at-unsw-4268944659
Data Analyst / Analytics Engineer (a),CH Media,"Aarau, Aargau, Switzerland",LinkedIn,https://ch.linkedin.com/jobs/view/data-analyst-analytics-engineer-a-at-ch-media-4284002733?position=13&pageNum=0&refId=XMR59x7W0ylizpESsvzygg%3D%3D&trackingId=w%2BahMrymKr9Ul1jonmxZ%2FA%3D%3D,Not specified,2025-08-13 17:03:32.936148,2025-08-13,"Data Analyst / Analytics Engineer (a) CH Media ist eines der führenden Schweizer Medienunternehmen und beschäftigt in der Deutschschweiz rund 1800 Mitarbeitende. Mit ihren Tages- und Wochenzeitungen und Zeitschriften bietet CH Media hochstehenden Journalismus. Als Nummer 1 sowohl im Schweizer Privatradiobereich als auch im privaten Schweizer Fernsehen steht CH Media zudem auch für erstklassige Unterhaltung. Mit ihren Marken in den Bereichen Publishing und Entertainment erreicht CH Media täglich über drei Millionen Menschen auf allen Kanälen. Modernste Druckereien runden die Produkte- und Servicepalette der Mediengruppe ab. In diesem vielfältigen Job entwickelst du robuste und skalierbare Datenmodelle zur Anwendung in Datenprodukten, AI und Reporting unterhältst du Pipelines für die Transformation, Validierung und Visualisierung der Daten arbeitest du eng mit Marketing, Finance und Product zusammen, um deren Anforderungen zu verstehen und in Datenanwendungen zu übersetzen bearbeitest du vornehmlich Kunden- und Nutzungsdaten unserer Zeitungen, News-Websites und Apps entwickelst du zusammen mit anderen Datenexpert:innen im Team unsere Datenplattform (u.a. dbt, Snowflake, Clickhouse, Tableau) kontinuierlich weiter unterstützt du die Umsetzung und Weiterentwicklung der Data Governance & Privacy Strategie Du kommst hier zum Ziel, wenn du breite Erfahrung in der Datenanalyse / der Business Intelligence verfügst und schon mit Snowflake, dbt, Tableau oder vergleichbaren Tools gearbeitet hast du sehr gute SQL- und Datenmodellierungs-Kenntnisse im Data Warehouse-Umfeld sowie Erfahrungen mit Daten-Pipelines (ETL etc.) mitbringst du gerne dein Skillset erweiterst und neues lernst du Spass daran hast, in interdisziplinären Teams Datenbedarfe zu identifizieren, das Datenmodell bereitzustellen und Insights zu generieren, die uns weiterbringen du über sehr gute Deutsch- und Englischkenntnisse verfügst du über einen Abschluss mit einem analytischen Schwerpunkt, z.B. in Wirtschaft, Informatik, Marketing oder Data Science verfügst Warum bei uns ein (a) im Stellentitel steht? Weil bei uns die Bewerbungen a ller Menschen willkommen sind, die Lust darauf haben, uns mit ihren vielfältigen Talenten weiterzubringen. Das allein zählt – und nicht Alter oder Geschlecht, Herkunft, Religion oder sexuelle Orientierung. Arbeitsort Aarau Bei Fragen zur Bewerbung Sarah Hasler Talent Acquisition Manager career@chmedia.ch Für diese Stelle nehmen wir keine Dossiers von Personalvermittlern entgegen. Deine künftige Vorgesetzte Kerstin Weisbach Head of Data",ch.linkedin.com/jobs/view/data-analyst-analytics-engineer-a-at-ch-media-4284002733
Distinguished Software Architect - Deep Learning and HPC Communications,NVIDIA,"Zurich, Zurich, Switzerland",LinkedIn,https://ch.linkedin.com/jobs/view/distinguished-software-architect-deep-learning-and-hpc-communications-at-nvidia-4284050634?position=17&pageNum=0&refId=XMR59x7W0ylizpESsvzygg%3D%3D&trackingId=F12n07SLwoGBi5AxkBR7DQ%3D%3D,Not specified,2025-08-13 17:03:32.936765,2025-08-13,"NVIDIA is leading the way in groundbreaking developments in Artificial Intelligence, High Performance Computing and Visualization. The GPU, our invention, serves as the visual cortex of modern computers and is at the heart of our products and services. Our work opens up new universes to explore, enables amazing creativity and discovery, and powers what were once science fiction inventions from artificial intelligence to autonomous cars. Come work for the team that brought to you NCCL, NVSHMEM & GPUDirect. Our GPU communication libraries are crucial for scaling Deep Learning and HPC applications! We are looking for a Distinguished Software Architect to help co-design our next generation data center platforms. DL and HPC applications have a huge compute demand already and run on scales which go up to tens of thousands of GPUs. The GPUs are connected with high-speed interconnects (eg. NVLink, PCIe) within a node and with high-speed networking (eg. Infiniband, Ethernet) across the nodes. Communication performance between the GPUs has a direct impact on the end-to-end application performance; and the stakes are even higher at huge scales! This is an outstanding opportunity to push the limits on the state-of-the-art and deliver platforms the world has never seen before. Are you ready to contribute to the development of innovative technologies and help realize NVIDIA's vision? What You Will Be Doing Research new communication technologies (e.g. expand the GPUDirect technology portfolio) and design new features for our communication libraries Propose innovative solutions in HW and SW for our next-gen platforms. You will co-design these solutions with the GPU, Networking, and SW architects and ensure seamless integration with the software stacks Inspire changes based on quantitative data coming from proof-of-concepts or detailed technical analysis/modeling Drive the adoption of new communication technologies across application verticals Keep up with the latest DL research and collaborate with diverse teams (internal and external), including DL researchers, and customers What We Need To See PHD in Computer Science, Computer Engineering or related field or strong equivalent experience; 15+ years of relevant experience in academia or the industry Expert in following areas: HPC, parallel programming models (MPI, SHMEM), at least one communication runtime (MPI, NCCL, NVSHMEM, OpenSHMEM, UCX, UCC), computer and system architecture, GPU architecture and CUDA Deep understanding of various aspects of high performance networking from prior work experience: network technologies (Infiniband, Ethernet), network design, network topologies, network debug and performance analysis Strong in at least a few of these areas: ML/DL fundamentals and how they tie to communications, parallel algorithms, fault tolerance and resiliency, competitive assessments, performance analysis and optimizations for parallel applications on large clusters, developing applications using DL Frameworks (PyTorch, TensorFlow) Programming fluency with C or C++ for systems software development Flexibility to work and communicate effectively across different HW/SW teams and timezones Ways To Stand Out From The Crowd Industry recognized leader in HPC/DL communications with history of patents, publications and conference talks and keynotes in areas relevant to this role Influential role in industry standards (e.g. MPI, OpenSHMEM) and open source software (e.g. PyTorch, UCX, Open MPI) NVIDIA is widely considered to be one of the technology world’s most desirable employers. We have some of the most forward-thinking and hardworking people on the planet working for us. If you're creative and autonomous, we want to hear from you! JR1997938",ch.linkedin.com/jobs/view/distinguished-software-architect-deep-learning-and-hpc-communications-at-nvidia-4284050634
Cloud Engineer,SGI,"Zurich, Zurich, Switzerland",LinkedIn,https://ch.linkedin.com/jobs/view/cloud-engineer-at-sgi-4283796417?position=18&pageNum=0&refId=XMR59x7W0ylizpESsvzygg%3D%3D&trackingId=bNQ2UHnDx3O%2FmqlQIHxQQQ%3D%3D,Not specified,2025-08-13 17:03:32.936920,2025-08-12,"Job Description Forr our customer in Zurich we require aData Quality and Cleansing Subject Matter Expert Location: Zurich, on-site 5 DAYS PER WEEK - NOT NEGOTIABLE Timeline: MAY 2025- DECEMBER 2025 (subject to potential extensi on English Proficiency in SQL and Python and experience with SQL-based data manipulation and analysis. Strong understanding of data quality principles and data cleansing techniques. Experience with data profiling and data quality assessment tools. In-depth understanding of core systems and data models (banking or financial services experience is a strong advantage). Bachelor’s degree in Computer Science, Information Technology, Data Science, or a related field. Strong analytical and problem-solving skills. Attention to Detail: The role requires a high level of attention to detail to ensure data accuracy and integrity. Adaptability: Ability to adapt to changing project requirements and work in a fast-paced environment. Team Player: Strong interpersonal skills and the ability to work effectively in a team-oriented environment. Communication Skills: Excellent verbal and written communication skills to convey technical information to non-technical stakeholders. Location: Willingness and ability to work onsite in a fast-paced environment in the Zurich area. for more information, please get in touch",ch.linkedin.com/jobs/view/cloud-engineer-at-sgi-4283796417
BI- und Datenmodellierungsspezialist:in (m/w/d),Rocken®,"Zurich, Zurich, Switzerland",LinkedIn,https://ch.linkedin.com/jobs/view/bi-und-datenmodellierungsspezialist-in-m-w-d-at-rocken%C2%AE-4283857036?position=19&pageNum=0&refId=XMR59x7W0ylizpESsvzygg%3D%3D&trackingId=y0zx9%2Fo1qkLEMtOpp1X3Fw%3D%3D,Not specified,2025-08-13 17:03:32.937080,2025-08-13,"Diese herausragende Unternehmung hat sich seit über 20 Jahren zu einem zuverlässigen und expandierenden IT- Dienstleistungsunternehmen entwickelt. Zum heutigen Zeitpunkt ist er spezialisiert auf Dienstleistungen im gesamten Life Cycle von innovativen Individual- und Integrationslösungen im Umfeld von verteilten Softwaresystemen. Für diese Leistung bringen über 150 talentierte IT-Spezialisten ihr Wissen und ihre Ideen ein, um anspruchsvolle Projektvorhaben zielführend zu unterstützen. Zur Verfolgung des Wachstums und Verstärkung des Teams werden teamorientierte, verantwortungsbewusste und kommunikative Talente gesucht und gefördert. Werde jetzt ein wichtiges Mitglied und geniesse berufliche Weiterentwicklung durch jahrelange Erfahrung, Stabilität, Sicherheit und wirtschaftlicher Stärke. Verantwortung Du begleitest Kund*innen bei der Modellierung komplexer Datenstrukturen und zeigst ihr Potenzial auf Du analysierst Anforderungen, definierst KPI‑basierte Lösungen und setzt sie praktisch um Du arbeitest eng mit dem Account Management zusammen und identifizierst neue Projektchancen Du präsentierst Ergebnisse verständlich in Workshops und führst Daten-Reviews durch Du sorgst für reibungslose Abstimmung zwischen Fachbereichen, IT und externen Partnern Qualifikationen Du liebst Datenanalyse, bringst Erfahrung in SQL / PL/SQL mit Du hast einen sicheren Umgang mit relationalen Datenbanken (z. B. Oracle, MS‑SQL) Tech Stack: Power BI, Tableau, ETL‑Tools, NoSQL oder Big‑Data‑Frameworks Erste Erfahrungen in Python‑Scripting und mit Cloud‑DWH‑Plattformen von Vorteil Sehr gute Deutschkenntnisse, gute Englischkenntnisse Benefits Flexible Arbeitszeitgestaltung Gute Verkehrsanbindung und Erreichbarkeit Zahlreiche Mitarbeiterevents Attraktive Weiterbildungs- und Entwicklungsmöglichkeiten Komfortables Büro mit moderner Infrastruktur Offene Unternehmenskultur Interessante und abwechslungsreiche Tätigkeiten/Projekte Eingespieltes und dynamisches Team ROCKEN Jobs https://rocken.jobs Profil Erstellen https://rocken.jobs/application/profil-erstellen/",ch.linkedin.com/jobs/view/bi-und-datenmodellierungsspezialist-in-m-w-d-at-rocken%C2%AE-4283857036
Senior Data Engineer,TieTalent,"Risch, Zug, Switzerland",LinkedIn,https://ch.linkedin.com/jobs/view/senior-data-engineer-at-tietalent-4282221390?position=21&pageNum=0&refId=XMR59x7W0ylizpESsvzygg%3D%3D&trackingId=RyDIsdmK0GRXedjqfXnGww%3D%3D,Not specified,2025-08-13 17:03:32.937392,2025-08-13,,ch.linkedin.com/jobs/view/senior-data-engineer-at-tietalent-4282221390
Senior Data Engineer (a),Consult & Pepper AG,"Zurich, Switzerland",LinkedIn,https://ch.linkedin.com/jobs/view/senior-data-engineer-a-at-consult-pepper-ag-4234892911?position=23&pageNum=0&refId=XMR59x7W0ylizpESsvzygg%3D%3D&trackingId=hw07LXMEfPwhsVhmYmsO7Q%3D%3D,Not specified,2025-08-13 17:03:32.937706,2025-08-13,,ch.linkedin.com/jobs/view/senior-data-engineer-a-at-consult-pepper-ag-4234892911
(Senior) Data Analyst: Alteryx/Tableau (m/f/x),ALDI DX,"Mülheim an der Ruhr, North Rhine-Westphalia, Germany",LinkedIn,https://de.linkedin.com/jobs/view/senior-data-analyst-alteryx-tableau-m-f-x-at-aldi-dx-4283917564?position=5&pageNum=0&refId=kjkw5S2CtBWq%2BR4Kv6E45w%3D%3D&trackingId=b6dPwiiP79B%2FsDJUXBxiSA%3D%3D,Not specified,2025-08-13 17:04:12.359900,2025-08-12,"Info text At ALDI DX, we develop innovative digital products and services for our employees as well as our customers in 11 ALDI SÜD countries and over 7,300 ALDI SÜD stores worldwide. We drive digital value to offer great quality at the lowest price. We will be guided along the way by the three core values of the ALDI SÜD Group – simplicity, reliability and responsibility. Our team and our performance are also at the heart of everything we do at ALDI DX. In a cross-functional team with data engineers and business experts, you will leverage your expertise in Alteryx and Tableau to develop innovative dashboards and solutions that support informed decision-making across the international organization. Your Job What This Role Looks Like. Data Integration: Integrating and optimizing data from multiple sources using Alteryx Dashboard Development: Designing, implementing, and maintaining Tableau dashboards with a global user base Interdisciplinary Collaboration: Working closely with different departments to understand business issues and data needs, to develop innovative analytical solutions that enable informed decision-making User-Centric Approach: Conducting requirements engineering and gathering feedback. Improving dashboards iteratively with the help of usability testing and user research Performance Optimization: Implementing performance improvements and bug fixes to enhance dashboard efficiency Methodological Improvement: Enhancing development practices and processes to ensure scalability, maintainability, and user satisfaction International Collaboration: Effectively communicating in English for collaboration with global teams Your Profile What You Bring With You. A degree in Computer Science, Business Informatics, or a related field Experience in Business Intelligence: Background in requirement engineering, dashboard creation, and analytics projects Strong communication skills with the ability to influence in a dynamic, cross-functional environment, driving results, managing complexity and dealing with ambiguity Solid knowledge of Alteryx and Tableau. Additional knowledge of tools such as Power BI or SAP Analytics Cloud is a plus Strong ETL skills with hands-on experience in Alteryx or other lightweight ETL tools Excellent SQL knowledge with experience in data modeling for analytical applications Proven ability to translate complex data into clear and actionable visualizations A hands-on mentality and exceptional problem-solving skills Excellent command of English for effective communication Desirable extras. Alteryx Designer Core certification Business knowledge in Customer Interaction/eCommerce Strong communication abilities and a proactive approach to networking Your Benefits What you will get in return. Up to three days of mobile working per week within Germany State-of-the-art technologies Attractive remuneration as well as holiday and Christmas bonuses Future-oriented training and development Modular onboarding and buddy Corporate health management programme Your Tech Stack What You Will Work With. Alteryx Tableau SAP Analytics Cloud Databricks Many more depending on the job",de.linkedin.com/jobs/view/senior-data-analyst-alteryx-tableau-m-f-x-at-aldi-dx-4283917564
(Senior) Data Analyst: Alteryx/Tableau (m/w/d),ALDI DX,"Mülheim an der Ruhr, North Rhine-Westphalia, Germany",LinkedIn,https://de.linkedin.com/jobs/view/senior-data-analyst-alteryx-tableau-m-w-d-at-aldi-dx-4283921230?position=6&pageNum=0&refId=kjkw5S2CtBWq%2BR4Kv6E45w%3D%3D&trackingId=XAekx8r%2FwowE%2BiLm9PFH7A%3D%3D,Not specified,2025-08-13 17:04:12.360056,2025-08-13,"Infotext Bei ALDI DX entwickeln wir innovative digitale Produkte und Dienstleistungen für unsere Mitarbeiter:innen und Kund:innen in elf ALDI SÜD Ländern und über 7.300 ALDI SÜD Filialen weltweit. Wir schaffen digitalen Mehrwert, um hervorragende Qualität zum niedrigsten Preis zu bieten. Geleitet werden wir dabei von den drei Kernwerten der Unternehmensgruppe ALDI SÜD – „Einfachheit“, „Verlässlichkeit“ und „Verantwortung“. Daneben stehen ebenso unser Team und unsere Performance im Zentrum unseres Handelns. In einem Cross-Funktionalen Team mit Data Engineers und Business Experten, wirst du deine Expertise in Alteryx und Tableau einsetzen, um innovative Dashboards und Lösungen zu entwickeln, die informierte Entscheidungsfindung in der gesamten internationalen Organisation unterstützen. Deine Aufgaben Wofür du dein Bestes gibst. Datenintegration: Integration und Optimierung von Daten aus mehreren Quellen, unter Nutzung von Alteryx Dashboard-Entwicklung: Entwerfen, implementieren und pflegen von Tableau-Dashboards mit einem globalen Nutzerkreis Interdisziplinäre Zusammenarbeit: Enge Zusammenarbeit mit verschiedenen Fachbereichen zum Verständnis der Geschäftsprobleme und Datenbedürfnisse, um innovative analytische Lösungen zu entwickeln, die fundierte Entscheidungen ermöglichen Nutzer im Mittelpunkt: Durchführung von Requirements Engineering und Feedbacksammlung. Verbesserung der Dashboards iterativ mit Hilfe von Usability-Tests und Nutzerforschung Leistungsoptimierung: Durchführung von Leistungsverbesserungen und Fehlerbehebungen zur Steigerung der Effizienz der Dashboards Methodologische Verbesserung: Verbesserung von Entwicklungspraktiken und -prozessen, um Skalierbarkeit, Wartungsfreundlichkeit und Benutzerzufriedenheit zu gewährleisten Internationale Zusammenarbeit: Effektive Kommunikation in Englisch zur Zusammenarbeit mit globalen Teams Dein Profil Was du mitbringen solltest. Abgeschlossenes Studium im Bereich Informatik, Wirtschaftsinformatik oder einer ähnlichen Disziplin Starke Kommunikationsfähigkeiten, um in einem dynamischen, bereichsübergreifenden Umfeld zu beeinflussen, Ergebnisse zu erzielen, Komplexität zu managen und mit Unklarheiten umzugehen Fundierte Kenntnisse im Umgang mit Alteryx und Tableau. Zusätzliche Kenntnisse über Tools wie z.B. Power BI oder SAP Analytics Cloud sind ein Plus Praktische Erfahrung im Umgang mit Alteryx und fortgeschrittene SQL-Kenntnisse mit Erfahrung in Datenbankmanagement und -modellierung Nachgewiesene Fähigkeit, komplexe Daten in klare und umsetzbare Visualisierungen umzuwandeln Erfahrung im Requirement Engineering in Reporting und Analytics Projekten sowie Erstellung von Dashboards Hands-on Mentalität und ausgeprägte Lösungskompetenz Verhandlungssicheres Englisch für effektive Kommunikation mit internationalen Abteilungen Was wünschenswert ist. Alteryx Designer Core Zertifizierung Business Kenntnisse im Bereich Customer Interaction/eCommerce Ausgeprägte Kommunikationsfähigkeiten und Kontaktfreude Deine Benefits Wie wir deinen Einsatz wertschätzen. Mobiles Arbeiten an bis zu drei Tagen in der Woche innerhalb Deutschlands State-of-the-art-Technologien Attraktive Vergütung sowie Urlaubs- und Weihnachtsgeld Zukunftsorientierte Schulungen und Weiterbildung Modulares Onboarding und Buddy Gesundheitsangebote Dein Tech Stack Womit du unter anderem arbeitest. Alteryx Tableau SAP Analytics Cloud Databricks Viele weitere jobabhängig",de.linkedin.com/jobs/view/senior-data-analyst-alteryx-tableau-m-w-d-at-aldi-dx-4283921230
Performance Analyst (m/w/d/x),pilot group,"Nuremberg, Bavaria, Germany",LinkedIn,https://de.linkedin.com/jobs/view/performance-analyst-m-w-d-x-at-pilot-group-4284120229?position=1&pageNum=0&refId=RWP0ngmYgx1vfg31MHLtog%3D%3D&trackingId=b2nBKRT8qK5eeJV4rahVoQ%3D%3D,Not specified,2025-08-13 17:04:57.717750,2025-08-13,"Das erwartet dich bei uns: Du bist für die konstante Aufbereitung und Interpretation von Kampagnendaten und Performancekennziffern für unsere Kund*innen zuständig. Du agierst als zentrale Schnittstelle zwischen den Kampagnen- & Kund*innen Anforderungen und der technischen Umsetzung durch das Data Team, um die Entwicklung professioneller Data Pipelines voranzutreiben. Du analysierst alle Daten, definierst eine belastbare und nachhaltige Datenstruktur und überführst diese in ein zukunftsfähiges Datenmodell. Du führst Korrelationsanalysen durch und leitest daraus Frühwarn-KPIs für laufende Kampagnen ab. Du wirkst maßgeblich am Aufbau von Attribution Analytics mit, auch unter Einbeziehung von Modelings und Werbedruck-Analytics und arbeitest dabei eng mit unserem Data-Team zusammen. Du übernimmst das Projektmanagement für deinen Aufgabenbereich und stimmst dich dabei eng mit den Kolleg*innen ab. Du stehst in direktem Kundenkontakt und übernimmst eine beratende Rolle bei der Diskussion von Handlungsempfehlungen. Das solltest du mitbringen: Du bringst bereits erste Berufserfahrungen im Bereich Performance Analytics mit, idealerweise aus einer Agentur. Du bringst fundierte Kenntnisse in Media & Performance-Marketing KPIs mit. Deine analytischen Fähigkeiten sind stark ausgeprägt und du kannst Datensätze aus diversen Quellen, schwerpunktmäßig in Excel, selbstständig organisieren und interpretieren. Idealerweise bringst du erste Kenntnisse in SQL und/oder Python mit, um fachliche Anforderungen präzise für das technische Team formulieren zu können. Du besitzt ein datengetriebenes Mindset und die Fähigkeit, komplexe Analysen in verständliche Handlungsempfehlungen zu übersetzen. Du bist kommunikationsstark und souverän im direkten Kundenkontakt. Eine hohe Lernbereitschaft und Neugierde für neue analytische Methoden und Tools zeichnen dich aus. Eine hohe Eigenständigkeit, eine proaktive Herangehensweise und eine strukturierte Arbeitsweise zeichnen dich aus. Du bringst sehr gute Deutschkenntnisse mit. Und das gibt's obendrauf: Zentrales & modernes Büro Regelmäßige Mitarbeiter­updates Gestaltungs­spielraum Teamspirit & gemeinschaftliche Atmosphäre Coachings & Schulungen pilot Talent­schmiede & Onboarding Transparente Feedback­kultur Deutschlandticket-Zuschuss Massagen im Büro Zuschuss zur Fitnessclub-Mitglied­schaft International Exchange (LocalPlanet) Präsente zu Jubiläen & zum Ende der Probezeit Soziales Engagement",de.linkedin.com/jobs/view/performance-analyst-m-w-d-x-at-pilot-group-4284120229
Senior Machine Learning / AI Engineer (all genders),adesso SE,"Nuremberg, Bavaria, Germany",LinkedIn,https://de.linkedin.com/jobs/view/senior-machine-learning-ai-engineer-all-genders-at-adesso-se-3961464673?position=2&pageNum=0&refId=RWP0ngmYgx1vfg31MHLtog%3D%3D&trackingId=Qu8w0wACkw7qA4Hia9pEtA%3D%3D,Not specified,2025-08-13 17:04:57.717938,2025-08-13,"Wir gehören zu den Top-Adressen in der IT-Welt und fokussieren uns auf die Optimierung der Kerngeschäfts­prozesse unserer Kunden. Durch den smarten Einsatz maßgeschneiderter IT-Lösungen unterstützen wir unsere Kunden dabei, das Beste aus ihrem Business und aktuellen Technologien herauszuholen. Unseren Erfolg aber erreichen wir nur durch eins: die Menschen bei adesso! Sie bringen Ideen, fachliches Know how und Technologien zusammen. Gemeinsam programmieren wir (deine) Zukunft bei adesso. DEINE ROLLE Konzeption und Implementierung: Du konzipierst und implementierst innovative AI-Lösungen für unterschiedliche Branchen mit starkem Fokus auf Cloud-Infrastrukturen. Optimierung und Automatisierung: Du unterstützt uns bei der Optimierung und Automatisierung bestehender AI-Lösungen und sorgst damit für eine kontinuierliche Verbesserung der AI-Produkte unserer Kunden. ML-Modelle und Beratung: Du automatisierst Trainings- und Release-Prozesse von ML-Modellen und berätst unsere Kunden bei der Auswahl und Implementierung moderner AI-Plattformen und -Frameworks. AI Use Cases und Geschäftsmodelle: Du unterstützt uns und unsere Kunden bei der Identifizierung und Umsetzung von innovativen AI Use Cases sowie bei der Entwicklung von neuen datengetriebenen Geschäftsmodellen. Teamarbeit und Weiterentwicklung: Du arbeitest gerne gemeinsam im Team beständig an der Weiterentwicklung unserer AI-Lösungen und bist dabei technologisch stets auf dem neuesten Stand. DEIN PROFIL Akademischer Hintergrund: Erfolgreich abgeschlossenes Studium in der Fachrichtung Informatik, Wirtschaftsinformatik oder ein vergleichbares Studium mit relevantem Bezug Berufserfahrung: Mindestens zwei Jahre einschlägige Berufserfahrung mit ausgeprägtem ML-Hintergrund und Erfahrung in der Erstellung, Bereitstellung und Pflege von ML-Modellen in der Produktion Technische Fähigkeiten: Fortgeschrittene Kenntnisse in Python und den gängigen Machine Learning-Bibliotheken sowie Erfahrungen mit MLOps-Tools wie MLflow, KubeFlow o.ä. Zusatzkenntnisse: Von Vorteil sind Erfahrungen im Umgang mit großen Datenmengen sowie im Einsatz von Infrastructure as Code (Terraform, ARM). Teamfähigkeit und Innovationsfreude: Spaß an der Arbeit in einem agilen Team, ""Out of the box""-Denken und hohes Interesse daran, sich mit neuen Themen auseinanderzusetzen Sprachkenntnisse: Sehr gute Deutsch- und gute Englischkenntnisse Unser Versprechen: Du wirst dich bei uns wohlfühlen! Kollegial, familiär und auf Augenhöhe – wir leben Austausch, Teamgeist und einen respektvollen Umgang miteinander. Diversität und verschiedene Blickwinkel werden bei uns genauso geschätzt wie du als Mensch. Das und viel mehr steht für unser ganz besonderes Wir-Gefühl. Für das es sogar ein Wort gibt: adessi. Unsere Kultur und das Zusammenarbeiten sind geprägt von gegenseitiger Wertschätzung, Anerkennung und Unterstützung. Das verbindet uns hierarchieübergreifend – auch im Home-Office. So belegen wir zum wiederholten Mal den 1. Platz beim Wettbewerb „Deutschlands Beste Arbeitgeber in der ITK“!. Unser umfangreiches Trainingsangebot und ein transparentes Laufbahnstufenmodell für alle sorgen dafür, dass deine Entwicklung bei uns nicht stillsteht. Denn gemeinsam zu wachsen und Chancengeber zu sein, das ist programmiert in unserer DNA.",de.linkedin.com/jobs/view/senior-machine-learning-ai-engineer-all-genders-at-adesso-se-3961464673
"Senior Consultant Business Intelligence, Data & Analytics (all genders)",adesso SE,"Nuremberg, Bavaria, Germany",LinkedIn,https://de.linkedin.com/jobs/view/senior-consultant-business-intelligence-data-analytics-all-genders-at-adesso-se-4203241480?position=3&pageNum=0&refId=RWP0ngmYgx1vfg31MHLtog%3D%3D&trackingId=y%2FQSMxwdrarlsLTyjssnJg%3D%3D,Not specified,2025-08-13 17:04:57.718099,2025-08-13,"Wir gehören zu den Top-Adressen in der IT-Welt und fokussieren uns auf die Optimierung der Kerngeschäfts­prozesse unserer Kunden. Durch den smarten Einsatz maßgeschneiderter IT-Lösungen unterstützen wir unsere Kunden dabei, das Beste aus ihrem Business und aktuellen Technologien herauszuholen. Unseren Erfolg aber erreichen wir nur durch eins: die Menschen bei adesso! Sie bringen Ideen, fachliches Know how und Technologien zusammen. Gemeinsam programmieren wir (deine) Zukunft bei adesso. DEINE ROLLE Konzeptuelle Verantwortung: Du trägst die Verantwortung für datengetriebene Lösungen oder deren Bestandteile. Anforderungsanalyse: Gemeinsam mit Kunden, Usern und weiteren Stakeholdern erarbeitest du relevante Anforderungen und gestaltest innovative Lösungsideen. Konzeptentwicklung: Du erstellst ansprechende Konzepte für die Lösungsideen zur Abstimmung mit den Auftraggebenden und Stakeholdern. Zusammenarbeit: Mit unseren Datenarchitektinnen und -architekten konkretisierst du Konzepte und bereitest mit unseren Data Engineers die Realisierung vor. Projektbetreuung: Du unterstützt die Entwicklung datengetriebener Lösungen und gestaltest alle Umsetzungsdetails in Abstimmung mit den Auftraggebenden und Stakeholdern. Technologieauswahl: Du verantwortest die Auswahl von Technologien und Anbietern im Bereich Data & Analytics. DEIN PROFIL Begeisterung für Daten: Du eignest dir gerne neues Wissen zu Applikationen, Technologien und Tools im BI, Data & Analytics Kontext an. Ausbildung: Du verfügst über ein abgeschlossenes Studium der Informatik oder eine vergleichbare Ausbildung, idealerweise mit Praxiserfahrung im Consulting. Analysefähigkeiten: Du hast Spaß an der Analyse komplexer Situationen und repräsentierst das Thema mit Begeisterung. Kommunikationskompetenz: Du kommunizierst gern und zielgruppengerecht mit unterschiedlichen Stakeholdern und dem Projektteam. Agiles Arbeiten: Agiles Arbeiten ist für dich eine Selbstverständlichkeit Sprachkenntnisse: Sehr gute Deutsch- und gute Englischkenntnisse Unser Versprechen: Du wirst dich bei uns wohlfühlen! Kollegial, familiär und auf Augenhöhe – wir leben Austausch, Teamgeist und einen respektvollen Umgang miteinander. Diversität und verschiedene Blickwinkel werden bei uns genauso geschätzt wie du als Mensch. Das und viel mehr steht für unser ganz besonderes Wir-Gefühl. Für das es sogar ein Wort gibt: adessi. Unsere Kultur und das Zusammenarbeiten sind geprägt von gegenseitiger Wertschätzung, Anerkennung und Unterstützung. Das verbindet uns hierarchieübergreifend – auch im Home-Office. So belegen wir zum wiederholten Mal den 1. Platz beim Wettbewerb „Deutschlands Beste Arbeitgeber in der ITK“!. Unser umfangreiches Trainingsangebot und ein transparentes Laufbahnstufenmodell für alle sorgen dafür, dass deine Entwicklung bei uns nicht stillsteht. Denn gemeinsam zu wachsen und Chancengeber zu sein, das ist programmiert in unserer DNA.",de.linkedin.com/jobs/view/senior-consultant-business-intelligence-data-analytics-all-genders-at-adesso-se-4203241480
"Senior Consultant Business Intelligence, Data & Analytics (all genders)",adesso SE,"Augsburg, Bavaria, Germany",LinkedIn,https://de.linkedin.com/jobs/view/senior-consultant-business-intelligence-data-analytics-all-genders-at-adesso-se-4203241474?position=1&pageNum=0&refId=Ieu3LgDzYeF8rvb8IqkSZQ%3D%3D&trackingId=KLuafWFYmt3N3MyLUBy1KA%3D%3D,Not specified,2025-08-13 17:05:18.504531,2025-08-13,"Wir gehören zu den Top-Adressen in der IT-Welt und fokussieren uns auf die Optimierung der Kerngeschäfts­prozesse unserer Kunden. Durch den smarten Einsatz maßgeschneiderter IT-Lösungen unterstützen wir unsere Kunden dabei, das Beste aus ihrem Business und aktuellen Technologien herauszuholen. Unseren Erfolg aber erreichen wir nur durch eins: die Menschen bei adesso! Sie bringen Ideen, fachliches Know how und Technologien zusammen. Gemeinsam programmieren wir (deine) Zukunft bei adesso. DEINE ROLLE Konzeptuelle Verantwortung: Du trägst die Verantwortung für datengetriebene Lösungen oder deren Bestandteile. Anforderungsanalyse: Gemeinsam mit Kunden, Usern und weiteren Stakeholdern erarbeitest du relevante Anforderungen und gestaltest innovative Lösungsideen. Konzeptentwicklung: Du erstellst ansprechende Konzepte für die Lösungsideen zur Abstimmung mit den Auftraggebenden und Stakeholdern. Zusammenarbeit: Mit unseren Datenarchitektinnen und -architekten konkretisierst du Konzepte und bereitest mit unseren Data Engineers die Realisierung vor. Projektbetreuung: Du unterstützt die Entwicklung datengetriebener Lösungen und gestaltest alle Umsetzungsdetails in Abstimmung mit den Auftraggebenden und Stakeholdern. Technologieauswahl: Du verantwortest die Auswahl von Technologien und Anbietern im Bereich Data & Analytics. DEIN PROFIL Begeisterung für Daten: Du eignest dir gerne neues Wissen zu Applikationen, Technologien und Tools im BI, Data & Analytics Kontext an. Ausbildung: Du verfügst über ein abgeschlossenes Studium der Informatik oder eine vergleichbare Ausbildung, idealerweise mit Praxiserfahrung im Consulting. Analysefähigkeiten: Du hast Spaß an der Analyse komplexer Situationen und repräsentierst das Thema mit Begeisterung. Kommunikationskompetenz: Du kommunizierst gern und zielgruppengerecht mit unterschiedlichen Stakeholdern und dem Projektteam. Agiles Arbeiten: Agiles Arbeiten ist für dich eine Selbstverständlichkeit Sprachkenntnisse: Sehr gute Deutsch- und gute Englischkenntnisse Unser Versprechen: Du wirst dich bei uns wohlfühlen! Kollegial, familiär und auf Augenhöhe – wir leben Austausch, Teamgeist und einen respektvollen Umgang miteinander. Diversität und verschiedene Blickwinkel werden bei uns genauso geschätzt wie du als Mensch. Das und viel mehr steht für unser ganz besonderes Wir-Gefühl. Für das es sogar ein Wort gibt: adessi. Unsere Kultur und das Zusammenarbeiten sind geprägt von gegenseitiger Wertschätzung, Anerkennung und Unterstützung. Das verbindet uns hierarchieübergreifend – auch im Home-Office. So belegen wir zum wiederholten Mal den 1. Platz beim Wettbewerb „Deutschlands Beste Arbeitgeber in der ITK“!. Unser umfangreiches Trainingsangebot und ein transparentes Laufbahnstufenmodell für alle sorgen dafür, dass deine Entwicklung bei uns nicht stillsteht. Denn gemeinsam zu wachsen und Chancengeber zu sein, das ist programmiert in unserer DNA.",de.linkedin.com/jobs/view/senior-consultant-business-intelligence-data-analytics-all-genders-at-adesso-se-4203241474
wissenschaftliche Mitarbeiterin / wissenschaftlichen Mitarbeiter (m/w/d) im Bereich Statistische Methodik und Digitalisierung,Bayerisches Landesamt Für Statistik,"Fürth, Bavaria, Germany",LinkedIn,https://de.linkedin.com/jobs/view/wissenschaftliche-mitarbeiterin-wissenschaftlichen-mitarbeiter-m-w-d-im-bereich-statistische-methodik-und-digitalisierung-at-bayerisches-landesamt-f%C3%BCr-statistik-4284037974?position=3&pageNum=0&refId=e1oux4ZW1jWB8sIULNdUkA%3D%3D&trackingId=19lSbD0XEupSIVaqLgg9Ug%3D%3D,Not specified,2025-08-13 17:05:33.768194,2025-08-13,"Bayerisches Landesamt für Statistik: Daten, die Bayern bewegen. Wir ermöglichen fundierte Entscheidungen durch die Erhebung und Aufbereitung von über 350 gesetzlich angeordneten Statistiken. Gestalten Sie die Zukunft der Statistik in Bayern aktiv mit und werden Sie Teil eines engagierten Teams. Wir suchen zum nächstmöglichen Zeitpunkt in unserer Dienststelle Fürth eine/einen wissenschaftliche Mitarbeiterin / wissenschaftlichen Mitarbeiter (m/w/d) im Bereich Statistische Methodik und Digitalisierung. Statistik mit Zukunft – Ihre Karriere beim Bayerischen Landesamt für Statistik Sie möchten die Welt mithilfe von Daten besser verstehen – und aktiv mitgestalten? Dann sind Sie bei uns genau richtig. Als wissenschaftliche Mitarbeiterin / wissenschaftlicher Mitarbeiter im Bereich „Statistische Methodik und Digitalisierung“ übernehmen Sie eine Schlüsselrolle in der Weiterentwicklung der amtlichen Statistik. In Ihrem Tätigkeitsfeld verbinden Sie klassische statistische Verfahren mit modernen Methoden der Datenwissenschaft. Sie arbeiten mit innovativen Tools wie Webscraping und maschinellem Lernen und erschließen neue digitale Datenquellen, um die Qualität und Aussagekraft unserer Statistiken nachhaltig zu verbessern. Mitgestalten statt nur verwalten! Wenn Sie Freude an datenbasierter Forschung haben und gemeinsam mit uns neue Wege in der amtlichen Statistik gehen möchten, dann freuen wir uns auf Ihre Bewerbung! Ihre Aufgaben Durchführung von Machbarkeitsuntersuchungen zu den Einsatzmöglichkeiten neuer digitaler Daten und innovativer Methoden in der amtlichen Statistik Unterstützung bei der Entwicklung und Etablierung von Standardprozessen zur Implementierung der Nutzung neuer digitalen Daten in der amtlichen Statistik sowie bei der Erschließung neuer digitaler Datenquellen Mitwirkung an der methodischen und technischen Weiterentwicklung und Bereitstellung von innovativen (Web)Anwendungen und APIs, auch unter Verwendung maschineller Lernverfahren (z. B. im Bereich Webscraping) Erstellung von Konzepten und Stellungnahmen zum Themenbereich der neuen digitalen Daten und deren Verarbeitung und Auswertung Ihr Profil abgeschlossenes Studium an einer Universität (Diplom/Master/Magister) oder an einer Hochschule (Master) im Bereich Data Science beziehungsweise Statistik, Mathematik, Wirtschafts- oder Sozialwissenschaften mit Data-Science-Bezug sehr gute Kenntnisse in der Anwendung statistischer Methoden sowie von Methoden aus dem Bereich Data Science / Maschinelles Lernen einschlägige Kenntnisse und Praxiserfahrungen in Anwendungsbereichen wie Webscraping und/oder maschinellen Lernverfahren sind von Vorteil hohe Einsatzbereitschaft, Team- und Kommunikationsfähigkeit Koordinations- und Organisationsfähigkeit sicheres Auftreten, Verhandlungsgeschick und Durchsetzungsvermögen Bereitschaft zu Dienstreisen Unser Angebot abwechslungsreiches und verantwortungsvolles Aufgabengebiet unbefristeter Arbeitsvertrag (mit sechsmonatiger Probezeit) mit einer Bezahlung nach dem Tarifvertrag für den öffentlichen Dienst der Länder (TV-L), Entgeltgruppe 13 Vollzeitarbeitsplatz mit gleitender Arbeitszeit und der Möglichkeit zum Homeoffice betriebliche Altersvorsorge sowie Jahressonderzahlung gute Work-Life-Balance durch die Vereinbarkeit von Familie und Beruf und flexible Teilzeitmöglichkeiten individuelle und moderne Fortbildungsmöglichkeiten zentrale Lage mit eigenen Parkmöglichkeiten, gute Anbindung an den öffentlichen Nahverkehr und JobRad für Arbeit und Freizeit behördliche Gesundheitsförderung und eigene Kantine mit vielfältigem Angebot Chancengleichheit und ein respektvoller Umgang miteinander sind die Grundlage unserer Personalarbeit. Daher begrüßen wir Bewerbungen von allen Interessierten, unabhängig von ethnischer, kultureller und sozialer Herkunft, Alter, Religion und Weltanschauung, geschlechtlicher Identität, Beeinträchtigung körperlicher und geistiger Fähigkeiten oder sexueller Orientierung. Bewerbende mit Schwerbehinderung werden bei gleicher Eignung unter Berücksichtigung aller Umstände des Einzelfalls bevorzugt. In diesem Zusammenhang weisen wir darauf hin, dass auf Antrag eine Beteiligung der Gleichstellungsbeauftragten am Vorstellungsgespräch stattfindet. Interessiert? Dann freuen wir uns über Ihre aussagekräftige, vollständige Bewerbung (Motivationsschreiben, Lebenslauf, Zeugnisse) zur Stellenausschreibung mit der Kennziffer FÜ-21-01-2025. Bitte senden Sie diese bis spätestens 14.09.2025 bevorzugt über unser Onlineportal. Einen zusätzlichen Link zum Onlineportal sowie weitere Informationen zum Bewerbungsverfahren (FAQs) finden Sie unter: www.statistik.bayern.de/karriere Ansprechpartnerin Für Arbeitsrechtliche Fragen Frau Heidig, Tel. 0911 98208-6195 Ansprechpartner Für Fachliche Fragen Herr Rothe, Tel. 0911 98208-6411 Informationen zur Datenerhebung gemäß Artikel 13 der Europäischen Datenschutz-Grundverordnung (DSGVO) Das Bayerische Landesamt für Statistik erhebt Ihre Daten zum Zweck der Durchführung des Bewerbungsverfahrens und der Erfüllung vorvertraglicher Pflichten. Die Datenerhebung und -verarbeitung ist für die Durchführung des Bewerbungsverfahrens erforderlich. Rechtsgrundlagen für die Datenerhebung und die Datenverarbeitung sind Art. 6 Abs. 1 Satz 1 Buchst. b DSGVO, Art. 9 Abs. 2 Buchst. b und h DSGVO, Art. 88 Abs. 1 DSGVO, Art. 8 Abs. 1 Satz 1 Nr. 2 und 3 BayDSG. Werden die personenbezogenen Daten nicht zur Verfügung gestellt, können Sie nicht im Bewerbungsverfahren berücksichtigt werden. Die Entscheidungsfindung ist entsprechend Art. 22 DSGVO nicht automatisiert. Die Daten werden nicht an Dritte weitergegeben und gelöscht, sobald sie für den Zweck ihrer Verarbeitung nicht mehr erforderlich sind. Sie haben das Recht, Auskunft über die bei uns gespeicherten Daten über Sie zu beantragen und bei Unrichtigkeit der Daten die Berichtigung bzw. bei unzulässiger Datenspeicherung die Löschung der Daten zu fordern. Unsere Datenschutzbeauftragte erreichen Sie per E-Mail: Datenschutzbeauftragte@statistik.bayern.de, telefonisch: 0911 98208-0 oder schriftlich: Datenschutzbeauftragte beim Bayerischen Landesamt für Statistik, 90725 Fürth Außerdem steht Ihnen entsprechend Art. 77 DSGVO ein Beschwerderecht bei der Aufsichtsbehörde, dem Bayerischen Landesbeauftragten für den Datenschutz, zu. Diesen erreichen Sie per E-Mail: Poststelle@datenschutz-bayern.de, telefonisch: 089 212672-0 oder schriftlich: Der Bayerische Landesbeauftragte für den Datenschutz (BayLfD), Postfach 22 12 19, 80502 München www.statistik.bayern.de",de.linkedin.com/jobs/view/wissenschaftliche-mitarbeiterin-wissenschaftlichen-mitarbeiter-m-w-d-im-bereich-statistische-methodik-und-digitalisierung-at-bayerisches-landesamt-f%C3%BCr-statistik-4284037974
PhD Position - Organic Electrosynthesis: monitoring of reaction transients with real-time techniques,Forschungszentrum Jülich,"Erlangen, Bavaria, Germany",LinkedIn,https://de.linkedin.com/jobs/view/phd-position-organic-electrosynthesis-monitoring-of-reaction-transients-with-real-time-techniques-at-forschungszentrum-j%C3%BClich-4284415361?position=6&pageNum=0&refId=e1oux4ZW1jWB8sIULNdUkA%3D%3D&trackingId=VltJLHlEbklG7%2F0UIev9VQ%3D%3D,Not specified,2025-08-13 17:05:33.768656,2025-08-13,"Your Job: The Electrocatalysis research department (https://www.hi-ern.de/hi-ern/Electrocatalysis) is looking for three PhD students, which research area is to investigate fundamental relationships between electrolyte-electrode interface structure and selectivity or efficiency of chemical outcome during the preparation of complex and value-added compounds directly from the readily available feedstock. Organic synthesis under electrochemical conditions is a powerful tool for future sustainable chemical manufacturing, for which robust catalytic materials are of high demand. A unique platform for online real-time analysis of electrochemical processes, developed in the Department of Electrocatalysis, will be applied by You to discover and develop novel Organic Electrosynthetic Protocols. Your tasks for selected electro-organic transformation in detail: Design, validation and verification of online and offline analytical methods Design, synthesis, and characterization of catalytic materials Utilization of the obtained materials as electrocatalysts Analysis of the activity, selectivity, and stability of electrocatalysts Communication of the experimental data obtained Writing papers and presenting the results at conferences Representing the institute in project meetings and collaboration with partners within HI ERN and outside Your Profile: Very good MSc degree in Chemistry, Organic chemistry, or a relevant discipline Hands-on experience in basic organic chemistry methods - synthesis and purification Desirable knowledge of Material science Excellent self-organizational skills, ability to show initiative and work independently Good cooperation and communication skills and ability to work as part of a team Excellent skills in spoken and written English Strong motivation for pursuing a Ph.D. degree within three years in a difficult cutting-edge but rewarding multidisciplinary project related to the investigation of electrode-electrolyte interfaces Our Offer: We work on the very latest issues that impact our society and are offering you the chance to actively help in shaping the change! We offer ideal conditions for you to complete your doctoral degree: A lively scientific environment within the institute and possibilities for cooperation with excellent partners at the FAU Erlangen-Nürnberg, the FZ Jülich, RWTH Aachen, and numerous partners in Germany and abroad An excellent international environment to perform sound, high-quality research at the international level and daily, hands-on experience in unique worldwide electrochemical characterization techniques Active participation in project meetings, as well as at national and international conferences to present the results and to develop further competences Interaction and cooperation with world-leading industrial partners and strong support and mentoring for setting up a future career in science and/or industry A comprehensive training program, including soft skills, along with an flexible working hours and various opportunities to reconcile work and private life Flexible working hours 30 days of annual leave Targeted services for international employees, e.g. through our International Advisory Service In addition to exciting tasks and a collaborative working atmosphere in Jülich, we have a lot more to offer: https://go.fzj.de/benefits The position is for a fixed term of 3 years. Pay in line with 75 % of pay group 13 of the Collective Agreement for the Public Service (TVöD-Bund) and additionally 60 % of a monthly salary as special payment („Christmas bonus“). The monthly salaries in euro can be found on the BMI website: https://go.fzj.de/bmi.tvoed.entgelt Further information on doctoral degrees at Forschungszentrum Jülich (including its various branch offices) is available at https://www.fz-juelich.de/en/careers/phd Place of employment: Erlangen We welcome applications from people with diverse backgrounds, e.g. in terms of age, gender, disability, sexual orientation / identity, and social, ethnic and religious origin. A diverse and inclusive working environment with equal opportunities in which everyone can realize their potential is important to us. Further information on diversity and equal opportunities: https://go.fzj.de/equality",de.linkedin.com/jobs/view/phd-position-organic-electrosynthesis-monitoring-of-reaction-transients-with-real-time-techniques-at-forschungszentrum-j%C3%BClich-4284415361
Finance Data Analyst (m/w/d),Delticom AG,"Sehnde, Lower Saxony, Germany",LinkedIn,https://de.linkedin.com/jobs/view/finance-data-analyst-m-w-d-at-delticom-ag-4283795535?position=2&pageNum=0&refId=FMPO7S6Ssr0277AAOkSnaw%3D%3D&trackingId=mZnjd0Q7%2FwhO6rV%2B6hUXOA%3D%3D,Not specified,2025-08-13 17:05:58.426873,2025-08-12,"Vorstellung des Unternehmens Die Delticom AG ist das führende E-Commerce-Unternehmen für Reifen in Europa. Mit unseren zwei Kernmarken Reifendirekt & Tirendo sind wir die erste Adresse für begeisterte B2C Kunden. Auch für Geschäftskunden sowie Großkunden haben wir auf unserer B2B Plattform autoreifenonline immer ein passendes Angebot. Unser Produktportfolio umfasst alle Arten an Reifen und Kompletträder für PKW, Motorräder, Fahrrad, LKW, Transporter sowie Nutzfahrzeuge. Mit unseren 300 Shops und Vertriebsplattformen sind wir in über 70 Ländern aktiv. In der zentralen Unternehmensfunktion Finanzdatenanalyse hast Du bereits Kenntnisse sammeln können? Du fühlst Dich in einem agilen E-Commerce-Unternehmen wohl und möchtest Deinen Beitrag zur optimalen Weiterentwicklung des Unternehmens leisten? Dann komm zu uns als Finance Data Analyst (m/w/d) Aufgaben Durchführung von SQL-Datenbankabfragen als Basis für Reportings und Prozessanalysen Erstellung, Erweiterung und Optimierung von Auswertungen zu wöchentlichen/monatlichen Umsatz-Forecasts im Bereich Finanzen und Controlling mit Hilfe von beispielsweise Python und KI-basierten-Systemen und Algorithmen Erstellung und Weiterentwicklung der wöchentlichen Liquiditätsplanung in Bezug auf die Erhöhung der Datenqualität und die effiziente Verarbeitung der zu Grunde liegenden Daten Abwicklung von Datenimporten und -exporten aus verschiedenen Datenbanken und -typen und die daraus folgende Datenaufbereitung zum Datenvergleich Fortlaufende Analyse und Kontrolle im Rahmen des Reportings verarbeiteter Daten zur Qualitätssicherung Daten- und KI-getriebene Unterstützung bei der Optimierung von Prozessen und Abläufen Erstellung von Ad-hoc-Auswertungen mittels SQL Erstellung von Dokumentationen Enge Zusammenarbeit mit Projekt- und Bereichsmanagern (m/w/d), insbesondere zur Einführung von Coupa und Diamant 4 Schnittstellenübergreifende Zusammenarbeit mit der IT bei Themen rund um Data Dein Profil Abgeschlossenes Studium im Bereich Wirtschaftsinformatik, Datenwissenschaften, BWL mit IT-Schwerpunkt oder eine vergleichbare Ausbildung Relevante Berufserfahrung im Bereich Data Analytics, idealerweise mit Finanzbezug Vertiefte Kenntnisse im Bereich KI-gestützter Datenanalyse sowie bei der Nutzung von Bots setzen wir voraus Zahlenaffinität, Interesse an Prozessen und finanzorientierten Zusammenhängen Erfahrung in der Analyse großer Datenmengen und in der Datenmodellierung Fundierte Kenntnisse in TSQL/MySQL sowie im Umgang mit relationalen Datenbanken und gute Kenntnisse in Python, alternativ in den Programmiersprachen Java/C# Versierter Umgang mit Excel (inkl. Pivot, VBA, Power Query), idealerweise Kenntnisse in Grafana Service- und Qualitätsorientierung sowie IT-Affinität Kommunikationsvermögen in Wort und Schrift, auch auf Englisch Strukturierte und analytische Arbeitsweise mit Hands-on-Mentalität und strategischem Vorgehen Unser Angebot Interessante, zukunftsorientierte Aufgaben, bei denen Du Dein Engagement, Kontaktvermögen und Deine Eigenverantwortung einbringen kannst Eine motivierende Arbeitsatmosphäre und gelebte Teamarbeit Eine attraktive Vergütung Weiterbildungs- und Entwicklungsmöglichkeiten Familienfreundliche Arbeitszeitgestaltung Möglichkeit des hybriden Arbeitens Betriebliche Versorgungsleistungen Freie Getränke sowie Obstkorb",de.linkedin.com/jobs/view/finance-data-analyst-m-w-d-at-delticom-ag-4283795535
Data Analyst (w/m/d) - Schadencontrolling,VHV Gruppe,"Hannover, Lower Saxony, Germany",LinkedIn,https://de.linkedin.com/jobs/view/data-analyst-w-m-d-schadencontrolling-at-vhv-gruppe-4270753665?position=3&pageNum=0&refId=FMPO7S6Ssr0277AAOkSnaw%3D%3D&trackingId=5Eto8yluEWboO0h3AOJ8ug%3D%3D,Not specified,2025-08-13 17:05:58.426999,2025-08-13,"Ihre Aufgaben Daten sind in der Versicherungsbranche von unschätzbarem Wert. Sie ermöglichen es Chancen und Risiken zu erkennen, präzise Prognosen zu erstellen und bilden somit die Grundlage unseres Handelns. Als Data Analyst in der VHV tragen Sie maßgeblich dazu bei, Daten und Prozesse zu analysieren und zu interpretieren, um fundierte Entscheidungen zu treffen, Optimierungen anzustoßen und innovative Lösungen mit zu entwickeln. Durch Ihre analytischen Fähigkeiten helfen Sie dabei, die Qualität und Performance in der VHV (insb. Schadenbearbeitung) zu verbessern. Controlling: Durchführung und Weiterentwicklung des operativen Schadencontrollings im Kompositbereich Kennzahlenanalyse: Aufbau, Analyse und Optimierung von Kennzahlen und -systemen im Schadenkontext Reporting: Erstellung von Standard- und Ad-hoc-Auswertungen zur Entscheidungsunterstützung Transformation: Migration von SAS-/Excel-Reporting hin zu SQL-/PowerBI-Lösungen Automatisierung: Verbesserung der Datenabfragen und Reportingprozesse durch Automatisierung Management-Reporting: Aufbau moderner Dashboards für Vorstand, Geschäftsführung und Fachbereiche Trendanalysen: Identifikation von Trends, Chancen und Risiken auf Basis datengetriebener Analysen Datenkompetenz: Durchführung komplexer Analysen mit SQL, R, SAS oder Python DWH-Nutzung: Fachliche Weiterentwicklung und Nutzung von DWH-Auswertungen Projektarbeit: Mitarbeit in bereichsübergreifenden Projekten rund um Reporting und Data Analytics Beratung: Fachliche Unterstützung der Geschäftsführung und Leitungsebenen durch Analysen und KPIs Ihr Profil Studienabschluss: Abgeschlossenes Studium mit quantitativer Ausrichtung oder vergleichbare Qualifikation Datenanalyse: Fundierte Kenntnisse in SQL, R, SAS oder Python zur Analyse großer Datenmengen Fachverständnis: Idealerweise Erfahrung im Schadenbereich und Prozessverständnis für Schadenmanagementsysteme Tool-Erfahrung: Sicherer Umgang mit modernen Controlling- und Reporting-Tools wie PowerBI und SmartView Kommunikation: Fähigkeit zur adressatengerechten Darstellung komplexer Zusammenhänge Arbeitsweise: Selbstständig, strukturiert, zielorientiert - mit Innovationsfreude und Veränderungsbereitschaft Sprache: Sehr gute Deutschkenntnisse in Wort und Schrift Bringen Sie Ihren Lieblingsarbeitskollegen gleicht mit - wir suchen zwei Data Analysten im Schadencontrolling. Ihre Perspektiven Work Life Flexibility: Flexible Arbeitszeiten, mobiles Arbeiten oder Arbeiten im Ausland - die Möglichkeiten, die eigene Work-Life-Balance passend zu Ihrem Tätigkeitsbereich zu gestalten, sind vielfältig. Vergütung: Unser attraktives Vergütungsmodell umfasst 13,3 Monatsgehälter plus eine direkte Beteiligung am Unternehmenserfolg. Urlaub: Zusätzlich zu Ihren 30 Urlaubstagen pro Jahr haben Sie die Möglichkeit, Ihre Sonderzahlungen in zusätzliche freie Tage umzuwandeln. Arbeitswelt: Moderne Workspaces, unsere allseits beliebte Segafredo-Kaffeebar und Kantine mit abwechslungsreichen Angeboten bieten Ihnen das bestmögliche Arbeitsumfeld an unserem Hauptsitz in Hannover. Karriere und Weiterbildung: Ob fachspezifische Weiterbildungen über unsere VHV Akademien oder das Führungskräftenachwuchsprogramm - entfalten Sie Ihr Potenzial und wählen Sie den Karriere- und Entwicklungsweg, der zu Ihnen passt. Well Being: Von Betriebsarzt über Sportgruppen bis zu ergonomischem Arbeiten - Ihre Gesundheit liegt uns am Herzen. Vorsorge: Ob betriebliche Altersvorsorge oder vermögenswirksame Leistungen - wir sorgen gemeinsam mit Ihnen vor. Arbeitsweg: Ob Jobrad, öffentliche Verkehrsmittel oder Auto: Mit Fahrradkeller, kostenlosen Parkplätzen oder Fahrtkostenzuschuss gestaltet sich der Weg zu uns einfacher denn je. Erfahren Sie hier mehr über uns als Arbeitgeber. Ihr Arbeitgeber - Die VHV Gruppe Die VHV Gruppe ist ein gewachsener Konzern von Spezialisten für Versicherung, Vorsorge und Vermögen. Mit ihren Marken VHV Versicherungen und Hannoversche ist sie ein kompetenter und zukunftsorientierter Partner für Versicherte und Vermittler. Für unseren Erfolg setzen wir auf die Stärken unserer rund 4.000 Beschäftigten, moderne Strukturen, effizientes Kostenmanagement und kundenorientierte Produkte. Weitere Informationen Startpunkt: 01.10.2025 Ort: VHV Platz 1, 30177 Hannover Das Team besteht aus 8 direkten Kolleginnen und Kollegen, die sich auf Sie freuen!",de.linkedin.com/jobs/view/data-analyst-w-m-d-schadencontrolling-at-vhv-gruppe-4270753665
Consultant Actuarial Risk Modelling & Data Science (w/m/d),PwC Deutschland,"Hannover, Lower Saxony, Germany",LinkedIn,https://de.linkedin.com/jobs/view/consultant-actuarial-risk-modelling-data-science-w-m-d-at-pwc-deutschland-4283553444?position=4&pageNum=0&refId=FMPO7S6Ssr0277AAOkSnaw%3D%3D&trackingId=9snJTSqFvpCRjlAZGvrDvQ%3D%3D,Not specified,2025-08-13 17:05:58.427118,2025-08-12,"Für unseren Geschäftsbereich Risk & Regulatory suchen wir dich zum nächstmöglichen Zeitpunkt als Consultant Actuarial Risk Modelling & Data Science (w/m/d). Das erwartet dich Verantwortungsbereich – Als Teil unseres Teams im Bereich Aktuarwesen wirkst du an spannenden Projekten bei nationalen und internationalen Versicherungsunternehmen mit und unterstützt bei der Bewältigung aktueller Herausforderungen. Beratung – Wir arbeiten mit unseren Mandanten an aktuellen Themen wie der Optimierung und Modernisierung von Geschäftsprozessen und Systemen, der Modellierung und Bewertung, der Einführung von neuen Standards sowie der Anwendung von Data Analytics und KI. Dabei kannst du dich in unserem Team schnell weiterentwickeln und nach und nach mehr Verantwortung übernehmen. Prüfung – Du übernimmst im Team Verantwortung für aktuarielle Prozesse und Bewertungen in Jahres- und Quartalsabschlüssen nach verschiedenen Standards (z.B. HGB, IFRS oder Solvency II). Dabei hast du sowohl die IT/Prozess- als auch die methodische Seite im Blick. Als Aktuar :in bist du bei der Qualitätssicherung und Validierung von aktuariellen Modellen ebenso aktiv wie bei Transaktionen. Das bringst du mit Du hast dein Studium der Mathematik, Wirtschaftsmathematik, Finanzmathematik, Informatik, Wirtschaftsinformatik, Physik oder einer vergleichbaren Fachrichtung abgeschlossen. Du verfügst über erste Erfahrung im Finanz- oder Versicherungsbereich und / oder hast dich im Studium bereits mit versicherungsmathematischen Themen (wie z.B. Pricing, Bewertung, Modellierung, Programmierung, Actuarial Data Science oder Anwendungen von Machine Learning/Predictive Modeling) beschäftigt. Es macht dir Spaß, dich mit komplexen mathematischen Fragen, mit mathematischen Modellen, mit Risikomanagement und Rechnungswesen und/oder Digitalisierung und Prozessgestaltung zu beschäftigen. Du beherrschst die Sprachen Deutsch und Englisch fließend in Wort und Schrift. Du arbeitest gerne in interdisziplinären Teams und bringst ausgeprägte analytische sowie kommunikative Fähigkeiten mit. Außerdem setzt du dich gerne mit komplexen Fragestellungen und kreativen Lösungsmöglichkeiten auseinander. Deine Benefits Flexibilität – Deine Arbeitszeit und deinen Arbeitsort kannst du bei uns - in Abstimmung mit den betrieblichen Anforderungen und arbeitsrechtlichen Bestimmungen - selber bestimmen. Dabei gibt es keine Kernarbeitszeiten und du hast die Möglichkeit, im Home Office sowie in über 40 Ländern zu arbeiten. Masterförderung – Durch unsere interne Academy, internationale Erfahrungen durch Secondments und kontinuierliches Mentoring entwickelst du dich stetig weiter. Darüber hinaus bieten wir die Möglichkeit einer Masterförderung für Examensmaster und Spezialisierungsmaster an. Freizeit – Dank eines Teilzeit-Blockmodells kannst du auch mehrmonatige Auszeiten in Form eines Sabbaticals nehmen. Zusätzlich kannst du bei PwC Deutschland Überstunden auf einem persönlichen Jahresarbeitszeitskonto sammeln. Deine Überstunden kannst du im Laufe des Jahres durch Freizeit ausgleichen. Restliche Überstunden werden einmal jährlich ausgezahlt. Gesundheit – Deine Gesundheit liegt uns am Herzen: Neben einer eigenen betrieblichen Krankenkasse bieten wir auch Vorsorgeuntersuchungen sowie Sportangebote an. Nimm an unserem kostenlosen Betriebssportprogramm teil oder profitiere von vergünstigten Beiträgen in diversen Fitnessstudios oder einer Urban Sports Club-Mitgliedschaft. Das ist noch nicht alles – Wir möchten ein positives Arbeitsumfeld schaffen: Ein Umfeld, in dem flexibles und kreatives Arbeiten möglich ist, in dem Arbeit anerkannt und Leistung honoriert wird und auf das wir stolz sind. Alle Benefits findest du auf unserer Karriereseite. Bei PwC Deutschland arbeiten wir daran, entscheidende Herausforderungen zu lösen, nachhaltige Ergebnisse zu schaffen und das Vertrauen in die Wirtschaft und Gesellschaft auszubauen. Als Teil unseres Governance, Risk & Compliance Teams (kurz GRC) begleitest du Projekte in der Bank- und Versicherungsbranche. Unsere Projekte umfassen diverse Schwerpunkte und reichen vom zahlenbasierten Aktuarswesen, quantitativer Risikomodellierung Modellierung und Risikomanagement bei Banken und Versicherungen bis hin zu Anti Financial Crime, ESG und Klimarisikomanagement. So divers wie unsere Projekte ist auch unser Team aufgestellt: Eine große Varianz an Studienfächern wie Mathematik, MINT, Jura, VWL und BWL sind maßgeblich für unseren Projekterfolg. Kontakt Du hast Fragen zu dieser Position oder deiner Bewerbung? Melde dich gerne bei Juliana Hope unter +49 69 9585-2222 .",de.linkedin.com/jobs/view/consultant-actuarial-risk-modelling-data-science-w-m-d-at-pwc-deutschland-4283553444
Analyst:in Bestandskund:innenvertrieb (m/w/d),TieTalent,"Burgdorf, Lower Saxony, Germany",LinkedIn,https://de.linkedin.com/jobs/view/analyst-in-bestandskund-innenvertrieb-m-w-d-at-tietalent-4283870010?position=5&pageNum=0&refId=FMPO7S6Ssr0277AAOkSnaw%3D%3D&trackingId=08zpcD2DiCE4qA8M7tejQg%3D%3D,Not specified,2025-08-13 17:05:58.427237,2025-08-13,"Analyst:in Bestandskund:innenvertrieb Job-ID: J2025379 Als Analyst:in im Bestandskund:innenvertrieb analysierst und strukturierst du komplexe Daten, bereitest sie zielgerichtet auf und entwickelst daraus fundierte Entscheidungsgrundlagen. Du unterstützt damit ein datenbasiertes Kundenverständnis und leistest einen wichtigen Beitrag zur strategischen Weiterentwicklung unseres Bestandskundengeschäfts. Du hast Lust, unser Team zu unterstützen? Dann freuen wir uns auf deine Bewerbung und darauf, dich kennenzulernen! #positiveenergie Das Geschlecht ist uns nicht wichtig, entscheidend ist für uns, dass du zu unserer Kultur und ins Team passt und für deinen Job brennst. Aufgaben Als Analyst:in für Bestandskund:innen vertrittst du unseren Fachbereich als Anforderungssteller bei der Entwicklung und dem Betrieb eines Data Warehouses. Du bist verantwortlich für die Erstellung aussagekräftiger Reports für den Commodity Bestandskund:innenvertrieb in Tableau und/oder PowerBI. Du übernimmst tiefgreifende Analysen, die auf die Wertsteigerung unseres Kund:innen- und Vertragsportfolios einzahlen (z.B. durch Cross- und Upselling, Winback, Kündigungsvermeidung) Du stimmst dich mit den Bereichen Produktmanagement, Vertrieb und Kund:innenservice zu grundlegenden Fragen der Planungs- und Reportingprozesse ab. Datenabweichungen schnell und effizient zu erkennen und zu beheben, stellt für dich keine Herausforderung dar. Die Repräsentation deines Teams in verschiedenen Datenprojekten rundet dein Aufgabenprofil ab. Anforderungen Du verfügst über ein abgeschlossenes Studium in der Wirtschaftsinformatik oder über eine vergleichbare Ausbildung. In den Themenfeldern ETL-Entwicklung, Data Engineering oder BI-Analyse kannst du mehrjährige Berufserfahrung nachweisen. Dazu verfügst du über Erfahrung in der Durchführung komplexer Datenanalysen zur Unterstützung von Geschäftsentscheidungen. Dazu hast du fortgeschrittene Kenntnisse in Microsoft Excel, einschließlich Datenmanipulation, Pivot-Tabellen, komplexe Formeln, idealerweise in Bezug auf Makros und Automatisierung. SQL und Datenmodellierung sowie Kenntnisse im Umgang mit Power BI, Tableau oder ähnlichen BI-Tools und Kenntnissen in R oder Python sind für dich von Vorteil. Außerdem hast du Erfahrung im Umgang mit großen Datenmengen und in der Sicherstellung der Datenintegrität über verschiedene Systeme hinweg sowie Erfahrung in der Durchführung komplexer Datenanalysen zur Unterstützung von Geschäftsentscheidungen und im Projekt- und Stakeholdermanagement. Starke analytische Fähigkeiten, eine ausgeprägte Problemlösungskompetenz, sorgfältige Aufmerksamkeit für Details und ein starkes Engagement für Datenkorrektheit zeichnen deine Persönlichkeit aus. Du behältst auch in dynamischen Zeiten den Überblick und packst an und organisierst dich eigenverantwortlich. Unsere Ausschreibung spricht dich sehr an, jedoch erfüllst du nicht ganz die 100 %? Kein Thema – die fehlenden Prozente gehen wir gemeinsam. Das Sahne­häubchen – Diese Vorteile Bieten Wir Dir Teamwork statt Hierar­chie­denken Für uns zählt der Erfolg des Teams, deshalb unterstützen wir uns gegenseitig. Klassische Hier­ar­chien gibt es bei uns nicht: Anstatt dir im Nacken zu sitzen, halten dir unsere Führungs­kräfte lieber den Rücken frei. Viel Frei­raum für eigene Ideen Bei uns findest du jede Menge Freiraum für selbst­ständiges Arbeiten. Wir freuen uns auf deine Ideen – deinen Willen, Prozesse, Produkte und Lösungen aktiv mitzugestalten, schätzen wir sehr. Fort- & Weiter­bildung: Poten­zial­ent­faltung vom ersten Tag an Dass du deine Poten­ziale frei ent­falten kannst, ist uns sehr wichtig – und das schon ab dem ersten Arbeits­tag. Du profi­tierst nicht nur von einer umfas­senden Einarbeitung, sondern auch von auf dich zuge­schnit­tenen Weiter­bil­dungs­maß­nahmen. Gesund­heit bei enercity Deine Gesund­heit liegt uns beson­ders am Herzen, des­halb sind unsere Ar­beits­plätze nach neusten ergo­nomi­schen Anfor­de­rungen gestaltet. Dazu ist der be­triebs­ärzt­liche Dienst bei Fragen zu Gesund­heits­themen und Präven­tion immer für dich da. Alles für deine Work-Life-Balance Von flexiblen Arbeits­zeiten über mobiles Arbeiten bis hin zur enercity Kinder­krippe und Unter­stützung bei der Pflege von Angehörigen: Wir geben unser Bestes, damit du Privat­leben und Beruf best­möglich unter einen Hut bekommst. Attraktive Bezah­lung Wir orien­tieren uns als Unter­neh­men häufig an der Start-up-Denke, aber nicht, wenn es um deine Ver­gü­tung geht. Neben einem attrak­tiven und sicheren Gehalt profi­tierst du bei­spiels­weise von Sonder­zah­lungen oder be­trieb­licher Alters­vorsorge. enercity Kinderkrippe Jährlich ermöglichen wir zwölf Kindern von Mitarbeitenden einen Betreuungs­platz bei uns. Mit der Initiative „Haus der kleinen Forscher“ werden die Kleinen an Musik und die englische Sprache herangeführt. Beste Verkehrsanbindung Gerne bezu­schussen wir dein Ticket für die Verkehrsbetriebe Hannover. Auch für dein E-Auto gibt es jede Menge Lade­möglich­keiten auf unserem Parkplatz. Jobs, die wirklich was verändern Gemeinsam bewegen wir Hannover und leisten einen bedeu­tenden Beitrag für die Zukunft unserer Gesell­schaft: Wir sorgen dafür, dass erneuer­bare Energien unsere Welt lebenswerter machen. Mobiles Arbeiten Wo es möglich ist, erleich­tern wir dir durch mobiles Arbeiten die Vereinbarkeit von Beruf und Privat­leben. Ob im Café oder zu Hause – du hast die Wahl! Unser betriebsärztlicher Dienst ist immer für dich da Nimm an unserem Präven­tions­programm oder unseren Gesund­heits­tagen teil, lass dich vom Team des betriebs­ärzt­lichen Dienstes durch­checken oder kontaktiere unsere Expert:innen für sämtliche Gesund­heits­themen. enercity Gym und Betriebssport Im enerGym kannst du Bewegung und Entspannung in deinen Arbeitstag integrieren. Falls du weitere Sport­arten für deinen Ausgleich im Alltag suchst, dann bist du bei unserer Betriebs­sport­gemein­schaft genau richtig! Onboarding: Für den best­möglichen Start ins Arbeits­leben Am ersten Arbeits­tag erwartet dich ein ausge­statteter Arbeits­platz und ein Pate, der dich beim Ankommen unter­stützt. Mit deinem Team erfährst du in der ersten Woche, was es mit unseren Net­working-Meetings auf sich hat. Wir sind ausgezeichnet! Für uns steht an erster Stelle, dass alle Mitarbeiter:innen ihre Potenziale leben können. Dafür bieten wir ihnen ein Umfeld, das vielschichtige Möglichkeiten eröffnet. Netter Nebeneffekt: Wir erhalten Siegel, die uns das bestätigen. Interesse geweckt? Dann fackel nicht lange und schick uns deine Bewerbung. Nutze dafür einfach unser Online-Bewerbungsformular . Fragen zur Bewerbung? Meld' dich gerne bei mir! Yannik Barkowski (er/ihn) Recruiter E-Mail senden enercity AG Glockseeplatz 1 30169 Hannover (Inhalt entfernt)",de.linkedin.com/jobs/view/analyst-in-bestandskund-innenvertrieb-m-w-d-at-tietalent-4283870010
Global Process Analyst (m/f/d),Harvey Nash,"Böblingen, Baden-Württemberg, Germany",LinkedIn,https://de.linkedin.com/jobs/view/global-process-analyst-m-f-d-at-harvey-nash-4284055607?position=2&pageNum=0&refId=D7lT4psYk1VhMrANXMFnEQ%3D%3D&trackingId=T%2B5oLX4E0UKjOqFOoOXDSQ%3D%3D,Not specified,2025-08-13 17:06:20.571590,2025-08-13,"For our client, a famous company in the semiconductor sector, we are looking for a Global Process Analyst (m/f/d) in Böblingen (hybrid). Your contribution: As part of the global transformation, you will shape our globally harmonised business processes. You will support all business transformation projects with their process requirements and process design & documentation. This role is also instrumental in driving process ownership rollout, driving process fluency, creating and delivering process training, and ensuring the successful adoption of new ways of working. You’ll collaborate closely with the business teams and them embrace the process and organizational changes. Your tasks: Act as a process analyst on transformation projects to support the business users as well as our partners and suppliers Collect business requirements and develop proposals on how to fulfil them Analyze processes and the users pain points and develop and document more efficient processes working with the process experts; introduce process metrics and dashboards Support the required process changes and support the business users on their adoption journey Drive the implementation of process ownership, mentor the business on responsibility of process owners and drive the onboarding of process owners and enable their upskilling Design and deliver elements of the process fluency initiative across the organization Create process training materials and deliver global process upskilling Develop upskilling strategies in a global multi-language and multi-cultural organization; identify and develop local delivery mechanisms for rolling out process training and upskilling Participate actively in our process community Your background Bachelor's or Master's degree in Business Administration, Supply Chain Management, HR, Engineering or comparable. Experience working on process transformations in Sales, HR or Supply Chain Management; additional experience in Finance is a plus Strong background in upskilling and training Solid experience with process analysis and documentation Excellent communication, facilitation and collaboration skills in a global environment Very good knowledge of English, written and spoken. German is a plus Business or process analyst certification such as Lean Six Sigma, BPMN 2.0, APQC, SCOR Self-starter with analytical mindset, ability to connect business and technical teams and ability to delve into technical details as well as manage key senior business stakeholders Knowledge of quoting and order management, supply chain management and Human Capital processes preferred, ideally experience in a Semi-Conductor and manufacturing environment Our offer to you: An exciting environment and cutting-edge projects at global brands and hidden champions Personal and individual support by our Account Managers and HR team Be part of the Nash direct team and connect with your colleagues throughout Germany. For over 30 years, Nash direct has been helping remarkable people to win exciting roles at world- leading technology companies in Germany. Our Mission is to give our employees the best possible experience in working with us. Contact: Aspasia Joannidou Executive Recruiter Tel.: +49 711 20705 231 Mobil: +49 151 11323422 aspasia.joannidou@nashdirect.de Internet: www.nashdirect.de",de.linkedin.com/jobs/view/global-process-analyst-m-f-d-at-harvey-nash-4284055607
Minijob/ Nebenjob als Nachhilfelehrer (w/m/d),Nachhilfeunterricht,"Stuttgart, Baden-Württemberg, Germany",LinkedIn,https://de.linkedin.com/jobs/view/minijob-nebenjob-als-nachhilfelehrer-w-m-d-at-nachhilfeunterricht-4283904370?position=7&pageNum=0&refId=D7lT4psYk1VhMrANXMFnEQ%3D%3D&trackingId=5Ow%2F3Xgsc9nfuhDQ%2FiLUTA%3D%3D,Not specified,2025-08-13 17:06:20.572231,2025-08-12,"Wir von Nachhilfepro suchen eine aufgeschlossene und motivierte Nachhilfe-/Privatlehrkraft , die unser Team verstärken möchte. Unterstütze unsere Schüler*innen dabei, ihr volles Potential in deinem Fachgebiet auszuschöpfen und verdiene dabei 15-35 € pro Stunde . Wir suchen Lehrer*innen für: Sprachen: Englisch, Deutsch als Fremdsprache, Spanisch, Französisch. Schulfächer: Mathematik, Physik, Chemie, Geschichte Informatik: Programmierung, Web-Design Sonstige Aktivitäten: Musikunterricht, Yoga, Rhetorik und unzählige weitere Fachgebiete! Anforderungsprofil: Gute Kenntnisse im zu unterrichtenden Fach/Sprache/Disziplin deiner Wahl Freude am Unterrichten Keine vorherige Lehrerfahrung erforderlich Vorteile: Attraktive Bezahlung zwischen 15 und 35 € pro Stunde Maximale Flexibilität: Arbeite online oder vor Ort und teile dir deine Zeit selbst ein Sei Teil der größten Community von Nachhilfe-/Privatlehrer*innen in Europa Um Teil unserer Nachhilfelehrer*innen zu werden, ist es nicht nötig, deinen Lebenslauf oder Leistungsnachweise einzureichen. Wir freuen uns auf dich!",de.linkedin.com/jobs/view/minijob-nebenjob-als-nachhilfelehrer-w-m-d-at-nachhilfeunterricht-4283904370
Business Analyst Prozessdigitalisierung (m/w/d),TieTalent,"Stuttgart, Baden-Württemberg, Germany",LinkedIn,https://de.linkedin.com/jobs/view/business-analyst-prozessdigitalisierung-m-w-d-at-tietalent-4283862597?position=9&pageNum=0&refId=D7lT4psYk1VhMrANXMFnEQ%3D%3D&trackingId=JFmSdtq7%2BjfEQZ92UYpCLA%3D%3D,Not specified,2025-08-13 17:06:20.572486,2025-08-13,"Dein Team Als Business Analyst (m/w/d) beschäftigst du dich mit Prozessdigitalisierungs-Fragestellungen. Das bedeutet aber nicht, analoge Prozesse einfach in ""digital"" zu übersetzen. Vielmehr geht es darum, das Potenzial des Kundenunternehmens auszuschöpfen. Unser erklärtes Ziel bei BPA (Business Process Automation): Wir möchten effiziente, flexible und transparente Geschäftsprozesse über Unternehmensgrenzen hinweg entwickeln und optimieren. Und deine Teamkolleg:innen? Euch eint definitiv ein Digitalisierungs-Mindset. Und wenn du dann noch ein absoluter Teamplayer bist und Humor besitzt, passt du perfekt zu uns. Was dich erwartet Als Business Analyst (m/w/d) arbeitest du in Kundenteams mit anderen Kollegen aus den Analysten- und DevOps-Rollen. Du arbeitest an der Lösung von Digitalisierungs-Fragestellungen in den Organisationen unserer Kunden. Du bist verantwortlich für Projektarbeit in den Bereichen Anforderungs-Management, Lösungs-Design und Zusammenführung verschiedener Stakeholderwünsche. Du arbeitest in Agile/ Lean-Situationen je nach Kundenprojektorganisation, die du durch deinen Auftritt souverän mitgestaltest. Gute Entwicklungsmöglichkeiten - wenn du weißt, wohin du willst, helfen wir dir gerne. Das bringst du mit Du verfügst über methodische Kenntnisse im Bereich der Lösungsberatung und Erfahrung im Projektmanagement. Du hast ein Digitalisierungs-Mindset. Du kannst mit verschiedenen Dokumentations- und Kommunikationstools gewandt umgehen und sie auch in Remote-Beratungsbeziehungen gut für Kunden einsetzen. Du besitzt ein ausgeprägtes Verständnis zu Modellierung, Prozessdesign und Anforderungsmanagement. Agile, Scrum, Domain-Driven Design sind kein Fremdwort für dich und moderne digitale Geschäftsprozesse kennst du aus Kundenprojekten. Bonus: hast du Erfahrungen mit BPM, Dokumentenmanagement oder Case Management Deployments gesammelt? Viele gute Gründe JobRad-Leasing 30, 40 oder 50 Urlaubstage Hansefit",de.linkedin.com/jobs/view/business-analyst-prozessdigitalisierung-m-w-d-at-tietalent-4283862597
Business Analyst Prozessdigitalisierung (m/w/d),ISR Information Products AG,"Stuttgart, Baden-Württemberg, Germany",LinkedIn,https://de.linkedin.com/jobs/view/business-analyst-prozessdigitalisierung-m-w-d-at-isr-information-products-ag-4222334940?position=10&pageNum=0&refId=D7lT4psYk1VhMrANXMFnEQ%3D%3D&trackingId=en%2FxGAPzo9rQVGt7ruN5uQ%3D%3D,Not specified,2025-08-13 17:06:20.572607,2025-08-13,"Was dich erwartet Als Business Analyst (m/w/d) arbeitest du in Kundenteams mit anderen Kollegen aus den Analysten- und DevOps-Rollen. Du arbeitest an der Lösung von Digitalisierungs-Fragestellungen in den Organisationen unserer Kunden. Du bist verantwortlich für Projektarbeit in den Bereichen Anforderungs-Management, Lösungs-Design und Zusammenführung verschiedener Stakeholderwünsche. Du arbeitest in Agile/ Lean-Situationen je nach Kundenprojektorganisation, die du durch deinen Auftritt souverän mitgestaltest. Gute Entwicklungsmöglichkeiten – wenn du weißt, wohin du willst, helfen wir dir gerne. Das bringst du mit Du verfügst über methodische Kenntnisse im Bereich der Lösungsberatung und Erfahrung im Projektmanagement. Du hast ein Digitalisierungs-Mindset. Du kannst mit verschiedenen Dokumentations- und Kommunikationstools gewandt umgehen und sie auch in Remote-Beratungsbeziehungen gut für Kunden einsetzen. Du besitzt ein ausgeprägtes Verständnis zu Modellierung, Prozessdesign und Anforderungsmanagement. Agile, Scrum, Domain-Driven Design sind kein Fremdwort für dich und moderne digitale Geschäftsprozesse kennst du aus Kundenprojekten. Bonus: hast du Erfahrungen mit BPM, Dokumentenmanagement oder Case Management Deployments gesammelt? Viele gute Gründe JobRad-Leasing 30, 40 oder 50 Urlaubstage Hansefit Individuelle Entwicklung: In unserem Weiterbildungsprogramm im Bereich Business Process Automation lernst du permanent dazu, projektbegleitend bilden wir mit vier Themenschwerpunkten aus. Legendäre Events: Ob Sommerfeier, Jahrestreffen oder Sportevent – unsere Feiern sind ein wichtiger Bestandteil der ISR-Unternehmenskultur. Gesundheitsförderung: Frisches Obst und Gemüse, aktive Pause, Impulsvorträge, Firmenfitness deutschlandweit, JobRad-Leasing … deine Gesundheit liegt uns am Herzen.",de.linkedin.com/jobs/view/business-analyst-prozessdigitalisierung-m-w-d-at-isr-information-products-ag-4222334940
Office Assistant,Solutions Driven,"Stuttgart, Baden-Württemberg, Germany",LinkedIn,https://de.linkedin.com/jobs/view/office-assistant-at-solutions-driven-4282220948?position=13&pageNum=0&refId=D7lT4psYk1VhMrANXMFnEQ%3D%3D&trackingId=1ChTldIShwHjXo4jGvHkqA%3D%3D,Not specified,2025-08-13 17:06:20.572982,2025-08-13,"Our group is global recognized software company focused on electronic healthcare solutions. With its headquarters in Germany. With over 9,200 employees worldwide and they support more than 1.6 million healthcare users across 56 countries. Publicly listed, the company has maintained a strong market leadership in outpatient and primary care sectors, particularly in Europe. Your Contribution to the Team Scheduling & coordination of field staff (e.g. technicians) Telephone communication with customers regarding service visits and training appointments Acting as the interface between Service, Order Processing, and Administration Coordinating orders & preparing invoicing for the relevant department Active support and close cooperation in day-to-day operations Remaining calm, organised, and solution-oriented in stressful situations What You Bring Completed commercial training or a comparable qualification Very good German and English skills Confident use of MS Office (Word, Excel, PowerPoint) Proactive, communicative personality with strong organisational skills Enjoy working in a team and interacting with customers What We Offer Corporate Benefits: Attractive employee discounts and perks with various partners and providers. Work-Life Balance: Job bike leasing, subsidies for memberships in partner fitness studios, and/or various training opportunities to balance work and fitness. Training Opportunities: Individually selected training to expand your skills and continuously develop. Company Pension Plan: Opportunity for an occupational pension to secure your future. We welcome applications regardless of disability, gender, nationality, ethnic or social origin, religion, age, sexual orientation, or identity.",de.linkedin.com/jobs/view/office-assistant-at-solutions-driven-4282220948
Strategy and Plans Analyst,Booz Allen Hamilton,"Stuttgart, Baden-Württemberg, Germany",LinkedIn,https://de.linkedin.com/jobs/view/strategy-and-plans-analyst-at-booz-allen-hamilton-4283561187?position=14&pageNum=0&refId=D7lT4psYk1VhMrANXMFnEQ%3D%3D&trackingId=kt70ZFslDtjac%2FTD%2Bx5ZKg%3D%3D,Not specified,2025-08-13 17:06:20.573106,2025-08-12,"Job Number: R0224073 Strategy and Plans Analyst The Opportunity: As an operations planner, you’re passionate about exploring the root cause of an issue and then analyzing, reporting, and developing recommendations for a creative solution. We need an experienced research analyst and operations planner like you to help us solve complex problems for our clients. On our team, you’ll support the command’s Theater Campaign Plans (TCPs), Theater Campaign Orders (TCOs), order development, crises action planning, manpower, and other planning and processes development transitioning plans to operations. Staff action consists of attending local conferences, briefs, and working with Operational Planning Teams (OPTs) at the COCOM level and below. You’ll also provide the headquarters staff with subject matter expertise related to one or more functional areas such as ground operations, aviation operations, amphibious operations, pre-positioning operations, noncombatant evacuation operations (NEOs), communications, communications strategy and public affairs, force protection, logistics, intelligence, manning, preventive medicine, reception, staging, onward movement, and integration (RSO&I), strategic mobility, training, JOPES, and general military planning in the decision-making process. You will maintain appropriate entries in programs of record such as SOCIUM, and review, refine, coordinate, and develop military operations orders related to the manning, organization, deployment, mission assurance, employment, support, sustainment, and redeployment of marine forces in support of crisis response and contingency operations. You'll plan and coordinate military-to-military activities, security cooperation events, and multi- and bi-lateral service component exercises such as Title 10. You'll provide current operations support as a member of the Command Center watch team on an as-required basis. Join us. The world can’t wait. You Have: Experience using Microsoft Office suite of programs, including Outlook, Word, PowerPoint, Excel, and SharePoint Ability to brief senior military leaders Ability to travel up to 50% of the time, including domestically and in the EUCOM and AFRICOM AORs Ability to work extended hours in support of exercise requirements TS/SCI clearance Bachelor’s degree and 10+ years of experience with the military, or 15+ years of experience with the military in lieu of a degree Nice If You Have: 3+ years of experience with joint exercise planning at the service component or combatant command level Experience with Marine Air-Ground Task Force (MAGTF) concepts Experience with Joint operations, the Joint Training System, and the Joint Training Information Management System (JTIMS) Possession of excellent verbal and written communication skills Clearance: Applicants selected will be subject to a security investigation and may need to meet eligibility requirements for access to classified information; TS/SCI clearance is required. Compensation At Booz Allen, we celebrate your contributions, provide you with opportunities and choices, and support your total well-being. Our offerings include health, life, disability, financial, and retirement benefits, as well as paid leave, professional development, tuition assistance, work-life programs, and dependent care. Our recognition awards program acknowledges employees for exceptional performance and superior demonstration of our values. Full-time and part-time employees working at least 20 hours a week on a regular basis are eligible to participate in Booz Allen’s benefit programs. Individuals that do not meet the threshold are only eligible for select offerings, not inclusive of health benefits. We encourage you to learn more about our total benefits by visiting the Resource page on our Careers site and reviewing Our Employee Benefits page. Salary at Booz Allen is determined by various factors, including but not limited to location, the individual’s particular combination of education, knowledge, skills, competencies, and experience, as well as contract-specific affordability and organizational requirements. The projected compensation range for this position is $86,800.00 to $198,000.00 (annualized USD). The estimate displayed represents the typical salary range for this position and is just one component of Booz Allen’s total compensation package for employees. This posting will close within 90 days from the Posting Date. Identity Statement As part of the application process, you are expected to be on camera during interviews and assessments. We reserve the right to take your picture to verify your identity and prevent fraud. Work Model Our people-first culture prioritizes the benefits of flexibility and collaboration, whether that happens in person or remotely. If this position is listed as remote or hybrid, you’ll periodically work from a Booz Allen or client site facility. If this position is listed as onsite, you’ll work with colleagues and clients in person, as needed for the specific role. Commitment to Non-Discrimination All qualified applicants will receive consideration for employment without regard to disability, status as a protected veteran or any other status protected by applicable federal, state, local, or international law.",de.linkedin.com/jobs/view/strategy-and-plans-analyst-at-booz-allen-hamilton-4283561187
Naturwissenschaftler*in / Chemiker*in als Prüfleiter*in (m/w/d),Eurofins Agroscience Services,"Niefern-Öschelbronn, Baden-Württemberg, Germany",LinkedIn,https://de.linkedin.com/jobs/view/naturwissenschaftler-in-chemiker-in-als-pr%C3%BCfleiter-in-m-w-d-at-eurofins-agroscience-services-4281796780?position=17&pageNum=0&refId=D7lT4psYk1VhMrANXMFnEQ%3D%3D&trackingId=8gI%2B3CIX4YRv4zQBfqzb7w%3D%3D,Not specified,2025-08-13 17:06:20.573484,2025-08-13,,de.linkedin.com/jobs/view/naturwissenschaftler-in-chemiker-in-als-pr%C3%BCfleiter-in-m-w-d-at-eurofins-agroscience-services-4281796780
BWL (B.A.) mit Schwerpunkt Digital-Business-Management 2026,Siemens,"Stuttgart, Baden-Württemberg, Germany",LinkedIn,https://de.linkedin.com/jobs/view/bwl-b-a-mit-schwerpunkt-digital-business-management-2026-at-siemens-4260084201?position=18&pageNum=0&refId=D7lT4psYk1VhMrANXMFnEQ%3D%3D&trackingId=YwFjQsQP1FcmyHelSLDwEA%3D%3D,Not specified,2025-08-13 17:06:20.573610,2025-08-13,,de.linkedin.com/jobs/view/bwl-b-a-mit-schwerpunkt-digital-business-management-2026-at-siemens-4260084201
Simulationsingenieur (m/w/d),ELFIN Engineering & Solutions GmbH,"Kusterdingen, Baden-Württemberg, Germany",LinkedIn,https://de.linkedin.com/jobs/view/simulationsingenieur-m-w-d-at-elfin-engineering-solutions-gmbh-4284404601?position=19&pageNum=0&refId=D7lT4psYk1VhMrANXMFnEQ%3D%3D&trackingId=chRgXRloAXtRgFq%2F2tzrXA%3D%3D,Not specified,2025-08-13 17:06:20.573735,2025-08-13,,de.linkedin.com/jobs/view/simulationsingenieur-m-w-d-at-elfin-engineering-solutions-gmbh-4284404601
Prozessingenieur - Maschinenbau (m/w/d)- Sprimag Spritzmaschinenbau GmbH & Co. KG,Sprimag Spritzmaschinenbau GmbH & Co. KG,"Kirchheim unter Teck, Baden-Württemberg, Germany",LinkedIn,https://de.linkedin.com/jobs/view/prozessingenieur-maschinenbau-m-w-d-sprimag-spritzmaschinenbau-gmbh-co-kg-at-sprimag-spritzmaschinenbau-gmbh-co-kg-4283975494?position=22&pageNum=0&refId=D7lT4psYk1VhMrANXMFnEQ%3D%3D&trackingId=GHnoS2uivdJfvSbS0swYnA%3D%3D,Not specified,2025-08-13 17:06:20.574106,2025-08-12,,de.linkedin.com/jobs/view/prozessingenieur-maschinenbau-m-w-d-sprimag-spritzmaschinenbau-gmbh-co-kg-at-sprimag-spritzmaschinenbau-gmbh-co-kg-4283975494
Geowissenschaftler/Geograf/Archäologe (m/w/d) für unser Team Luftbildauswertung im Bereich Kampfmittelvorerkundung,LBA Luftbildauswertung GmbH,"Stuttgart, Baden-Württemberg, Germany",LinkedIn,https://de.linkedin.com/jobs/view/geowissenschaftler-geograf-arch%C3%A4ologe-m-w-d-f%C3%BCr-unser-team-luftbildauswertung-im-bereich-kampfmittelvorerkundung-at-lba-luftbildauswertung-gmbh-4282205400?position=23&pageNum=0&refId=D7lT4psYk1VhMrANXMFnEQ%3D%3D&trackingId=cz8SRISO%2B5vooNKrJOFxvw%3D%3D,Not specified,2025-08-13 17:06:20.574231,2025-08-13,,de.linkedin.com/jobs/view/geowissenschaftler-geograf-arch%C3%A4ologe-m-w-d-f%C3%BCr-unser-team-luftbildauswertung-im-bereich-kampfmittelvorerkundung-at-lba-luftbildauswertung-gmbh-4282205400
Analyst Living / Baufinanzierung (all genders),BNP Paribas,"Gerlingen, Baden-Württemberg, Germany",LinkedIn,https://de.linkedin.com/jobs/view/analyst-living-baufinanzierung-all-genders-at-bnp-paribas-4284091782?position=27&pageNum=0&refId=D7lT4psYk1VhMrANXMFnEQ%3D%3D&trackingId=VLSCYrbo4Y5F%2F45xOkyYDg%3D%3D,Not specified,2025-08-13 17:06:20.574732,2025-08-13,,de.linkedin.com/jobs/view/analyst-living-baufinanzierung-all-genders-at-bnp-paribas-4284091782
Spezialist Portfoliomanagement (m/w/d),TieTalent,"Stuttgart, Baden-Württemberg, Germany",LinkedIn,https://de.linkedin.com/jobs/view/spezialist-portfoliomanagement-m-w-d-at-tietalent-4284114261?position=33&pageNum=0&refId=D7lT4psYk1VhMrANXMFnEQ%3D%3D&trackingId=0yhP0JpqbIS35W%2B3e1Qjuw%3D%3D,Not specified,2025-08-13 17:06:20.575597,2025-08-13,,de.linkedin.com/jobs/view/spezialist-portfoliomanagement-m-w-d-at-tietalent-4284114261
Projektmanager Energie und Automatisierungstechnik (all gender),ALTEN Germany,Stuttgart Region,LinkedIn,https://de.linkedin.com/jobs/view/projektmanager-energie-und-automatisierungstechnik-all-gender-at-alten-germany-4283787290?position=35&pageNum=0&refId=D7lT4psYk1VhMrANXMFnEQ%3D%3D&trackingId=dwOjK8dTrO%2FutH6uajNhng%3D%3D,Not specified,2025-08-13 17:06:20.575835,2025-08-12,,de.linkedin.com/jobs/view/projektmanager-energie-und-automatisierungstechnik-all-gender-at-alten-germany-4283787290
Portfoliomanager:in für Infrastrukturbeteiligungen,SV SparkassenVersicherung,"Stuttgart, Baden-Württemberg, Germany",LinkedIn,https://de.linkedin.com/jobs/view/portfoliomanager-in-f%C3%BCr-infrastrukturbeteiligungen-at-sv-sparkassenversicherung-4282214679?position=44&pageNum=0&refId=D7lT4psYk1VhMrANXMFnEQ%3D%3D&trackingId=naNkWSIZI7oDrfC9DlE7ww%3D%3D,Not specified,2025-08-13 17:06:20.576897,2025-08-13,,de.linkedin.com/jobs/view/portfoliomanager-in-f%C3%BCr-infrastrukturbeteiligungen-at-sv-sparkassenversicherung-4282214679
Business Analyst (f/m/x) - Berlin,AUTO1 Group,"Berlin, Berlin, Germany",LinkedIn,https://de.linkedin.com/jobs/view/business-analyst-f-m-x-berlin-at-auto1-group-4284093605?position=2&pageNum=0&refId=xq7Is%2FI%2FjokMMO%2B0ngjIkQ%3D%3D&trackingId=7XFqJPXMhSyKf9KFCJWhVA%3D%3D,Not specified,2025-08-13 17:06:58.152185,2025-08-13,"Company Description We are looking for a Business Analyst to join our Business Analytics department, which plays a strategic role in empowering, sharing & transforming data to provide the top management with reports, analytics & concepts that help them make strategic decisions. In this department, we bring data to the next level to impact strategic decisions. AUTO1 Group is Europe's leading digital automotive platform. We revolutionize the used car market with our well-known brands Autohero, wirkaufendeinauto.de, and AUTO1.com Job Description Design, Develop, and Maintain our Reports: Work closely with the Sales department, Product, and Business Analytics teams of AUTO1 to enable faster and more insightful decision-making. Provide stakeholders with data and business insights, follow up on KPIs definitions and implementation Support Stakeholders with Data Access: Provide analysts and business stakeholders with easy access to well-structured data, fostering a data-driven culture. Build and enhance data workflows, models and pipelines to support reporting and analytics needs in Tableau. Ensure Data Quality and Consistency: Implement testing, documentation, and version control practices using Git to maintain high data quality standards. Consolidate and review existing reports to lift our reporting to a higher level of information density. Qualifications Experience: 3+ years of relevant experience in data analytics, BA or other similar roles. Proficiency in SQL and Data Modeling, understanding of data modeling concepts for data warehousing. Understanding DBT is a plus. Proficient in Tableau or similar business intelligence tools for data visualization. Strong problem-solving skills with the ability to translate business requirements into technical solutions and proactively drive projects to completion. Stakeholder management to gather requirements and share insights, and make business suggestions. Collaborative Mindset: Being a great team player comes naturally to you, and you communicate fluently in English. Proactive Attitude: Highly motivated with a can-do mindset, willing to challenge the status quo and continuously seek improvement. Additional Information Education program for online courses, conferences, and training Your life-work balance is important to us, so you have the option to work in a hybrid model. Time to relax: 30 days of vacation per year We offer discounts on well-known brands like Flaconi, Bosch, Apple, and Sky, as well as special offers on used cars for you, your family, and your friends More than 90 different nationalities make up a truly international and diverse working environment Contact Igor Popov At AUTO1 Group we live an open culture, believe in direct communication, and value diversity. We welcome every applicant; regardless of gender, ethnic origin, religion, age, sexual identity, disability, or any other non-merit factor.",de.linkedin.com/jobs/view/business-analyst-f-m-x-berlin-at-auto1-group-4284093605
Senior Analytics Engineer,Podimo,"Berlin, Berlin, Germany",LinkedIn,https://de.linkedin.com/jobs/view/senior-analytics-engineer-at-podimo-4283900493?position=11&pageNum=0&refId=xq7Is%2FI%2FjokMMO%2B0ngjIkQ%3D%3D&trackingId=98zCZBt5tujzbc6nUjt%2BDQ%3D%3D,Not specified,2025-08-13 17:06:58.153433,2025-08-12,"We are one of the fastest-growing podcast and audiobook platforms in Europe and we are now looking for an ambitious Senior Analytics Engineer to join us and take ownership of delivering scalable and reliable data solutions to support Finance operations. This is the role At Podimo, data is at the centre of nearly everything we do; guiding decisions and fueling our business processes. This is where you come into the picture! In this role, you’ll join our BI team, which is responsible for developing and maintaining our company-wide data platform. The team works across the entire organisation to enable data-driven decision-making and automation at scale. You will be collaborating with business teams, analytics engineers, and data engineers to bring scalable, reliable, and efficient data models, BI interfaces, and self-service solutions to life — all in support of Finance operations. Our team offers a casual atmosphere with excellent opportunities for growth and impact, and you will in this position get the chance to play a key part in shaping and continuously evolving how Podimo works with data and analytics. Your main responsibilities will be: Collaborating with teams across Finance and Content to understand their needs and translate them into effective data solutions Utilizing dbt, SQL, BigQuery, and Looker/LookML to model and transform data Developing and maintaining dashboards, visualizations, and self-service tools that empower stakeholders to gain insights and make data-driven decisions Taking ownership of the data pipelines and reporting that support recurring financial reporting and creator payouts Provide data modeling expertise to team members through code reviews and pairing to help deliver optimal and scalable designs Driving the adoption and effective application of data tools by educating business users on their usage Ensuring that data solutions are supported by high-quality documentation and thorough testing, fostering trust, maintainability, and auditability This is you You take pride in building and maintaining high-quality data solutions and are motivated by creating real impact through data. You are comfortable working in fast-paced environments and thrive on collaborating with colleagues from across the business. You enjoy solving problems, taking ownership, and continuously improving the systems and solutions you work with. In more detail, you will thrive in this role if you have: Some years of experience working in BI, data or analytics engineering, preferably in a fast-paced environment Strong experience with SQL, dbt, BigQuery, and data visualization tools (e.g. Looker) Strong proficiency in data modeling and a solid grasp of data warehousing principles Experience with version control tools like Git and collaborative development workflows A collaborative mindset and a passion for continuous improvement and learning Excellent written and verbal communication skills in English Previous experience supporting Finance teams and/or operations, with understanding of financial concepts (a strong plus, but not a requirement) Experience with Python and/or Airflow for scripting and workflow orchestration (a plus, but not required) Naturally, being passionate about podcasts, audio content, and entertainment is a big plus! These Are The Benefits ESOP (Employee Stock Ownership Plan) for all employees, no matter where in the world you live Learning and personal development opportunities to help you thrive and enrich your skills in a fast-paced creator economy Up to six months of fully paid parental leave for all new parents - no matter how you identify or where in the world you live Free online therapy sessions through We.Care Delicious lunch with great colleagues Free snacks, fruit, and drinks in the office Unlimited child sick days and the opportunity to work flexible hours and remotely Opportunity to make an impact at a growing international company and see your work pay off immediately This is the hiring process First things first: we ask you to submit your resume or provide a link to your LinkedIn profile. Sharing your motivation for the job is highly appreciated, but not expected. If we pick your application to continue to the interview stage, this is how we plan to run the interview process: An initial conversation with a recruiter to set expectations A conversation (including a brief case) with the hiring manager A chat with some of your potential future team members and stakeholders We might tweak the process to keep things smooth and enjoyable. We'll be conducting interviews continuously, aiming for a start date on November 1st latest. We are looking forward to hearing from you! This is us Founded in Copenhagen in 2019, Podimo is a platform for podcast and audiobook lovers as well as audio content creators. Our app puts a world of podcasts and audiobooks at your fingertips. We're a courageous and curious bunch. We recognize the value every individual brings, and respect our coworkers’ ideas, opinions, and time. We approach our work with integrity and humility, and believe that we are better together. We have zero time for sharp elbows and big egos. We’re fiercely passionate about discovering, creating, and obsessing over great stories. We support our creators deeply, and have massive respect for their process as we help them bring their most exciting ideas and stories to life. We love what we do, but more importantly, we have a good time doing it. We seek to build a company and culture that mirrors the diversity of the world we’re living in. This means; diversity of talent, voices, ideas, and thoughts. That goes both for our brand, our content, our creators, and our teams. You are welcome at Podimo for who you are, no matter where you come from, what you look like, or what stories you have playing in your headphones.",de.linkedin.com/jobs/view/senior-analytics-engineer-at-podimo-4283900493
Minijob/ Nebenjob als Nachhilfelehrer (w/m/d),Nachhilfeunterricht,"Berlin, Berlin, Germany",LinkedIn,https://de.linkedin.com/jobs/view/minijob-nebenjob-als-nachhilfelehrer-w-m-d-at-nachhilfeunterricht-4283901486?position=20&pageNum=0&refId=xq7Is%2FI%2FjokMMO%2B0ngjIkQ%3D%3D&trackingId=WF1cPU%2FlYi%2FQiPIEMPFfuQ%3D%3D,Not specified,2025-08-13 17:06:58.154536,2025-08-12,"Wir von Nachhilfepro suchen eine aufgeschlossene und motivierte Nachhilfe-/Privatlehrkraft , die unser Team verstärken möchte. Unterstütze unsere Schüler*innen dabei, ihr volles Potential in deinem Fachgebiet auszuschöpfen und verdiene dabei 15-35 € pro Stunde . Wir suchen Lehrer*innen für: Sprachen: Englisch, Deutsch als Fremdsprache, Spanisch, Französisch. Schulfächer: Mathematik, Physik, Chemie, Geschichte Informatik: Programmierung, Web-Design Sonstige Aktivitäten: Musikunterricht, Yoga, Rhetorik und unzählige weitere Fachgebiete! Anforderungsprofil: Gute Kenntnisse im zu unterrichtenden Fach/Sprache/Disziplin deiner Wahl Freude am Unterrichten Keine vorherige Lehrerfahrung erforderlich Vorteile: Attraktive Bezahlung zwischen 15 und 35 € pro Stunde Maximale Flexibilität: Arbeite online oder vor Ort und teile dir deine Zeit selbst ein Sei Teil der größten Community von Nachhilfe-/Privatlehrer*innen in Europa Um Teil unserer Nachhilfelehrer*innen zu werden, ist es nicht nötig, deinen Lebenslauf oder Leistungsnachweise einzureichen. Wir freuen uns auf dich!",de.linkedin.com/jobs/view/minijob-nebenjob-als-nachhilfelehrer-w-m-d-at-nachhilfeunterricht-4283901486
Data Engineer  (m/w/d) mit Schwerpunkt Finanzdaten,Ecologic Institut,"Berlin, Berlin, Germany",LinkedIn,https://de.linkedin.com/jobs/view/data-engineer-m-w-d-mit-schwerpunkt-finanzdaten-at-ecologic-institut-4282224611?position=22&pageNum=0&refId=xq7Is%2FI%2FjokMMO%2B0ngjIkQ%3D%3D&trackingId=cz8VnzNy4RyTBZ9WlYDUoA%3D%3D,Not specified,2025-08-13 17:06:58.154786,2025-08-13,"Das Ecologic Institut widmet sich als privates, unabhängiges Institut der Aufgabe, relevante gesellschaftspolitische Fragestellungen der Nachhaltigkeitsforschung zu bearbeiten und neue Erkenntnisse in die Umweltpolitik einzubringen. Das Ecologic Institut wurde 1995 gegründet, ist europäisch und international eng vernetzt und Teil des Ecological Research Network (Ecornet) sowie von Think Sustainable Europe. Heute arbeiten über 100 Mitarbeiter und Mitarbeiterinnen in internationalen sowie in interdisziplinären Projektteams. Zur Verstärkung unseres Teams am Standort Berlin suchen wir zum nächstmöglichen Zeitpunkt eine:n Data Engineer (m/w/d) mit Schwerpunkt Finanzdaten (Voll- oder Teilzeit) Unsere Mission ist es, durch Wissenschaft, Forschung und Politikberatung zur Gestaltung einer nachhaltigeren Welt beizutragen. Dies verwirklichen wir durch nationale und internationale Projekte für Auftraggeber wie die Europäische Kommission, verschiedene deutsche Ministerien, das Umweltbundesamt, Stiftungen und Unternehmen. Werden Sie Teil unseres engagierten Finanzteams und übernehmen Sie eine Schlüsselrolle beim Aufbau unserer zukünftigen Datenarchitektur und tragen so zum Erfolg des Institutes bei. Ihre Aufgaben: Verantwortung für den Ersatz unserer bisherigen tableaubasierten Datenbank durch den Aufbau einer neuen SQL-Datenbank oder einer vergleichbaren Lösung Konzeption, Implementierung und Pflege einer skalierbaren, sicheren und strukturierten Datenarchitektur für Finanz- und Controllingdaten Enge Zusammenarbeit mit dem Projektcontrolling, um analytische und steuerungsrelevante Anforderungen zu verstehen und in die Datenarchitektur zu übersetzen Modellierung, Transformation und Analyse komplexer Datenbestände – Fokus auf Datenqualität, Konsistenz und Nachvollziehbarkeit Entwicklung und Umsetzung aussagekräftiger Dashboards und Reports, insbesondere mit Power BI (inkl. DAX, Power Query, Power Pivot) Zusammenarbeit mit IT und anderen Schnittstellen zur Sicherstellung der technischen und inhaltlichen Datenintegrität Unsere Erwartungen: Hochschulabschluss in Wirtschaftsinformatik oder einer vergleichbaren Fachrichtung Mehrjährige Erfahrung im Aufbau und Betrieb einer SQL-Datenbank oder einer vergleichbaren Datenmanagementlösung – idealerweise eigenverantwortlich durchgeführt Sehr gute Kenntnisse in Power BI (DAX, Power Query, Power Pivot) und Excel Erfahrung im Datenmodellieren, Transformieren und Automatisieren von Datenprozessen Tableau Kenntnisse von Vorteil, aber nicht zwingend erforderlich Analytische und strukturierte Arbeitsweise, hohe Affinität für komplexe Datenzusammenhänge Kenntnisse im Controlling oder Finanzbereich sind ein Plus Sehr gute Sprachkenntnisse in Deutsch und Englisch (Wort und Schrift) Kommunikationsstärke und Teamorientierung Unser Angebot: Ein unbefristeter Arbeitsvertrag in einem internationalen, gemeinnützigen Forschungsinstitut Gestaltungsspielraum und die Möglichkeit, die gesamte Datenlandschaft des Instituts maßgeblich zu gestalten und zu prägen Kollegiale Zusammenarbeit mit einem engagierten, interdisziplinären Team Individuelle Einarbeitung, Weiterbildungsmöglichkeiten und Feedbackkultur Flexible Arbeitszeiten und die Möglichkeit zum mobilen Arbeiten Beitrag zum Gelingen eines Instituts, das sich der Umwelt- und Nachhaltigkeitsforschung verschrieben hat Interessiert? Dann bewerben Sie sich bitte online mit folgenden Unterlagen: Motivationsschreiben (Was reizt Sie besonders an der ausgeschriebenen Position und warum?) Lebenslauf Abschlusszeugnisse Arbeitszeugnisse Ihre Gehaltsvorstellung Die Bewerbungsfrist endet am 12.09.2025. Wir freuen uns auf Sie! Für Fragen steht Ihnen Frau Stange telefonisch unter 030/86880-122 oder per Email verena.stange @ecologic.eu gerne zur Verfügung. Mehr Informationen zu uns und unserer Arbeit finden Sie unter www.ecologic.eu Vielfalt an Disziplinen, Hintergründen und Erfahrungen stärkt Forschung und Gesellschaft. Wir heißen daher alle Bewerbungen willkommen. Einstellungskriterien sind allein die Stellen-anforderungen und die Qualifikation der Bewerber und Bewerberinnen. Wir bitten daher, von der Zusendung von Fotos im Rahmen der Bewerbung abzusehen",de.linkedin.com/jobs/view/data-engineer-m-w-d-mit-schwerpunkt-finanzdaten-at-ecologic-institut-4282224611
Site Growth Analyst (all genders),Distribusion Technologies,"Berlin, Berlin, Germany",LinkedIn,https://de.linkedin.com/jobs/view/site-growth-analyst-all-genders-at-distribusion-technologies-4271480798?position=32&pageNum=0&refId=xq7Is%2FI%2FjokMMO%2B0ngjIkQ%3D%3D&trackingId=qerIJ4A8XiXHrO%2F1s8lWQg%3D%3D,Not specified,2025-08-13 17:06:58.156022,2025-08-13,,de.linkedin.com/jobs/view/site-growth-analyst-all-genders-at-distribusion-technologies-4271480798
Growth Hacker in climate tech start-up,exnaton,"Berlin, Berlin, Germany",LinkedIn,https://de.linkedin.com/jobs/view/growth-hacker-in-climate-tech-start-up-at-exnaton-4282239497?position=35&pageNum=0&refId=xq7Is%2FI%2FjokMMO%2B0ngjIkQ%3D%3D&trackingId=O7uiv1X1g1qEZ4yui0qzzg%3D%3D,Not specified,2025-08-13 17:06:58.156386,2025-08-13,,de.linkedin.com/jobs/view/growth-hacker-in-climate-tech-start-up-at-exnaton-4282239497
Data Master (m/w/d),ProBioGen AG,"Berlin, Berlin, Germany",LinkedIn,https://de.linkedin.com/jobs/view/data-master-m-w-d-at-probiogen-ag-4263879229?position=37&pageNum=0&refId=xq7Is%2FI%2FjokMMO%2B0ngjIkQ%3D%3D&trackingId=4sCeiez%2BJVFfE4nXzwKl5w%3D%3D,Not specified,2025-08-13 17:06:58.156610,2025-08-13,,de.linkedin.com/jobs/view/data-master-m-w-d-at-probiogen-ag-4263879229
Data Engineer (w/m/d),TieTalent,"Berlin, Berlin, Germany",LinkedIn,https://de.linkedin.com/jobs/view/data-engineer-w-m-d-at-tietalent-4283373715?position=40&pageNum=0&refId=xq7Is%2FI%2FjokMMO%2B0ngjIkQ%3D%3D&trackingId=17yXfuj6vxfw33M23jOHlA%3D%3D,Not specified,2025-08-13 17:06:58.156953,2025-08-12,,de.linkedin.com/jobs/view/data-engineer-w-m-d-at-tietalent-4283373715
Project Controls Engineer,JAM,"Berlin, Germany",LinkedIn,https://de.linkedin.com/jobs/view/project-controls-engineer-at-jam-4273861684?position=45&pageNum=0&refId=xq7Is%2FI%2FjokMMO%2B0ngjIkQ%3D%3D&trackingId=0YsXiCFuDqKLTrSXV3NJ5w%3D%3D,Not specified,2025-08-13 17:06:58.157535,2025-08-13,,de.linkedin.com/jobs/view/project-controls-engineer-at-jam-4273861684
Senior Research Engineer,LILT AI,"Berlin, Berlin, Germany",LinkedIn,https://de.linkedin.com/jobs/view/senior-research-engineer-at-lilt-ai-4281716453?position=47&pageNum=0&refId=xq7Is%2FI%2FjokMMO%2B0ngjIkQ%3D%3D&trackingId=mTQzweRGCDc0MjFWMvnhXw%3D%3D,Not specified,2025-08-13 17:06:58.157768,2025-08-12,,de.linkedin.com/jobs/view/senior-research-engineer-at-lilt-ai-4281716453
Business Consultant - Process Automation (f/m/d),E.ON Digital Technology,"Berlin, Berlin, Germany",LinkedIn,https://de.linkedin.com/jobs/view/business-consultant-process-automation-f-m-d-at-e-on-digital-technology-4279083596?position=48&pageNum=0&refId=xq7Is%2FI%2FjokMMO%2B0ngjIkQ%3D%3D&trackingId=WPQBM9qmzA68Kamo2SBIpA%3D%3D,Not specified,2025-08-13 17:06:58.157879,2025-08-12,,de.linkedin.com/jobs/view/business-consultant-process-automation-f-m-d-at-e-on-digital-technology-4279083596
Business Analyst (w/m/d),DekaBank,"Wiesbaden, Hesse, Germany",LinkedIn,https://de.linkedin.com/jobs/view/business-analyst-w-m-d-at-dekabank-4195838964?position=8&pageNum=0&refId=bBKIcLcJmJN35gx4X8lthg%3D%3D&trackingId=OXpOHfT3qzMHcUjag35msg%3D%3D,Not specified,2025-08-13 17:07:36.250748,2025-08-13,"Wir sind der S Broker – das Wertpapiergeschäft ist unsere Leidenschaft. Engagiert und motiviert unterstützen wir unsere Kundinnen und Kunden bei der Verfolgung ihrer finanziellen Ziele. Als Online-Broker der Sparkassenfinanzgruppe und Tochtergesellschaft der DekaBank arbeiten wir in einem dynamischen Umfeld und stellen onlineaffinen Kundinnen und Kunden sowie Sparkassen einen nutzerfreundlichen Zugang zu vielfältigen Investitionsmöglichkeiten zur Verfügung. Sind Sie bereit? Gestalten wir gemeinsam die Finanzwelt der Zukunft! Was wir bieten? Ein modernes Arbeitsumfeld. Wir fördern Zusammenhalt genauso wie individuelle Entwicklungsmöglichkeiten für die persönliche Karriere. Denn alle unsere Mitarbeitenden bringen ihre Kreativität, Leidenschaft, Persönlichkeit und ihr Know-how ein – und das macht uns zu dem, was wir sind Gestalten Sie die Zukunft der IT- und Prozesslösungen – mit technischer Expertise und Teamgeist! Suchen Sie nach einer neuen und spannenden Herausforderung, bei der Sie als zentrale Schnittstelle IT- und Prozesslösungen entwickeln und aktiv zum Erfolg des Teams beitragen? Als Business Analyst (w/m/d) arbeiten Sie eng mit Anforderern und Programmierern zusammen und tragen dazu bei, die digitale Transformation durch Ihre analytischen Fähigkeiten und kommunikativen Stärken voranzutreiben. Ihre Fähigkeit, gemeinsam mehr zu erreichen , wird eine Schlüsselrolle bei der Umsetzung innovativer Lösungen spielen. Sie Erwartet Anforderungsmanagement & Konzeptentwicklung: Sie führen detaillierte Anforderungsanalysen durch und entwickeln konkrete Umsetzungskonzepte für IT- und Prozesslösungen, wobei Sie stets analytisches Denkvermögen einsetzen, um fundierte Entscheidungen zu treffen. Schnittstellenmanagement & Zusammenarbeit: Als zentrale Schnittstelle stimmen Sie sich eng mit den Anforderern und Programmierern ab, um die optimale Lösung zu erzielen, und sorgen so für eine effiziente Zusammenarbeit. Lösungsarchitektur & Prozessoptimierung: Sie analysieren und konzipieren komplexe IT- und Prozesslösungen und begleiten deren Implementierung umfassend. Ihre strukturierten Arbeitsweisen helfen dabei, alle Schritte präzise und effizient umzusetzen. Testmanagement & Qualitätssicherung: Sie erstellen Testkonzepte und unterstützen aktiv bei der Durchführung von Tests, um die Qualität der Lösungen sicherzustellen und deren Fehlerfreiheit zu garantieren. Incidentmanagement & Support: Sie stellen einen zuverlässigen 2nd- und 3rd-Level-Support bereit, um reibungslose IT-Anwendungen sicherzustellen und auf Anfragen schnell und lösungsorientiert zu reagieren. Wir Bieten Ihnen Flexibilität: Möglichkeit zum mobilen Arbeiten und flexible Arbeitszeiten für eine ausgewogene Work-Life-Balance. Weiterentwicklung: Individuelle Weiterbildungsmöglichkeiten und Zugang zu modernen Tools und Technologien. Teamkultur: Ein kollegiales Arbeitsumfeld mit flachen Hierarchien und offenen Kommunikationswegen. Sie Bringen Mit Sie haben ein abgeschlossenes Studium (z. B. Betriebswirtschaftslehre, Wirtschaftsinformatik, Mathematik oder Ingenieurwesen) oder eine vergleichbare Ausbildung. Sie bringen fundierte und nachweisbare Berufs- und Projekterfahrung in einer ähnlichen Position mit. Sie begeistern sich für den Wertpapierbereich und verfügen über fundierte Kenntnisse in diesem Bereich. Sie besitzen umfassende Kenntnisse im Softwareentwicklungsprozess, Testmanagement und in Prozess-/Beschreibungssprachen. Mit Ihren ausgezeichneten kommunikativen Fähigkeiten, Ihrem analytischen Denkvermögen und Ihrer strukturierten Arbeitsweise erarbeiten Sie bestmögliche Lösungen und fördern so die Zusammenarbeit im Team. Uns ist wichtig , dass alle die gleichen Chancen bei der Deka haben. Wir sind davon überzeugt, dass die Vielfalt unserer Mitarbeitenden und eine inklusive Unternehmenskultur Perspektiven erweitern, Innovationskraft und Kreativität fördern und dazu beitragen, die besten Lösungen für unseren Kundenkreis zu finden. Deshalb fördern wir Diversität und freuen uns über jede Bewerbung – unabhängig von Geschlecht, Nationalität, ethnischer und sozialer Herkunft, Religion oder Weltanschauung, Behinderung, Alter sowie sexueller Orientierung und Identität. Haben wir Ihr Interesse geweckt? Wir freuen uns auf Ihre Onlinebewerbung! Bei Rückfragen steht Ihnen unser Recruiting-Team unter recruiting@deka.de gerne zur Verfügung. Bitte beachten Sie, dass wir aus datenschutzrechtlichen Gründen keine Bewerbungen oder zusätzlichen Unterlagen per Mail annehmen dürfen. Vielen Dank für Ihr Verständnis.",de.linkedin.com/jobs/view/business-analyst-w-m-d-at-dekabank-4195838964
Data Engineer (m/w/d) mit Fokus auf Data Analytics,SkillTank GmbH & Co. KG,Frankfurt Rhine-Main Metropolitan Area,LinkedIn,https://de.linkedin.com/jobs/view/data-engineer-m-w-d-mit-fokus-auf-data-analytics-at-skilltank-gmbh-co-kg-4283541865?position=10&pageNum=0&refId=bBKIcLcJmJN35gx4X8lthg%3D%3D&trackingId=A7ESRY03yoook5TMpMHyGg%3D%3D,Not specified,2025-08-13 17:07:36.250987,2025-08-12,"Gestalten Sie die Datenwelt von morgen! Sie möchten in einem dynamischen Team arbeiten, das modernste Dateninfrastrukturen entwickelt, Echtzeitdaten verarbeitet und mit innovativen Analysetools Mehrwert aus komplexen Datenmengen schafft? Unser Kunde bietet Ihnen die Chance, an der Schnittstelle von Data Engineering, Analytics und Business Intelligence zu wirken – mit direktem Einfluss auf strategische Entscheidungen und operative Prozesse. Sie arbeiten in einem Umfeld, in dem Datenintegration, Streaming-Technologien und fortschrittliche Analysen zum Tagesgeschäft gehören. Ihre Aufgaben Entwicklung, Aufbau und Pflege von Datenpipelines zur Integration, Transformation und Bereitstellung großer Datenmengen Recherche, Verarbeitung und Modellierung von Daten aus verschiedensten Quellen (z. B. Geo-Daten, IoT-Daten, B2B-Unternehmensdaten) Implementierung von Echtzeit-Datenverarbeitungsprozessen (z. B. im Umfeld von Stromnetzen) Zusammenarbeit mit dem New Business Team bei der Entwicklung neuer KI-getriebener Data Solutions (z. B. Wartungsprognosen für Industriemaschinen) Aufbau automatisierter Reporting- und Analyseprozesse (inkl. Finanzkennzahlen & Business-Case-Berechnungen) Optimierung von Datenbanken, Abfragen und Dashboards für Performance und Skalierbarkeit Technologien & Tools SQL, PostgreSQL Data Streaming (Apache Kafka) GitHub Tableau / Power BI WEKA / IBM Cognos KNIME Python oder R für Data Pipelines und Machine Learning Das bringen Sie mit Fundierte Erfahrung im Datenbankdesign und in der Modellierung von Datenstrukturen Sehr gute Kenntnisse in SQL und Datenvisualisierung, wie z.B. Tableau oder ähnliches Erfahrung mit Data Pipelines und idealerweise Data Streaming (Apache Kafka) Kenntnisse in Python oder R für Datenverarbeitung und Machine Learning Erfahrung in ETL-/ELT-Prozessen und Datenintegration aus verschiedenen Quellen Know-how im Einsatz moderner KI-Technologien , z. B. Integration von Machine-Learning- oder Generative-AI-Modellen (wie GPT) in Datenverarbeitungs-Workflows, um Anomalieerkennung, Textanalyse oder automatische Datenklassifikation zu automatisieren Analytisches Denken, Kommunikationsstärke und hohe Serviceorientierung Fließende Deutschkenntnisse (C1) und idealerweise Englischkenntnisse Das bieten wir Ihnen Gestaltungsspielraum und hohe Eigenverantwortung bei der Weiterentwicklung unserer Datenarchitekturen Altersversorgung Flexible Arbeitszeiten & 2 Tage mobiles Arbeiten pro Woche 30 Tage Urlaub Moderne Büroräume und top Ausstattung Weiterbildung durch unseren eigenen „Campus“ Sehr familiäre Atmosphäre und kurze Entscheidungswege Sind Sie genau die richtige Besetzung für die ausgeschriebene Stelle? Dann melden Sie sich bei mir, Philipp Bienstock Senior Partner & Co-Founder",de.linkedin.com/jobs/view/data-engineer-m-w-d-mit-fokus-auf-data-analytics-at-skilltank-gmbh-co-kg-4283541865
Business Analyst (w/m/d) Retail-Depotplattform,DekaBank,"Frankfurt, Hesse, Germany",LinkedIn,https://de.linkedin.com/jobs/view/business-analyst-w-m-d-retail-depotplattform-at-dekabank-4269564164?position=13&pageNum=0&refId=bBKIcLcJmJN35gx4X8lthg%3D%3D&trackingId=vPNNeS%2BXbkKJCTjjeqwTbw%3D%3D,Not specified,2025-08-13 17:07:36.251341,2025-08-13,"Wir sind die DekaBank – das Wertpapierhaus der Sparkassen und einer der größten Fondsanbieter in Deutschland. Wir entwickeln erstklassige Produkte und sind nahe an unseren Kundinnen und Kunden. Mit individuellen Anlagelösungen unterstützen wir die Sparkassen bei der Beratung. Wir entwickeln neue Angebote für das digitale Wertpapiergeschäft. Sind Sie bereit? Gestalten wir gemeinsam die Finanzwelt der Zukunft! Was wir bieten? Ein modernes Arbeitsumfeld. Wir fördern Zusammenhalt genauso wie individuelle Entwicklungsmöglichkeiten für die persönliche Karriere. Denn alle unsere Mitarbeitenden bringen ihre Kreativität, Leidenschaft, Persönlichkeit und ihr Know-how ein – und das macht uns zu dem, was wir sind. Sie sind analytisch stark, kommunikationsgewandt und verstehen es, komplexe Sachverhalte auf den Punkt zu bringen? Sie wollen die digitale Transformation im Wertpapiergeschäft aktiv mitgestalten und innovative Lösungen vorantreiben? Dann sind Sie bei uns genau richtig! Sie Erwartet Strategische Analyse & Prozessoptimierung: Sie entwickeln kundenorientierte End-to-End-Lösungen, erstellen User Stories und Fachspezifikationen und begleiten die technische Umsetzung mit funktionalen Tests. Anforderungsmanagement mit Weitblick: In enger Abstimmung mit internen und externen Stakeholdern erheben und spezifizieren Sie Anforderungen unter Berücksichtigung der Wertschöpfungstiefe. Transformation & Digitalisierung: Sie bringen Ihr Fachwissen im Wertpapiergeschäft ein, um die Migration auf eine neue Plattform aktiv zu begleiten und die Abwicklung & Verwaltung von Retail-Depots effizient zu gestalten. Collaboration & Agile Working: Sie organisieren und moderieren Workshops, koordinieren Teams und bereiten Ergebnisse gezielt auf, um eine effektive Zusammenarbeit zu fördern. Sie Bringen Mit Sie haben ein Studium im MINT-Bereich, Wirtschaftswissenschaften oder eine vergleichbare Qualifikation erfolgreich abgeschlossen. Sie verfügen über fundierte Kenntnisse in der Anforderungsaufnahme & -analyse, insbesondere in agilen Frameworks. Sie haben mehrjährige Erfahrung im Wertpapierumfeld und/oder Retail-Depotgeschäft. Sie zeichnen Präsentations-, Kommunikations- und Konzeptionsfähigkeiten mit einem Gespür für Stakeholder-Management aus. Sie verfügen über eine analytische und ganzheitliche Denkweise, schnelle Auffassungsgabe sowie eine strukturierte, eigenverantwortliche und bereichsübergreifende Arbeitsweise. Uns ist wichtig , dass alle die gleichen Chancen bei der Deka haben. Wir sind davon überzeugt, dass die Vielfalt unserer Mitarbeitenden und eine inklusive Unternehmenskultur Perspektiven erweitern, Innovationskraft und Kreativität fördern und dazu beitragen, die besten Lösungen für unseren Kundenkreis zu finden. Deshalb fördern wir Diversität und freuen uns über jede Bewerbung – unabhängig von Geschlecht, Nationalität, ethnischer und sozialer Herkunft, Religion oder Weltanschauung, Behinderung, Alter sowie sexueller Orientierung und Identität. Haben wir Ihr Interesse geweckt? Wir freuen uns auf Ihre Onlinebewerbung! Bei Rückfragen steht Ihnen unser Recruiting-Team unter recruiting@deka.de gerne zur Verfügung. Bitte beachten Sie, dass wir aus datenschutzrechtlichen Gründen keine Bewerbungen oder zusätzlichen Unterlagen per Mail annehmen dürfen. Vielen Dank für Ihr Verständnis.",de.linkedin.com/jobs/view/business-analyst-w-m-d-retail-depotplattform-at-dekabank-4269564164
Interim Junior Risk Analyst (m/w/d),Michael Page,"Frankfurt am Main, Hesse, Germany",LinkedIn,https://de.linkedin.com/jobs/view/interim-junior-risk-analyst-m-w-d-at-michael-page-4281780751?position=23&pageNum=0&refId=bBKIcLcJmJN35gx4X8lthg%3D%3D&trackingId=wYgpNsbZYtHgowvRgwmNxg%3D%3D,Not specified,2025-08-13 17:07:36.252506,2025-08-13,"Unser Kunde ist eine internationale Bank ab sofort | 3+ Monate | Vollzeit | 1-2 Tage remote About Our Client Unser Kunde ist eine internationale Bank mit Sitz in Frankfurt am Main. Job Description Analyse und Beurteilung von Kreditengagements mit Schwerpunkt auf Financial Institutions Erstellung aussagekräftiger Kredit- und Entscheidungsvorlagen für interne Gremien Durchführung detaillierter Bonitätsanalysen und Erarbeitung fundierter Ratingeinschätzungen Laufende Überwachung von Risiken, Engagements und bestehenden Limitstrukturen Mitwirkung bei der Optimierung und Weiterentwicklung von Risikoprozessen sowie der eingesetzten Tools Enge Abstimmung und Zusammenarbeit mit Front Office, Compliance und Treasury The Successful Applicant erste Berufserfahrung im Kreditrisikobereich, idealerweise im Bankenumfeld Fundierte Kenntnisse in Bilanzanalyse, Ratings und regulatorischen Anforderungen (z. B. MaRisk) Ausgeprägte analytische Fähigkeiten und strukturierte Arbeitsweise Sehr gute Deutsch- und Englischkenntnisse What's on Offer Wir bieten Ihnen ein spannendes Interim Mandat im internationalen Umfeld Contact: Lea Carine Kaden Quote job ref: JN-082025-6810791",de.linkedin.com/jobs/view/interim-junior-risk-analyst-m-w-d-at-michael-page-4281780751
Minijob/ Nebenjob als Nachhilfelehrer (w/m/d),Nachhilfeunterricht,"Frankfurt, Hesse, Germany",LinkedIn,https://de.linkedin.com/jobs/view/minijob-nebenjob-als-nachhilfelehrer-w-m-d-at-nachhilfeunterricht-4283905294?position=24&pageNum=0&refId=bBKIcLcJmJN35gx4X8lthg%3D%3D&trackingId=1Q6d47bHHg5lQYziUzpN5w%3D%3D,Not specified,2025-08-13 17:07:36.252622,2025-08-12,,de.linkedin.com/jobs/view/minijob-nebenjob-als-nachhilfelehrer-w-m-d-at-nachhilfeunterricht-4283905294
Business Consultant - Process Automation (f/m/d),E.ON Digital Technology,"Frankfurt am Main, Hesse, Germany",LinkedIn,https://de.linkedin.com/jobs/view/business-consultant-process-automation-f-m-d-at-e-on-digital-technology-4279084495?position=29&pageNum=0&refId=bBKIcLcJmJN35gx4X8lthg%3D%3D&trackingId=bS6EWcGyQWkIGB02KP3pnQ%3D%3D,Not specified,2025-08-13 17:07:36.253203,2025-08-12,,de.linkedin.com/jobs/view/business-consultant-process-automation-f-m-d-at-e-on-digital-technology-4279084495
R&D Engineer,Vibrantz Technologies Inc.,"Frankfurt, Hesse, Germany",LinkedIn,https://de.linkedin.com/jobs/view/r-d-engineer-at-vibrantz-technologies-inc-4284425938?position=30&pageNum=0&refId=bBKIcLcJmJN35gx4X8lthg%3D%3D&trackingId=HHMnJ1cCxaO9NunHA7l7Gg%3D%3D,Not specified,2025-08-13 17:07:36.253320,2025-08-13,,de.linkedin.com/jobs/view/r-d-engineer-at-vibrantz-technologies-inc-4284425938
Vier Software- & Data-Engineers (m/w/d),TieTalent,"Frankfurt am Main, Hesse, Germany",LinkedIn,https://de.linkedin.com/jobs/view/vier-software-data-engineers-m-w-d-at-tietalent-4283866551?position=34&pageNum=0&refId=bBKIcLcJmJN35gx4X8lthg%3D%3D&trackingId=aTesf30iik7EWFhR9zZ7yQ%3D%3D,Not specified,2025-08-13 17:07:36.253787,2025-08-13,,de.linkedin.com/jobs/view/vier-software-data-engineers-m-w-d-at-tietalent-4283866551
Cyber Incident Handling Analyst,SOSi,"Wiesbaden, Hesse, Germany",LinkedIn,https://de.linkedin.com/jobs/view/cyber-incident-handling-analyst-at-sosi-4283998517?position=41&pageNum=0&refId=bBKIcLcJmJN35gx4X8lthg%3D%3D&trackingId=0Py4TuhxTCW1mB%2B0dwUt2A%3D%3D,Not specified,2025-08-13 17:07:36.254596,2025-08-13,,de.linkedin.com/jobs/view/cyber-incident-handling-analyst-at-sosi-4283998517
Senior Strategy Consultant mit Schwerpunkt Data & AI (all genders),msg for automotive,"Frankfurt am Main, Hesse, Germany",LinkedIn,https://de.linkedin.com/jobs/view/senior-strategy-consultant-mit-schwerpunkt-data-ai-all-genders-at-msg-for-automotive-4223601416?position=46&pageNum=0&refId=bBKIcLcJmJN35gx4X8lthg%3D%3D&trackingId=MM1UBkFni5v%2FocZuLJQuaQ%3D%3D,Not specified,2025-08-13 17:07:36.255175,2025-08-12,,de.linkedin.com/jobs/view/senior-strategy-consultant-mit-schwerpunkt-data-ai-all-genders-at-msg-for-automotive-4223601416
Senior Consultant Data & GenAI / M&A Analytics (m/f/x),Deloitte,"Frankfurt, Hesse, Germany",LinkedIn,https://de.linkedin.com/jobs/view/senior-consultant-data-genai-m-a-analytics-m-f-x-at-deloitte-4283991040?position=47&pageNum=0&refId=bBKIcLcJmJN35gx4X8lthg%3D%3D&trackingId=yyfKUn6t4I6Qo38at59gNw%3D%3D,Not specified,2025-08-13 17:07:36.255285,2025-08-12,,de.linkedin.com/jobs/view/senior-consultant-data-genai-m-a-analytics-m-f-x-at-deloitte-4283991040
Senior Specialist Performance Analysis & Control (m/w/d),Kia Deutschland GmbH,"Frankfurt, Hesse, Germany",LinkedIn,https://de.linkedin.com/jobs/view/senior-specialist-performance-analysis-control-m-w-d-at-kia-deutschland-gmbh-4284136476?position=56&pageNum=0&refId=bBKIcLcJmJN35gx4X8lthg%3D%3D&trackingId=%2B8pGcNAJ38RP62h87NeM5Q%3D%3D,Not specified,2025-08-13 17:07:36.256275,2025-08-13,,de.linkedin.com/jobs/view/senior-specialist-performance-analysis-control-m-w-d-at-kia-deutschland-gmbh-4284136476
Lehrkraft Hauptschulabschluss,Berufsbildungswerk Südhessen gGmbH,"Karben, Hesse, Germany",LinkedIn,https://de.linkedin.com/jobs/view/lehrkraft-hauptschulabschluss-at-berufsbildungswerk-s%C3%BCdhessen-ggmbh-4282228376?position=57&pageNum=0&refId=bBKIcLcJmJN35gx4X8lthg%3D%3D&trackingId=o05gSWWhM7GscSz5p0vsFw%3D%3D,Not specified,2025-08-13 17:07:36.256385,2025-08-13,,de.linkedin.com/jobs/view/lehrkraft-hauptschulabschluss-at-berufsbildungswerk-s%C3%BCdhessen-ggmbh-4282228376
Project Specialist (m/f/d) FM Approvals,FM,"Frankfurt am Main, Hesse, Germany",LinkedIn,https://de.linkedin.com/jobs/view/project-specialist-m-f-d-fm-approvals-at-fm-4274107703?position=59&pageNum=0&refId=bBKIcLcJmJN35gx4X8lthg%3D%3D&trackingId=cFhbVv0psII75OmBKo5MHA%3D%3D,Not specified,2025-08-13 17:07:36.256609,2025-08-13,,de.linkedin.com/jobs/view/project-specialist-m-f-d-fm-approvals-at-fm-4274107703
Retail Budget Specialist(A101974),Xiaomi Technology,"Düsseldorf, North Rhine-Westphalia, Germany",LinkedIn,https://de.linkedin.com/jobs/view/retail-budget-specialist-a101974-at-xiaomi-technology-4260925279?position=6&pageNum=0&refId=A5pcLfQZ8Nk%2Fs8dDn8yv7A%3D%3D&trackingId=6FeA5Ucxe%2FqvMCqnJUvfMA%3D%3D,Not specified,2025-08-13 17:08:14.547425,2025-08-13,"Responsibilities： -Oversee national retail budgeting to ensure alignment with company targets and key performance indicators (KPIs) within allocated resources； -Coordinate cross-functionally with Sales, Finance, and Go-to-Market (GTM) teams to allocate retail activity budgets for each Key Account (KA)； Manage internal budget applications for all retail activities, maintaining effective communication with regional offices and HQ on related matters； -Monitor and control budget spending related to procurement and retail agencies, ensuring accuracy and compliance； -Conduct data analysis to evaluate budget performance, providing insights and recommendations to support retail operations； -Operate relevant systems/tools for budget process management and data tracking； -Collaborate with cross-functional teams across HQ, regional, and local offices to ensure consistent execution of financial strategies； -Perform other tasks as assigned by the retail operations team. Requirements： -Bachelor’s degree or above in Finance, Economics, Business, or related fields is preferred； -Minimum 2 years of experience in the consumer electronics industry or finance-related roles； -Strong analytical and data management skills; proficiency in Microsoft Excel is essential； -Fluent in English and Chinese (written & verbal) for international team communication; German language skills are a plus； -Detail-oriented, results-driven, and capable of handling multiple tasks simultaneously； -Excellent teamwork and cross-departmental communication skills； -Ability to work under pressure with a proactive, fast-learning mindset.",de.linkedin.com/jobs/view/retail-budget-specialist-a101974-at-xiaomi-technology-4260925279
Analyst – Innovation and Technology (m/w/d),McKinsey & Company,"Düsseldorf, North Rhine-Westphalia, Germany",LinkedIn,https://de.linkedin.com/jobs/view/analyst-%E2%80%93-innovation-and-technology-m-w-d-at-mckinsey-company-4200826762?position=8&pageNum=0&refId=A5pcLfQZ8Nk%2Fs8dDn8yv7A%3D%3D&trackingId=dJREWrKyIFVBD7fDPnYsKg%3D%3D,Not specified,2025-08-13 17:08:14.547652,2025-08-13,"Who You'll Work With Nachhaltige Veränderung zu bewirken und langfristige Fähigkeiten bei unseren Klienten aufzubauen, ist keine einfache Aufgabe. Du fühlst dich in einem Umfeld wohl, das Leistung fordert und anerkennt. Du nimmst anspruchsvolle Herausforderungen an, lernst, wenn du stolperst und hast das Durchhaltevermögen, um neue Weg zu gehen. Von uns kannst du erwarten, dass wir deine Zielstrebigkeit und deine Neugier bestmöglich unterstützen, indem wir dir die Ressourcen, das Mentoring und die Chancen bieten, die es braucht, damit du dich weiterentwickeln und Verantwortung übernehmen kannst. Und zwar schneller als du es je für möglich gehalten hast. Deine Kolleg:innen - auf allen Ebenen - unterstützen dich nicht nur bei der Erarbeitung hervorragender Ergebnisse für unsere Klienten, sondern auch bei deiner persönlichen Entwicklung. Tag für Tag erhältst du Unterstützung, Coaching und wertvolle Erfahrungen, die dein Wachstum fördern. Was dich bei uns erwartet: Kontinuierliches Lernen: Bei McKinsey erwarten dich viele strukturierte Programme, die dir dabei helfen, dich in allen für dich relevanten Bereichen weiterzuentwickeln. Freu dich auf ein Umfeld, in dem das Feedback klar, umsetzbar und auf deine Entwicklung ausgerichtet ist und in dem du schnell, viel lernst. Deine Stimme zählt: Vom ersten Tag an legen wir Wert auf deine Ideen und Beiträge. Mit deinen innovativen Ideen und praktischen Lösungen hast du einen spürbaren Einfluss. Wir fördern unterschiedliche Perspektiven, denn sie sind entscheidend, um die bestmöglichen Ergebnisse zu erzielen. Globale Gemeinschaft: Mit Kolleg:innen aus über 65 Ländern und mehr als 100 verschiedenen Nationalitäten fördert die Vielfalt unsere Kreativität und hilft uns, die besten Lösungen für unsere Klienten zu finden. Außerdem hast du die Möglichkeit, von außergewöhnlichen Kolleg:innen mit unterschiedlichen Hintergründen und Erfahrungen zu lernen. Attraktive Benefits: Zusätzlich zu einem wettbewerbsfähigen Gehalt (basierend auf deiner Einstiegsposition) bieten wir ein attraktives Leistungspaket, das zum Beispiel umfassende medizinische Leistungen für dich, dein:e Partner:in und Kinder umfasst. Your Impact Als Innovations- und Technologie-Analyst:in verstehst du neue Technologien, entwickelst innovative Strategien und implementierst agile Arbeitsweisen gemeinsam mit unseren Beratungsteams weltweit. Du begleitest beispielsweise Innovationstransformationen unserer Klienten, indem du Innovationsfähigkeiten evaluierst, zentrale Innovationsaktivitäten identifizierst und die Organisation bei deren Umsetzung begleitest. Du entwirfst eine Perspektive auf den Stand der Digitalisierung in Deutschland, analysierst aktuelle und zukünftige Anwendungsfälle für Künstliche Intelligenz und leitest daraus konkrete Handlungsempfehlungen ab. In anderen Fällen führst du Trend- und Patentanalysen durch, um neue Wachstumsfelder zu identifizieren. Ebenso unterstützt du dabei, Innovationslabore aufzubauen und förderst dadurch agile Arbeitsweisen sowie langfristige Veränderungen. Unser vielfältiges Themenspektrum ermöglicht es dir zudem, dich auch in angrenzende Wissensgebiete einzuarbeiten. Du bist Mitglied unseres Capabilities & Insights Team im Düsseldorfer Büro von McKinsey, arbeitest eng mit deinen Teamkolleg:innen zusammen und stehst im Austausch mit unserem globalen Client Capabilities Network, über das du Zugang zu weiteren Expert:innen in allen relevanten Fachgebieten hast. Wir arbeiten mit Klienten aus dem privaten, öffentlichen und sozialen Sektor zusammen, um komplexe Probleme zu lösen und positive Veränderungen für alle Beteiligten zu schaffen. Wir kombinieren mutige Strategien und transformative Technologien, um Unternehmen dabei zu helfen, Innovationen nachhaltiger zu gestalten, dauerhafte Leistungssteigerungen zu erzielen und Belegschaften aufzubauen, die heute und zukünftig erfolgreich sind. Benötigte Bewerbungsunterlagen: Lebenslauf, Anschreiben (optional), alle relevanten akademischen und Arbeitszeugnisse, beginnend mit dem Abiturzeugnis. Your Qualifications and Skills Dein Studium der Wirtschaftswissenschaften, Wirtschaftsinformatik, des Wirtschaftsingenieurwesens oder verwandter Fächer mit wirtschaftswissenschaftlichem Bezug hast du mit sehr gutem Erfolg absolviert, gerne auch im Ausland. Du konntest bereits erste Berufserfahrung sammeln, z.B. im Rahmen von Praktika in privatwirtschaftlichen Unternehmen aus unterschiedlichen Branchen oder Forschungsinstituten. Praktische Erfahrung in der Datenanalyse, KI-Anwendungen und im Projektmanagement sind von Vorteil. Du verfügst über profunde Kenntnisse zu wirtschaftlichen Zusammenhängen und erste Erfahrungen in Themen wie Innovationsmanagement, agilem Arbeiten oder technologischer Transformation mit Schwerpunkt auf Deutschland und Europa. Du hast ausgezeichnete analytische Fähigkeiten, gleichzeitig konzeptionelle Stärken zur Problemlösung und hast Spaß, an komplexen Fragestellungen zu arbeiten. Du zeichnest dich durch Einsatzbereitschaft, Zielstrebigkeit, Initiative und Kreativität aus. Du arbeitest gerne im Team, bist kontaktfreudig und überzeugst durch sicheres Auftreten. Sehr gute Deutsch- und Englischkenntnisse sowie ein routinierter Umgang mit MS Office runden dein Profil ab.",de.linkedin.com/jobs/view/analyst-%E2%80%93-innovation-and-technology-m-w-d-at-mckinsey-company-4200826762
Senior Business Analyst (m/w/d),HSBC,"Düsseldorf, North Rhine-Westphalia, Germany",LinkedIn,https://de.linkedin.com/jobs/view/senior-business-analyst-m-w-d-at-hsbc-4267757138?position=12&pageNum=0&refId=A5pcLfQZ8Nk%2Fs8dDn8yv7A%3D%3D&trackingId=u0g8ppaz7ytOO8AwiOjMGQ%3D%3D,Not specified,2025-08-13 17:08:14.548116,2025-08-13,"HSBC Deutschland ist Teil der HSBC-Gruppe, einer der führenden Geschäftsbanken der Welt. Bei HSBC ist es unser Ziel, eine Welt voller Möglichkeiten zu eröffnen. Wenn Sie ein Teil unseres Teams werden, können Sie gleichzeitig Teil von etwas Größerem sein. Dabei werden Diversity & Inclusion großgeschrieben, denn HSBC vernetzt Sie mit Kolleginnen und Kollegen aus der ganzen Welt und ermöglicht es Ihnen, Ihre Zukunft aktiv mitzugestalten. Wir suchen Menschen mit Persönlichkeit! Charaktere, die für unsere gemeinsamen Ziele einstehen und sich füreinander stark machen, während sie gleichzeitig überzeugende Lösungen für unsere Kundschaft finden. Wenn Sie bei Ihrem nächsten Arbeitgeber also scheinbar Unvereinbares miteinander vereinen möchten, heißen wir Sie bei HSBC herzlich willkommen. Hier in Düsseldorf helfen Sie als Senior Business Analyst (m/w/d) , das Geschäft der Internationale Kapitalanlagegesellschaft mbH (INKA) weiterzuentwickeln und auszubauen . Unsere Tochtergesellschaft, die Internationale Kapitalanlagegesellschaft mbH (INKA), gehört zu den führenden Anbietern in der Administration von Wertpapierspezialfonds. Die INKA bündelt Dienstleistungen im Middle- und Back-Office des Fondsgeschäftes und setzt mit der Qualität ihrer Dienstleistung in den Bereichen Buchhaltung, Reporting und Risiko-Controlling neue Maßstäbe. Sind Sie serviceorientiert und arbeiten gewissenhaft? Haben Sie ein ausgeprägtes analytisches Denkvermögen und lieben Sie es, Herausforderungen gemeinsam anzupacken? Wenn Sie eine dieser Fragen mit Ja beantwortet haben, möchten wir von Ihnen hören! Ihre Verantwortlichkeiten Analyse, Optimierung und Neugestaltung von Geschäftsprozessen mit dem Ziel, Automatisierung und Effizienz spürbar zu steigern Eigenständige Leitung und Umsetzung von Projekten – von der Anforderungsaufnahme bis zum erfolgreichen Go-live Konzeption und Testing von Systemanpassungen und neuen Releases in enger Abstimmung mit IT und Fachbereichen Analyse regulatorischer sowie interner Anforderung (z.B. KAGB, EMIR, MiFID) und deren Umsetzung in praxistauglicher, nachhaltige Lösungen Aktive Mitwirkung an strategischen Initiativen und Raum für eigene Ideen zur Optimierung der Prozesse u.a. im Portfoliomanagement, Handel und Liquiditäts-Management Reportingverantwortung – von der Abstimmung über die technische Umsetzung bis hin zur Automatisierung Datengestützte Analysen als Basis für fundierte Entscheidungen im Rahmen regulatorischer und fachlicher Fragestellungen Einsatz von Analyse- und Automatisierungstools wie SQL, Excel (inkl. VBA) und idealerweise Python zur Datenverarbeitung, Visualisierung und Prozessoptimierung: Fachliche Betreuung und Weiterentwicklung des Fund Advisory Management-Frontends zur Übermittlung von Anlageideen, z.B. Usability-Optimierung, Schnittstellenpflege Ihr Profil Ein erfolgreich abgeschlossenes Hochschul- oder Fachhochschulstudium der Wirtschaftswissenschaften, Wirtschaftsinformatik, Mathematik oder vergleichbarer Studiengänge Mehrjährige Berufserfahrung in der Finanzbranche oder verwandten Bereichen Fundierte Kenntnisse über regulatorische und gesetzliche Anforderungen (KAGB, EMIR, MiFID, DerivateV, KaMaRisk, etc.) für Kapitalverwaltungsgesellschaften und das Portfoliomanagement bzw. die Bereitschaft, sich in die entsprechenden Themen einzuarbeiten Ein hohes Risikobewusstsein und praktische Erfahrungen in der Kontrolle sowie in der Optimierung von Geschäftsprozessen Sehr gute analytische Fähigkeiten, ein ausgeprägtes Zahlenverständnis und sehr gutes konzeptionelles und prozessuales Denken Ein hohes Maß an Kommunikationsstärke gegenüber externen und internen Ansprechpartnern*, die es Ihnen ermöglicht, komplexe Sachverhalte für andere verständlich aufzubereiten und darzustellen Sehr gute deutsche und englische Sprachkenntnisse Auch wenn Sie der Meinung sind, dass Sie nicht 100% der Anforderungen erfüllen, ermutigen wir Sie sich zu bewerben, wenn Sie glauben, dass diese Stelle die richtige für Sie ist. Unsere Benefits HSBC ist nicht nur ein großartiger Arbeitgeber, wir bieten auch die folgenden einzigartigen und spannenden Möglichkeiten und Vorteile: Work-life balance: Wir bieten flexible Arbeitsmodelle wie Gleitzeit, Homeoffice und Teilzeitmöglichkeiten. Familienfreundlichkeit: Familie und Beruf lassen sich nur schwer vereinbaren? Nicht bei uns! Wir bieten unter anderem umfassende Betreuungsmöglichkeiten für Ihre Kinder in unseren Betriebskindergärten. Persönliche Entwicklung: Bei HSBC stehen wir nie still. Dank HSBC My Career und HSBC University bieten wir Ihnen die Möglichkeit, sich kontinuierlich weiterzuentwickeln und Zukunftskompetenzen zu erwerben. Dazu gehören hilfreiche Tools zur individuellen Karriereplanung. Vergünstigungen und finanzielle Sicherheit: Ob Firmenticket, Firmenfahrrad, Kantinenzuschuss, IT-Leasing oder Rabatte aus unserem Corporate Benefits-Programm – sparen Sie bares Geld! Mitarbeiterinnen und Mitarbeiter erhalten eine betriebliche Altersvorsorge und eine Unfallversicherung. Sie haben Anspruch auf 30 Tage Urlaub sowie zusätzliche Feiertage (Heiligabend und Silvester). Gesundheit: Wir bieten Ihnen ein umfassendes Angebot rund um Ihre Gesundheit, wie etwa medizinische Check-ups, Sabbaticals, ein Lebensarbeitszeitkonto, einen Familienservice, gemeinsame Sportgruppen oder Mindfulness-Sessions. Treffen Sie Ihre Wahl! Internationalität : Sie haben die Möglichkeit, international zu arbeiten und das rund um den Globus. Sie könnten beispielsweise Ihre HSBC Karriere in Deutschland starten und sich im Laufe der Zeit in eine internationale Rolle entwickeln. Networking: Sie können unseren Employee Resource Groups beitreten, die Kolleginnen und Kollegen mit gemeinsamen Merkmalen und Interessen zusammenbringen. HSBC wurde in Europa durch das Top Employers Institute als „Top Employer 2024“ zertifiziert sowie HSBC Deutschland von LinkedIn als Top Employer 2024 in der Finanzbranche. Durch diese Auszeichnungen wurden unsere Standorte europaweit als ausgezeichnete Arbeitsplätze gewürdigt. Bei HSBC Deutschland möchten wir, dass sich alle Menschen zugehörig fühlen und fair behandelt werden, um ein positives, integratives und vielfältiges Arbeitsumfeld zu schaffen. Wir begrüßen Bewerbungen von allen Menschen unabhängig von Geschlecht, Alter, Nationalität, Familiensituation, Religion, Behinderung, sexueller Orientierung oder ethnischer und sozialer Herkunft – Ihre Meinung wird gehört und berücksichtigt. We value difference! Sollten sich während des Rekrutierungsprozesses Fragen ergeben oder Sie Unterstützung benötigen, sprechen Sie uns an. Wir helfen gerne. Von der Bank gespeicherte personenbezogene Daten im Zusammenhang mit Bewerbungen werden gemäß unserer Datenschutzerklärung verwendet, die auf unserer Website verfügbar ist. Weitere Informationen zum Aufbau Ihrer Karriere bei HSBC finden Sie unter : www.hsbc.com/careers *Zur besseren Lesbarkeit und Verständlichkeit verwenden wir geschlechtsspezifische Begriffe. Wo immer möglich, streben wir eine geschlechtsneutrale Formulierung an. Bitte beachten Sie, dass alle Bezeichnungen geschlechtsneutral zu verstehen sind und alle Geschlechter gleichermaßen einschließen.",de.linkedin.com/jobs/view/senior-business-analyst-m-w-d-at-hsbc-4267757138
Junior-Portfoliomanager (w/m/d) Private Equity / Private Debt,KZVK,"Cologne, North Rhine-Westphalia, Germany",LinkedIn,https://de.linkedin.com/jobs/view/junior-portfoliomanager-w-m-d-private-equity-private-debt-at-kzvk-4284129963?position=13&pageNum=0&refId=A5pcLfQZ8Nk%2Fs8dDn8yv7A%3D%3D&trackingId=EYtJOWO4HwFxXl5k5sOEFw%3D%3D,Not specified,2025-08-13 17:08:14.548233,2025-08-13,"Der Kern der KZVK ist leicht zu beschreiben: Als gemeinwohlorientiertes Unternehmen arbeiten wir jeden Tag daran, das Leben unserer Versicherten, Rentnerinnen und Rentner im Alter durch eine betriebliche Altersversorgung zu verbessern. Das gelingt unserem Team aus 325 Mitarbeitenden durch kaufmännisch kluge Investments – mit einem Kapitalanlagevolumen von 26,6 Mrd. € – und mit Fokus auf eine nachhaltige Perspektive und langfristige Sicherheit. Diesen Anspruch, ein gutes Leben zu ermöglichen, leben wir auch im Inneren. Unser Engagement ist sinnstiftend und menschenzentriert – dazu haben wir uns ein Arbeitsumfeld geschaffen, das allen Mitarbeitenden Handlungsspielräume gibt und die eigene Zufriedenheit stärkt. Die Wertschätzung und Anerkennung der Leistungen unserer Mitarbeiterinnen und Mitarbeiter sind für uns selbstverständlich und wir unterstützen sowohl die persönliche und fachliche Weiterentwicklung als auch die Vereinbarkeit von Familie und Beruf. Sowohl flexible Arbeitszeitmodelle als auch unsere Homeoffice-Modelle tragen dazu bei, dass 95 % unserer Belegschaft unsere Work-Life-Balance als sehr gut bezeichnen. Diese Mischung aus Zusammenhalt im Team, klar erlebten Werten und der Möglichkeit, sich innerhalb dieses Rahmens kreativ entfalten zu können, macht das Arbeiten bei uns so besonders. Gestalte Deine und unsere Zukunft und unterstütze uns als Junior-Portfoliomanager (w/m/d) Private Equity / Private Debt . Köln – unbefristet – Vollzeit Deine Verantwortung Mit Deiner Expertise gestaltest Du das Private-Markets-Portfolio in den Bereichen Private Equity und Private Debt aktiv mit. Neue Zielfonds-Investments prüfst Du auf Basis eines strukturierten und professionellen Investitionsprozesses im Rahmen fundierter Due-Diligence-Prüfungen – stets mit Nähe zum Markt. Verantwortung übernimmst Du auch in bestehenden Investments: durch die aktive Begleitung von GPs, die Wahrnehmung von Beiratsmandaten und eine vorausschauende Steuerung der Beteiligungen. Du bringst Dich engagiert in strategische Entscheidungen ein und unterstützt die nachhaltige Weiterentwicklung der Portfolios. Überzeugend im Netzwerken, knüpfst Du mit Leichtigkeit wertvolle Kontakte zu Intermediären, GPs und weiteren relevanten Akteuren – und weißt diese gezielt zu nutzen. Offenheit für neue Anlageideen zeichnet Dich ebenso aus wie der Wille, mit ungewöhnlichen Perspektiven und Impulsen die Weiterentwicklung des Portfolios voranzutreiben. Dein Profil Als Junior-Portfoliomanager (w/m/d) hast Du idealerweise ein wirtschaftswissenschaftliches Studium mit Schwerpunkt Finanzen erfolgreich abgeschlossen oder bringst vergleichbare Kenntnisse aus einer anderen Studienrichtung mit. Erste Berufserfahrung im Bereich Private Markets, etwa bei einem GP, einem Asset-Manager oder einem institutionellen Investor – konntest Du idealerweise bereits sammeln. Du verstehst es, Risiko-Rendite-Profile fundiert zu beurteilen, stellst Informationen kritisch infrage und bringst ein gutes Gespür für attraktive Investmentchancen mit. Ein sicherer und praxiserprobter Umgang mit dem MS-Office-Paket wird ebenso vorausgesetzt wie sehr gute Englischkenntnisse in Wort und Schrift. Auch Deine Teamfähigkeit ist für uns ein wesentlicher Erfolgsfaktor. Du überzeugst durch eine kommunikative Persönlichkeit, hohe Motivation und verbindest unternehmerisches Denken mit Zuverlässigkeit – ergänzt um die nötige Neugier, Dinge weiterzudenken und aktiv zu gestalten. Du hast Interesse, Dich berufsbegleitend über einen CFA, CAIA oder Ähnlichem weiterzubilden oder hast diese bereits abgeschlossen. Diese Vorteile erwarten Dich Flexible Arbeitszeiten, Arbeitszeiterfassung sowie die Möglichkeit zum mobilen Arbeiten und Gleitzeit – Du gestaltest Deinen Arbeitstag. Eine gute Work-Life-Balance: Neben der Unterstützung durch externe Institute für Familienservice und Beratung in schwierigen Lebenssituationen, erhältst Du von uns über Karneval 3 Tage geschenkt – insgesamt warten 39 freie Tage im Jahr auf Dich. Ein wertschätzendes Arbeitsumfeld, eine gezielte Einarbeitung sowie zahlreiche Möglichkeiten für Deine fachliche und persönliche Entwicklung – all das zeichnet uns aus! Altersvorsorge: Für die eigene Zukunft vorsorgen – die KZVK bietet Dir verschiedene Formen der Altersvorsorge. Sei es die Betriebsrente GrundWert oder die freiwillige Zusatzrente MehrWert. Wir sind ein Team: Eine offene Unternehmenskultur und gegenseitige Unterstützung fördern wir. Auch mit Teamevents außerhalb des Büros (Betriebsfest / Sportevents). Wir bieten Dir einen sicheren Arbeitsplatz im Herzen von Köln, fünf Gehminuten vom Kölner Hauptbahnhof entfernt. Werde Teil unserer Kultur, entdecke jeden Tag Neues und lerne eine Arbeitswelt kennen, in der noch mehr Mitarbeitervorteile warten! Kontakt Werde Teil unseres Teams – bewirb Dich jetzt! Wir freuen uns auf Deine Online-Bewerbung (Anschreiben, Lebenslauf, relevante Zeugnisse) unter Angabe Deiner Gehaltsvorstellung und des frühestmöglichen Eintrittstermins. Für telefonische Vorabinformationen steht Dir unsere Personalreferentin Carmen zur Verfügung. Carmen Wagner – Personalreferentin Telefon +49 221 2031-168 LinkedIn-Profil",de.linkedin.com/jobs/view/junior-portfoliomanager-w-m-d-private-equity-private-debt-at-kzvk-4284129963
Senior Data Engineer,PALTRON,"Solingen, North Rhine-Westphalia, Germany",LinkedIn,https://de.linkedin.com/jobs/view/senior-data-engineer-at-paltron-4282203334?position=15&pageNum=0&refId=A5pcLfQZ8Nk%2Fs8dDn8yv7A%3D%3D&trackingId=e24shcxpLewO0TcEczHIbg%3D%3D,Not specified,2025-08-13 17:08:14.548467,2025-08-13,"Gemeinsam mit unserem Partner ZWILLING , einer weltweit führenden Marke für hochwertige Produkte rund ums Kochen, Lifestyle und Wellness, suchen wir aktuell einen Senior Data Engineer (m/w/d) am Standort Solingen . Mit über 290 Jahren Unternehmensgeschichte steht ZWILLING für eine gelungene Verbindung aus Tradition und Innovation – und gestaltet heute aktiv die digitale Transformation innerhalb der Unternehmensgruppe. In dieser Position gestaltest du als Senior Data Engineer (m/w/d) den Auf- und Ausbau der cloudbasierten Datenplattformen unseres Partners maßgeblich mit. Du arbeitest in einem modernen technologischen Umfeld eng mit verschiedenen Stakeholdern zusammen, um skalierbare Datenprodukte mit echtem Mehrwert zu entwickeln. Aufgaben Du verantwortest unsere End-to-End-Datenpipelines – von der Aufnahme in Azure Data Factory, über die Modellierung mit dbt, bis zur Bereitstellung in Snowflake Du entwickelst und pflegst unser Data Vault-Modell inklusive komplexer Delta-Logiken aus Quellsystemen wie SAP, Salesforce und Produktionssystemen Du stellst eine hohe Datenqualität sicher durch automatisierte Tests, Monitoring und Alerting Du arbeitest eng mit Product Ownern und Data Analysts zusammen, um datenbasierte Use-Cases effizient umzusetzen Du dokumentierst deine Arbeit in Confluence, verwaltest Aufgaben in Jira und achtest auf sauberen, wartbaren Code Profil Du bringst ein abgeschlossenes Studium im Bereich (Wirtschafts-)Informatik, Mathematik oder eine vergleichbare Qualifikation mit Du hast mindestens 3–4 Jahre Berufserfahrung im Data Engineering, inkl. mindestens 1 Jahr in einer Cloud-Umgebung, vorzugsweise mit Azure Du verfügst über fundierte Kenntnisse in SQL, dbt, Data Vault sowie Erfahrung mit Tools wie Snowflake, Git und idealerweise Airflow Du arbeitest analytisch, strukturiert und qualitätsbewusst – Clean Code, Tests und Wiederverwendbarkeit sind für dich selbstverständlich Du kommunizierst sicher in Deutsch (C1) und Englisch (B2) und bist bereit, regelmäßig vor Ort in Solingen zu arbeiten Benefits Eine moderne Cloud-Umgebung mit Tools wie Azure, Snowflake, dbt, Git und weiteren State-of-the-Art-Technologien Flexible Arbeitszeiten dank Gleitzeitmodell sowie mobiles Arbeiten möglich Ein sicheres, unbefristetes Arbeitsverhältnis in einem international erfolgreichen Unternehmen mit Innovationsgeist Zahlreiche Zusatzleistungen: Betriebskindergarten, Betriebsrestaurant, Fahrrad-Leasing, Parkplätze Exklusive Mitarbeitendenrabatte auf ZWILLING-Produkte für dich und dein Zuhause Klingt spannend? Dann bewirb dich gerne oder schreib mir eine Nachricht. Durch die direkte Zusammenarbeit mit den Entscheidungsträgern garantieren wir Dir einen schnellen, transparenten und maßgeschneiderten Prozess. Wir freuen uns darauf, dich kennenzulernen!",de.linkedin.com/jobs/view/senior-data-engineer-at-paltron-4282203334
Bioinformatiker,Stiftung für Pathobiochemie und Molekulare Diagnostik - Referenzinstitut für Bioanalytik,"Cologne, North Rhine-Westphalia, Germany",LinkedIn,https://de.linkedin.com/jobs/view/bioinformatiker-at-stiftung-f%C3%BCr-pathobiochemie-und-molekulare-diagnostik-referenzinstitut-f%C3%BCr-bioanalytik-4284072186?position=16&pageNum=0&refId=A5pcLfQZ8Nk%2Fs8dDn8yv7A%3D%3D&trackingId=p%2Fw%2BeZhp%2FVn2T0O5DmBz3A%3D%3D,Not specified,2025-08-13 17:08:14.548583,2025-08-13,"Wir suchen zum nächstmöglichen Zeitpunkt für ein zeitlich befristetes Projekt einen Bioinformatiker (m/w/d) mit ausgewiesener Expertise im Bereich Next Generation Sequencing (NGS) in Vollzeit. Du hast Lust, Teil eines führenden Ringversuchsanbieters auf dem nationalen und internationalen Markt zu werden? Du möchtest in einem herzlichen Team und einer flachen Hierarchie arbeiten? Dein Herz schlägt für die Wissenschaft und Forschung und du setzt alles daran, mittels neuester Technologien den Weg in die Zukunft zu ebnen? Dann bist du bei uns genau richtig! Wir , das ist die Stiftung für Pathobiochemie und Molekulare Diagnostik (SPMD) mit dem Referenzinstitut für Bioanalytik (RfB) Die SPMD ist eine Stiftung des bürgerlichen Rechts mit dem Ziel der Förderung der medizinischen Wissenschaft und Forschung sowie der öffentlichen Gesundheitspflege. Sie betreibt das Referenzinstitut für Bioanalytik im Rahmen der Qualitätssicherung in medizinischen Laboratorien. Zu diesem Zweck führt das RfB Ringversuche zur externen Qualitätskontrolle für das gesamte Gebiet der Labormedizin durch. Inhalt und Bewertungskonzept eines großen Teils dieser Ringversuche ist durch die Richtlinie der Bundesärztekammer (RiliBÄK) vorgegeben. Darüber hinaus bietet das RfB jedoch noch eine Vielzahl weiterer Ringversuche an, deren Zuschnitt und Weiterentwicklung durch unser External Quality Assurance Scheme (EQAS-Board) verantwortet wird. Das bringst du mit Abgeschlossenes Hochschulstudium in Bioinformatik, Informatik, Biologie oder einem verwandten Bereich Umfangreiche Kenntnisse und Praxiserfahrung mit bioinformatischen Analysen, speziell im Bereich NGS Erfahrung in der Anwendung von R (inkl. Package Development) und Command Line basierten Analysewerkzeugen (z.B. Bash, Python) Sicherer Umgang mit Methoden der Qualitätskontrolle und statistischen Auswertungen in großen genomischen Datensätzen Idealerweise Erfahrung mit öffentlichen Sequenzdatenbanken, Algorithmen zur Fehlerkorrektur und fortgeschrittenen Auswertemethoden bei NGS Teamfähigkeit, eine strukturierte Arbeitsweise sowie Kommunikationsgeschick auf Deutsch und Englisch Deine Aufgaben Durchführung und Entwicklung bioinformatischer Analysen aus NGS-Daten (z.B. Illumina, Nanopore, PacBio) mithilfe von R und Command Line Tools Entwicklung, Optimierung und Pflege von Analyse-Pipelines sowie Entwicklung eigener Software-Tools und Packages in R Qualitätskontrolle, Prozessierung und Aufbereitung von NGS-Daten für die weiterführende medizinische oder wissenschaftliche Auswertung Funktionelle und strukturelle genomische Analysen (z.B. Variant Calling, Genexpressionsanalysen, Annotationen) Benchmarking und Validierung von Auswerteworkflows sowie Dokumentation der Ergebnisse Mitarbeit und Unterstützung bei der Erstellung wissenschaftlicher Publikationen Integration weiterer Datenquellen (z.B. klinische Daten, Metadaten) zur Interpretation der NGS-Ergebnisse Kommunikation und enge Zusammenarbeit mit einem interdisziplinären Team aus Biologie, Medizin und IT Wir bieten dir Die Möglichkeit, an einem innovativen, praxisnahmen Forschungsprojekt auf hohem methodischem Niveau mitzuwirken und methodisch wie publizistisch sichtbar zu werden Flache Hierarchien in einem kleinen Team mit gemeinsamer Mission Eine flexible Arbeitszeitgestaltung ohne Schichtarbeit Ein individuelles Onboarding mit einer umfassenden Einarbeitung, in der du dich mit unseren Abläufen vertraut machen kannst und nicht nur dein Team, sondern auch deine Kolleginnen und Kollegen aus der gesamten SPMD kennenlernst Weitere Vorteile, wie bspw. 30+3 Urlaubstage im Jahr, ein bezuschusstes Deutschlandticket, ein umfassendes Gesundheits- und Fitnessangebot und vieles mehr Wenn du dich angesprochen fühlst und Lust auf diese spannende Aufgabe in unserem kleinen Team hast, freuen wir uns auf deine Bewerbungsunterlagen (Anschreiben, Lebenslauf, Zeugnisse). Bei Fragen kontaktiere uns sehr gerne per Mail an jessica.stadel@spmd-rfb.de . Willkommen im Team!",de.linkedin.com/jobs/view/bioinformatiker-at-stiftung-f%C3%BCr-pathobiochemie-und-molekulare-diagnostik-referenzinstitut-f%C3%BCr-bioanalytik-4284072186
Biologe als Wissenschaftlicher Mitarbeiter (m/w/d)- Universitätsklinikum Düsseldorf,Universitätsklinikum Düsseldorf,"Düsseldorf, North Rhine-Westphalia, Germany",LinkedIn,https://de.linkedin.com/jobs/view/biologe-als-wissenschaftlicher-mitarbeiter-m-w-d-universit%C3%A4tsklinikum-d%C3%BCsseldorf-at-universit%C3%A4tsklinikum-d%C3%BCsseldorf-4283977299?position=19&pageNum=0&refId=A5pcLfQZ8Nk%2Fs8dDn8yv7A%3D%3D&trackingId=lduRGlysa1HqpMwkJwkslQ%3D%3D,Not specified,2025-08-13 17:08:14.548935,2025-08-12,"Das Universitätsklinikum Düsseldorf (UKD) ist das größte Krankenhaus in der Landeshauptstadt und eines der wichtigsten medizinischen Zentren in NRW. Die 9.300 Mitarbeiterinnen und Mitarbeiter in UKD und Tochterfirmen setzen sich dafür ein, dass jährlich über 45.000 Patientinnen und Patienten stationär behandelt und 270.000 ambulant versorgt werden können. Das UKD steht für internationale Spitzenleistungen in Krankenversorgung, Forschung und Lehre, sowie für innovative und sichere Diagnostik, Therapie und Prävention. Patientinnen und Patienten profitieren von der intensiven interdisziplinären Zusammenarbeit der 60 Kliniken und Institute. Die besondere Stärke der Uniklinik ist die enge Verzahnung von Klinik und Forschung zur sicheren Anwendung neuer Methoden. Am UKD entsteht die Medizin von morgen. Jeden Tag. Das Institut für Versuchstierkunde mit Zentraler Einrichtung für Tierforschung und wissenschaftliche Tierschutzaufgaben (ZETT) der Heinrich-Heine-Universität sucht ab sofort eine/einen Wissenschaftliche*n Mitarbeiter*in (m/w/d) für 3R- und versuchstierkundliche Grundlagenforschung Das Institut für Versuchstierkunde mit der ZETT ist eine zentrale Einrichtung für alle Belange beim Umgang mit Versuchstieren und Fragen des Tierschutzes am Standort. Sie stellt Wissenschaftler*innen der HHU Ressourcen und Fachwissen zur Verfügung und leistet damit die notwendige Unterstützung für die biomedizinische Grundlagenforschung sowie die translationale Forschung. Was sind Ihre Aufgabenschwerpunkte? Konzeption, Leitung und Durchführung wissenschaftlicher Projekte in der 3R- und versuchstierkundlichen Grundlagenforschung Aufbau lokaler, nationaler und internationaler wissenschaftlicher Kooperationen Mitarbeit an Konzepten zur Vernetzung von Forschenden Sozialwissenschaftliche interdisziplinäre Begleitforschung zu 3R-Methoden Beteiligung an der Lehre des Institutes, insbesondere zur Guten Wissenschaftlichen Praxis Lehr-Lern-Forschung und Methodenentwicklung in Hochschul- und Wissenschaftsdidaktik Mitarbeit am Kommunikationskonzept zu Tierversuchen, Ersatz- und Ergänzungsmethoden Was erwarten wir? Abgeschlossenes naturwissenschaftliches Studium, z.B. der Biologie, möglichst mit Promotion Mehrjährige Forschungserfahrung in der versuchstierkundlichen Grundlagenforschung sowie Erfahrungen mit 3R-Projekten, insbesondere Studien zum Refinement Erfahrung in der Arbeit zu Reproduzierbarkeit und Qualitätssicherung von Forschungsdaten Erfahrung mit Datenanalyse einschließlich eigenständiger Programmierung und Modellierung Umfangreiche Lehrerfahrung sowie hochschuldidaktische Qualifikationen inkl. e-Learning Eine starke Persönlichkeit mit Organisationstalent und umfangreicher Kommunikationserfahrung, z.B. in der Wissenschaftskommunikation Sehr gute mündliche sowie schriftliche Ausdrucksfähigkeit in Deutsch und Englisch Wir bieten: Möglichkeit der Weiterbildung zum Fachwissenschaftler*in für Versuchstierkunde sowie Habilitation Raum für Eigenverantwortlichkeit, Kreativität und persönliche Entwicklung 38,5 Wochenarbeitsstunden Preiswerte Verpflegungsmöglichkeiten Kindertagesstätte Personalunterkünfte",de.linkedin.com/jobs/view/biologe-als-wissenschaftlicher-mitarbeiter-m-w-d-universit%C3%A4tsklinikum-d%C3%BCsseldorf-at-universit%C3%A4tsklinikum-d%C3%BCsseldorf-4283977299
Business Analyst Live New Business (m/w/d),ERGO Group AG,"Düsseldorf, North Rhine-Westphalia, Germany",LinkedIn,https://de.linkedin.com/jobs/view/business-analyst-live-new-business-m-w-d-at-ergo-group-ag-4282219433?position=27&pageNum=0&refId=A5pcLfQZ8Nk%2Fs8dDn8yv7A%3D%3D&trackingId=6%2FJPcG8rQV%2F20ECuyaekKg%3D%3D,Not specified,2025-08-13 17:08:14.549873,2025-08-13,,de.linkedin.com/jobs/view/business-analyst-live-new-business-m-w-d-at-ergo-group-ag-4282219433
Wissenschaftlicher Mitarbeiter - Grundlagenforschung (m/w/d)- Universitätsklinikum Düsseldorf,Universitätsklinikum Düsseldorf,"Düsseldorf, North Rhine-Westphalia, Germany",LinkedIn,https://de.linkedin.com/jobs/view/wissenschaftlicher-mitarbeiter-grundlagenforschung-m-w-d-universit%C3%A4tsklinikum-d%C3%BCsseldorf-at-universit%C3%A4tsklinikum-d%C3%BCsseldorf-4283972730?position=28&pageNum=0&refId=A5pcLfQZ8Nk%2Fs8dDn8yv7A%3D%3D&trackingId=j3ucyzo7b3JM7DmBQGN6Cg%3D%3D,Not specified,2025-08-13 17:08:14.549990,2025-08-12,,de.linkedin.com/jobs/view/wissenschaftlicher-mitarbeiter-grundlagenforschung-m-w-d-universit%C3%A4tsklinikum-d%C3%BCsseldorf-at-universit%C3%A4tsklinikum-d%C3%BCsseldorf-4283972730
Biologe als Projektleiter (m/w/d)- Universitätsklinikum Düsseldorf,Universitätsklinikum Düsseldorf,"Düsseldorf, North Rhine-Westphalia, Germany",LinkedIn,https://de.linkedin.com/jobs/view/biologe-als-projektleiter-m-w-d-universit%C3%A4tsklinikum-d%C3%BCsseldorf-at-universit%C3%A4tsklinikum-d%C3%BCsseldorf-4283975500?position=34&pageNum=0&refId=A5pcLfQZ8Nk%2Fs8dDn8yv7A%3D%3D&trackingId=vZXFxnEEEuluCbbGgjTq6w%3D%3D,Not specified,2025-08-13 17:08:14.550692,2025-08-12,,de.linkedin.com/jobs/view/biologe-als-projektleiter-m-w-d-universit%C3%A4tsklinikum-d%C3%BCsseldorf-at-universit%C3%A4tsklinikum-d%C3%BCsseldorf-4283975500
Financial Accountant / Finanzbuchhalter (m/w/d/k.A.),Althoff Grandhotel Schloss Bensberg,"Bergisch Gladbach, North Rhine-Westphalia, Germany",LinkedIn,https://de.linkedin.com/jobs/view/financial-accountant-finanzbuchhalter-m-w-d-k-a-at-althoff-grandhotel-schloss-bensberg-4283188932?position=35&pageNum=0&refId=A5pcLfQZ8Nk%2Fs8dDn8yv7A%3D%3D&trackingId=XfK21SV8eKaRfo1GXk1ykw%3D%3D,Not specified,2025-08-13 17:08:14.550809,2025-08-13,,de.linkedin.com/jobs/view/financial-accountant-finanzbuchhalter-m-w-d-k-a-at-althoff-grandhotel-schloss-bensberg-4283188932
Treasury Analyst (m/w/d),TieTalent,"Monheim, North Rhine-Westphalia, Germany",LinkedIn,https://de.linkedin.com/jobs/view/treasury-analyst-m-w-d-at-tietalent-4283817004?position=38&pageNum=0&refId=A5pcLfQZ8Nk%2Fs8dDn8yv7A%3D%3D&trackingId=ziMEdQ8%2FKeiwEeQW99rTtw%3D%3D,Not specified,2025-08-13 17:08:14.551155,2025-08-12,,de.linkedin.com/jobs/view/treasury-analyst-m-w-d-at-tietalent-4283817004
(Junior) Expert Energiemanagement (m/w/d),OBI Group Holding,"Wermelskirchen, North Rhine-Westphalia, Germany",LinkedIn,https://de.linkedin.com/jobs/view/junior-expert-energiemanagement-m-w-d-at-obi-group-holding-4281721383?position=42&pageNum=0&refId=A5pcLfQZ8Nk%2Fs8dDn8yv7A%3D%3D&trackingId=1QZNBIsxT7LSCZpKcTyTyg%3D%3D,Not specified,2025-08-13 17:08:14.551605,2025-08-12,,de.linkedin.com/jobs/view/junior-expert-energiemanagement-m-w-d-at-obi-group-holding-4281721383
Gesundheitswissenschaftler - Versorgungsforschung (m/w/d)- Universitätsklinikum Düsseldorf,Universitätsklinikum Düsseldorf,"Düsseldorf, North Rhine-Westphalia, Germany",LinkedIn,https://de.linkedin.com/jobs/view/gesundheitswissenschaftler-versorgungsforschung-m-w-d-universit%C3%A4tsklinikum-d%C3%BCsseldorf-at-universit%C3%A4tsklinikum-d%C3%BCsseldorf-4283976381?position=44&pageNum=0&refId=A5pcLfQZ8Nk%2Fs8dDn8yv7A%3D%3D&trackingId=dRAhCMSCllg0WV8DxDn9Xw%3D%3D,Not specified,2025-08-13 17:08:14.551825,2025-08-12,,de.linkedin.com/jobs/view/gesundheitswissenschaftler-versorgungsforschung-m-w-d-universit%C3%A4tsklinikum-d%C3%BCsseldorf-at-universit%C3%A4tsklinikum-d%C3%BCsseldorf-4283976381
Biologe - Geotechnik (m/w/d)- Universitätsklinikum Düsseldorf,Universitätsklinikum Düsseldorf,"Düsseldorf, North Rhine-Westphalia, Germany",LinkedIn,https://de.linkedin.com/jobs/view/biologe-geotechnik-m-w-d-universit%C3%A4tsklinikum-d%C3%BCsseldorf-at-universit%C3%A4tsklinikum-d%C3%BCsseldorf-4283974592?position=46&pageNum=0&refId=A5pcLfQZ8Nk%2Fs8dDn8yv7A%3D%3D&trackingId=hIpxpr3cCer9s7N2Giip1Q%3D%3D,Not specified,2025-08-13 17:08:14.552040,2025-08-12,,de.linkedin.com/jobs/view/biologe-geotechnik-m-w-d-universit%C3%A4tsklinikum-d%C3%BCsseldorf-at-universit%C3%A4tsklinikum-d%C3%BCsseldorf-4283974592
Spezialist Portfoliomanagement (m/w/d),TieTalent,"Bonn, North Rhine-Westphalia, Germany",LinkedIn,https://de.linkedin.com/jobs/view/spezialist-portfoliomanagement-m-w-d-at-tietalent-4283861933?position=47&pageNum=0&refId=A5pcLfQZ8Nk%2Fs8dDn8yv7A%3D%3D&trackingId=jQU7j%2Fd7yXg%2Fj6NqOM1cLg%3D%3D,Not specified,2025-08-13 17:08:14.552149,2025-08-13,,de.linkedin.com/jobs/view/spezialist-portfoliomanagement-m-w-d-at-tietalent-4283861933
Doktorand - Biologie (m/w/d)- Universitätsklinikum Düsseldorf,Universitätsklinikum Düsseldorf,"Düsseldorf, North Rhine-Westphalia, Germany",LinkedIn,https://de.linkedin.com/jobs/view/doktorand-biologie-m-w-d-universit%C3%A4tsklinikum-d%C3%BCsseldorf-at-universit%C3%A4tsklinikum-d%C3%BCsseldorf-4283974590?position=48&pageNum=0&refId=A5pcLfQZ8Nk%2Fs8dDn8yv7A%3D%3D&trackingId=eYRuy9%2BlPA7nwKrivjO2oQ%3D%3D,Not specified,2025-08-13 17:08:14.552260,2025-08-12,,de.linkedin.com/jobs/view/doktorand-biologie-m-w-d-universit%C3%A4tsklinikum-d%C3%BCsseldorf-at-universit%C3%A4tsklinikum-d%C3%BCsseldorf-4283974590
(Senior) Consultant Business Transformation (m/w/d),algol consulting,"Cologne, North Rhine-Westphalia, Germany",LinkedIn,https://de.linkedin.com/jobs/view/senior-consultant-business-transformation-m-w-d-at-algol-consulting-4284425773?position=49&pageNum=0&refId=A5pcLfQZ8Nk%2Fs8dDn8yv7A%3D%3D&trackingId=lj%2B4lf0TAwuyPsIHDsHbJw%3D%3D,Not specified,2025-08-13 17:08:14.552369,2025-08-13,,de.linkedin.com/jobs/view/senior-consultant-business-transformation-m-w-d-at-algol-consulting-4284425773
Growth Specialist,Instaffo,"Leverkusen, North Rhine-Westphalia, Germany",LinkedIn,https://de.linkedin.com/jobs/view/growth-specialist-at-instaffo-4283983817?position=50&pageNum=0&refId=A5pcLfQZ8Nk%2Fs8dDn8yv7A%3D%3D&trackingId=F1BppKgnHhZ2qlIZ8iz9Lw%3D%3D,Not specified,2025-08-13 17:08:14.552479,2025-08-12,,de.linkedin.com/jobs/view/growth-specialist-at-instaffo-4283983817
(Senior) Consultant Business Transformation (m/w/d),algol consulting,"Cologne, North Rhine-Westphalia, Germany",LinkedIn,https://de.linkedin.com/jobs/view/senior-consultant-business-transformation-m-w-d-at-algol-consulting-4284427671?position=54&pageNum=0&refId=A5pcLfQZ8Nk%2Fs8dDn8yv7A%3D%3D&trackingId=f7nxmTidXS9k3AOsBcQyeQ%3D%3D,Not specified,2025-08-13 17:08:14.552932,2025-08-13,,de.linkedin.com/jobs/view/senior-consultant-business-transformation-m-w-d-at-algol-consulting-4284427671
Doktorand - Molekularbiologie (m/w/d)- Universitätsklinikum Düsseldorf,Universitätsklinikum Düsseldorf,"Düsseldorf, North Rhine-Westphalia, Germany",LinkedIn,https://de.linkedin.com/jobs/view/doktorand-molekularbiologie-m-w-d-universit%C3%A4tsklinikum-d%C3%BCsseldorf-at-universit%C3%A4tsklinikum-d%C3%BCsseldorf-4283974591?position=57&pageNum=0&refId=A5pcLfQZ8Nk%2Fs8dDn8yv7A%3D%3D&trackingId=MeHRpD%2BdOC0BQGJzZq7wxA%3D%3D,Not specified,2025-08-13 17:08:14.553257,2025-08-12,,de.linkedin.com/jobs/view/doktorand-molekularbiologie-m-w-d-universit%C3%A4tsklinikum-d%C3%BCsseldorf-at-universit%C3%A4tsklinikum-d%C3%BCsseldorf-4283974591
Solution Designer Health Data Management (m/w/d),Deutsche Telekom,"Düsseldorf, North Rhine-Westphalia, Germany",LinkedIn,https://de.linkedin.com/jobs/view/solution-designer-health-data-management-m-w-d-at-deutsche-telekom-4283920419?position=58&pageNum=0&refId=A5pcLfQZ8Nk%2Fs8dDn8yv7A%3D%3D&trackingId=JBOtKsEi1dfOIDIgVx5u4g%3D%3D,Not specified,2025-08-13 17:08:14.553368,2025-08-12,,de.linkedin.com/jobs/view/solution-designer-health-data-management-m-w-d-at-deutsche-telekom-4283920419
Betriebsingenieur (m/w/d),TieTalent,"Gingen an der Fils, Baden-Württemberg, Germany",LinkedIn,https://de.linkedin.com/jobs/view/betriebsingenieur-m-w-d-at-tietalent-4283862922?position=15&pageNum=0&refId=avQfuttw70xp0nxROqsR2g%3D%3D&trackingId=c1lFzh%2Fl%2FaateRnwav5oVQ%3D%3D,Not specified,2025-08-13 17:08:52.532135,2025-08-13,"Unseren weltweit mehr als 900 hoch qualifizierten und motivierten Mitarbeiterinnen und Mitarbeitern haben wir es zu verdanken, dass wir auf dem internationalen Markt in den Bereichen Schmierstoffe, Industriechemie und Druckfarben eine Spitzenstellung einnehmen. Wir suchen zum nächstmöglichen Zeitpunkt einen Experte (m/w/d) Technische Planung. Selbständige Betreuung von verfahrenstechnischen Bestandsanlagen zur Sicherstellung der Anlagenverfügbarkeit Weiterentwicklung von verfahrenstechnischen Prozessen und Bestandsanlagen Planung und Umsetzung von verfahrenstechnischen Neuanlagen Erstellen von Grund- und Verfahrensfließbildern für automatisierte Prozessanlagen sowie CADZeichnungen in 2D und 3D und 3D-Rohrleitungsplanungen Projektverantwortung bei der Umsetzung von Optimierungs- und Investitionsprojekten Zusammenstellen von Antragsunterlagen für behördliche Genehmigungen nach Baurecht und BImSchG Begleiten von Entwicklungsprojekten bei der Überführung in den Produktionsprozess Abgeschlossenes Studium der Verfahrenstechnik oder vergleichbare Qualifikation Mehrjährige Berufserfahrung in einer vergleichbaren Position in der Industrie Fundierte Kenntnisse in der Erstellung von Verfahrensfließbildern sowie mit CAD und MS-Office Hohe Belastbarkeit und lösungsorientierte Hands-on-Mentalität Strukturierte, zielorientierte und eigenverantwortliche Arbeitsweise Durchsetzungsfähigkeit und Verhandlungsgeschick Teamorientierte Arbeitsweise sowie ausgeprägte Kommunikationsstärke Ein wirtschaftlich starkes Unternehmen mit hoher Innovationskraft sowie spannendes Arbeitsumfeld Vergütung nach Chemie-Tarif: 37,5 Std./Woche, Urlaubs- u. Weihnachtsgeld, 30 Urlaubstage, wahlweise 5 freie Tage zusätzlich pro Jahr, arbeitgeberfinanzierte Altersvorsorge u. Pflegezusatzversicherung u.v.m. TITL1_DE",de.linkedin.com/jobs/view/betriebsingenieur-m-w-d-at-tietalent-4283862922
Software Entwickler (C++ / Matlab) (w/m/d),TieTalent,"Neu Ulm, Bavaria, Germany",LinkedIn,https://de.linkedin.com/jobs/view/software-entwickler-c%2B%2B-matlab-w-m-d-at-tietalent-4283814236?position=17&pageNum=0&refId=avQfuttw70xp0nxROqsR2g%3D%3D&trackingId=5p%2F74YpsETueTkSquukYzw%3D%3D,Not specified,2025-08-13 17:08:52.532410,2025-08-12,"HENSOLDT ist ein führendes Unternehmen der europäischen Verteidigungsindustrie mit globaler Reichweite. Das Unternehmen mit Sitz in Taufkirchen bei München entwickelt Sensor-Komplettlösungen für Verteidigungs- und Sicherheitsanwendungen. Als Technologieführer treibt HENSOLDT die Entwicklung der Verteidigungselektronik und Optronik voran und baut sein Portfolio auf der Grundlage innovativer Ansätze für Datenmanagement, Robotik und Cybersicherheit kontinuierlich aus. Unsere Produkte sind einsetzbar in den Bereichen Space, Air, Land, Sea, Security, Cyber & Information Space. 2023 erzielte HENSOLDT einen Umsatz von 1,85 Milliarden Euro. Nach der Übernahme der ESG GmbH beschäftigt das Unternehmen circa 8.500 Mitarbeiter. HENSOLDT ist an der Frankfurter Wertpapierbörse im MDAX notiert. Für die Abteilung ""AIR SIGINT Embedded SW"" am Standort Ulm suchen wir zum nächstmöglichen Zeitpunkt eine*n Software Entwickler (C++ / Matlab) (w/m/d) Die Abteilung ist verantwortlich für die Definition und Entwicklung von komplexen Software Systemen zur luftgestützten Aufklärung. Hierbei kommen effiziente und innovative Technologien, Prozesse und Tools zur Anwendung In der Rolle des Software Entwicklers (w/m/d) bist du für die eigenverantwortliche Umsetzung der anspruchsvollen und komplexen Arbeitspakete verantwortlich. Die Aufgabe umfasst die Konzeption, Umsetzung, Integration und Abnahme der für das SIGINT System notwendigen Software Komponenten. Hierbei erarbeitest du Lösungen mit interdisziplinären Teams unter Berücksichtigung von Kosten, Qualität und Zeit. Entwicklung und Implementierung von Softwarelösungen in C++ für Systeme der luftgestützten Aufklärung Erstellung und Weiterentwicklung von Algorithmen in MATLAB zur Optimierung der verfügbaren SIGINT Ressourcen und zur Datenanalyse Design, Implementierung, Test, Vorintegration und Dokumentation von komplexen Software Modulen Durchführung von Code-Reviews und Sicherstellung der Softwarequalität durch umfassende Tests und Dokumentation Analyse und Behebung von Softwarefehlern, sowie kontinuierliche Verbesserung bestehender Systeme zur Steigerung der Effizienz und Performance Mitarbeit bei der Erstellung von SW Requirements Unterstützung bei der Sensorintegration Abgeschlossenes Studium im Bereich Informatik, Mathematik, Physik, Elektrotechnik oder vergleichbar Mehrjährige Erfahrung im Software Engineering innerhalb von herausfordernden Projekten Mehrjährige praktische Erfahrung in der Programmierung mit C/C++ (C++11 oder neuer) sowie bei der Erstellung von komplexen Algorithmen mit MATLAB Praktische Erfahrung in der Programmierung von verteilten Backend-Systemen und/oder Gerätesteuerungen Praktische Erfahrungen gängiger Middleware-Technologien (DDS, CORBA) sowie TCP/IP Socket Programmierung wünschenswert Erfahrung im Umgang mit Linux, Docker/Podman wünschenswert Erfahrung in der agilen Softwareentwicklung (SAFe, Scrum) wünschenswert Ausgeprägte Kommunikations- und Teamfähigkeit Sehr gute Deutsch- und Englischkenntnisse Flexible Arbeitszeiten & Work-Life-Balance Vergütung & Sozialleistungen Persönliche & berufliche Entwicklung Arbeitsatmosphäre Gesundheit & Vorsorge Mobilität & Nachhaltigkeit TITL1_DE",de.linkedin.com/jobs/view/software-entwickler-c%2B%2B-matlab-w-m-d-at-tietalent-4283814236
Software Entwickler (C++ / Matlab) (w/m/d),HENSOLDT,"Ulm, Baden-Württemberg, Germany",LinkedIn,https://de.linkedin.com/jobs/view/software-entwickler-c%2B%2B-matlab-w-m-d-at-hensoldt-4281746061?position=20&pageNum=0&refId=avQfuttw70xp0nxROqsR2g%3D%3D&trackingId=Wyt7hEt9ruwi5B4goD%2BtfQ%3D%3D,Not specified,2025-08-13 17:08:52.532830,2025-08-13,"Software Entwickler (C++ / Matlab) (w/m/d) Job Requisition ID: 1240 Location: Ulm, DE, 89077 Company: HENSOLDT Sensors GmbH Über den Bereich Für die Abteilung ""AIR SIGINT Embedded SW"" am Standort Ulm suchen wir zum nächstmöglichen Zeitpunkt eine*n “Software Entwickler (C++ / Matlab) (w/m/d)“. Die Abteilung ist verantwortlich für die Definition und Entwicklung von komplexen Software Systemen zur luftgestützten Aufklärung. Hierbei kommen effiziente und innovative Technologien, Prozesse und Tools zur Anwendung In der Rolle des Software Entwicklers (w/m/d) bist du für die eigenverantwortliche Umsetzung der anspruchsvollen und komplexen Arbeitspakete verantwortlich. Die Aufgabe umfasst die Konzeption, Umsetzung, Integration und Abnahme der für das SIGINT System notwendigen Software Komponenten. Hierbei erarbeitest du Lösungen mit interdisziplinären Teams unter Berücksichtigung von Kosten, Qualität und Zeit. Ihre Aufgaben Entwicklung und Implementierung von Softwarelösungen in C++ für Systeme der luftgestützten Aufklärung Erstellung und Weiterentwicklung von Algorithmen in MATLAB zur Optimierung der verfügbaren SIGINT Ressourcen und zur Datenanalyse Design, Implementierung, Test, Vorintegration und Dokumentation von komplexen Software Modulen Durchführung von Code-Reviews und Sicherstellung der Softwarequalität durch umfassende Tests und Dokumentation. Analyse und Behebung von Softwarefehlern, sowie kontinuierliche Verbesserung bestehender Systeme zur Steigerung der Effizienz und Performance. Mitarbeit bei der Erstellung von SW Requirements Unterstützung bei der Sensorintegration Ihr Profil Abgeschlossenes Studium im Bereich Informatik, Mathematik, Physik, Elektrotechnik oder vergleichbar Mehrjährige Erfahrung im Software Engineering innerhalb von herausfordernden Projekten Mehrjährige praktische Erfahrung in der Programmierung mit C/C++ (C++11 oder neuer) sowie bei der Erstellung von komplexen Algorithmen mit MATLAB Praktische Erfahrung in der Programmierung von verteilten Backend-Systemen und/oder Gerätesteuerungen Praktische Erfahrungen gängiger Middleware-Technologien (DDS, CORBA) sowie TCP/IP Socket Programmierung wunschenswert Erfahrung im Umgang mit Linux, Docker/Podman wünschenswert Erfahrung in der agilen Softwareentwicklung (SAFe, Scrum) wünschenswert Ausgeprägte Kommunikations- und Teamfähigkeit Sehr gute Deutsch- und Englischkenntnisse Do you want to become part of a future-oriented company? And are you ready to take on responsibility in exciting international and national projects? Then you are our candidate! Please apply exclusively online via our career portal with your CV and references. In case you have any further questions, please do not hesitate to contact our Recruiting Team: jobs@hensoldt.net Find out more about HENSOLDT and our jobs: www.hensoldt.net/career. Become our next pioneer. Apply now and become part of the HENSOLDT team! HENSOLDT is committed to diversity and an inclusive corporate culture. We therefore welcome all applications - regardless of origin, age, gender, disability, identity or ideology. Job Segment: Test Engineer, Testing, Embedded, Software Engineer, Engineer, Engineering, Technology",de.linkedin.com/jobs/view/software-entwickler-c%2B%2B-matlab-w-m-d-at-hensoldt-4281746061
Specialist Tendermanagement (m/w/d),Husqvarna Group,"Ulm, Baden-Württemberg, Germany",LinkedIn,https://de.linkedin.com/jobs/view/specialist-tendermanagement-m-w-d-at-husqvarna-group-4283911979?position=26&pageNum=0&refId=avQfuttw70xp0nxROqsR2g%3D%3D&trackingId=QBkvae7FhHfNnj6ami8xbQ%3D%3D,Not specified,2025-08-13 17:08:52.533665,2025-08-12,"Wir suchen dein WHY: Bringe deine Perspektive ein und hilf uns, das fortschrittliche Unternehmen zu bleiben, das wir seit über 300 Jahren sind. Wir lernen voneinander und wachsen gemeinsam. Ganz im Sinne unserer Werte BOLD (mutig), DEDICATED (engagiert) und CARE (sorgsam). Die Husqvarna Group ist eines der ältesten Start-ups der Welt und der größte Hersteller für motorbetriebene Geräte in den Bereichen Forstwirtschaft, Landschaftspflege, Garten und leichte Baumaschinen. Unsere Produkte lösen alltägliche Probleme – und sind gleichzeitig Teil eines großen Ganzen. Denn wir fragen uns immer wieder: Wie gestalten wir Lebensräume nachhaltiger, schöner, komfortabler, grüner, kreativer? Pioniergeist, Innovationskraft und Menschen wie du machen es möglich. Deine Aufgaben: Operative Begleitung von logistischen Ausschreibungen (RFQs /RFPs) mit Fokus auf Machbarkeit, Lieferkettenschnittstellen und Performance-Anforderungen Analyse logistischer Daten (Sendungsstruktur, Mengenflüsse, Kosten, KPI) entlang der gesamten E2E-Kette – vom Lieferant bis Warenlager bis zum Empfänger Aufbereitung von Entscheidungsgrundlagen für Distributionsstrategien (Benchmarking, Simulationen, Szenarien) Identifikation von Abweichungen zwischen Einkaufsverträgen und operativer Realität – z. B. Zuständigkeiten, Ladepflichten, Lieferbedingungen Bewertung logistischer Risiken und Konsequenzen im Schadensfall unter Berücksichtigung relevanter vertraglicher und rechtlicher Rahmenbedingungen (z. B. Frachtrecht, Regress, Incoterms) Mitwirkung an der Weiterentwicklung von Transportnetzwerken und deren Anbindung an Lagerstandorte und Umschlagpunkte Unterstützung bei Schadensabwicklung, Rechnungsprüfung, Clearing und Gutschriftenabwicklung Schnittstellenarbeit mit Disposition, Lagerlogistik, Einkauf, Legal und externen Transportdienstleistern Erstellung von Monatsreports, Visualisierungen und Entscheidungsvorlagen Mitwirkung bei der Weiterentwicklung von Tools, Standards und Ausschreibungsunterlagen Teilnahme und Mitwirkung in internationalen Meetings sowie in Tenderforen Formulierung von komplexen operativen Anforderungen in Tenderunterlagen Ausarbeiten von Entscheidungskriterien sowie -grundlagen für das Management Dein Profil: Abgeschlossene kaufmännische Ausbildung im Bereich Spedition, Logistik oder vergleichbares alternativ ein Studium mit logistischem oder wirtschaftlichem Schwerpunkt Mehrjährige Erfahrung in der Analyse von Logistikprozessen und/oder operativen Begleitung von logistischen Ausschreibungen Fundiertes Verständnis für End-to-End-Supply-Chain-Prozesse und logistische Schnittstellen zwischen WHS und Transport Kenntnisse im Bereich Frachtrecht, vertraglicher Verantwortlichkeiten, Incoterms und Regresspflichten sind wünschenswert Sehr gute analytische Fähigkeiten, datenbasiertes Denken und sicherer Umgang mit Excel, SAP sowie idealerweise Power BI Hohe IT- sowie Datenaffinität und sicherer Umgang mit digitalen Tools Politische sowie diplomatische Kommunikationsfähigkeit in Deutsch und Englisch Eigenverantwortliche, analytische und lösungsorientierte Arbeitsweise Unser Versprechen an dich Werde Teil eines Teams, das leidenschaftlich bei der Arbeit ist, stolz auf seine Geschichte und neugierig auf die Zukunft. Wir suchen nach Möglichkeiten zu wachsen und wollen es gemeinsam mit dir tun. Wir warten schon auf deine Ideen zu neuen Arbeitsweisen, Methoden, Maßnahmen und Herangehensweisen ! Last date to apply: We are continuously accepting applications",de.linkedin.com/jobs/view/specialist-tendermanagement-m-w-d-at-husqvarna-group-4283911979
Betriebsingenieur (m/w/d) Reinstmedien,Rentschler Biopharma,"Laupheim, Baden-Württemberg, Germany",LinkedIn,https://de.linkedin.com/jobs/view/betriebsingenieur-m-w-d-reinstmedien-at-rentschler-biopharma-4260293773?position=29&pageNum=0&refId=avQfuttw70xp0nxROqsR2g%3D%3D&trackingId=1Hos0BsL2%2BOGAbq%2FMOsXmw%3D%3D,Not specified,2025-08-13 17:08:52.534062,2025-08-13,"Advancing medicine to save lives. Together. Thanks to many decades of experience and our passion for what we do, we make an essential contribution to the global availability of biopharmaceuticals, especially for patients with rare and serious diseases. Rentschler Biopharma SE is a leading contract development and manufacturing organization (CDMO) focused exclusively on client projects. We offer customized full-service solutions for bioprocess development and the production of complex biopharmaceuticals. As a German family-owned company with an international footprint and global reach, we combine experts, expertise and years of experience to develop best-in-class solutions – together with our clients. Rentschler Biopharma has approximately 1,400 employees and is headquartered in Laupheim, Germany, with a site in Milford, MA, USA. In 2024, we joined the United Nations Global Compact, underlining our commitment to sustainability. As an independent family-owned company, we live by the motto: Many hands, many minds - ONE TEAM! Open, respectful cooperation characterizes our working environment, where quality awareness, diligence and responsibility are our top priorities. With all the diversity of our talents in the Rentschler team, we pursue one vision together: advancing medicine to save lives. Aufgaben und Verantwortlichkeiten Betreuung und Instandhaltung aller technischen Reinstmedienanlagen (WFI, HPW, Reinstdampf, Gase und Druckluft) und Sicherstellen einer hohen Anlagenverfügbarkeit Mitarbeit in Bedienung, Überwachung, Steuerung der Anlagen Mitarbeit als Teilprojektleiter beim Planen, Organisieren und Durchführen von CAPEX- Projekten Koordination von ausführenden Handwerksfirmen Experte in Kunden- und Behördenaudits für die im Zuständigkeitsbereich befindlichen Anlagen und Medien Sicherstellen aller gesetzlichen, behördlichen sowie konzerninternen Regelungen und Richtlinien hinsichtlich Sicherheits-, Umwelt- und Gesundheitsschutz sowie der Energieeffizienz Teilnahme Rufbereitschaftsdienst bei technischen Störungen Das ist uns wichtig Abgeschlossenes Studium (FH, Master) der Fachrichtung Versorgungstechnik, technische Gebäudeausrüstung, Biotechnik oder ein vergleichbarer Abschluss Alternativ eine technische oder naturwissenschaftliche Ausbildung mit langjähriger Berufserfahrung und zusätzlicher Weiterbildung Fließende Deutsch- und Englischkenntnisse Strukturierte, selbstständige und präzise Arbeitsweise Gutes Verständnis für technische und kaufmännische Zusammenhänge Darauf können Sie sich freuen Teil eines Unternehmens zu sein, das einen Mehrwert bietet und Medikamente für schwerstkranke Patienten herstellt Ansteckende Freude am Job sowie kollegiales Arbeitsumfeld mit Zusammenarbeit vor Ort Zugang zu personalisierten Weiterbildungen 30 Tage Urlaub Gleitzeitkonto Gemeinsame Pausen in unserer Kantine Betriebliches Gesundheitsmanagement und Altersvorsorge Team- und Unternehmensevents Betriebseigene Kinderkrippe Zukunftssichere Branche Unbefristeter Arbeitsvertrag",de.linkedin.com/jobs/view/betriebsingenieur-m-w-d-reinstmedien-at-rentschler-biopharma-4260293773
Senior Consultant Accounting Advisory Services (m/w/d),Rödl & Partner,"Ulm, Baden-Württemberg, Germany",LinkedIn,https://de.linkedin.com/jobs/view/senior-consultant-accounting-advisory-services-m-w-d-at-r%C3%B6dl-partner-4159627048?position=30&pageNum=0&refId=avQfuttw70xp0nxROqsR2g%3D%3D&trackingId=sMRpHcVzmBtBud1nabxALA%3D%3D,Not specified,2025-08-13 17:08:52.534192,2025-08-13,"für unsere Teams in Berlin, Bielefeld, Eschborn, Hamburg, Köln, München, Nürnberg, Regensburg, Stuttgart und Ulm Bei uns bewegen Sie etwas – vom ersten Tag an. Rödl & Partner steht für fachliche Exzellenz – mit 6.000 Kolleginnen und Kollegen an mehr als 110 Standorten, in rund 50 Ländern. Als Arbeitgeber setzen wir auf Unternehmergeist und Eigenverantwortung. Im Bereich Capital Markets & Accounting Advisory Services erwartet Sie eine zukunftsorientierte Karriere mit Zugang zu internationalen Unternehmen. Arbeiten Sie in einem Team, das Mandanten in Accounting, Reporting und der Digitalisierung der Finanzberichterstattung unterstützt. Werden Sie Teil unseres innovativen, digitalen und interdisziplinären Teams! IHRE AUFGABEN Lösung komplexer bilanzieller Fragestellungen nach HGB und IFRS sowie Erstellung von Jahres- und Konzernabschlüssen Beratung bei Post-Merger-Integration (PMI) und IPO-Readiness-Projekten mit Fokus auf die Umstellung der Rechnungslegung nach IFRS oder US-GAAP Optimierung & Digitalisierung von Abschluss- und Berichtsprozessen durch die Implementierung und das Customizing von smarten IT-Lösungen Zusammenarbeit in interdisziplinären Teams bei geschäftsfeldübergreifenden Beratungsprojekten, wie M&A-Transaktionen, ESG- und GRC-Projekten Unterstützung bei kapitalmarktorientierten Prüfungsmandaten Übernahme eigenständiger Mandatsbegleitung bzw. (Teil-)Projektleitung mit zunehmender Berufserfahrung IHR PROFIL Abgeschlossenes Studium der Wirtschaftswissenschaften oder eines vergleichbaren Studiengangs mit dem Schwerpunkt nationale und internationale Rechnungslegung Mehrjährige Erfahrung in der prüfungsnahen Beratung, Wirtschaftsprüfung oder im (Konzern-)Rechnungswesen eines Unternehmens Alternativ eine vergleichbare Ausbildung mit einschlägiger Berufserfahrung als Quereinstieg Verhandlungssichere Deutsch- und gute Englischkenntnisse Hohe Lernbereitschaft, ausgeprägte analytische Fähigkeiten, Eigeninitiative sowie die im Beratungsumfeld notwendige Flexibilität UNSER ANGEBOT Direkt durchstarten: Strukturierte Einarbeitung, schnelle Teamintegration und frühzeitige Übernahme von Verantwortung Langfristige Perspektiven: Klares Karrieremodell, unternehmerische Möglichkeiten, Trainings zur fachlichen und persönlichen Weiterentwicklung, sowie unsere 3-teilige Inhouse-Schulungsreihe Audit Academy Top Konditionen: Attraktive Bezahlung, mobiles Arbeiten, flexible Arbeitszeiten, gute Work-Life-Balance mit 30 Tagen Urlaub bei einer 5-Tage-Woche Gemeinsame Erlebnisse: Ski-Freizeit, Teamtage und Unternehmensevents Gesundheit und Mobilität: Zuzahlung zum EGYM Wellpass, breite Gesundheitsförderung, Bike-Leasing sowie ein Zuschuss zum Deutschlandticket Wir gehen unseren eigenen Weg – und schöpfen Kraft aus unserer Vielfalt. Rödl & Partner steht für soziales Engagement und eine Kultur der Offenheit. Wir fördern individuelle Talente und achten auf einen wertschätzenden, respektvollen Umgang miteinander. Wir gewinnen gemeinsam. BEI FRAGEN BIN ICH GERNE PERSÖNLICH FÜR SIE DA Felix Schneider | (+49) 911 9193 2108 | roedl.de/karriere | Stellen-ID 6053",de.linkedin.com/jobs/view/senior-consultant-accounting-advisory-services-m-w-d-at-r%C3%B6dl-partner-4159627048
Steuerfachangestellter - DATEV / Jahresabschlüsse / Mandanten (m/w/d),TieTalent,"Ehingen, Baden-Württemberg, Germany",LinkedIn,https://de.linkedin.com/jobs/view/steuerfachangestellter-datev-jahresabschl%C3%BCsse-mandanten-m-w-d-at-tietalent-4284112580?position=31&pageNum=0&refId=avQfuttw70xp0nxROqsR2g%3D%3D&trackingId=ZuiL9uTEix3O5g4uRphMtQ%3D%3D,Not specified,2025-08-13 17:08:52.534316,2025-08-13,"Job Description Stellen Sie sich ein Arbeitsumfeld vor, in dem Ihre fachliche Expertise im Bereich Rechnungswesen, Steuerberatung und Unternehmensberatung nicht nur anerkannt, sondern aktiv gefördert wird. Unsere Mission ist es, durch technologische Fortschritte und effektive Teamarbeit nachhaltig den Erfolg unserer Kunden zu sichern. Werden Sie Teil eines Teams, das Ihre berufliche Weiterentwicklung unterstützt und gemeinsam die Zukunft gestaltet. ZIPC1_DE",de.linkedin.com/jobs/view/steuerfachangestellter-datev-jahresabschl%C3%BCsse-mandanten-m-w-d-at-tietalent-4284112580
Betriebsingenieur (m/w/d) Lüftungs- und Klimatechnik,Rentschler Biopharma,"Laupheim, Baden-Württemberg, Germany",LinkedIn,https://de.linkedin.com/jobs/view/betriebsingenieur-m-w-d-l%C3%BCftungs-und-klimatechnik-at-rentschler-biopharma-4260294741?position=33&pageNum=0&refId=avQfuttw70xp0nxROqsR2g%3D%3D&trackingId=Uwss2dRb%2BXibDwGHCoCgKw%3D%3D,Not specified,2025-08-13 17:08:52.534567,2025-08-13,"Advancing medicine to save lives. Together. Thanks to many decades of experience and our passion for what we do, we make an essential contribution to the global availability of biopharmaceuticals, especially for patients with rare and serious diseases. Rentschler Biopharma SE is a leading contract development and manufacturing organization (CDMO) focused exclusively on client projects. We offer customized full-service solutions for bioprocess development and the production of complex biopharmaceuticals. As a German family-owned company with an international footprint and global reach, we combine experts, expertise and years of experience to develop best-in-class solutions – together with our clients. Rentschler Biopharma has approximately 1,400 employees and is headquartered in Laupheim, Germany, with a site in Milford, MA, USA. In 2024, we joined the United Nations Global Compact, underlining our commitment to sustainability. As an independent family-owned company, we live by the motto: Many hands, many minds - ONE TEAM! Open, respectful cooperation characterizes our working environment, where quality awareness, diligence and responsibility are our top priorities. With all the diversity of our talents in the Rentschler team, we pursue one vision together: advancing medicine to save lives. Aufgaben und Verantwortlichkeiten Betreuung, Instandhaltung und Sicherstellen einer hohen Anlagenverfügbarkeit Mitarbeit in Bedienung, Überwachung, Steuerung der gesamten klimatechnischen Anlagen Mitarbeit als Teilprojektleiter beim Planen, Organisieren und Durchführen von CAPEX- Projekten Koordination von ausführenden Handwerksfirmen Experte in Kunden- und Behördenaudits für die im Zuständigkeitsbereich befindlichen Gebäudetechnischen Anlagen und Medien Sicherstellen aller gesetzlichen, behördlichen sowie konzerninternen Regelungen und Richtlinien hinsichtlich Sicherheits-, Umwelt- und Gesundheitsschutz sowie der Energieeffizienz Teilnahme am Rufbereitschaftsdienst bei technischen Störungen Das ist uns wichtig Abgeschlossenes Studium (FH, Master) der Fachrichtung Gebäudetechnik, Versorgungstechnik, technische Gebäudeausrüstung mit Fachrichtung Lüftungstechnik oder ein vergleichbarer Abschluss Alternativ eine technische oder naturwissenschaftliche Ausbildung mit langjähriger Berufserfahrung und zusätzlicher Weiterbildung Fließende Deutsch- und Englischkenntnisse Strukturierte, selbstständige und präzise Arbeitsweise Gutes Verständnis für technische und kaufmännische Zusammenhänge Darauf können Sie sich freuen Teil eines Unternehmens zu sein, das einen Mehrwert bietet und Medikamente für schwerstkranke Patienten herstellt Ansteckende Freude am Job sowie kollegiales Arbeitsumfeld mit Zusammenarbeit vor Ort Zugang zu personalisierten Weiterbildungen 30 Tage Urlaub Gleitzeitkonto Gemeinsame Pausen in unserer Kantine Betriebliches Gesundheitsmanagement und Altersvorsorge Team- und Unternehmensevents Betriebseigene Kinderkrippe Zukunftssichere Branche Unbefristeter Arbeitsvertrag",de.linkedin.com/jobs/view/betriebsingenieur-m-w-d-l%C3%BCftungs-und-klimatechnik-at-rentschler-biopharma-4260294741
ERP-Spezialist (m/w/d),Rocken®,"Gruibingen, Baden-Württemberg, Germany",LinkedIn,https://de.linkedin.com/jobs/view/erp-spezialist-m-w-d-at-rocken%C2%AE-4283856114?position=36&pageNum=0&refId=avQfuttw70xp0nxROqsR2g%3D%3D&trackingId=O7xCVzuH4y3gXMn1O3FzYw%3D%3D,Not specified,2025-08-13 17:08:52.534943,2025-08-13,"Rolle Administration und Betreuung des ERP-Systems, inklusive laufender Optimierung und Systempflege Planung und Umsetzung von ERP-bezogenen Projekten in enger Zusammenarbeit mit externen Dienstleistern und internen Fachabteilungen Analyse, Weiterentwicklung und Unterstützung unserer Geschäftsprozesse im ERP-Umfeld – praxisnah und lösungsorientiert Fehleranalyse, Behebung technischer Störungen sowie Anwenderunterstützung im operativen Tagesgeschäft Entwicklung, Pflege und Überwachung von Schnittstellen sowie Erstellung aussagekräftiger Reports und Auswertungen Unterstützung der internen IT bei Installationen, Wartung angrenzender Systeme sowie bei der Erstellung und Pflege technischer Dokumentationen Qualifikationen Abgeschlossenes Studium oder Ausbildung im Bereich (Wirtschafts-)Informatik bzw. eine vergleichbare Qualifikation – idealerweise mit Erfahrung im produzierenden Umfeld Fundierte Kenntnisse im Umgang mit ERP-Systemen sowie ein gutes Verständnis für betriebliche Prozesse und Datenanalysen Ausgeprägte Fähigkeit zur strukturierten Dokumentation komplexer Sachverhalte sowie zur eigenständigen, lösungsorientierten Arbeitsweise Hohe analytische Kompetenz, schnelle Auffassungsgabe und Affinität zu prozessorientierten IT-Lösungen Kommunikationsstärke in Deutsch und Englisch sowie Freude an der Zusammenarbeit mit verschiedenen Fachbereichen Benefits Attraktive Weiterbildungs- und Entwicklungsmöglichkeiten Eingespieltes und dynamisches Team Offene Unternehmenskultur Flexible Arbeitszeitgestaltung Kantine, Essenszulagen und Vergünstigungen Attraktive Mitarbeiterrabatte Sportliche Aktivitäten Zahlreiche Mitarbeiterevents Attraktive Vorsorge- und Versicherungsleistungen ROCKEN Jobs https://rocken.jobs Profil Erstellen https://rocken.jobs/application/profil-erstellen/",de.linkedin.com/jobs/view/erp-spezialist-m-w-d-at-rocken%C2%AE-4283856114
Process R&D Engineer,FMC Corporation,"Schaffhausen, Schaffhausen, Switzerland",LinkedIn,https://ch.linkedin.com/jobs/view/process-r-d-engineer-at-fmc-corporation-4283922571?position=1&pageNum=0&refId=QcdTpOJG5RbbuILxVSk5Sg%3D%3D&trackingId=6YL5NiWEKxNM7RkPcvy6Ug%3D%3D,Not specified,2025-08-13 17:09:31.660716,2025-08-12,"For more information, please visit www.FMC.com. For our office in Schaffhausen, we are looking for a Process R&D Engineer As a Process R&D Engineer, you will be at the forefront of developing, evaluating, scaling, and optimizing both new and existing processes — from concept through commercialization. You will drive innovation with a strong focus on sustainability, efficiency, and cost-effectiveness, ensuring our processes meet the highest performance standards. In this role, you will also collaborate closely with CDMOs, toll manufacturers, and other external partners to deliver successful project outcomes. What You Will Do With Us Design, develop, and optimize chemical processes and/or technologies from lab scale through pilot scale. Conduct lab- and pilot-scale experiments to establish and validate new processes. Work cross-functionally with Regulatory, IP Legal, Manufacturing, and Quality teams to ensure seamless technology transfer. Perform cost analysis/estimation based on available process data, supporting projects from bench to plant scale and assessing scale-up and economic feasibility. Support implementation of Process Safety Management and Process Hazard Analysis (PHA) to meet safety standards. Stay informed on emerging technologies, proposing innovative solutions for continuous process improvement, and document development activities, experimental results, and process specifications. Your Qualification & Attributes Bachelor’s or Master’s degree in Chemical Engineering, Process Engineering, or a related field (PhD preferred). 5+ years of R&D or process development experience in the agrochemical and/or pharmaceutical industry, with hands-on lab and plant work. Strong analytical and problem-solving skills, supported by proficiency in data analysis tools and process simulation software (e.g., Aspen, MATLAB, Minitab, AutoCAD). Knowledge of regulatory requirements, quality systems, and experience with sustainability or green process initiatives. Excellent communication and teamwork skills, with fluency in English and German. Willingness to travel up to 20% and thrive in a fast-paced, multidisciplinary environment. Are you ready to make an impact? If you are passionate about making a difference and share our values of diversity, collaboration, and quality, we encourage you to submit your application today. We eagerly await hearing from you!",ch.linkedin.com/jobs/view/process-r-d-engineer-at-fmc-corporation-4283922571
Process Engineer (m/w/d),TieTalent,"St Gallen, St Gallen, Switzerland",LinkedIn,https://ch.linkedin.com/jobs/view/process-engineer-m-w-d-at-tietalent-4281739242?position=2&pageNum=0&refId=QcdTpOJG5RbbuILxVSk5Sg%3D%3D&trackingId=W96uSfckv42L8MGhc7fHBg%3D%3D,Not specified,2025-08-13 17:09:31.660868,2025-08-13,"SCHOTT is a leading international technology group in the areas of specialty glass and glass-ceramics. With more than 130 years of outstanding development, materials and technology expertise we offer a broad portfolio of high-quality products and intelligent solutions. SCHOTT is an innovative enabler for many industries, including the home appliance, pharmaceutical, electronics, optics . click apply for full job details",ch.linkedin.com/jobs/view/process-engineer-m-w-d-at-tietalent-4281739242
Portfoliomanager:in,SAK (St.Gallisch-Appenzellische Kraftwerke AG),"St Gallen, St Gallen, Switzerland",LinkedIn,https://ch.linkedin.com/jobs/view/portfoliomanager-in-at-sak-st-gallisch-appenzellische-kraftwerke-ag-4284402543?position=4&pageNum=0&refId=QcdTpOJG5RbbuILxVSk5Sg%3D%3D&trackingId=o3O4nXyawp%2BhulN25LgVaQ%3D%3D,Not specified,2025-08-13 17:09:31.661128,2025-08-13,"Portfoliomanager:in (80-100 %) St.Gallen Die Energieplattform AG (EP AG) ist ein führendes Unternehmen, das sich auf die direkte und flexible Beschaffung von Strom auf dem Grosshandelsmarkt bei verschiedenen Anbietern spezialisiert hat. Unser umfassendes Angebotsspektrum zeichnet sich durch massgeschneiderte Lösungen in den Bereichen Energiebeschaffung, Dienstleistungen und Vertriebsunterstützung aus. Die Hauptaktionärin der EP AG ist die St.Gallisch-Appenzellische Kraftwerke AG (SAK). Dein Tätigkeitsgebiet umfasst folgende Hauptaufgaben: Bewirtschaftung und Optimierung des Stromportfolios inklusive Planung und Umsetzung der Strombeschaffung über verschiedene Handelskanäle Entwicklung und kontinuierliche Optimierung von Handelsstrategien und Prognosemethoden Durchführung von Markt- und Risikoanalysen auf Basis von PnL, VaR und weiteren KPIs zur Performance- und Risikosteuerung Sicherstellung und Automatisierung abrechnungsrelevanter Prozesse und Reportings sowie Erstellung von Prognosen und Angebotskalkulationen Eigenständige Projektleitung zur Weiterentwicklung von Prozessen und Systemen im energiewirtschaftlichen Kontext Du bringst folgende Eigenschaften mit: Betriebswirtschaftlicher oder technischer Hochschulabschluss (baldiger Abschluss möglich) Fundierte Erfahrung im Portfoliomanagement oder Energiehandel, idealerweise mit Kenntnissen des Schweizer Energiemarkts Sehr gute IT-Anwenderkenntnisse, insbesondere mit energiewirtschaftlichen Systemen Programmierkenntnisse von Vorteil (z. B. Python, VBA, SQL, KiBasic, Matlab) Ausgeprägte analytische Fähigkeiten sowie hohe Dienstleistungs- und Lösungsorientierung Das Bieten Wir Dir Arbeite beim innovativsten Energiedienstleister der Ostschweiz Gestalte aktiv die Energiewende mit und leiste einen sinnvollen Beitrag zu einer nachhaltigen Energie- und Datenzukunft Zentraler Standort – nur 3 Gehminuten vom Bahnhof St. Gallen entfernt Profitiere von flexiblen und attraktiven Anstellungsbedingungen, einschliesslich 6 Wochen Ferien Nutze unsere Homeoffice-Möglichkeiten Erhalte eine monatliche Mobilitätsentschädigung von CHF 60.- für Deinen Arbeitsweg Erhalte Unterstützung bei Aus- und Weiterbildungen Geniesse eine wertschätzende Arbeitsatmosphäre sowie eine Du-Kultur Freue Dich auf zahlreiche weitere Mitarbeitervergünstigungen und Anlässe Interessiert? Deine Ansprechperson im Team ist Jos David Jira, Leiter Portfoliomanagement. Weitere Auskünfte erhältst Du unter +41 71 229 52 59. Wir freuen uns auf Deine Online-Bewerbung.",ch.linkedin.com/jobs/view/portfoliomanager-in-at-sak-st-gallisch-appenzellische-kraftwerke-ag-4284402543
Logistikassistent 100% (m/w/d),TieTalent,"Kreuzlingen, Thurgau, Switzerland",LinkedIn,https://ch.linkedin.com/jobs/view/logistikassistent-100%25-m-w-d-at-tietalent-4282218719?position=7&pageNum=0&refId=QcdTpOJG5RbbuILxVSk5Sg%3D%3D&trackingId=GL1Pkfa3rPY%2BWsdXcUl9ow%3D%3D,Not specified,2025-08-13 17:09:31.661495,2025-08-13,"Jobdetails Du suchst nach einer abwechslungsreichen Tätigkeit in einem kollegialen Umfeld? Du möchtest gerne in einem Bereich arbeiten, in dem deine Zuverlässigkeit und Motivation geschätzt werden? Dann bist Du bei uns genau richtig! Wir suchen tatkräftige Unterstützung für das Logistikteam unseres Kunden im medizinischen Sektor. Werde Teil eines familiären Teams, das gemeinsam anpackt und zusammenhält! Deine Aufgaben: Du kommissionierst und verpackst Kundenaufträge Du lagerst Waren an den vorgesehenen Plätzen ein Du führst Inventuren und Bestandskontrollen durch Du sorgst mit dafür, dass Ordnung und Sauberkeit im Lager herrschen Du unterstützt bei allgemeinen Lagerarbeiten mehr anzeigen Du suchst nach einer abwechslungsreichen Tätigkeit in einem kollegialen Umfeld? Du möchtest gerne in einem Bereich arbeiten, in dem deine Zuverlässigkeit und Motivation geschätzt werden? Dann bist Du bei uns genau richtig! Wir suchen tatkräftige Unterstützung für das Logistikteam unseres Kunden im medizinischen Sektor. Werde Teil eines familiären Teams, das gemeinsam anpackt und zusammenhält! Deine Aufgaben: Du kommissionierst und verpackst Kundenaufträge Du lagerst Waren an den vorgesehenen Plätzen ein Du führst Inventuren und Bestandskontrollen durch Du sorgst mit dafür, dass Ordnung und Sauberkeit im Lager herrschen Du unterstützt bei allgemeinen Lagerarbeiten Qualifikationen Du brauchst keine spezielle Ausbildung ? Quereinsteiger sind herzlich willkommen! Du bist zuverlässig und motiviert Du bist körperlich belastbar und hast Freude an praktischer Arbeit Du arbeitest gerne im Team und kommunizierst gut Du sprichst gut Deutsch Was Unser Kunde Dir Bietet: Kostenlose Parkplätze Arbeitszeiten von Montag bis Freitag: 08:00 - 12:00 Uhr / 13:00 - 17:30 Uhr Eine gründliche Einarbeitung und Schulung durch erfahrene Kollegen Ein freundliches und unterstützendes Arbeitsumfeld Bewerbe dich gleich hier. Wir freuen uns darauf, dich kennenzulernen!",ch.linkedin.com/jobs/view/logistikassistent-100%25-m-w-d-at-tietalent-4282218719
Technik-Redakteur / Hardware Editor (m/w/d),HardwareDealz,"Constance, Baden-Württemberg, Germany",LinkedIn,https://de.linkedin.com/jobs/view/technik-redakteur-hardware-editor-m-w-d-at-hardwaredealz-4282226432?position=9&pageNum=0&refId=QcdTpOJG5RbbuILxVSk5Sg%3D%3D&trackingId=vVK%2BGOrlHOMF45kxlpVmmQ%3D%3D,Not specified,2025-08-13 17:09:31.661732,2025-08-13,"Über uns: Die 3Media GmbH ist das Team hinter HardwareDealz – Deutschlands größtem YouTube-Kanal rund um PC-Hardware und Gaming-Tech. Millionen Nutzer vertrauen auf unsere Reviews, Builds, Bestenlisten und Tipps. Neben YouTube betreiben wir mit unserer Homepage auch einen der meistgelesenen Kaufratgeber im deutschsprachigen Raum. Für die redaktionelle Erweiterung unseres Test- und Review-Teams suchen wir dich: einen technisch versierten Redakteur (m/w/d) , der nicht nur gerne schreibt, sondern auch selbst Hardware testet, benchmarkt und analysiert . Aufgaben Deine Aufgaben: Du testest aktuelle Hardware – insbesondere Grafikkarten, CPUs usw. – mit redaktionellen Standards, eigenen Benchmarks und Methoden. Du pflegst unsere Benchmark-Datenbank und entwickelst unsere Testverfahren gemeinsam mit dem Team weiter. Du verfasst SEO optimierte Artikel für unsere Website: Bestenlisten, Einzeltests, Technik-News und ausführliche Ratgeber . Du schreibst fundierte, gut strukturierte Skripte für unsere Videoformate – als Grundlage für Reviews und Ratgeber. Du arbeitest eng mit Video- und Redaktionsteam zusammen – dein Input hat direkten Einfluss auf unsere Inhalte. Qualifikation Was du mitbringen solltest: Sehr gutes technisches Verständnis , insbesondere im Bereich PC-Hardware, Gaming-Komponenten und Benchmarks. Erfahrung im Testen und Bewerten von Hardware (z. B. durch eigene Projekte, Redaktionserfahrung oder Tech-Kanal). Starke redaktionelle Fähigkeiten – du kannst komplexe Inhalte verständlich, präzise und strukturiert aufbereiten. Erfahrung mit Benchmark-Tools, Testsystemen und Datenanalyse . Sorgfalt, Selbstorganisation und Spaß an Teamarbeit. Bereitschaft, nach Konstanz umzuziehen , um vor Ort im Team zu arbeiten. Bonus: Erfahrung mit Content-Management-Systemen, SEO oder Video-Produktion. Benefits Was wir dir bieten: Eine zentrale Rolle in einem der bekanntesten Technikformate im deutschsprachigen Raum. Direkten Zugang zu brandaktueller Hardware – oft vor Marktstart. Ein motiviertes, technikbegeistertes Team, flache Hierarchien und kreative Freiheit. Viel Raum für eigene Ideen und langfristige Entwicklungsmöglichkeiten. Arbeiten wo andere Urlaub machen – in Konstanz. Interesse? Dann schick uns deinen Lebenslauf, ein paar Textbeispiele (z. B. Artikel, Reviews, Forenbeiträge, Blogposts) und eine kurze Beschreibung deiner Motivation.",de.linkedin.com/jobs/view/technik-redakteur-hardware-editor-m-w-d-at-hardwaredealz-4282226432
Logistikassistent 100% (m/w/d),TieTalent,"Kreuzlingen, Thurgau, Switzerland",LinkedIn,https://ch.linkedin.com/jobs/view/logistikassistent-100%25-m-w-d-at-tietalent-4282220727?position=10&pageNum=0&refId=QcdTpOJG5RbbuILxVSk5Sg%3D%3D&trackingId=7K%2F2gO4GZGz5MO9nsFekfw%3D%3D,Not specified,2025-08-13 17:09:31.661850,2025-08-13,"Jobdetails Du suchst nach einer abwechslungsreichen Tätigkeit in einem kollegialen Umfeld? Du möchtest gerne in einem Bereich arbeiten, in dem deine Zuverlässigkeit und Motivation geschätzt werden? Dann bist Du bei uns genau richtig! Wir suchen tatkräftige Unterstützung für das Logistikteam unseres Kunden im medizinischen Sektor. Werde Teil eines familiären Teams, das gemeinsam anpackt und zusammenhält! Deine Aufgaben: Du kommissionierst und verpackst Kundenaufträge Du lagerst Waren an den vorgesehenen Plätzen ein Du führst Inventuren und Bestandskontrollen durch Du sorgst mit dafür, dass Ordnung und Sauberkeit im Lager herrschen Du unterstützt bei allgemeinen Lagerarbeiten mehr anzeigen Du suchst nach einer abwechslungsreichen Tätigkeit in einem kollegialen Umfeld? Du möchtest gerne in einem Bereich arbeiten, in dem deine Zuverlässigkeit und Motivation geschätzt werden? Dann bist Du bei uns genau richtig! Wir suchen tatkräftige Unterstützung für das Logistikteam unseres Kunden im medizinischen Sektor. Werde Teil eines familiären Teams, das gemeinsam anpackt und zusammenhält! Deine Aufgaben: Du kommissionierst und verpackst Kundenaufträge Du lagerst Waren an den vorgesehenen Plätzen ein Du führst Inventuren und Bestandskontrollen durch Du sorgst mit dafür, dass Ordnung und Sauberkeit im Lager herrschen Du unterstützt bei allgemeinen Lagerarbeiten Qualifikationen Du brauchst keine spezielle Ausbildung ? Quereinsteiger sind herzlich willkommen! Du bist zuverlässig und motiviert Du bist körperlich belastbar und hast Freude an praktischer Arbeit Du arbeitest gerne im Team und kommunizierst gut Du sprichst gut Deutsch Was Unser Kunde Dir Bietet: Kostenlose Parkplätze Arbeitszeiten von Montag bis Freitag: 08:00 - 12:00 Uhr / 13:00 - 17:30 Uhr Eine gründliche Einarbeitung und Schulung durch erfahrene Kollegen Ein freundliches und unterstützendes Arbeitsumfeld Bewerbe dich gleich hier. Wir freuen uns darauf, dich kennenzulernen!",ch.linkedin.com/jobs/view/logistikassistent-100%25-m-w-d-at-tietalent-4282220727
German Social Media Content Analyst in Lisbon w/Relocation bonus,Elemental Insights,"Winterthur, Zurich, Switzerland",LinkedIn,https://ch.linkedin.com/jobs/view/german-social-media-content-analyst-in-lisbon-w-relocation-bonus-at-elemental-insights-4281772741?position=11&pageNum=0&refId=QcdTpOJG5RbbuILxVSk5Sg%3D%3D&trackingId=4UV2vHW9VzAFyo3ztAlq1A%3D%3D,Not specified,2025-08-13 17:09:31.661968,2025-08-13,"As a German-speaking Content Moderator, you will manage and ensure compliance with online legal processes and regulations for a company. Responsibilities include monitoring digital operations, assessing legal risks, and implementing online legal strategies to support business objectives. E.g. Legal Requests related to privacy claims, defamation, fraud, falsification Location: Lisbon, Portugal 2,500 € Relocation bonus for international candidates* + Assistance finding housing Work type: On-site Requirements: German C1 level minimum (or high B2) English B2 level minimum Strong attention to detail and excellent communication skills. Self-sufficient & confident in troubleshooting basic technical issues related to Connectivity, Systems & Devices. Ability to work independently and meet deadlines in a fast-paced environment. EU Citizenship No previous experience required! Don't miss this incredible opportunity! Apply now! Please upload your CV in English*",ch.linkedin.com/jobs/view/german-social-media-content-analyst-in-lisbon-w-relocation-bonus-at-elemental-insights-4281772741
Process Engineer Flavor Creation,Bühler Group,"Uzwil, St Gallen, Switzerland",LinkedIn,https://ch.linkedin.com/jobs/view/process-engineer-flavor-creation-at-b%C3%BChler-group-4270724632?position=12&pageNum=0&refId=QcdTpOJG5RbbuILxVSk5Sg%3D%3D&trackingId=sVmab1OStsT4DDEN%2B11bmA%3D%3D,Not specified,2025-08-13 17:09:31.662085,2025-08-13,"Im Geschäftsbereich Chocolate & Coffee sind wir ein führender Anbieter von Maschinen und Anlagen zur Herstellung von Kakao, Nüssen, Schokolade und Kaffee. Zur Verstärkung unseres Technologie-Teams suchen wir eine engagierte und motivierte Persönlichkeit als Process Engineer für den Bereich Flavor creation mit dem Fokus im Segment Kakao. Hier werden Sie brillieren Sie unterstützen bei der Organisation und Durchführung von Kunden-Versuchen zur Verkaufsunterstützung und unterstützen den Verkauf in technologischen Fragestellungen Sie unterstützen die Projektausführung sowie die Inbetriebnahmen Kakaoprozessanlagen vor Ort beim Kunden Sie entwickeln Rezepte zur Erreichung bestimmter Geschmackseigenschaften Sie betreuen interne und externe R&D-Partner und arbeiten mit dem Engineering zusammen Sie planen, führen durch und optimieren Prozesse in der Kakaoverarbeitung sowie planen und setzen Anlagenänderungen und -optimierungen um Sie setzen Anlagen im In- und Ausland in Betrieb und schulen Kunden sowie interne Mitarbeiter von Bühler Sie analysieren und überwachen die Produktionsabläufe zur Sicherstellung der Produktqualität und Effizienz Sie schulen und unterstützen das Produktionspersonal in Bezug auf neue Prozesse und Technologien sowie dokumentieren und werten Prozessdaten zur kontinuierlichen Verbesserung aus Das sind die erforderlichen Fähigkeiten Abgeschlossene Ausbildung und Mehrjährige Erfahrung im Bereich der Lebensmitteltechnologie, Verfahrenstechnik, Thermodynamik, Biotechnologie oder ähnlichen Feldern Breites Grundlagenwissen sowohl in naturwissenschaftlichen (Lebensmitteltechnologie, Chemie, Physik) wie auch technischen Disziplinen Kenntnisse der Lebensmittel-Sensorik und Geschmacksprüfungen sind ein Plus Spass am direkten weltweiten Kundenkontakt Sehr gute Deutsch- und Englischkenntnisse in Wort und Schrift Reisebereitschaft 50% Hohe Selbständigkeit, Lösungsorientierung und Belastbarkeit Gute Kommunikationsfähigkeiten in Deutsch und Englisch Personalrestaurant VIVA Wir bieten unseren Mitarbeitenden ein tägliches Fitnessmenü ab 7, 50 CHF. Attraktives Mobilitätskonzept Wir bieten ein OSTWIND ZVV / Z-Pass + Halbtax für 365 CHF + 400CHF ÖV-Guthaben sowie ein attraktives Erstklass-Abonnement oder kostenlose Parkplätze. Health-Port Wir setzen uns für Gesundheitsprävention durch Laboranalysen, Massagen, Ernährungsberatung, Physiotherapie, Gruppenkurse sowie einen Betriebsarzt ein. Handy-Abonnements Wir bieten Spezialkonditionen bei Handyabonnements über Mobilezone bei Sunrise und Swisscom. Sportangebote Wir fördern die sportliche Betätigung durch eigenorganisiertes Zirkeltraining und Laufgruppen sowie durch Gutscheine für Update und Activ Fitness. Familienunterstützung Erziehungsberechtigte können Rabatte bei der Kita Chinderhus Rägeboge Uzwil erwerben. Haben Sie Fragen? Wir beantworten sie gerne! Didier Jean-Louis Chételat Recruiting Partner Kontaktformular Auf LinkedIn verbinden Nützliche Links für Sie Bewerbungsverfahren Vielfalt, Gleichbehandlung und Inklusion Unsere TOP-Werte Lassen Sie uns bei Bühler gemeinsam etwas bewirken! Zwei Milliarden Menschen essen täglich Lebensmittel, die auf Anlagen von Bühler hergestellt wurden. Eine Milliarde Menschen reisen in Fahrzeugen, deren Teile mit Technologien von Bühler produziert wurden. Mit jeder Entscheidung verfolgt Bühler das Ziel, die Bedürfnisse von Wirtschaft, Mensch und Natur in Einklang zu bringen. So entwickeln wir Lösungen, die nachhaltige Geschäftsmöglichkeiten in der globalen Lebensmittel-, Futtermittel- und Mobilitätsindustrie eröffnen. Wir wollen Innovationen für eine bessere Welt schaffen, mit besonderem Fokus auf gesunde, sichere und nachhaltige Lösungen. Deshalb arbeiten wir mit Kunden, Start-ups, multinationalen Konzernen und Wissenschaftlern zusammen, um gemeinsam eine schnellere Wirkung zu erzielen.",ch.linkedin.com/jobs/view/process-engineer-flavor-creation-at-b%C3%BChler-group-4270724632
Produktexperte Mercedes-Benz Pkw (m/w/d),TieTalent,"Überlingen, Baden-Württemberg, Germany",LinkedIn,https://de.linkedin.com/jobs/view/produktexperte-mercedes-benz-pkw-m-w-d-at-tietalent-4283863661?position=18&pageNum=0&refId=QcdTpOJG5RbbuILxVSk5Sg%3D%3D&trackingId=guV1C0cpKTXXEgZv%2BuRqMQ%3D%3D,Not specified,2025-08-13 17:09:31.662805,2025-08-13,"Job Description Die Riess Gruppe hat sich den Weg vom lokalen Unternehmen zu einer Unternehmensgruppe mit einer bedeutenden Stellung im süddeutschen Raum erfolgreich geebnet. Mit über 650 Mitarbeitern und ca. 10.000 verkauften Fahrzeugen pro Jahr haben wir mittlerweile eine Marktverantwortung für Baden-Württemberg und darüber hinaus. Als zertifizierter Verkaufs- und Servicepartner für die Marken Mercedes-Benz, Smart und DAF reichen unsere Standorte vom Neckargebiet über den Zollernalb-Kreis, die Landkreise Rottweil und Tuttlingen bis zum Bodensee und ins Allgäu. Sie können sich für Autos begeistern, mögen den Umgang mit Menschen und organisieren gern? Dann sind Sie genau der oder die Richtige! Zur Verstärkung unserer Verkaufsteams in Überlingen suchen wir ab sofort Produktexperte Mercedes-Benz Pkw (m/w/d) ZIPC1_DE",de.linkedin.com/jobs/view/produktexperte-mercedes-benz-pkw-m-w-d-at-tietalent-4283863661
Laborant QC Microbiology (m/w/d) 60-80% // Johnson & Johnson,TieTalent,"Schaffhausen, Schaffhausen, Switzerland",LinkedIn,https://ch.linkedin.com/jobs/view/laborant-qc-microbiology-m-w-d-60-80%25-johnson-johnson-at-tietalent-4282218842?position=19&pageNum=0&refId=QcdTpOJG5RbbuILxVSk5Sg%3D%3D&trackingId=HXcLGI%2FLJiOPnDHTRcsHfQ%3D%3D,Not specified,2025-08-13 17:09:31.662923,2025-08-13,"Jobdetails Für die Welt sorgen … beim Einzelnen beginnen. Dieser Leitsatz inspiriert und eint die Menschen bei Johnson & Johnson. Die Kultur der Fürsorge steht im Mittelpunkt unserer Unternehmensphilosophie, welche im Credo verankert ist. Johnson & Johnson ist ein internationales Produktionsunternehmen und stellt am Produktionsstandort in Schaffhausen pharmazeutische und medizintechnische Produkte sowie chemische Wirkstoffe (APIs) für die globalen Märkte her. Dank unseren innovativen Produkten, Prozessen und Technologien gehört Johnson & Johnson heute zu den führenden Pharmaunternehmen der Schweiz mit dem Standort in Schaffhausen als strategischer Einführungs- und Wachstumsstandort. Innerhalb der Abteilung Quality Control Microbiology suchen wir per sofort oder nach Vereinbarung eine engagierte Persönlichkeit zur Unterstützung des Teams. Zu Den Haupttätigkeiten Gehören: Mikrobiologische Untersuchung von Rohstoffen, Packmaterialien, Produkten (sterile / nicht sterile) sowie Wasser Durchführung von Sterilitätstests Identifizierung von Keimen (phäno- und genotypisch) Dokumentation der Probenverarbeitung im eLIMS Unterstützung bei der Methodenvalidierung Unterstützung bei der Erstellung von Arbeitsanweisungen (SOP) mehr anzeigen Für die Welt sorgen … beim Einzelnen beginnen. Dieser Leitsatz inspiriert und eint die Menschen bei Johnson & Johnson. Die Kultur der Fürsorge steht im Mittelpunkt unserer Unternehmensphilosophie, welche im Credo verankert ist. Johnson & Johnson ist ein internationales Produktionsunternehmen und stellt am Produktionsstandort in Schaffhausen pharmazeutische und medizintechnische Produkte sowie chemische Wirkstoffe (APIs) für die globalen Märkte her. Dank unseren innovativen Produkten, Prozessen und Technologien gehört Johnson & Johnson heute zu den führenden Pharmaunternehmen der Schweiz mit dem Standort in Schaffhausen als strategischer Einführungs- und Wachstumsstandort. Innerhalb der Abteilung Quality Control Microbiology suchen wir per sofort oder nach Vereinbarung eine engagierte Persönlichkeit zur Unterstützung des Teams. Zu Den Haupttätigkeiten Gehören: Mikrobiologische Untersuchung von Rohstoffen, Packmaterialien, Produkten (sterile / nicht sterile) sowie Wasser Durchführung von Sterilitätstests Identifizierung von Keimen (phäno- und genotypisch) Dokumentation der Probenverarbeitung im eLIMS Unterstützung bei der Methodenvalidierung Unterstützung bei der Erstellung von Arbeitsanweisungen (SOP) mehr anzeigen Qualifikationen Ihr Profil: Abgeschlossene Berufslehre als Mikrobiologie-Laborant, BTA, MTA oder vergleichbare Ausbildung ist ein Muss Berufserfahrung in der Qualitätskontrolle Mikrobiologie und/oder Sterilproduktion (aseptischer Bereich) ist von Vorteil cGMP Kenntnisse der EU, FDA, cGMP und cGLP Regularien sind von Vorteil Kommunikative Persönlichkeit Sehr gute Deutschkenntnisse in Wort und Schrift Lösungsorientierte und systematische Arbeitsweise Gute Englischkenntnisse sind von Vorteil Bereitschaft zur Arbeit im Teilzeitpensum (60-80%) Diese Stelle in Schaffhausen ist zunächst auf ca. 24 Monate befristet. Interessierst du dich für diese spannende Aufgabe in einem international führenden Pharmaunternehmen? Möchtest du Teil von einem dynamischen, offenen und inklusiven Team sein? Dann freuen wir uns auf deine vollständige Bewerbung. Falls du Fragen hast oder mehr Informationen wünschst, kannst du uns gerne auch telefonisch erreichen.",ch.linkedin.com/jobs/view/laborant-qc-microbiology-m-w-d-60-80%25-johnson-johnson-at-tietalent-4282218842
Geomatiker:in,Werren & Thomann GmbH,"Bischofszell District, Thurgau, Switzerland",LinkedIn,https://ch.linkedin.com/jobs/view/geomatiker-in-at-werren-thomann-gmbh-4282228825?position=21&pageNum=0&refId=QcdTpOJG5RbbuILxVSk5Sg%3D%3D&trackingId=vu65v9yMntBRY9vnYXS6Fw%3D%3D,Not specified,2025-08-13 17:09:31.663154,2025-08-13,,ch.linkedin.com/jobs/view/geomatiker-in-at-werren-thomann-gmbh-4282228825
Laborant QC Microbiology (m/w/d) 60-80% // Johnson & Johnson,TieTalent,"Schaffhausen, Schaffhausen, Switzerland",LinkedIn,https://ch.linkedin.com/jobs/view/laborant-qc-microbiology-m-w-d-60-80%25-johnson-johnson-at-tietalent-4282220631?position=22&pageNum=0&refId=QcdTpOJG5RbbuILxVSk5Sg%3D%3D&trackingId=nLzXH1lyu4zn%2BGtuPgC17A%3D%3D,Not specified,2025-08-13 17:09:31.663274,2025-08-13,,ch.linkedin.com/jobs/view/laborant-qc-microbiology-m-w-d-60-80%25-johnson-johnson-at-tietalent-4282220631
Call Center Agent Inbound Tech/Admin (m/w) DE&IT,TieTalent,"Thurgau, Switzerland",LinkedIn,https://ch.linkedin.com/jobs/view/call-center-agent-inbound-tech-admin-m-w-de-it-at-tietalent-4282221452?position=24&pageNum=0&refId=QcdTpOJG5RbbuILxVSk5Sg%3D%3D&trackingId=AGQp7JJP9bs%2B0BtC2ivpGw%3D%3D,Not specified,2025-08-13 17:09:31.663508,2025-08-13,,ch.linkedin.com/jobs/view/call-center-agent-inbound-tech-admin-m-w-de-it-at-tietalent-4282221452
Call Center Agent Inbound (m/w),TieTalent,"Thurgau, Switzerland",LinkedIn,https://ch.linkedin.com/jobs/view/call-center-agent-inbound-m-w-at-tietalent-4282221567?position=25&pageNum=0&refId=QcdTpOJG5RbbuILxVSk5Sg%3D%3D&trackingId=srAzhoOhKr0%2B0Im%2BUa9u7w%3D%3D,Not specified,2025-08-13 17:09:31.663626,2025-08-13,,ch.linkedin.com/jobs/view/call-center-agent-inbound-m-w-at-tietalent-4282221567
Business Intelligence Architekt (m/w/d),Rocken®,"Winterthur, Zurich, Switzerland",LinkedIn,https://ch.linkedin.com/jobs/view/business-intelligence-architekt-m-w-d-at-rocken%C2%AE-4283853556?position=26&pageNum=0&refId=QcdTpOJG5RbbuILxVSk5Sg%3D%3D&trackingId=wvp24JsRR0lyiF1MorwGaw%3D%3D,Not specified,2025-08-13 17:09:31.663745,2025-08-13,,ch.linkedin.com/jobs/view/business-intelligence-architekt-m-w-d-at-rocken%C2%AE-4283853556
Growth Business Development (DACH),BingX,DACH,LinkedIn,https://www.linkedin.com/jobs/view/growth-business-development-dach-at-bingx-4283821923?position=27&pageNum=0&refId=QcdTpOJG5RbbuILxVSk5Sg%3D%3D&trackingId=0N2ogG9jQNoNicQ0SGZvQg%3D%3D,Not specified,2025-08-13 17:09:31.663863,2025-08-12,,www.linkedin.com/jobs/view/growth-business-development-dach-at-bingx-4283821923
Spezialist:in Business Process Management – Bussnang,Stadler,"Bussnang, Thurgau, Switzerland",LinkedIn,https://ch.linkedin.com/jobs/view/spezialist-in-business-process-management-%E2%80%93-bussnang-at-stadler-4284134447?position=28&pageNum=0&refId=QcdTpOJG5RbbuILxVSk5Sg%3D%3D&trackingId=lRAVNb8A5BtE%2B%2F8%2FjRbi%2FQ%3D%3D,Not specified,2025-08-13 17:09:31.663980,2025-08-13,,ch.linkedin.com/jobs/view/spezialist-in-business-process-management-%E2%80%93-bussnang-at-stadler-4284134447
Rechtspraktikant/Rechtspraktikantin,Kanton Thurgau,"Frauenfeld, Thurgau, Switzerland",LinkedIn,https://ch.linkedin.com/jobs/view/rechtspraktikant-rechtspraktikantin-at-kanton-thurgau-4283058012?position=29&pageNum=0&refId=QcdTpOJG5RbbuILxVSk5Sg%3D%3D&trackingId=WPJjSESqGRz%2B9qJiP%2BfJDQ%3D%3D,Not specified,2025-08-13 17:09:31.664097,2025-08-13,,ch.linkedin.com/jobs/view/rechtspraktikant-rechtspraktikantin-at-kanton-thurgau-4283058012
Lernende/r Informatiker/in EFZ Plattformentwicklung (a),Empa,"St Gallen, St Gallen, Switzerland",LinkedIn,https://ch.linkedin.com/jobs/view/lernende-r-informatiker-in-efz-plattformentwicklung-a-at-empa-4241538297?position=31&pageNum=0&refId=QcdTpOJG5RbbuILxVSk5Sg%3D%3D&trackingId=R6EySdqyr5WFYRt41zxmng%3D%3D,Not specified,2025-08-13 17:09:31.664331,2025-08-12,,ch.linkedin.com/jobs/view/lernende-r-informatiker-in-efz-plattformentwicklung-a-at-empa-4241538297
Assistenzarzt Neurologie (w/m/d),Medizin Campus Bodensee,"Friedrichshafen, Baden-Württemberg, Germany",LinkedIn,https://de.linkedin.com/jobs/view/assistenzarzt-neurologie-w-m-d-at-medizin-campus-bodensee-4283917914?position=34&pageNum=0&refId=QcdTpOJG5RbbuILxVSk5Sg%3D%3D&trackingId=xPoPRgiUfy3gjVMqUhZh7A%3D%3D,Not specified,2025-08-13 17:09:31.664681,2025-08-12,,de.linkedin.com/jobs/view/assistenzarzt-neurologie-w-m-d-at-medizin-campus-bodensee-4283917914
Fachfrau/mann Gesundheit Tagdienst (40% - 90%),TieTalent,"Frauenfeld, Thurgau, Switzerland",LinkedIn,https://ch.linkedin.com/jobs/view/fachfrau-mann-gesundheit-tagdienst-40%25-90%25-at-tietalent-4281738058?position=35&pageNum=0&refId=QcdTpOJG5RbbuILxVSk5Sg%3D%3D&trackingId=hs9S1EaA%2FNwKJpI8tGr%2Big%3D%3D,Not specified,2025-08-13 17:09:31.664797,2025-08-12,,ch.linkedin.com/jobs/view/fachfrau-mann-gesundheit-tagdienst-40%25-90%25-at-tietalent-4281738058
"Steering Specialist (m/w/d), Winterthur, 80-100% (Winterthur, CH, 8400)",Wincasa,"Winterthur, Zurich, Switzerland",LinkedIn,https://ch.linkedin.com/jobs/view/steering-specialist-m-w-d-winterthur-80-100%25-winterthur-ch-8400-at-wincasa-4284137133?position=37&pageNum=0&refId=QcdTpOJG5RbbuILxVSk5Sg%3D%3D&trackingId=WFZ26UhrC%2FuBw8XbAak5yA%3D%3D,Not specified,2025-08-13 17:09:31.665033,2025-08-13,,ch.linkedin.com/jobs/view/steering-specialist-m-w-d-winterthur-80-100%25-winterthur-ch-8400-at-wincasa-4284137133
Fachfrau/mann Gesundheit Tagdienst (40% - 90%),TieTalent,"Winterthur, Zurich, Switzerland",LinkedIn,https://ch.linkedin.com/jobs/view/fachfrau-mann-gesundheit-tagdienst-40%25-90%25-at-tietalent-4282220692?position=39&pageNum=0&refId=QcdTpOJG5RbbuILxVSk5Sg%3D%3D&trackingId=GZy0NdFAlTxjFuioN4zS9A%3D%3D,Not specified,2025-08-13 17:09:31.665270,2025-08-13,,ch.linkedin.com/jobs/view/fachfrau-mann-gesundheit-tagdienst-40%25-90%25-at-tietalent-4282220692
Fachfrau/mann Gesundheit Tagdienst (40% - 90%),TieTalent,"Winterthur, Zurich, Switzerland",LinkedIn,https://ch.linkedin.com/jobs/view/fachfrau-mann-gesundheit-tagdienst-40%25-90%25-at-tietalent-4282225175?position=43&pageNum=0&refId=QcdTpOJG5RbbuILxVSk5Sg%3D%3D&trackingId=%2FqpANg2HBa7z9lZCuXYoLg%3D%3D,Not specified,2025-08-13 17:09:31.665735,2025-08-13,,ch.linkedin.com/jobs/view/fachfrau-mann-gesundheit-tagdienst-40%25-90%25-at-tietalent-4282225175
Fachfrau/mann Gesundheit Tagdienst (40% - 90%),TieTalent,"Winterthur, Zurich, Switzerland",LinkedIn,https://ch.linkedin.com/jobs/view/fachfrau-mann-gesundheit-tagdienst-40%25-90%25-at-tietalent-4282228005?position=44&pageNum=0&refId=QcdTpOJG5RbbuILxVSk5Sg%3D%3D&trackingId=KUZoUJ6n14BnnQ%2BFvRl81w%3D%3D,Not specified,2025-08-13 17:09:31.665851,2025-08-13,,ch.linkedin.com/jobs/view/fachfrau-mann-gesundheit-tagdienst-40%25-90%25-at-tietalent-4282228005
Spezialist/in Inbetriebnahme CNC-Maschinen (m/w/d),TieTalent,"Rorschach, St Gallen, Switzerland",LinkedIn,https://ch.linkedin.com/jobs/view/spezialist-in-inbetriebnahme-cnc-maschinen-m-w-d-at-tietalent-4282222240?position=45&pageNum=0&refId=QcdTpOJG5RbbuILxVSk5Sg%3D%3D&trackingId=F6sV8XsCYjO3dGNGZWJqMQ%3D%3D,Not specified,2025-08-13 17:09:31.665967,2025-08-13,,ch.linkedin.com/jobs/view/spezialist-in-inbetriebnahme-cnc-maschinen-m-w-d-at-tietalent-4282222240
Fachfrau/mann Gesundheit Tagdienst (40% - 90%),TieTalent,"Frauenfeld, Thurgau, Switzerland",LinkedIn,https://ch.linkedin.com/jobs/view/fachfrau-mann-gesundheit-tagdienst-40%25-90%25-at-tietalent-4282218948?position=47&pageNum=0&refId=QcdTpOJG5RbbuILxVSk5Sg%3D%3D&trackingId=f6EHP%2BIAPXMeqQI8kNh1wA%3D%3D,Not specified,2025-08-13 17:09:31.666201,2025-08-13,,ch.linkedin.com/jobs/view/fachfrau-mann-gesundheit-tagdienst-40%25-90%25-at-tietalent-4282218948
Spezialist/in Inbetriebnahme CNC-Maschinen (m/w/d),TieTalent,"Rorschach, St Gallen, Switzerland",LinkedIn,https://ch.linkedin.com/jobs/view/spezialist-in-inbetriebnahme-cnc-maschinen-m-w-d-at-tietalent-4282220556?position=48&pageNum=0&refId=QcdTpOJG5RbbuILxVSk5Sg%3D%3D&trackingId=JMXz%2FC1vU3mdk%2FWqFiiSEQ%3D%3D,Not specified,2025-08-13 17:09:31.666316,2025-08-13,,ch.linkedin.com/jobs/view/spezialist-in-inbetriebnahme-cnc-maschinen-m-w-d-at-tietalent-4282220556
Fachfrau/mann Gesundheit Tagdienst (40% - 90%),TieTalent,"Schaffhausen, Schaffhausen, Switzerland",LinkedIn,https://ch.linkedin.com/jobs/view/fachfrau-mann-gesundheit-tagdienst-40%25-90%25-at-tietalent-4282220679?position=49&pageNum=0&refId=QcdTpOJG5RbbuILxVSk5Sg%3D%3D&trackingId=d93RwwkcuZTBe4NoM1TMug%3D%3D,Not specified,2025-08-13 17:09:31.666433,2025-08-13,,ch.linkedin.com/jobs/view/fachfrau-mann-gesundheit-tagdienst-40%25-90%25-at-tietalent-4282220679
Fachfrau/mann Gesundheit Tagdienst (40% - 90%),TieTalent,"Schaffhausen, Schaffhausen, Switzerland",LinkedIn,https://ch.linkedin.com/jobs/view/fachfrau-mann-gesundheit-tagdienst-40%25-90%25-at-tietalent-4282220703?position=50&pageNum=0&refId=QcdTpOJG5RbbuILxVSk5Sg%3D%3D&trackingId=RdUZTHFAqGkkpvzJhjTVsw%3D%3D,Not specified,2025-08-13 17:09:31.666549,2025-08-13,,ch.linkedin.com/jobs/view/fachfrau-mann-gesundheit-tagdienst-40%25-90%25-at-tietalent-4282220703
Fachfrau/mann Gesundheit Tagdienst (40% - 90%),TieTalent,"Schaffhausen, Schaffhausen, Switzerland",LinkedIn,https://ch.linkedin.com/jobs/view/fachfrau-mann-gesundheit-tagdienst-40%25-90%25-at-tietalent-4282223321?position=51&pageNum=0&refId=QcdTpOJG5RbbuILxVSk5Sg%3D%3D&trackingId=2Uayv2gJYcwHT%2Fi8%2B08Hsg%3D%3D,Not specified,2025-08-13 17:09:31.666668,2025-08-13,,ch.linkedin.com/jobs/view/fachfrau-mann-gesundheit-tagdienst-40%25-90%25-at-tietalent-4282223321
"Lehre als Informatiker/-in Plattformentwicklung EFZ, 2026",SWICA Organisation de Santé,"Winterthur, Zurich, Switzerland",LinkedIn,https://ch.linkedin.com/jobs/view/lehre-als-informatiker-in-plattformentwicklung-efz-2026-at-swica-organisation-de-sant%C3%A9-4258028226?position=53&pageNum=0&refId=QcdTpOJG5RbbuILxVSk5Sg%3D%3D&trackingId=eSGGxJPSX9wnTADQrau8%2Bg%3D%3D,Not specified,2025-08-13 17:09:31.666900,2025-08-13,,ch.linkedin.com/jobs/view/lehre-als-informatiker-in-plattformentwicklung-efz-2026-at-swica-organisation-de-sant%C3%A9-4258028226
Finanzbuchhalter (m/w/d),Rocken®,"Rickenbach, St Gallen, Switzerland",LinkedIn,https://ch.linkedin.com/jobs/view/finanzbuchhalter-m-w-d-at-rocken%C2%AE-4284145327?position=55&pageNum=0&refId=QcdTpOJG5RbbuILxVSk5Sg%3D%3D&trackingId=jGtNvYwsVTPTalgnVDs6Dg%3D%3D,Not specified,2025-08-13 17:09:31.667142,2025-08-13,,ch.linkedin.com/jobs/view/finanzbuchhalter-m-w-d-at-rocken%C2%AE-4284145327
Lehre als Informatiker:in EFZ Plattformentwicklung,Bühler Group,"Uzwil, St Gallen, Switzerland",LinkedIn,https://ch.linkedin.com/jobs/view/lehre-als-informatiker-in-efz-plattformentwicklung-at-b%C3%BChler-group-4258366665?position=56&pageNum=0&refId=QcdTpOJG5RbbuILxVSk5Sg%3D%3D&trackingId=sV2JSDbk8BHlikB2F5ZybA%3D%3D,Not specified,2025-08-13 17:09:31.667260,2025-08-13,,ch.linkedin.com/jobs/view/lehre-als-informatiker-in-efz-plattformentwicklung-at-b%C3%BChler-group-4258366665
Fachlagerist (m/w/d) in 88212 Ravensburg,Dippel Personalmanagement GmbH,"Ravensburg, Baden-Württemberg, Germany",LinkedIn,https://de.linkedin.com/jobs/view/fachlagerist-m-w-d-in-88212-ravensburg-at-dippel-personalmanagement-gmbh-4284431287?position=57&pageNum=0&refId=QcdTpOJG5RbbuILxVSk5Sg%3D%3D&trackingId=LPErMbLFDr4DF5aFEJCuIg%3D%3D,Not specified,2025-08-13 17:09:31.667370,2025-08-13,,de.linkedin.com/jobs/view/fachlagerist-m-w-d-in-88212-ravensburg-at-dippel-personalmanagement-gmbh-4284431287
Junior Steuerfachangestellte - Jahresabschlüsse / Datev / Buchhaltung (m/w/d),Jobs via eFinancialCareers,"Ravensburg, Baden-Württemberg, Germany",LinkedIn,https://de.linkedin.com/jobs/view/junior-steuerfachangestellte-jahresabschl%C3%BCsse-datev-buchhaltung-m-w-d-at-jobs-via-efinancialcareers-4278572135?position=58&pageNum=0&refId=QcdTpOJG5RbbuILxVSk5Sg%3D%3D&trackingId=JwI7dCbOxU2z5YJJswPgQw%3D%3D,Not specified,2025-08-13 17:09:31.667480,2025-08-13,,de.linkedin.com/jobs/view/junior-steuerfachangestellte-jahresabschl%C3%BCsse-datev-buchhaltung-m-w-d-at-jobs-via-efinancialcareers-4278572135
Analyst Investment Portfolios Private Banking / Makroökonom,coni+partner AG,"Zurich, Zurich, Switzerland",LinkedIn,https://ch.linkedin.com/jobs/view/analyst-investment-portfolios-private-banking-makro%C3%B6konom-at-coni%2Bpartner-ag-4281791467?position=5&pageNum=0&refId=GkdA8xhL1Ou6pmHB32qX0g%3D%3D&trackingId=lCCzoCP%2F3L%2FWyIXFCPrwsg%3D%3D,Not specified,2025-08-13 17:10:09.955330,2025-08-13,"coni + partner ist ein seit 1993 bestehendes Beratungshaus mit Sitz in Zürich und Niederlassungen in Düsseldorf und Shanghai. Unsere Stärke ist die passgenaue Besetzung von Positionen entsprechend der Unternehmenskultur, unter genauer Betrachtung fachlicher Kompetenzen, Referenzen und «soft skills» der Kandidaten. Unser Kunde ist eine internationale Privatbank in Zürich. Wir suchen einen Finanzmathematiker (m, f, d) als Analyst Investment Portfolios Private Banking / Makroökonom Aufgaben Erstellung von Investment-Recherchen, Statistiken und Prognosen für die Anlagen der Kunden im Private Banking mit mathematischen Modellen, Algorithmen und Machine Learning für eine Vielzahl von Anlageklassen, Regionen und Sektoren / Entwicklung systematischer Investmentstrategien, um höhere Diversifizierung und Effektivität im Anlageportfolio zu ermöglichen / Modellierung von Investmentstrategien durch Aggregation, Filterung oder Konvertierung, um erfolgreiche Investments zu berechnen, Investmententscheidungen zu treffen und Portfolios zu erstellen / Analyse der Daten im Hinblick auf Muster und Trends in Marktinformationen, die Emotion ausblenden und Marktineffizienzen ausnutzen / Identifizierung von Risikoquellen, um sicherstellen, dass in den Portfolios langfristige Rendite- und Risikoziele erreicht werden / Laufende Überprüfung der sich veränderten Marktbedingungen / Verfassen von Publikationen / Unterstützung der Relationship Manager bei ausgewählten Kundenterminen mit wohlhabenden Kunden mit Präsentationen und Szenario-Analysen. Qualifikation Ph.D. in Wirtschaftswissenschaften oder Quantitative Finance / Berufserfahrung im Private Banking mit Investment-Research, Daten- und Zeitreihenanalyse sowie Machine Learning für Kunden-Portfolios / Kenntnisse von Finanzmärkten und Anlageprodukten / Erfahrung in der Makromodellierung, mit der Performance-Attribution, Asset Allocation und Risikomodellierung / Kenntnisse systematischer Investmentstrategien / Sicherer Umgang mit Datenpipelines / Python-, SQL- und VBA-Kenntnisse / Interesse an der quantitativen Beratung von Relationship Managern und wohlhabenden Kunden / Analytische Fähigkeiten und Teamorientierung / Fähigkeit, komplexe Strukturen für unterschiedliche Zielgruppen zu erklären / Sehr gute Kommunikations- und Sozialkompetenzen / Flexibel und Fähigkeit, über den Tellerrand zu schauen / Engagiert und aufgeschlossen / Gewandt im Verfassen von Texten sowie eloquent in der Kommunikation / Gute Deutsch- und Englischkenntnisse. Bitte schicken Sie uns Ihre Unterlagen für eine erste Kontaktnahme am besten per Mail an contact@coni-partner. com oder rufen Sie uns an unter +41 44 254 90 10. Herr Ivano Coni ist gerne für Sie da. Ihre Bewerbung wird streng vertraulich behandelt. coni + partner ag Ivano Coni Managing Director Klosbachstrasse 107 CH-8032 Zürich Tel.: +41 44 254 90 10",ch.linkedin.com/jobs/view/analyst-investment-portfolios-private-banking-makro%C3%B6konom-at-coni%2Bpartner-ag-4281791467
People & Culture Assistant,Kanadevia Inova,"Zurich, Zurich, Switzerland",LinkedIn,https://ch.linkedin.com/jobs/view/people-culture-assistant-at-kanadevia-inova-4283946578?position=7&pageNum=0&refId=GkdA8xhL1Ou6pmHB32qX0g%3D%3D&trackingId=ZfUk2AUPj7IfDs5pmqjkTw%3D%3D,Not specified,2025-08-13 17:10:09.955581,2025-08-12,"Company Description Welcome to Kanadevia Inova, a global innovation leader in the waste infrastructure space, where we believe in creating a sustainable future through technology and innovation. Transforming Waste into Value At Kanadevia Inova, we pride ourselves on being at the forefront of waste-to-X technology. We are not just waste managers; we are creators of value from what communities discard. Your role at Kanadevia Inova directly contributes to turning something once considered useless - waste - into something invaluable: energy, heat, hydrogen, fertilizer, and beyond.. Find out more about Kanadevia Inova at www.kanadevia-inova.com. Job Description Act as support for Business Partners on various tasks. Create data-driven HR reports and perform statistical analysis to support strategic business decisions and workforce planning. Help manage payroll processes (40% workload) by maintaining accurate payroll data and coordinating with our external payroll provider to ensure timely and compliant payroll execution. Provide expert support to employees and managers on payroll inquiries, employment law compliance, and general HR policies and procedures. Oversee daily HR operations and handle a variety of administrative tasks, ensuring efficiency and adherence to internal processes. Assist with internal HR matters and liaise with external partners on HR compliance issues, helping to resolve queries as they arise. Act as the Single Point of Contact (SPOC) for the Time Management system Serve as a Superuser for IFS, providing expert support and guidance to end users throughout the transition and ongoing operations. Qualifications Minimum 5 years of hands-on experience in HR administration, reporting, and payroll processing. Showcase your skills in creating detailed reports and handling HR-related tasks efficiently. We're looking for a proactive, detail-oriented professional with strong organizational and communication skills. Fluency in German and proficiency in English are essential. Join a supportive team where your expertise will help shape an efficient, employee-centered workplace. Additional Information Employment contract for an indefinite period + 13th Salary Annual Bonus Flexible working time (core time 9:00-4:00) Home Office possibility for 2 days a week Extra days of leave Recreation allowance Referral Program Travel allowance Support for professional and career growth, education and training For HR agencies: Please note that we do not accept applications coming from agencies. Thank you.",ch.linkedin.com/jobs/view/people-culture-assistant-at-kanadevia-inova-4283946578
Junior Accountant,Teads,"Zurich, Zurich, Switzerland",LinkedIn,https://ch.linkedin.com/jobs/view/junior-accountant-at-teads-4282204148?position=8&pageNum=0&refId=GkdA8xhL1Ou6pmHB32qX0g%3D%3D&trackingId=oMv%2BAfb7LDCCkiDNv7hTzw%3D%3D,Not specified,2025-08-13 17:10:09.955707,2025-08-13,"About Teads Teads is the omnichannel outcomes platform for the open internet, driving full-funnel results for marketers across premium media. With a focus on meaningful business outcomes for branding and performance objectives, the combined company ensures value is driven with every media dollar by leveraging predictive AI technology to connect quality media, beautiful brand creative, and context-driven addressability and measurement. One of the most scaled advertising platforms on the open internet, Teads is directly partnered with more than 10,000 publishers and 20,000 advertisers globally. The company is headquartered in New York, with a global team of nearly 1,800 people in 36 countries. For more information, visit www.teads.com. About The Opportunity We are looking for a motivated Junior Accountant to join our Finance team. In this role, you will gain exposure to all core processes in Accounts Receivable (AR) and Accounts Payable (AP), supporting the financial operations of our business. Beyond the classic tasks such as invoicing, payment processing, and reconciliations, you will also be involved in handling larger data uploads and system processes. Therefore, we are looking for a structured, detail-oriented person with an interest in working both with numbers and systems. This is an ideal role for candidates at the start of their finance career who are eager to develop practical skills and build a strong foundation within a professional, international finance environment. What Will You Do Accounts Receivable (AR) Prepare and issue client invoices in line with contract agreements and company guidelines. Post incoming payments and ensure accurate bank reconciliations. Monitor open receivables and follow up on overdue payments. Send reminders and support dispute resolution processes. Issue credit notes and invoice corrections as needed. Accounts Payable (AP) Coordinate and execute supplier payment runs. Post supplier invoices and maintain AP sub-ledgers. Communicate with suppliers to clarify invoice or payment-related questions. System & Data Handling Support with the preparation and upload of large transactional datasets (e.g., bulk voucher postings). Validate and review data for accuracy prior to processing. Contribute to improving system processes and maintaining data integrity. General Finance Support Post daily bank transactions and assist with account reconciliations. Support month-end closing processes related to AR and AP. Assist the Finance team with administrative tasks and ad hoc requests. About You Completed commercial training or business studies (e.g., Kaufmännische Ausbildung, Bachelor’s degree, or equivalent). First experience or internships in finance, accounting, or administrative processes are an advantage. High attention to detail and accuracy in working with numbers and data. Comfortable with larger data volumes and administrative system tasks. Good knowledge of MS Excel; experience with ERP or accounting software is a plus. Proactive, structured, and eager to learn. A team player with good communication skills. Life at Teads At Teads, we don’t just offer new roles - we blend creativity, technology, and data to shape the future of media. You’ll work with smart humans, meaningful brands, and cool tools, all while helping redefine how advertising works in a world that demands more transparency, better insights, and smarter strategies. Role As a Teadster, you’ll play a critical role in shaping our future success in the region. Here’s why Teads stands out: We've merged two open internet category leaders—Outbrain and Teads—to create the ‘new’ Teads, a unified omnichannel platform that drives results from branding to performance across all screens, including CTV, mobile, and web. As part of our team, you’ll thrive in a collaborative and forward-thinking environment that fosters innovation, creative problem-solving, and continuous learning. Teads is committed to your success, offering the support, tools, and development opportunities you need to excel in your role. Our company culture is welcoming, dynamic, diverse, global, and built on top performance. Teads is an equal employment opportunity employer and committed to diversity and inclusion at all stages of recruitment and employment. Our team is made up of individuals who are approachable, resourceful, passionate, and proactive. We foster a sense of belonging through our Employee Resource Groups – employee-led groups in which we debate topics and drive change: environmental, women empowerment, charitable initiatives to diversity, equity, and inclusion, you’ll be able to share your passions with likeminded people.",ch.linkedin.com/jobs/view/junior-accountant-at-teads-4282204148
Quantitative Analyst WM Portfolios,coni+partner AG,"Zurich, Zurich, Switzerland",LinkedIn,https://ch.linkedin.com/jobs/view/quantitative-analyst-wm-portfolios-at-coni%2Bpartner-ag-4281785843?position=10&pageNum=0&refId=GkdA8xhL1Ou6pmHB32qX0g%3D%3D&trackingId=3E533FQn%2BX0YSKTTifCWEg%3D%3D,Not specified,2025-08-13 17:10:09.955958,2025-08-13,"coni + partner ist ein seit 1993 bestehendes Beratungshaus mit Sitz in Zürich und Niederlassungen in Düsseldorf und Shanghai. Unsere Stärke ist die passgenaue Besetzung von Positionen entsprechend der Unternehmenskultur, unter genauer Betrachtung fachlicher Kompetenzen, Referenzen und «soft skills» der Kandidaten. Unser Kunde ist eine internationale Privatbank in Zürich. Wir suchen einen Finanzmathematiker (m, f, d) als Quantitative Analyst WM Portfolios Aufgaben Unterstützung des Teams bei der Analyse der Anlagen von Wealth Management-Kunden, Diversifizierung und Bewertung von Kundenportfolios, Vorbereitung von Kundengesprächen, etc. / Durchführung von Portfolioanalysen unter Verwendung systematischer Investmentstrategien, mathematischer Modelle, Algorithmen, Machine Learning und historischer Daten, einschliesslich Risiko-Rendite-Analysen / Optimierung bei der Diversifizierung von Anlagevorschlägen / Teilnahme an Meetings mit WM Kunden, Halten von Kurz-Präsentationen und Besprechung der Ergebnisse / Austausch mit dem Handelsdesk für Aktien, Anleihen, Währungen, Commodities und Fonds / Monitoring der Referenzportfolios / Laufendes, quantitatives Research und Implementierung optimierter Faktormodelle (z.B. für Aktien) sowie Mitarbeit bei der Automatisierung von Prozessen / Verfassen von Publikationen zu Marketingzwecken / Ad hoc Projekte zur Unterstützung von Fachteams. Qualifikation Ph.D. in Volkswirtschaft oder in Quantitative Finance / Weiterbildung im Bereich maschinelles Lernen / Erfahrung als quantitativer Analyst im Wealth Management mit der Analyse von Kundenportfolios / Kenntnisse der Finanzmärkte, der Prozesse im Private Banking und der Investment-Produkte / IT-Flair und sehr gute Programmierkenntnisse, z. B. in Java, Python, SQL oder VBA / Gewandt mit systematischen Investmentstrategien und der Automatisierung von Prozessen / Erfahrung mit der Erstellung von Datenpipelines vom Quellsystem ins Zielsystem sowie mit NoSQL-Datenbank-Management-Systemen / Analytische Persönlichkeit mit Teamorientierung und kommunikativem Talent / Interesse am Schreiben von Publikationen / Fähigkeit, mehrere Ad-hoc-Anfragen gleichzeitig zu bearbeiten / Fähigkeit, sich an schwankende Arbeitsbelastungen anzupassen und dem Termindruck standzuhalten / Interesse an einem internationalen Arbeitsumfeld / Gewandt im Umgang mit MS Office (Excel)/ Englisch und Deutsch. Bitte schicken Sie uns Ihre Unterlagen für eine erste Kontaktnahme am besten per Mail an contact@coni-partner. com oder rufen Sie uns an unter +41 44 254 90 10. Herr Ivano Coni ist gerne für Sie da. Ihre Bewerbung wird streng vertraulich behandelt. coni + partner ag Ivano Coni Managing Director Klosbachstrasse 107 CH-8032 Zürich Tel.: +41 44 254 90 10",ch.linkedin.com/jobs/view/quantitative-analyst-wm-portfolios-at-coni%2Bpartner-ag-4281785843
Market Risk Analyst (f/m/d),Axpo Group,"Baden, Aargau, Switzerland",LinkedIn,https://ch.linkedin.com/jobs/view/market-risk-analyst-f-m-d-at-axpo-group-4283170986?position=12&pageNum=0&refId=GkdA8xhL1Ou6pmHB32qX0g%3D%3D&trackingId=UwvMBZVWrCr2YBIP2n1Urg%3D%3D,Not specified,2025-08-13 17:10:09.956205,2025-08-13,"Workload: 80-100% As a Market Risk Analyst at Axpo Solutions AG, you will play a key role in enhancing our risk analytics and market intelligence framework. You will collaborate with various teams to ensure effective risk assessment and reporting, contributing to our commitment to excellence in risk management. What you will do: Further develop the company’s framework of risk analytics (market and liquidity risk) and market intelligence. Develop and maintain models and reports for risk assessment and P&L and risk reporting using tools like PowerBI, Dataiku, Power Apps, and Python. Analyze trading/origination portfolios regarding their risk profile and engage in discussions with front units, management, and other risk teams. Conduct in-depth analysis of selected topics at the request of senior management and audit teams. What you bring & who you are: University degree in finance/economics or related fields with a strong quantitative/mathematical background. Further professional qualifications such as CFA, FRM, or CQF are advantageous. Solid knowledge of applied statistical and financial methods, financial instruments, and their valuation. Experience in financial risk management, particularly in the energy/commodity sector. Strong proficiency in Python, PowerBI, and SQL; familiarity with Dataiku, Power Apps and Power Automate is a plus. Proven experience in defining requirements and building P&L and market risk analytics solutions Excellent communication skills and experience in interacting with trading environments. About the team: The Market Risk team at Axpo Solutions AG is dedicated to enhancing the company's risk management framework. Collaborating closely with various departments, the team ensures comprehensive risk assessment and reporting. A supportive environment fosters professional growth and encourages innovative approaches to risk analytics.",ch.linkedin.com/jobs/view/market-risk-analyst-f-m-d-at-axpo-group-4283170986
Senior Business Analyst,Consult & Pepper AG,"Zurich, Switzerland",LinkedIn,https://ch.linkedin.com/jobs/view/senior-business-analyst-at-consult-pepper-ag-4261398819?position=16&pageNum=0&refId=GkdA8xhL1Ou6pmHB32qX0g%3D%3D&trackingId=OUTC7I6OmUcruyE3YPiiOw%3D%3D,Not specified,2025-08-13 17:10:09.956712,2025-08-13,"Bei dieser Kundin arbeitest du nicht einfach an Software, du entwickelst Lösungen, die ganze Branchen bewegen. Das Unternehmen gehört zu den begehrtesten Arbeitgebern der Tech-Welt und setzt konsequent auf Qualität, Innovation und nachhaltige Wirkung. Dich erwartet ein agiles, hochqualifiziertes Team, das auf Augenhöhe zusammenarbeitet, Verantwortung übernimmt und gemeinsam wächst. Hier treffen technologischer Anspruch auf internationale Perspektiven und eine Unternehmenskultur, die echte Mitgestaltung nicht nur zulässt, sondern fördert. Deine Herausforderung Begleitung komplexer IT-Projekte von der Idee bis zur Umsetzung, mit einer zentralen Rolle an der Schnittstelle zwischen Business und IT Entwicklung innovativer Lösungskonzepte in Zusammenarbeit mit Stakeholdern sowie Definition und Umsetzung technischer und fachlicher Anforderungen Analyse und Modellierung von Geschäftsprozessen, abgestimmt auf die bestehende und zukünftige Systemlandschaft Spezifikation technischer Systeme in enger Abstimmung mit Entwicklungsteams zur Sicherstellung einer nahtlosen Integration Aktive Mitgestaltung agiler Prozesse in klassischen wie auch agilen Projektumfeldern Präsenz vor Ort beim Kunden oder im Team, um Anforderungen frühzeitig zu klären und gezielt Mehrwert zu schaffen Deine Qualitäten und Begabungen Abgeschlossenes Studium (FH, Uni, ETH) oder eine vergleichbare Ausbildung mit relevanter Praxiserfahrung Mehrjährige Tätigkeit im Bereich Requirements Engineering oder Business Analyse, idealerweise ergänzt durch Erfahrungen als Scrum Master oder Product Owner Kommunikationsstärke und Fingerspitzengefühl im Umgang mit interdisziplinären Teams und diversen Anspruchsgruppen Versierter Umgang mit Methoden und Tools wie Scrum, SAFe, Kanban, BPMN oder ähnliche Exzellente Deutschkenntnisse (C2-Niveau) sowie sehr gute Englischkenntnisse Das erwartet dich Flexibles Arbeiten: Gleitzeit, Homeoffice, Teilzeitoptionen auch in Führungsfunktionen, zusätzlicher Urlaub, bezahlte Elternzeit und individuelle Auszeiten sind ebenfalls möglich Finanzielle Extras: Erfolgsbeteiligung, Zuschüsse für Mobilfunk und Homeoffice, attraktive Vergünstigungen über Partnerplattformen sowie Empfehlungsprämien Karrierewege, die du mitbestimmst: Egal ob Tech-Expert:in oder Führungskraft, deine Entwicklung ist individuell planbar und wird aktiv gefördert Lernen ohne Limit: Persönliche Coachings, spannende Konferenzen oder interne Weiterbildungen, du entwickelst dich dort weiter, wo es dich wirklich interessiert Teamkultur mit Substanz: Du arbeitest mit Menschen, die offen denken, sich gegenseitig unterstützen und gemeinsam Spass an der Arbeit haben Gesundheit und Wohlbefinden: Externe Unterstützungsangebote, ausgewogene Verpflegung, Massagen im Haus sowie kostenlose Getränke und frisches Obst Komfortable Mobilität: Halbtax-Abo, Geschäftsreisen in 1. Klasse, E-Bike-Ladestationen, vergünstigte Parkplätze und Mietautos für Dienstwege Bereit, den nächsten Schritt zu wagen und deine Expertise bei einem der renommiertesten Dienstleister der Schweiz einzubringen? Möchtest du mit deinem Know-how echten Impact zu schaffen und Projekte ganzheitlich begleiten? ann freut sich ​ Tamara Wiedemeier​ auf deine Bewerbungsunterlagen.",ch.linkedin.com/jobs/view/senior-business-analyst-at-consult-pepper-ag-4261398819
Physiklaborant/in im Metallographielabor 80-100% (w/m/d),Swiss Steel Group,"Emmenbrücke, Lucerne, Switzerland",LinkedIn,https://ch.linkedin.com/jobs/view/physiklaborant-in-im-metallographielabor-80-100%25-w-m-d-at-swiss-steel-group-4281717767?position=26&pageNum=0&refId=GkdA8xhL1Ou6pmHB32qX0g%3D%3D&trackingId=k13VA9ifZHIu5HClHLzmzA%3D%3D,Not specified,2025-08-13 17:10:09.957820,2025-08-12,,ch.linkedin.com/jobs/view/physiklaborant-in-im-metallographielabor-80-100%25-w-m-d-at-swiss-steel-group-4281717767
Testing Engineer,RIVR,"Zurich, Zurich, Switzerland",LinkedIn,https://ch.linkedin.com/jobs/view/testing-engineer-at-rivr-4281871068?position=28&pageNum=0&refId=GkdA8xhL1Ou6pmHB32qX0g%3D%3D&trackingId=fYF8%2FqDEv5TfDzrx9Co57A%3D%3D,Not specified,2025-08-13 17:10:09.958064,2025-08-13,,ch.linkedin.com/jobs/view/testing-engineer-at-rivr-4281871068
Senior Market Risk Analyst (f/m/d),Axpo Group,"Baden, Aargau, Switzerland",LinkedIn,https://ch.linkedin.com/jobs/view/senior-market-risk-analyst-f-m-d-at-axpo-group-4283178709?position=29&pageNum=0&refId=GkdA8xhL1Ou6pmHB32qX0g%3D%3D&trackingId=R3cCXp0XoiaZSOszgHMbLA%3D%3D,Not specified,2025-08-13 17:10:09.958192,2025-08-13,,ch.linkedin.com/jobs/view/senior-market-risk-analyst-f-m-d-at-axpo-group-4283178709
Laboratory Engineer in sensor technology,TieTalent,"Hinwil, Zurich, Switzerland",LinkedIn,https://ch.linkedin.com/jobs/view/laboratory-engineer-in-sensor-technology-at-tietalent-4282214922?position=32&pageNum=0&refId=GkdA8xhL1Ou6pmHB32qX0g%3D%3D&trackingId=asdGGTntMh0jGkEQO3hHdQ%3D%3D,Not specified,2025-08-13 17:10:09.958564,2025-08-13,,ch.linkedin.com/jobs/view/laboratory-engineer-in-sensor-technology-at-tietalent-4282214922
Senior Consultant – Strategy & Transformation – Transformation Management Delivery (Financial Services),PwC Switzerland,"Zurich, Zurich, Switzerland",LinkedIn,https://ch.linkedin.com/jobs/view/senior-consultant-%E2%80%93-strategy-transformation-%E2%80%93-transformation-management-delivery-financial-services-at-pwc-switzerland-4283843530?position=34&pageNum=0&refId=GkdA8xhL1Ou6pmHB32qX0g%3D%3D&trackingId=vXu2lyN869gInd3xZYocgA%3D%3D,Not specified,2025-08-13 17:10:09.958813,2025-08-13,,ch.linkedin.com/jobs/view/senior-consultant-%E2%80%93-strategy-transformation-%E2%80%93-transformation-management-delivery-financial-services-at-pwc-switzerland-4283843530
"Spezialist/in Erwerbsunfähigkeit, 80-100% (w/m/d)",Swiss Life Group,"Zurich, Zurich, Switzerland",LinkedIn,https://ch.linkedin.com/jobs/view/spezialist-in-erwerbsunf%C3%A4higkeit-80-100%25-w-m-d-at-swiss-life-group-4284112216?position=36&pageNum=0&refId=GkdA8xhL1Ou6pmHB32qX0g%3D%3D&trackingId=RL6j761khzLn79yH1%2FY2Gg%3D%3D,Not specified,2025-08-13 17:10:09.959066,2025-08-13,,ch.linkedin.com/jobs/view/spezialist-in-erwerbsunf%C3%A4higkeit-80-100%25-w-m-d-at-swiss-life-group-4284112216
Laboratory Engineer in sensor technology,TieTalent,"Hinwil, Zurich, Switzerland",LinkedIn,https://ch.linkedin.com/jobs/view/laboratory-engineer-in-sensor-technology-at-tietalent-4282217908?position=37&pageNum=0&refId=GkdA8xhL1Ou6pmHB32qX0g%3D%3D&trackingId=S2HPMtUaKemBcHKBweLnHA%3D%3D,Not specified,2025-08-13 17:10:09.959190,2025-08-13,,ch.linkedin.com/jobs/view/laboratory-engineer-in-sensor-technology-at-tietalent-4282217908
R&D Engineer,TieTalent,"Neuhausen, Schaffhausen, Switzerland",LinkedIn,https://ch.linkedin.com/jobs/view/r-d-engineer-at-tietalent-4282219643?position=39&pageNum=0&refId=GkdA8xhL1Ou6pmHB32qX0g%3D%3D&trackingId=%2F1ov2HGYH8sj1O%2BQTLFJ%2BA%3D%3D,Not specified,2025-08-13 17:10:09.959446,2025-08-13,,ch.linkedin.com/jobs/view/r-d-engineer-at-tietalent-4282219643
Qualitätsingenieur/-technik im Stahlwerk (m/w/d),Swiss Steel Group,"Lucerne, Lucerne, Switzerland",LinkedIn,https://ch.linkedin.com/jobs/view/qualit%C3%A4tsingenieur-technik-im-stahlwerk-m-w-d-at-swiss-steel-group-4281720365?position=46&pageNum=0&refId=GkdA8xhL1Ou6pmHB32qX0g%3D%3D&trackingId=yAsRrO0c3tLBTHCRmsBFeA%3D%3D,Not specified,2025-08-13 17:10:09.960311,2025-08-12,,ch.linkedin.com/jobs/view/qualit%C3%A4tsingenieur-technik-im-stahlwerk-m-w-d-at-swiss-steel-group-4281720365
R&D Engineer,TieTalent,"Neuhausen, Schaffhausen, Switzerland",LinkedIn,https://ch.linkedin.com/jobs/view/r-d-engineer-at-tietalent-4282217860?position=47&pageNum=0&refId=GkdA8xhL1Ou6pmHB32qX0g%3D%3D&trackingId=uCDrbilyDSNRAW0WZF%2BYkA%3D%3D,Not specified,2025-08-13 17:10:09.960427,2025-08-13,,ch.linkedin.com/jobs/view/r-d-engineer-at-tietalent-4282217860
Sourcing Analyst / Solution Consultant,Archlet,"Zurich, Switzerland",LinkedIn,https://ch.linkedin.com/jobs/view/sourcing-analyst-solution-consultant-at-archlet-4284072766?position=48&pageNum=0&refId=GkdA8xhL1Ou6pmHB32qX0g%3D%3D&trackingId=EtV94ahgkAUG87OhmCvHeQ%3D%3D,Not specified,2025-08-13 17:10:09.960543,2025-08-13,,ch.linkedin.com/jobs/view/sourcing-analyst-solution-consultant-at-archlet-4284072766
IT Business Analyst - Health (m/w/d),Rocken®,"Zurich, Zurich, Switzerland",LinkedIn,https://ch.linkedin.com/jobs/view/it-business-analyst-health-m-w-d-at-rocken%C2%AE-4283857032?position=53&pageNum=0&refId=GkdA8xhL1Ou6pmHB32qX0g%3D%3D&trackingId=HMkl3L%2BUj9TzprlmpcA5pg%3D%3D,Not specified,2025-08-13 17:10:09.961121,2025-08-13,,ch.linkedin.com/jobs/view/it-business-analyst-health-m-w-d-at-rocken%C2%AE-4283857032
R&D Projektleiter (a) Zürich City,Microdul AG,"Zurich, Zurich, Switzerland",LinkedIn,https://ch.linkedin.com/jobs/view/r-d-projektleiter-a-z%C3%BCrich-city-at-microdul-ag-4284096773?position=54&pageNum=0&refId=GkdA8xhL1Ou6pmHB32qX0g%3D%3D&trackingId=nv24Yp7Be8Y2MqxDKvsdmg%3D%3D,Not specified,2025-08-13 17:10:09.961241,2025-08-13,,ch.linkedin.com/jobs/view/r-d-projektleiter-a-z%C3%BCrich-city-at-microdul-ag-4284096773
German Social Media Content Analyst in Lisbon w/Relocation bonus,Elemental Insights,"Zurich, Zurich, Switzerland",LinkedIn,https://ch.linkedin.com/jobs/view/german-social-media-content-analyst-in-lisbon-w-relocation-bonus-at-elemental-insights-4281778151?position=59&pageNum=0&refId=GkdA8xhL1Ou6pmHB32qX0g%3D%3D&trackingId=PRVZ4nCxqIS9CFlIIjxCnA%3D%3D,Not specified,2025-08-13 17:10:09.961825,2025-08-13,,ch.linkedin.com/jobs/view/german-social-media-content-analyst-in-lisbon-w-relocation-bonus-at-elemental-insights-4281778151
Physiklaborant/in im Metallographielabor80-100% (w/m/d),Swiss Steel Group,"Emmenbrücke, Lucerne, Switzerland",LinkedIn,https://ch.linkedin.com/jobs/view/physiklaborant-in-im-metallographielabor80-100%25-w-m-d-at-swiss-steel-group-4283565040?position=60&pageNum=0&refId=GkdA8xhL1Ou6pmHB32qX0g%3D%3D&trackingId=uqNa6q1GKbYL2bCk7xZ6CA%3D%3D,Not specified,2025-08-13 17:10:09.961952,2025-08-12,,ch.linkedin.com/jobs/view/physiklaborant-in-im-metallographielabor80-100%25-w-m-d-at-swiss-steel-group-4283565040
Strategy Consultant - IT Transformation (m/f/x),ALDI DX,"Mülheim an der Ruhr, North Rhine-Westphalia, Germany",LinkedIn,https://de.linkedin.com/jobs/view/strategy-consultant-it-transformation-m-f-x-at-aldi-dx-4248404699?position=16&pageNum=0&refId=csO3NP%2By0FThueFvsUiCZQ%3D%3D&trackingId=Zne4UvTX2GeP%2Ft44CcXxxw%3D%3D,Not specified,2025-08-13 17:10:47.432031,2025-08-12,"Info text With more than 7,000 stores in 11 different countries, ALDI SOUTH is one of the world’s largest food retailers. It is our mission to supply our customers with high-quality food at the best possible prices. In doing so, we follow our own unique concept of consistency, simplicity and responsibility. ALDI SOUTH IT ensures that everything runs smoothly, from the IT infrastructure to the software used, at both national and international level. Within the scope of transnational projects, our experts develop IT solutions for worldwide deployment at ALDI SOUTH. Your Job What This Role Looks Like. Acting as an in-house consultant and providing ad-hoc analyses/concepts related to strategic IT topics currently relevant in the industry Shaping the future set-up and processes of our international IT foundation according to our customers’ needs Overseeing and supporting the implementation of strategic IT projects and initiatives, ensuring they move in sync according to plan and align with the broader business strategy context Ensuring coordination of the entire department with regard to cross-departmental leadership topics Collaborating with leaders and their respective teams to identify, prioritise and steer strategic IT initiatives Preparing and coordinating international senior management meetings for the department lead Your Profile What You Bring With You. Bachelor’s or master’s degree in IT, computer science, economics (with an IT focus) or a related field Proven experience in IT project management, planning and execution, including the ability to manage multiple projects simultaneously Excellent interpersonal and communication skills (also in English), with the ability to communicate complex technical concepts to non-technical stakeholders Organised, structured and trustworthy way of working Analytical mindset and the ability to process complex information, with a willingness to understand the different perspectives within the IT foundation Desirable extras. Experience in SAP transformation projects and a background in consulting In-depth knowledge of relevant emerging technologies and their potential in a retail business context Experience working with Power BI (or a similar tool) Your Benefits What you will get in return. Partial mobile working within Germany, incl. hardware budget State-of-the-art technologies Attractive remuneration as well as holiday and Christmas bonuses Future-oriented training and development Modular onboarding and buddy Corporate health management programme Your Tech Stack What You Will Work With. M365 SAP Many more depending on the job",de.linkedin.com/jobs/view/strategy-consultant-it-transformation-m-f-x-at-aldi-dx-4248404699
Bürokaufmann als Sachbearbeiter (m/w/d)- Universitätsklinikum Düsseldorf,Universitätsklinikum Düsseldorf,"Düsseldorf, North Rhine-Westphalia, Germany",LinkedIn,https://de.linkedin.com/jobs/view/b%C3%BCrokaufmann-als-sachbearbeiter-m-w-d-universit%C3%A4tsklinikum-d%C3%BCsseldorf-at-universit%C3%A4tsklinikum-d%C3%BCsseldorf-4283977303?position=58&pageNum=0&refId=csO3NP%2By0FThueFvsUiCZQ%3D%3D&trackingId=gTVLArVbWzbX7%2FnchCCBRw%3D%3D,Not specified,2025-08-13 17:10:47.436697,2025-08-12,,de.linkedin.com/jobs/view/b%C3%BCrokaufmann-als-sachbearbeiter-m-w-d-universit%C3%A4tsklinikum-d%C3%BCsseldorf-at-universit%C3%A4tsklinikum-d%C3%BCsseldorf-4283977303
BTA - NGS (m/w/d)- Zymo Research Europe,Zymo Research Europe,"Freiburg, Baden-Württemberg, Germany",LinkedIn,https://de.linkedin.com/jobs/view/bta-ngs-m-w-d-zymo-research-europe-at-zymo-research-europe-4283972731?position=3&pageNum=0&refId=6qY7Dt46Q5l%2FEClWomG1Lw%3D%3D&trackingId=agWUGngPNss6LG%2Fk4eZqag%3D%3D,Not specified,2025-08-13 17:11:24.310087,2025-08-12,"Zymo Research ist ein weltweit agierendes Biotechnologieunternehmen und führend in den Bereichen Epigenetik, Mikrobiomik und Next-Generation-Sequencing (NGS). Mit unseren internationalen Einrichtungen und einem globalen Vertriebsnetz ermöglicht Zymo Research Forschenden in der akademischen Wissenschaft und im biomedizinischen Bereich, überall auf der Welt bahnbrechende Entdeckungen zu machen. Während Zymo Research einige der technologisch fortschrittlichsten Produkte der Branche anbietet, wird alles von unserer grundlegenden Überzeugung angetrieben: ""The beauty of science is to make things simple."" Um unser Team des NGS-Service-Labors in Freiburg zu verstärken, suchen wir Sie zum frühestmöglichen Termin als Research Technician . BTA, MTA, Biologielaborant(in) (m/w/d) als Research Technician - NGS Service Lab Wir suchen motivierte und proaktive Mitarbeiter für unser NGS-Service-Team. Die erfolgreichen Bewerber werden als Teil eines dynamischen Teams das Service-Portfolio weiter ausbauen und zum weiteren Erfolg von Zymo Research beitragen. Aufgaben und Verantwortlichkeiten Annahme, Vor- und Aufbereitung von Laborproben für Mikrobiom-Analysen und andere Tests QMS-konforme Dokumentation der durchgeführten Arbeiten und erzielten Ergebnisse Arbeiten nach standardisierten Arbeitsanleitungen (SOP), die in englischer Sprache verfasst sind Unterstützung der Laborleitung bei der Versuchsplanung und Prozessoptimierung Allgemeine Labororganisation Ihr Profil Abgeschlossene Ausbildung: BTA/CTA/MTA/B.Sc. Biologie oder vergleichbar Ausgezeichnete Kenntnisse der deutschen und englischen Sprache in Schrift und Wort Bereitschaft mit standardisierten Methoden zu arbeiten Ein hohes Maß an Zuverlässigkeit, Sorgfalt und Verantwortungsbewusstsein Empathie, Teamfähigkeit und hohes Motivationslevel Beherrschen von MS-Office Wir bieten Eine sehr abwechslungsreiche und verantwortungsvolle Tätigkeit mit Entwicklungsmöglichkeiten in einem internationalen Unternehmen Eine leistungsgerechte Vergütung mit 13. Monatsgehalt und zusätzlichem Performance Bonus Flexibles Arbeitszeitmodell Betriebliche Altersvorsorge, Krankenzusatzversicherung, Hansefit und Jobrad Gezielte Weiterbildungen, Schulungen & Trainings, sowie Teamevents Freie Getränke & regionales Obst Eine respektvolle Zusammenarbeit in einem dynamischen Team in einem innovativen und modernen Unternehmen, das Eigeninitiative schätzt Einen Arbeitsplatz im Dreiländereck am Fuße des Schwarzwaldes",de.linkedin.com/jobs/view/bta-ngs-m-w-d-zymo-research-europe-at-zymo-research-europe-4283972731
BTA als Technischer Assistent (m/w/d)- Zymo Research Europe,Zymo Research Europe,"Freiburg, Baden-Württemberg, Germany",LinkedIn,https://de.linkedin.com/jobs/view/bta-als-technischer-assistent-m-w-d-zymo-research-europe-at-zymo-research-europe-4283970833?position=4&pageNum=0&refId=6qY7Dt46Q5l%2FEClWomG1Lw%3D%3D&trackingId=GWs1rJhMsgvDC%2BnLMTsCqg%3D%3D,Not specified,2025-08-13 17:11:24.310226,2025-08-12,"Zymo Research ist ein weltweit agierendes Biotechnologieunternehmen und führend in den Bereichen Epigenetik, Mikrobiomik und Next-Generation-Sequencing (NGS). Mit unseren internationalen Einrichtungen und einem globalen Vertriebsnetz ermöglicht Zymo Research Forschenden in der akademischen Wissenschaft und im biomedizinischen Bereich, überall auf der Welt bahnbrechende Entdeckungen zu machen. Während Zymo Research einige der technologisch fortschrittlichsten Produkte der Branche anbietet, wird alles von unserer grundlegenden Überzeugung angetrieben: ""The beauty of science is to make things simple."" Um unser Team des NGS-Service-Labors in Freiburg zu verstärken, suchen wir Sie zum frühestmöglichen Termin als Research Technician . BTA, MTA, Biologielaborant(in) (m/w/d) als Research Technician - NGS Service Lab Wir suchen motivierte und proaktive Mitarbeiter für unser NGS-Service-Team. Die erfolgreichen Bewerber werden als Teil eines dynamischen Teams das Service-Portfolio weiter ausbauen und zum weiteren Erfolg von Zymo Research beitragen. Aufgaben und Verantwortlichkeiten Annahme, Vor- und Aufbereitung von Laborproben für Mikrobiom-Analysen und andere Tests QMS-konforme Dokumentation der durchgeführten Arbeiten und erzielten Ergebnisse Arbeiten nach standardisierten Arbeitsanleitungen (SOP), die in englischer Sprache verfasst sind Unterstützung der Laborleitung bei der Versuchsplanung und Prozessoptimierung Allgemeine Labororganisation Ihr Profil Abgeschlossene Ausbildung: BTA/CTA/MTA/B.Sc. Biologie oder vergleichbar Ausgezeichnete Kenntnisse der deutschen und englischen Sprache in Schrift und Wort Bereitschaft mit standardisierten Methoden zu arbeiten Ein hohes Maß an Zuverlässigkeit, Sorgfalt und Verantwortungsbewusstsein Empathie, Teamfähigkeit und hohes Motivationslevel Beherrschen von MS-Office Wir bieten Eine sehr abwechslungsreiche und verantwortungsvolle Tätigkeit mit Entwicklungsmöglichkeiten in einem internationalen Unternehmen Eine leistungsgerechte Vergütung mit 13. Monatsgehalt und zusätzlichem Performance Bonus Flexibles Arbeitszeitmodell Betriebliche Altersvorsorge, Krankenzusatzversicherung, Hansefit und Jobrad Gezielte Weiterbildungen, Schulungen & Trainings, sowie Teamevents Freie Getränke & regionales Obst Eine respektvolle Zusammenarbeit in einem dynamischen Team in einem innovativen und modernen Unternehmen, das Eigeninitiative schätzt Einen Arbeitsplatz im Dreiländereck am Fuße des Schwarzwaldes",de.linkedin.com/jobs/view/bta-als-technischer-assistent-m-w-d-zymo-research-europe-at-zymo-research-europe-4283970833
Lehrkraft (m/w/d) an der Pflegeschule,TieTalent,"Freiburg, Baden-Württemberg, Germany",LinkedIn,https://de.linkedin.com/jobs/view/lehrkraft-m-w-d-an-der-pflegeschule-at-tietalent-4283864441?position=12&pageNum=0&refId=6qY7Dt46Q5l%2FEClWomG1Lw%3D%3D&trackingId=euICVSwZ4okP%2Bu7HUzDP%2Fg%3D%3D,Not specified,2025-08-13 17:11:24.311335,2025-08-13,"Job Description Die Kolping Bildungsunternehmen zählen mit rund 230 Bildungseinrichtungen und 8.200 Beschäftigen zu den größten Bildungsträgern in Deutschland. Wir, die Kolping Fachschule für Pflege gGmbh in Freiburg, sind ein junges Unternehmen, welches sich seit 2023 mit der Ausbildung von jungen Erwachsenen im Bereich der Altenpflegehilfe beschäftigt. Lehrkraft (m/w/d) an der Pflegeschule Pflegeschule Freiburg | ab sofort | Vollzeit, Teilzeit | befristet ZIPC1_DE",de.linkedin.com/jobs/view/lehrkraft-m-w-d-an-der-pflegeschule-at-tietalent-4283864441
Qualitätssicherungstechniker / Fachkraft für unsere Qualitätssicherung Fachrichtung Mechanik (m/w/d),Ernst Reiner GmbH & Co. KG,"Furtwangen, Baden-Württemberg, Germany",LinkedIn,https://de.linkedin.com/jobs/view/qualit%C3%A4tssicherungstechniker-fachkraft-f%C3%BCr-unsere-qualit%C3%A4tssicherung-fachrichtung-mechanik-m-w-d-at-ernst-reiner-gmbh-co-kg-4284400513?position=13&pageNum=0&refId=6qY7Dt46Q5l%2FEClWomG1Lw%3D%3D&trackingId=urhKBah%2FpVBXDnaeRpIz8g%3D%3D,Not specified,2025-08-13 17:11:24.311476,2025-08-13,"Wir suchen für unseren Standort Furtwangen im Schwarzwald in Vollzeit ab sofort einen Qualitätssicherungstechniker / Fachkraft für unsere Qualitätssicherung Fachrichtung Mechanik (m/w/d) Furtwangen | Vollzeit | ab sofort Die Ernst REINER GmbH & Co. KG ist ein mittelständisches Unternehmen mit Sitz in Furtwangen im Schwarzwald. REINER entwickelt, produziert und vertreibt weltweit Kennzeichnungsgeräte, Handstempel, Präzisionsteile und Dokumenten-Scanner. Als Techniker in der Qualitätssicherung (m/w/d) überwachen Sie Fertigungsprozesse, entwickeln Messabläufe und verbessern kontinuierlich die Produktionsabläufe durch gezielte Analysen. Ihre Aufgaben Planung, Überwachung und Durchführung produktionsbegleitender Prüfungen Erstellung von Messprogrammen am Koordinatenmessgerät „Zeiss Contura“ Prozessanalyse und Prozessoptimierung Überwachung und Einführung von statistischen Messungen Reklamationsbearbeitung inklusiv 3D- und 8D-Berichten Erstellen von Warenein-/ausgangs- sowie fertigungsbegleitenden Prüfplänen mittels SAP R/3 Betreuung von Projekten und Bauteilen Mitwirkung beim Erstellen von Arbeits- und Verfahrensanweisungen sowie internen Dokumenten Allgemeine administrative Tätigkeiten im QS-Bereich Ihre Voraussetzungen Sie haben eine abgeschlossene Ausbildung als Mechaniker, Werkzeugmechaniker oder eine ähnliche Qualifikation, evtl. mit Weiterbildung zum Meister oder Techniker Berufserfahrung im Qualitäts- und Messwesen ist von Vorteil Kenntnisse über Prüfmittel und Prüfverfahren, statistische Verfahren und Stichprobenprüfungen Ihre Arbeitsweise ist hochkonzentriert, eigenverantwortlich und sorgfältig Sie haben ein hohes Maß an Qualitäts- und Verantwortungsbewusstsein Das bietet REINER Eine umfassende und individuelle Einarbeitung Interessante und abwechslungsreiche Aufgaben Möglichkeiten zur Aus- und Weiterbildung Kurze Entscheidungswege Ein engagiertes Team und ein gutes Arbeitsklima Eine leistungsgerechte Vergütung Fahrradleasing Haben wir Ihr Interesse geweckt? Dann senden Sie uns bitte Ihre vollständigen Bewerbungsunterlagen bevorzugt per E-Mail unter Angabe Ihres frühestmöglichen Eintrittstermins und Ihrer Gehaltsvorstellung zu. Wir freuen uns auf Ihre Bewerbung. bewerbungen@reiner.de Ernst Reiner GmbH & Co. KG | Baumannstr. 16 | 78120 Furtwangen Herr Lothar Riesle | Telefon: +49 7723 657-220 | bewerbungen@reiner.de www.reiner.de",de.linkedin.com/jobs/view/qualit%C3%A4tssicherungstechniker-fachkraft-f%C3%BCr-unsere-qualit%C3%A4tssicherung-fachrichtung-mechanik-m-w-d-at-ernst-reiner-gmbh-co-kg-4284400513
"„Out of School"", rein zu EY - Dein Schnuppertag in der Steuerberatung (w/m/d)",EY,"Freiburg, Baden-Württemberg, Germany",LinkedIn,https://de.linkedin.com/jobs/view/%E2%80%9Eout-of-school-rein-zu-ey-dein-schnuppertag-in-der-steuerberatung-w-m-d-at-ey-4258777371?position=14&pageNum=0&refId=6qY7Dt46Q5l%2FEClWomG1Lw%3D%3D&trackingId=RK1%2BgODD7ynHSJC27KYfqQ%3D%3D,Not specified,2025-08-13 17:11:24.311613,2025-08-13,"Are you ready to shape your future with confidence? Gemeinsam die Welt jeden Tag ein bisschen besser machen. Für diesen Anspruch setzen wir bei EY alles in Bewegung und gehen als Team „all in“. Schließlich haben wir ein klares Ziel vor Augen: nachhaltigen Wert und Wachstum zu schaffen – für unsere Mandant:innen, Mitarbeitenden und die gesamte Gesellschaft. Unser globales Netzwerk aus rund 400.000 Mitarbeitenden weltweit bietet dir alle Möglichkeiten zu wachsen, dich zu entwickeln, dich zu spezialisieren sowie deine Stärken und Interessen beruflich zu verfolgen. Wir glauben daran, dass der richtige Karriereweg so individuell ist wie du. Deine Aufgaben Du bist Schüler:in und möchtest einen Blick hinter die Kulissen eines Beratungsunternehmens werfen? Bei unserem eintägigen Schnupperpraktikum „Out of School Day“ erhältst du exklusive Einblicke in unsere Beratung und die Arbeit unserer Tax Teams. Komm für einen Tag zu EY - am Standort in deiner Nähe. Was dich hierbei an diesem Tag erwartet: Erlebe den Arbeitsalltag in einer Beratung und die Aufgaben im Team Sammle erste Praxiserfahrung Lerne unsere Teams kennen und stelle all deine Fragen Entdecke dein Potenzial Betreuung über den Tag durch deinen persönlichen „Buddy“ Dein Skillset Neugierde für die Bereiche Wirtschaftswissenschaften, Finanzwissenschaften oder Rechtswissenschaften Zahlenaffinität und analytisches Denken Flexibilität und Offenheit für neue, abwechslungsreiche Herausforderungen Gute Kommunikationsfähigkeiten in Deutsch und Englisch Deine Benefits Bei EY arbeitest du in leistungsstarken, interdisziplinären Teams mit innovativen Technologien. In einem flexiblen und inklusiven Arbeitsumfeld unterstützen wir dich in deinen unterschiedlichen Lebenssituationen. Inspirierende Kolleg:innen sowie Trainings- und Entwicklungsmöglichkeiten on- und off-the-Job, helfen dir dabei, über dich hinauszuwachsen und die Fähigkeiten weiterzuentwickeln, die du zukünftig brauchst. Eine steile Lernkurve ist dir garantiert. Mehr über unsere Benefits. Bewirb dich noch heute! Mehr Informationen zum Bewerbungsprozess bei EY findest du auf unserer Karriereseite. Was andere über uns sagen, findest du auf kununu und Glassdoor. Bei EY leben wir Vielfalt und begrüßen alle Bewerbungen. Sag uns gerne frühzeitig Bescheid, wenn wir dich hinsichtlich eines barrierefreien Bewerbungsprozesses unterstützen können. Du hast noch Fragen? Unser Recruitment Center beantwortet diese gerne unter +49 6196 996 10005.",de.linkedin.com/jobs/view/%E2%80%9Eout-of-school-rein-zu-ey-dein-schnuppertag-in-der-steuerberatung-w-m-d-at-ey-4258777371
Studienassistent*in (Study Nurse) (m/w/d) Klinik für Dermatologie und Venerologie,TieTalent,"Freiburg, Baden-Württemberg, Germany",LinkedIn,https://de.linkedin.com/jobs/view/studienassistent-in-study-nurse-m-w-d-klinik-f%C3%BCr-dermatologie-und-venerologie-at-tietalent-4283862634?position=15&pageNum=0&refId=6qY7Dt46Q5l%2FEClWomG1Lw%3D%3D&trackingId=e7fXHezJ2%2Foz8J9TvIGCaw%3D%3D,Not specified,2025-08-13 17:11:24.311754,2025-08-13,"Job Description Das Universitätsklinikum Freiburg ist ein Krankenhaus der Maximalversorgung mit über 2.100 Betten, dessen Einzugsgebiet sich von Basel bis Karlsruhe, von der französischen Grenze bis hin zum Bodensee erstreckt. Es werden jährlich rund 90.000 stationäre Patient innen und rund 900.000 ambulante Besucher innen behandelt. Das Universitätsklinikum beschäftigt mehr als 15.000 Mitarbeiter*innen und zählt zu den größten Arbeitgebern in der Region. Die Klinik für Dermatologie und Venerologie sucht zum nächstmöglichen Zeitpunkt eine*n Studienassistent*in (Study Nurse) (m/w/d) Ein Ziel unserer Klinik ist die Etablierung innovativer Therapien für Patient*innen mit Erkrankungen des gesamten dermatologischen Spektrums sowohl bei Erwachsenen, als auch bei Kindern. Besonderes Augenmerk legen wir auf die Durchführung von klinischen Studien bzw. das Angebot innovativer Therapieverfahren. ZIPC1_DE",de.linkedin.com/jobs/view/studienassistent-in-study-nurse-m-w-d-klinik-f%C3%BCr-dermatologie-und-venerologie-at-tietalent-4283862634
Spezialist für Freigabedateien (m/w/d),Bertrandt Group,"Biberach, Baden-Württemberg, Germany",LinkedIn,https://de.linkedin.com/jobs/view/spezialist-f%C3%BCr-freigabedateien-m-w-d-at-bertrandt-group-4281809059?position=16&pageNum=0&refId=6qY7Dt46Q5l%2FEClWomG1Lw%3D%3D&trackingId=%2BYT%2BzRAo1NSrdi0cF3nCEQ%3D%3D,Not specified,2025-08-13 17:11:24.311891,2025-08-13,"Arbeitsort: 88400, Biberach Jetzt online bewerben! Was Sie erwartet: Zusammenstellung der Freigabedokumentation Repräsentieren und vertreten der Klinischen Studie Analysieren von Risiken Erarbeiten von Optimierungsideen Mitarbeit an diversen Verbesserungs- und Innovationsprojekten Unterstützung bei internen Inspektionen durch Bereitstellung von Dokumenten und Prozessen aus dem eigenen Verantwortungsbereich Freigabe-Aktivitäten und deren Zeitschienen in den klinischen Studienteams unter Einhaltung der rechtlichen und regulatorischen Vorgaben gehören ebenfalls zu Ihren Aufgaben Was Sie mitbringen: Abgeschlossenes naturwissenschaftliches (Bachelor-/Masterstudium) mit mehrjähriger relevanter Berufserfahrung, vorzugsweise in der Pharmaindustrie, oder eine abgeschlossene naturwissenschaftliche Ausbildung mit zusätzlicher Weiterbildung zum Meister/Techniker. Erfahrung in GMP-regulierten Umgebungen in der pharmazeutischen Entwicklung Sehr gute Kenntnisse in MS-Office-Anwendungen und SAP Sie arbeiten effizient, eigenständig und sorgfältig Sehr gute Deutsch- und Englischkenntnisse in Wort und Schrift Flexibilität, Zuverlässigkeit, Teamfähigkeit und Kommunikationsstärke runden Ihr Profil ab WIR bewegen, WIR entwickeln, WIR verändern – gemeinsam im Team und mit unseren Kunden. Unser Engagement erstreckt sich über verschiedene Arbeitsorte in der Region Ulm, wo wir gemeinsam mit unseren Projektpartnern Innovationen vorantreiben. Für einen unserer Kunden und Projektpartner suchen wir einen Spezialist für Freigabedateien (m/w/d) Schließen Sie sich unserer Mission an und gestalten Sie die Zukunft der Technologie mit Begeisterung und Kreativität an einem unserer Standorte in dieser dynamischen Region. Schwerbehinderte Menschen beziehungsweise gleichgestellte Menschen im Sinne des SGB IX werden bei gleicher Eignung bevorzugt eingestellt. Was wir können: Verantwortungsvolle Aufgaben Mobiles Arbeiten Flexible Arbeitszeiten Eigenverantwortliches Arbeiten Rabatte Internes Gesundheitsmanagement Mitarbeiter-Events Betriebliche Altersvorsorge und BU-Versicherung Kontakt: Stefanie Krug Tel.: +49 7034 656-13784",de.linkedin.com/jobs/view/spezialist-f%C3%BCr-freigabedateien-m-w-d-at-bertrandt-group-4281809059
Senior Professional (m/w/d) Wirtschaftsprüfung,TieTalent,"Freiburg, Baden-Württemberg, Germany",LinkedIn,https://de.linkedin.com/jobs/view/senior-professional-m-w-d-wirtschaftspr%C3%BCfung-at-tietalent-4284109741?position=17&pageNum=0&refId=6qY7Dt46Q5l%2FEClWomG1Lw%3D%3D&trackingId=PmbcASFwFIOOF3I88q3x5A%3D%3D,Not specified,2025-08-13 17:11:24.312028,2025-08-13,"Job Description Den eigenen Weg gehen und sich optimal entwickeln können – dazu gehört ein Umfeld, in dem alles stimmt. Bei BANSBACH legen wir großen Wert auf ein partnerschaftliches Miteinander, im Team und mit unseren Mandanten. Denn nur in einer Atmosphäre der Unterstützung entstehen herausragende Ergebnisse. Du hast bereits erste praktische Erfahrungen in Wirtschaftsprüfung gesammelt und suchst nun den nächsten Schritt in Deiner beruflichen Entwicklung? Dann gestalte Deine Zukunft gemeinsam mit uns. In einem unserer vielseitigen und generalistisch aufgestellten Teams der Wirtschaftsprüfung übernimmst Du Verantwortung, entwickelst Deine fachlichen Kompetenzen weiter und arbeitest eng mit erfahrenen Kolleginnen und Kollegen zusammen. Be you – Dein BANSBACH-Weg. Wenn Du den Beruf des Wirtschaftsprüfers (m/w/d) anstrebst, unterstützen wir Dich mit unserem individuellen Förderungsprogramm. Setze Deine Entwicklung gezielt fort – und werde Teil unseres Expertenteams am Standort Freiburg als Senior Professional (m/w/d) Wirtschaftsprüfung ZIPC1_DE",de.linkedin.com/jobs/view/senior-professional-m-w-d-wirtschaftspr%C3%BCfung-at-tietalent-4284109741
Acheteur Familles (H/F) - Composants mécaniques & hydrauliques,Liebherr Group,"Colmar, Grand Est, France",LinkedIn,https://fr.linkedin.com/jobs/view/acheteur-familles-h-f-composants-m%C3%A9caniques-hydrauliques-at-liebherr-group-4284137671?position=19&pageNum=0&refId=6qY7Dt46Q5l%2FEClWomG1Lw%3D%3D&trackingId=ib9rRcDw2bK8F9OLuDS2Yw%3D%3D,Not specified,2025-08-13 17:11:24.312301,2025-08-13,"Qu'allez-vous faire chez nous ? L’acheteur(se) aura pour rôle de garantir le respect des objectifs Coût, Qualité, Délai pour les familles de produits confiées (Composants mécaniques & hydrauliques), tout en appliquant les stratégies achats définies par les instances dirigeantes. Il/elle assurera : La gestion autonome des fournisseurs : appels d’offres, négociation, contractualisation, suivi. Le pilotage de la performance fournisseurs : évaluation, suivi des livraisons, gestion des litiges. La coordination interne avec les équipes approvisionnement, qualité, BE, logistique. La mise à jour des bases de données et l’utilisation des outils digitalisés. La veille sur les risques fournisseurs et l’anticipation des problématiques. La participation aux audits et à l’amélioration continue. La contribution active au sein de la Division et du Groupe : animation des échanges, mise en place de solutions optimisées. Qui recherchons-nous ? Maîtrise des techniques d’achats, de négociation et des processus associés. Bonne connaissance des logiciels de gestion et des outils bureautiques. Compétences en analyse de données, lecture de plans, audit, logistique internationale. Langues étrangères indispensables : Allemand et/ou Anglais Connaissance des marchés internationaux ou émergents. Expérience en environnement industriel. Ce que nous offrons Poste en CDI, statut cadre en forfait jours (convention collective de la Métallurgie), télétravail partiel possible Prime de vacances, Participation, chèques vacances, 13ème mois, Percol Restaurant d'entreprise Un Comité Economique et Social actif et une bonne couverture santé et prévoyance prise en charge à 90% par l'employeur. Notre entreprise s'engage en faveur de la diversité et du handicap, et à ce titre étudie les candidatures à niveau d'exigence égal. Avons-nous suscité votre intérêt ? Si c’est le cas, nous serions ravis de recevoir votre candidature en ligne. Si vous avez des questions, veuillez contacter Anaïs FORMWALD. One Passion. Many Opportunities. Une passion commune. Tant d’opportunités. L'entreprise Liebherr-Mining Equipment Colmar SAS, acteur majeur dans l'industrie minière, présent à l'international, spécialisé dans le développement et la production de pelles et de tombereaux. Reconnu pour ses produits fiables, de qualité et un service de proximité, nous nous engageons à surpasser les attentes de nos clients avec des solutions innovantes. Chaque année, nous investissons dans l'amélioration de nos produits, tout en répondant aux défis de décarbonation. Avec des projets de recherche axés sur les nouvelles technologies, nous offrons à nos employés l'opportunité de façonner un avenir durable pour notre environnement. Site Liebherr-Mining Equipment Colmar SAS 49 Rue Frédéric Hartmann, CS 50038 Colmar/Cedex France (FR) Contact Anaïs FORMWALD Seules les candidatures en ligne seront traitées",fr.linkedin.com/jobs/view/acheteur-familles-h-f-composants-m%C3%A9caniques-hydrauliques-at-liebherr-group-4284137671
Steuerfachangestellte - Buchhaltung / Abschlüsse / Steuererklärungen (m/w/d),TieTalent,"Freiburg, Baden-Württemberg, Germany",LinkedIn,https://de.linkedin.com/jobs/view/steuerfachangestellte-buchhaltung-abschl%C3%BCsse-steuererkl%C3%A4rungen-m-w-d-at-tietalent-4283863732?position=22&pageNum=0&refId=6qY7Dt46Q5l%2FEClWomG1Lw%3D%3D&trackingId=lySF9iPFPtogW2ktuntwjw%3D%3D,Not specified,2025-08-13 17:11:24.312724,2025-08-13,"Job Description Wir sind der Partner für Wirtschaftsprüfung, Steuerberatung und internationale Steuerfragen. Unser Ziel ist es, Unternehmen und Privatpersonen dabei zu unterstützen, ihre finanziellen Ziele zu erreichen und dabei stets den Überblick zu behalten. Mit unserer Expertise und unserem Engagement bieten wir Ihnen maßgeschneiderte Lösungen für individuellen Bedürfnisse. Bei Google werden wir hoch und laufend bewertet als Ausdruck hoher Kundenzufriedenheit. ZIPC1_DE",de.linkedin.com/jobs/view/steuerfachangestellte-buchhaltung-abschl%C3%BCsse-steuererkl%C3%A4rungen-m-w-d-at-tietalent-4283863732
"Koordination, Planung und Steuerung für die Stabstelle der Amtsleitung",Stadt Freiburg,"Freiburg, Baden-Württemberg, Germany",LinkedIn,https://de.linkedin.com/jobs/view/koordination-planung-und-steuerung-f%C3%BCr-die-stabstelle-der-amtsleitung-at-stadt-freiburg-4282228550?position=23&pageNum=0&refId=6qY7Dt46Q5l%2FEClWomG1Lw%3D%3D&trackingId=juG3kMVfn4vLZtsU1AzGTg%3D%3D,Not specified,2025-08-13 17:11:24.312861,2025-08-13,,de.linkedin.com/jobs/view/koordination-planung-und-steuerung-f%C3%BCr-die-stabstelle-der-amtsleitung-at-stadt-freiburg-4282228550
Finanzbuchhalter (m/w/d),Rocken®,"Freiburg, Baden-Württemberg, Germany",LinkedIn,https://de.linkedin.com/jobs/view/finanzbuchhalter-m-w-d-at-rocken%C2%AE-4283850793?position=24&pageNum=0&refId=6qY7Dt46Q5l%2FEClWomG1Lw%3D%3D&trackingId=XmFpQUR51xaCgOVzHIc3wQ%3D%3D,Not specified,2025-08-13 17:11:24.312998,2025-08-13,,de.linkedin.com/jobs/view/finanzbuchhalter-m-w-d-at-rocken%C2%AE-4283850793
Steuerfachangestellter - Finanzbuchhaltung / DATEV / Lohnabrechnung (m/w/d),Jobs via eFinancialCareers,"Lahr, Baden-Württemberg, Germany",LinkedIn,https://de.linkedin.com/jobs/view/steuerfachangestellter-finanzbuchhaltung-datev-lohnabrechnung-m-w-d-at-jobs-via-efinancialcareers-4277212663?position=25&pageNum=0&refId=6qY7Dt46Q5l%2FEClWomG1Lw%3D%3D&trackingId=Xek8cC1yNy4ufGcZ3qigGQ%3D%3D,Not specified,2025-08-13 17:11:24.313134,2025-08-13,,de.linkedin.com/jobs/view/steuerfachangestellter-finanzbuchhaltung-datev-lohnabrechnung-m-w-d-at-jobs-via-efinancialcareers-4277212663
Steuerfachangestellter / Steuerfachwirt / Bilanzbuchhalter Steuerberatung (w/m/d),EY,"Freiburg, Baden-Württemberg, Germany",LinkedIn,https://de.linkedin.com/jobs/view/steuerfachangestellter-steuerfachwirt-bilanzbuchhalter-steuerberatung-w-m-d-at-ey-4246261714?position=27&pageNum=0&refId=6qY7Dt46Q5l%2FEClWomG1Lw%3D%3D&trackingId=0TrZlcSgrmLAWSLKEDlJaA%3D%3D,Not specified,2025-08-13 17:11:24.313419,2025-08-13,,de.linkedin.com/jobs/view/steuerfachangestellter-steuerfachwirt-bilanzbuchhalter-steuerberatung-w-m-d-at-ey-4246261714
Baumpfleger*in für Freiburgs Stadtgrün,Stadt Freiburg,"Freiburg, Baden-Württemberg, Germany",LinkedIn,https://de.linkedin.com/jobs/view/baumpfleger-in-f%C3%BCr-freiburgs-stadtgr%C3%BCn-at-stadt-freiburg-4282230263?position=29&pageNum=0&refId=6qY7Dt46Q5l%2FEClWomG1Lw%3D%3D&trackingId=E6%2FI5feHCBXdVmPB7kL9Dw%3D%3D,Not specified,2025-08-13 17:11:24.313694,2025-08-13,,de.linkedin.com/jobs/view/baumpfleger-in-f%C3%BCr-freiburgs-stadtgr%C3%BCn-at-stadt-freiburg-4282230263
Apprentice Physics Laboratory Technician,Rogers Corporation,"Speinshart, Bavaria, Germany",LinkedIn,https://de.linkedin.com/jobs/view/apprentice-physics-laboratory-technician-at-rogers-corporation-4182775235?position=2&pageNum=0&refId=Q8Qmy0k2D5PcVbyg9F3IAQ%3D%3D&trackingId=afrObOfyPjPfvW3E3RJNXg%3D%3D,Not specified,2025-08-13 17:12:00.540926,2025-08-13,"Summary: Wir suchen Dich als Physiklaborant (m/w/d): Ausbildungsdauer: 3,5 Jahre Berufsschule: Selb - Blockunterricht 12 Wochen/Jahr Weiterbildungsmöglichkeiten: Finanziell geförderte Weiterbildung für Meister, Techniker, Fachwirt, Studium Benefits: Faire Vergütung Familiäres Arbeitsklima Corporate Benefits Prämien für gute schulische Leistungen VWL & betriebliche Altersvorsorge 36 Stundenwoche Azubi- und Mitarbeiterevents Weihnachts- und Urlaubsgeld 30 Urlaubstage Kantine Essential Functions: Ausbildungsschwerpunkte: Untersuchung von Werkstoffen und Halb- und Fertigungsprodukten auf physikalische, chemische und elektrische Eigenschaften Vorbereitung von Proben, Durchführung und Auswertung von Analysen Erstellung von Prüfberichten Unterstützung der Abteilungen Produktion, Qualität und Forschung & Entwicklung bei analytischen Fragestellungen Qualifications: Gewünschte Eigenschaften: Verständnis für physikalisch-chemische Zusammenhänge Spaß an Untersuchungen Beobachten, Messen und Dokumentieren Selbständigkeit Fähigkeit zur Teamarbeit Englischkenntnisse Benötigte Schulbildung: Mittlere Reife / Mittelschulabschluss Who We Are and What We Are All About: Rogers Corporation makes tomorrow's innovations possible. Help build a cleaner, safer and more connected world with a career at Rogers, where we make tomorrow’s innovations possible. We rely on a talented workforce to develop our cutting edge, market-leading material technologies. Our global team develops innovative specialty materials and components that enable technology in a wide array of high-growth markets. Our customers expect high performance and reliability, so we are always looking for people who can improve processes, get results and represent a best-in-class organization. People are at the heart of all our operations, and we encourage our employees to act with integrity, creativity and excellence to help drive results worldwide. Why Work for Rogers: It is our commitment to get “Results, but Results the Right Way.” Rogers offers an exceptional work environment and a value-driven culture modeled by leadership. Employees have access to developmental opportunities as well as top-notch benefits and incentive programs. Come join a winning team! Rogers Corporation provides equal employment opportunities to minorities, females, veterans and disabled individuals, as well as other protected groups. About Rogers Corporation: At Rogers Corporation (NYSE:ROG), we're changing how the world uses technology. We are a global leader in materials technology and manufacturing, producing engineered materials to power, protect and connect our world. With nearly 200 years of materials science and engineering experience, Rogers delivers high-performance solutions that enable global Advanced Electronics Solutions and Elastomeric Material Solutions, as well as other technologies where reliability is critical. Rogers enables the world’s leading innovators to achieve greater performance, speed to market and reliability through our renowned technical solutions support, problem-solving and application engineering capabilities. Rogers delivers market-leading solutions for energy-efficient motor drives, vehicle electrification and alternative energy, sealing, vibration management, and impact protection in mobile devices, transportation interiors, industrial equipment and performance apparel, wireless infrastructure and automotive safety and radar systems. Headquartered in Chandler, Arizona (USA), Rogers operates manufacturing facilities in the United States, China, Germany, Belgium, Hungary and South Korea, with joint ventures and sales offices worldwide. For more information, visit www.rogerscorp.com.",de.linkedin.com/jobs/view/apprentice-physics-laboratory-technician-at-rogers-corporation-4182775235
Senior Projektmanager/in Photovoltaik (m/w/d),TieTalent,"Nuremberg, Bavaria, Germany",LinkedIn,https://de.linkedin.com/jobs/view/senior-projektmanager-in-photovoltaik-m-w-d-at-tietalent-4283866568?position=3&pageNum=0&refId=Q8Qmy0k2D5PcVbyg9F3IAQ%3D%3D&trackingId=l3MgqChpsJSf6vqfYkAeeQ%3D%3D,Not specified,2025-08-13 17:12:00.541067,2025-08-13,"Job Description Die Solaro Sales GmbH ist ein führender Anbieter für innovative und nachhaltige Photovoltaik-Freilandanlagen. Wir gestalten aktiv die Energiewende und suchen erfahrene Entwickler, die mit technischem Know-how und Projektmanagement-Erfahrung unsere Projekte von der Idee bis zur Realisierung begleiten und vorantreiben. ZIPC1_DE",de.linkedin.com/jobs/view/senior-projektmanager-in-photovoltaik-m-w-d-at-tietalent-4283866568
German Social Media Content Analyst in Lisbon w/Relocation bonus,Elemental Insights,"Nuremberg, Bavaria, Germany",LinkedIn,https://de.linkedin.com/jobs/view/german-social-media-content-analyst-in-lisbon-w-relocation-bonus-at-elemental-insights-4281773655?position=4&pageNum=0&refId=Q8Qmy0k2D5PcVbyg9F3IAQ%3D%3D&trackingId=ftx3z8G0F3RBNIxMpBFt%2FQ%3D%3D,Not specified,2025-08-13 17:12:00.541206,2025-08-13,"As a German-speaking Content Moderator, you will manage and ensure compliance with online legal processes and regulations for a company. Responsibilities include monitoring digital operations, assessing legal risks, and implementing online legal strategies to support business objectives. E.g. Legal Requests related to privacy claims, defamation, fraud, falsification Location: Lisbon, Portugal 2,500 € Relocation bonus for international candidates* + Assistance finding housing Work type: On-site Requirements: German C1 level minimum (or high B2) English B2 level minimum Strong attention to detail and excellent communication skills. Self-sufficient & confident in troubleshooting basic technical issues related to Connectivity, Systems & Devices. Ability to work independently and meet deadlines in a fast-paced environment. EU Citizenship No previous experience required! Don't miss this incredible opportunity! Apply now! Please upload your CV in English*",de.linkedin.com/jobs/view/german-social-media-content-analyst-in-lisbon-w-relocation-bonus-at-elemental-insights-4281773655
Junior / Senior Projektmanager Kalkulation (m/w/d) Schlüsselfertiges Bauen,Firmengruppe Max Bögl,"Sengenthal, Bavaria, Germany",LinkedIn,https://de.linkedin.com/jobs/view/junior-senior-projektmanager-kalkulation-m-w-d-schl%C3%BCsselfertiges-bauen-at-firmengruppe-max-b%C3%B6gl-4284129285?position=5&pageNum=0&refId=Q8Qmy0k2D5PcVbyg9F3IAQ%3D%3D&trackingId=O66y3HPHo9Tyvvz%2BMOQlgQ%3D%3D,Not specified,2025-08-13 17:12:00.541343,2025-08-13,"Wir - die Firmengruppe Max Bögl - sind rund 6.500 überzeugte BöglerInnen, erwirtschaften gemeinsam einen Jahresumsatz von über 2,6 Mrd. Euro und sind stolz darauf, dass wir zu den größten Bau-, Technologie- und Dienstleistungsunternehmen der deutschen Bauindustrie gehören. Seit der Gründung im Jahr 1929 sind wir ständig geprägt von Innovationskraft in Forschung und Technik. Das breite Leistungsspektrum und eine hohe Wertschöpfungstiefe mit eigenem Stahlbau, eigenen Fertigteilwerken, modernstem Fuhr- und Gerätepark sowie eigenen Roh- und Baustoffbetrieben macht uns zum einzigartigen Arbeitgeber mit vielfältigsten Entwicklungsmöglichkeiten. Wir arbeiten daher dort, wo wir uns am besten entfalten können und streben stets nach höchster Qualität von der ersten Konzeptidee bis zum fertigen Bauprodukt. Dabei bleiben wir immer noch eine große Familie mit flachen Hierarchien, kurzen Entscheidungswegen und der Leidenschaft zum Bau. Zur Verstärkung unseres Teams suchen wir eine/n Junior / Senior Projektmanager Kalkulation (m/w/d) Schlüsselfertiges Bauen Ihre Aufgaben Gemeinsam mit Leidenschaft aus Ideen Fortschritt bauen Erstellen von schlüsselfertigen Angeboten für den Bereich Hochbau Teilnahme an Vergabeverhandlungen Ausarbeiten von Sondervorschlägen Mithilfe bei der Verhandlung und Bindung von Nachunternehmern in der Angebotsphase Durchführung von Budgetkontrollen Mithilfe bei der Ausschreibung und der Vergabe von Nachunternehmerleistungen Ihr Profil Abgeschlossenes Studium im Bereich Bauingenieurwesen oder vergleichbare Qualifikation Idealerweise bereits Berufserfahrung in der Kalkulation Hochbauprojekten Spezifische Kenntnisse zeitgemäßer EDV- und Kalkulationsprogramme, v.a. RIB iTWO Gute Englischkenntnisse Unternehmerisches Denken, Verantwortungsbewusstsein, Teamfähigkeit sowie Eigeninitiative Unser Angebot Als Bögler realisieren Sie herausfordernde Projekte und Aufgaben in einem innovativen und zukunftsorientierten Familienunternehmen Begleitung ab dem ersten Arbeitstag durch unser hybrides Einführungs- programm „Bögler werden“ mit Unterstützung eines eigenen Paten Vielfältige Entwicklungsmöglichkeiten: zeit- und ortsunabhängig durch unsere eigene mbakademie Offene Gesprächskultur und kollegiales Umfeld Umfangreiche Mitarbeitervergünstigungen für eine Vielzahl von überregionalen Anbietern (Corporate Benefits) Vertrauensarbeitszeit und Möglichkeit zum mobilen Arbeiten Werde Teil unseres erfolgreichen Hochbau-Teams Ist das Ihre Position? Dann freuen wir uns auf Ihre aussagekräftige Bewerbung mit Angabe des möglichen Eintrittstermins und Ihres Gehaltswunsches.",de.linkedin.com/jobs/view/junior-senior-projektmanager-kalkulation-m-w-d-schl%C3%BCsselfertiges-bauen-at-firmengruppe-max-b%C3%B6gl-4284129285
Fachreferent strategisches Energiemanagement (m/w/d),Firmengruppe Max Bögl,"Sengenthal, Bavaria, Germany",LinkedIn,https://de.linkedin.com/jobs/view/fachreferent-strategisches-energiemanagement-m-w-d-at-firmengruppe-max-b%C3%B6gl-4281272350?position=6&pageNum=0&refId=Q8Qmy0k2D5PcVbyg9F3IAQ%3D%3D&trackingId=Ym7GnK4MT5BXp2ANZMc71Q%3D%3D,Not specified,2025-08-13 17:12:00.541481,2025-08-12,"Wir - die Firmengruppe Max Bögl - sind rund 6.500 überzeugte BöglerInnen, erwirtschaften gemeinsam einen Jahresumsatz von über 2,6 Mrd. Euro und sind stolz darauf, dass wir zu den größten Bau-, Technologie- und Dienstleistungsunternehmen der deutschen Bauindustrie gehören. Seit der Gründung im Jahr 1929 sind wir ständig geprägt von Innovationskraft in Forschung und Technik. Das breite Leistungsspektrum und eine hohe Wertschöpfungstiefe mit eigenem Stahlbau, eigenen Fertigteilwerken, modernstem Fuhr- und Gerätepark sowie eigenen Roh- und Baustoffbetrieben macht uns zum einzigartigen Arbeitgeber mit vielfältigsten Entwicklungsmöglichkeiten. Wir arbeiten daher dort, wo wir uns am besten entfalten können und streben stets nach höchster Qualität von der ersten Konzeptidee bis zum fertigen Bauprodukt. Dabei bleiben wir immer noch eine große Familie mit flachen Hierarchien, kurzen Entscheidungswegen und der Leidenschaft zum Bau. Zur Verstärkung unseres Teams suchen wir eine/n Fachreferent strategisches Energiemanagement (m/w/d) Ihre Aufgaben Gemeinsam mit Leidenschaft aus Ideen Fortschritt bauen Durchführung von Umfeld-, Stakeholder- und Risikoanalysen mit Fokus auf Energie unter Berücksichtigung strategischer Ziele sowie inhaltliche und strategische Weiterentwicklung des bestehenden Energiemanagementsystems Verantwortung für den unternehmensweiten EnMS-Maßnahmenplan inklusive Zieldefinition, Verfolgung und Erfolgskontrolle Kennzahlenmanagement: Entwicklung und Pflege eines KPI-Dashboards zur Energieeffizienzbewertung auf Bereichs- und Unternehmensebene Vorbereitung, Durchführung und Nachbereitung der jährlichen EnMS-Managementbewertung Schaffung von Rahmenbedingungen zur perspektivischen Etablierung eines integrierten Managementsystems (IMS) Ihr Profil Abgeschlossenes Studium im Bereich Energiemanagement/-technik, Wirtschaftsingenieurwesen, Umwelt-/Nachhaltigkeitsmanagement, Bau-/Versorgungstechnik oder durch Berufserfahrung erworbene gleichwertige Qualifikation Fundierte Kenntnisse der ISO 50001, idealerweise auch weiterer Managementsystemnormen (v. a. ISO 14001, ISO 9001) Erfahrung in Strategieentwicklung, Prozesssteuerung und Systemintegration Ausgeprägte analytische Fähigkeiten und Zahlenaffinität Sicherer Umgang mit Kennzahlensystemen, Excel/Power BI o. ä. Tools von Vorteil Kommunikationsstärke, Überzeugungskraft und strukturierte Arbeitsweise Unternehmerisches Denken, Verantwortungsbewusstsein, Teamfähigkeit sowie Eigeninitiative Unser Angebot Als Bögler realisieren Sie herausfordernde Projekte und Aufgaben in einem innovativen und zukunftsorientierten Familienunternehmen Offene Gesprächskultur und kollegiales Umfeld Vielfältige zeit- und ortsunabhängig Entwicklungsmöglichkeiten durch eigene mbakedemie sowie Unterstützung von Aufstiegsfortbildungen Umfangreiche Mitarbeitervergünstigungen für eine Vielzahl von überregionalen Anbietern (Corporate Benefits) Umfassende Einarbeitung und individuelle Betreuung durch unser Patensystem Ist das Ihre Position? Dann freuen wir uns auf Ihre aussagekräftige Bewerbung mit Angabe des möglichen Eintrittstermins und Ihres Gehaltswunsches.",de.linkedin.com/jobs/view/fachreferent-strategisches-energiemanagement-m-w-d-at-firmengruppe-max-b%C3%B6gl-4281272350
Junior / Senior Projektmanager Kalkulation (m/w/d) Modulbau,Firmengruppe Max Bögl,"Sengenthal, Bavaria, Germany",LinkedIn,https://de.linkedin.com/jobs/view/junior-senior-projektmanager-kalkulation-m-w-d-modulbau-at-firmengruppe-max-b%C3%B6gl-4284126542?position=12&pageNum=0&refId=Q8Qmy0k2D5PcVbyg9F3IAQ%3D%3D&trackingId=N%2FNhh9%2F%2F16Ue%2B3cR0ueoXA%3D%3D,Not specified,2025-08-13 17:12:00.542312,2025-08-13,"Wir - die Firmengruppe Max Bögl - sind rund 6.500 überzeugte BöglerInnen, erwirtschaften gemeinsam einen Jahresumsatz von über 2,6 Mrd. Euro und sind stolz darauf, dass wir zu den größten Bau-, Technologie- und Dienstleistungsunternehmen der deutschen Bauindustrie gehören. Seit der Gründung im Jahr 1929 sind wir ständig geprägt von Innovationskraft in Forschung und Technik. Das breite Leistungsspektrum und eine hohe Wertschöpfungstiefe mit eigenem Stahlbau, eigenen Fertigteilwerken, modernstem Fuhr- und Gerätepark sowie eigenen Roh- und Baustoffbetrieben macht uns zum einzigartigen Arbeitgeber mit vielfältigsten Entwicklungsmöglichkeiten. Wir arbeiten daher dort, wo wir uns am besten entfalten können und streben stets nach höchster Qualität von der ersten Konzeptidee bis zum fertigen Bauprodukt. Dabei bleiben wir immer noch eine große Familie mit flachen Hierarchien, kurzen Entscheidungswegen und der Leidenschaft zum Bau. Zur Verstärkung unseres Teams suchen wir eine/n Junior / Senior Projektmanager Kalkulation (m/w/d) Modulbau Ihre Aufgaben Gemeinsam mit Leidenschaft aus Ideen Fortschritt bauen Kompetenter Ansprechpartner (m/w/d) für Bauherren und Architekten Teilnahme an Akquise Terminen und Erstberatungen von Bauherren und Architekten Koordination von internen Kalkulationsabläufen abteilungsübergreifend Erstellen von teil- und schlüsselfertigen Angeboten im Bereich Modulbau Führen von Architekten in der Planungsphase Teilnahme an Vergabeverhandlungen Mithilfe bei der Verhandlung und Bindung von Nachunternehmern in der Angebotsphase Einholung von Subunternehmerangeboten sowie deren Analyse und Auswertung Durchführung von Budgetkontrollen Ihr Profil Abgeschlossenes Ingenieurstudium, Technikerausbildung oder durch Berufserfahrung erworbene gleichwertige Qualifikation Idealerweise bereits Berufserfahrung in der Kalkulation oder der Ausführung im Wohnungsbau Spezifische Kenntnisse zeitgemäßer EDV- und Kalkulationsprogramme Gute Englischkenntnisse erwünscht Unternehmerisches Denken, Verantwortungsbewusstsein und Teamfähigkeit Flexibilität sowie selbstständiges und innovatives Arbeiten Organisationsgeschick und Kommunikationsstärke Unser Angebot Als Bögler realisieren Sie herausfordernde Projekte und Aufgaben in einem innovativen und zukunftsorientierten Familienunternehmen Begleitung ab dem ersten Arbeitstag durch unser hybrides Einführungs- programm „Bögler werden“ mit Unterstützung eines eigenen Paten Vielfältige Entwicklungsmöglichkeiten: zeit- und ortsunabhängig durch unsere eigene mbakademie Offene Gesprächskultur und kollegiales Umfeld Umfangreiche Mitarbeitervergünstigungen für eine Vielzahl von überregionalen Anbietern (Corporate Benefits) Vertrauensarbeitszeit und Möglichkeit zum mobilen Arbeiten Werde Teil unseres erfolgreichen Hochbau-Teams Ist das Ihre Position? Dann freuen wir uns auf Ihre aussagekräftige Bewerbung mit Angabe des möglichen Eintrittstermins und Ihres Gehaltswunsches.",de.linkedin.com/jobs/view/junior-senior-projektmanager-kalkulation-m-w-d-modulbau-at-firmengruppe-max-b%C3%B6gl-4284126542
Finanzbuchhalter (m/w/d),TieTalent,"Nuremberg, Bavaria, Germany",LinkedIn,https://de.linkedin.com/jobs/view/finanzbuchhalter-m-w-d-at-tietalent-4283868197?position=15&pageNum=0&refId=Q8Qmy0k2D5PcVbyg9F3IAQ%3D%3D&trackingId=xZCB3YN1oXqjPUBNJ3TrKQ%3D%3D,Not specified,2025-08-13 17:12:00.542718,2025-08-13,"Job Description Wir sind eine moderne Kanzlei, die sich auf die Steuer- und Unternehmensberatung für Mandanten diverser Rechtsformen und Branchen spezialisiert hat. Ein besonderes Augenmerk legen wir hierbei auf die Digitalisierung aller Prozesse. Ein angenehmes, freundliches und wertschätzendes Arbeitsklima ist uns besonders wichtig und wird aktiv von uns gefördert. Mit engagierten Mitarbeitern und Karrieremöglichkeiten sind wir ein attraktiver Arbeitgeber für alle, die sich in diesem Bereich weiterentwickeln möchten. Wir suchen einen Finanzbuchhalter (m/w/d) zur Verstärkung unseres kompetenten und herzlichen Teams. Wir setzen auf Vertrauen und Eigenverantwortung und vergessen nie, dass Arbeit auch Spaß machen darf. Wenn Du eine selbständige Arbeitsweise, Organisationtalent und Freude an der Arbeit in einem dynamischen Umfeld mitbringst, freuen wir uns auf Deine Bewerbung. ZIPC1_DE",de.linkedin.com/jobs/view/finanzbuchhalter-m-w-d-at-tietalent-4283868197
Operativer Einkäufer (m/w/d),TieTalent,"Nuremberg, Bavaria, Germany",LinkedIn,https://de.linkedin.com/jobs/view/operativer-eink%C3%A4ufer-m-w-d-at-tietalent-4283820189?position=16&pageNum=0&refId=Q8Qmy0k2D5PcVbyg9F3IAQ%3D%3D&trackingId=SO8E6RADCiQAL2qmkjKyRQ%3D%3D,Not specified,2025-08-13 17:12:00.542853,2025-08-12,"Wir suchen einen engagierten Operativen Einkäufer, der für die effiziente Beschaffung von Materialien und Dienstleistungen unseres Kunden verantwortlich ist. Bewerben Sie sich jetzt!Arbeitsort: Nürnberg Aufgaben Beschaffen von Materialien, Baugruppen und Dienstleistungen gemäß den Anforderungen der operativen Abteilungen Erstellen von Bestellungen, Überwachen von Lieferterminen und Sicherstellen der Lieferqualität Pflegen und Weiterentwickeln bestehender Lieferantenbeziehungen Durchführen von Preisverhandlungen und Abschließen von Verträgen Analysieren des Beschaffungsmarktes und Identifizieren von Einsparpotenzialen Anforderungen Eine abgeschlossene kaufmännische oder technische Ausbildung Berufserfahrung im operativen Einkauf, idealerweise in einem produzierenden Unternehmen Kenntnisse im Vertrags- und Lieferantenmanagement Verhandlungsgeschick und Durchsetzungsvermögen Analytisches Denkvermögen und strukturierte Arbeitsweise Kommunikationsstärke und Teamfähigkeit Was wir bieten Unbefristete Festanstellung Bis zu 30 Tage Jahresurlaub Attraktive und faire Bezahlung Urlaubs- und Weihnachtsgeld Vermögenswirksame Leistungen Persönliche Rundumbetreuung durch feste Ansprechpartner Interesse geweckt? Bewerbungen sind jederzeitwillkommen – direkt online oder per E-Mail. Für Fragen Steht DasTeam Gerne Zur Verfügung Team Nürnberg|info.nuernberg(at)bindan-personal.de | 0911 47790961 bindan GmbH &Co. KG | Südwestpark 67 | 90449 Nürnberg Sämtliche Personenbezeichnungen richten sich an alleMitglieder der Gesellschaft gleichermaßen. Über uns Willkommen bei bindan! Ob Berufseinstieg, neue berufliche Herausforderung oder der nächste Karriereschritt – hier warten spannende Möglichkeiten und der passende Job. Als führender Personaldienstleister mit einem bundesweiten Netzwerk in verschiedenen Branchen liegt der Fokus darauf, Talente und Unternehmen erfolgreich zusammenzubringen. Dabei stehen langfristige Perspektiven und passgenaue Lösungen im Mittelpunkt. bindan – besser beschäftigt",de.linkedin.com/jobs/view/operativer-eink%C3%A4ufer-m-w-d-at-tietalent-4283820189
Operativer Einkäufer (m/w/x),TieTalent,"Nuremberg, Bavaria, Germany",LinkedIn,https://de.linkedin.com/jobs/view/operativer-eink%C3%A4ufer-m-w-x-at-tietalent-4283817756?position=20&pageNum=0&refId=Q8Qmy0k2D5PcVbyg9F3IAQ%3D%3D&trackingId=L52%2FBcZ7Ss4E5dLjeIuh1A%3D%3D,Not specified,2025-08-13 17:12:00.543396,2025-08-12,,de.linkedin.com/jobs/view/operativer-eink%C3%A4ufer-m-w-x-at-tietalent-4283817756
Senior Projektmanager:in/Projektsteuerer:in (w/m/d) im Bauwesen,Ingérop Deutschland GmbH,Greater Nuremberg Metropolitan Area,LinkedIn,https://de.linkedin.com/jobs/view/senior-projektmanager-in-projektsteuerer-in-w-m-d-im-bauwesen-at-ing%C3%A9rop-deutschland-gmbh-4284439288?position=21&pageNum=0&refId=Q8Qmy0k2D5PcVbyg9F3IAQ%3D%3D&trackingId=MB7Z4%2BASHCQw3%2BvrQsnLGQ%3D%3D,Not specified,2025-08-13 17:12:00.543532,2025-08-13,,de.linkedin.com/jobs/view/senior-projektmanager-in-projektsteuerer-in-w-m-d-im-bauwesen-at-ing%C3%A9rop-deutschland-gmbh-4284439288
Operativer Einkäufer (gn),TieTalent,"Nuremberg, Bavaria, Germany",LinkedIn,https://de.linkedin.com/jobs/view/operativer-eink%C3%A4ufer-gn-at-tietalent-4283818488?position=22&pageNum=0&refId=Q8Qmy0k2D5PcVbyg9F3IAQ%3D%3D&trackingId=on2ORbs6Td9Hwzg9mn%2BmvQ%3D%3D,Not specified,2025-08-13 17:12:00.543667,2025-08-12,,de.linkedin.com/jobs/view/operativer-eink%C3%A4ufer-gn-at-tietalent-4283818488
Steuerfachangestellte (m/w/d),TieTalent,"Nuremberg, Bavaria, Germany",LinkedIn,https://de.linkedin.com/jobs/view/steuerfachangestellte-m-w-d-at-tietalent-4283866306?position=25&pageNum=0&refId=Q8Qmy0k2D5PcVbyg9F3IAQ%3D%3D&trackingId=PHrYpjA5Ssol%2Fl5l8pRG2w%3D%3D,Not specified,2025-08-13 17:12:00.544059,2025-08-13,,de.linkedin.com/jobs/view/steuerfachangestellte-m-w-d-at-tietalent-4283866306
(Junior/ Nachwuchsführungskraft) Bezirksleiter:in Leit- und Sicherungstechnik,Deutsche Bahn,"Nuremberg, Bavaria, Germany",LinkedIn,https://de.linkedin.com/jobs/view/junior-nachwuchsf%C3%BChrungskraft-bezirksleiter-in-leit-und-sicherungstechnik-at-deutsche-bahn-4260550434?position=26&pageNum=0&refId=Q8Qmy0k2D5PcVbyg9F3IAQ%3D%3D&trackingId=u7RFM1qi9KtsWD8HiOmlFg%3D%3D,Not specified,2025-08-13 17:12:00.544184,2025-08-13,,de.linkedin.com/jobs/view/junior-nachwuchsf%C3%BChrungskraft-bezirksleiter-in-leit-und-sicherungstechnik-at-deutsche-bahn-4260550434
Steuerfachangestellter / Steuerfachwirt / Bilanzbuchhalter Steuerberatung (w/m/d),EY,"Nuremberg, Bavaria, Germany",LinkedIn,https://de.linkedin.com/jobs/view/steuerfachangestellter-steuerfachwirt-bilanzbuchhalter-steuerberatung-w-m-d-at-ey-4246264495?position=27&pageNum=0&refId=Q8Qmy0k2D5PcVbyg9F3IAQ%3D%3D&trackingId=7c0XSQCvEdGHj4%2Br7%2BykAg%3D%3D,Not specified,2025-08-13 17:12:00.544309,2025-08-13,,de.linkedin.com/jobs/view/steuerfachangestellter-steuerfachwirt-bilanzbuchhalter-steuerberatung-w-m-d-at-ey-4246264495
(Junior/ Nachwuchsführungskraft) Bezirksleiter:in Leit- und Sicherungstechnik,Deutsche Bahn,"Hersbruck, Bavaria, Germany",LinkedIn,https://de.linkedin.com/jobs/view/junior-nachwuchsf%C3%BChrungskraft-bezirksleiter-in-leit-und-sicherungstechnik-at-deutsche-bahn-4260549450?position=28&pageNum=0&refId=Q8Qmy0k2D5PcVbyg9F3IAQ%3D%3D&trackingId=0qXmwVjYHxALUgKoDSJG%2FQ%3D%3D,Not specified,2025-08-13 17:12:00.544434,2025-08-13,,de.linkedin.com/jobs/view/junior-nachwuchsf%C3%BChrungskraft-bezirksleiter-in-leit-und-sicherungstechnik-at-deutsche-bahn-4260549450
Biologe (m/w/d) mit IT-Know-how – Laborinformationssysteme & Humangenetik,SYNLAB Holding Deutschland GmbH,"Augsburg, Bavaria, Germany",LinkedIn,https://de.linkedin.com/jobs/view/biologe-m-w-d-mit-it-know-how-%E2%80%93-laborinformationssysteme-humangenetik-at-synlab-holding-deutschland-gmbh-4284141606?position=1&pageNum=0&refId=04HAY2cVCNQHYAL6psecbg%3D%3D&trackingId=6XzXxmxK%2BO8LQtaJimBIpg%3D%3D,Not specified,2025-08-13 17:12:38.019308,2025-08-13,"Die SYNLAB Gruppe ist der führende Anbieter von Labordienstleistungen in Europa. Das Unternehmen bietet die gesamte Bandbreite innovativer und zuverlässiger medizinischer Diagnostik für Patient*innen, niedergelassene Ärztinnen und Ärzte, Krankenhäuser und die pharmazeutische Industrie an. Auch für den Bereich Tiermedizin werden vielfältige Laboranalysen erstellt. SYNLAB ist in über 20 Ländern auf vier Kontinenten aktiv und nimmt in den meisten Märkten eine führende Position ein. Zum Erfolg der Unternehmensgruppe tragen täglich über 24.000 Mitarbeiter*innen bei. Das Sind Ihre Aufgaben In Ihrer Funktion sind Sie eine wichtige Schnittstelle zwischen IT und Labor. Als Teil unseres kollegialen IT-Teams leisten Sie einen entscheidenden Beitrag, um die moderne Labordiagnostik mitzugestalten. Da unsere humangenetischen Laborstandorte in Mannheim, Freiburg und München sind und unser IT-Standort in Augsburg, können Sie an einem dieser Standorte Ihren Hauptarbeitssitz festlegen. Zu Ihren Aufgaben gehören: Verantwortung für die Betreuung der IT-Infrastruktur und der medizinischen Anwendungen in den humangenetischen Laboren Einrichtung, Support und kontinuierliche Weiterentwicklung der IT-gestützten Prozesse in den HG-Laboren Optimierung und Pflege der Schnittstellen zum Laborinformationssystem (LIS) für einen reibungslosen Laborbetrieb Schulung und Unterstützung des Laborpersonals im sicheren und effizienten Umgang mit IT-Systemen Das Bringen Sie Mit Als Teamplayer zeichnen Sie sich durch eine gewissenhafte, selbständige und strukturierte Arbeitsweise aus. Zu Ihren weiteren Erfahrungen und Eigenschaften zählen Sie: Abgeschlossene Ausbildung im IT / Biologe oder medizinischen Bereich – idealerweise mit fundierten IT-Kenntnissen und relevanter Praxiserfahrung Sicherer Umgang mit Windows- und Linux-Systemen Ob mit ersten Einblicken ins medizinische Umfeld oder als Quereinsteiger – wir bieten eine strukturierte Einarbeitung in die IT-Struktur oder die humangenetischen Systeme Sehr gute Deutsch- und Englischkenntnisse in Wort und Schrift Gelegentliche Dienstreisen im Rahmen von IT-Projekten an einen der HG-Standorte (Augsburg, München, Mannheim, Heidelberg, Freiburg, Jena, Bad Nauheim) Das Können Sie Von Uns Erwarten Ein modernes und gleichzeitig familiäres humangenetisches Labor mit sehr guter Verkehrsanbindung im Herzen Münchens Einen interessanten, abwechslungsreichen Arbeitsplatz mit einem umfangreichem Probenspektrum aus dem ambulanten und stationären Bereich Neu gestaltete Aufenthalts- und Ruheräume für gesellige oder entspannte Pausen Kollegiale Zusammenarbeit in einem kompetenten und engagierten Team Eine umfangreiche Einarbeitung und vielfältige Möglichkeiten zur Fort- und Weiterbildung Teaminterne Organisation der Früh- und Spätdienste im Rahmen der Praxis-Öffnungszeiten (8.00 – 18.00 Uhr), keine Nacht- und Wochenenddienste Attraktive Benefits, wie u.a. Betriebliches Gesundheitsmanagement, Unfallversicherung, Familienservice, Mitarbeiterrabatte im Rahmen unseres Corporate Benefits-Programms Unser humangenetisches Labor in München ist eines von wenigen in Deutschland zugelassenen Zentren für Präimplantationsdiagnostik und Teil der SYNLAB Humangenetik Deutschland: Gemeinsam mit unseren Kolleg*innen an den Standorten Freiburg, Mannheim und Jena decken wir alle Bereiche der humangenetischen Diagnostik ab. Wir bieten unseren Kund*innen und Patient*innen vor, während und nach humangenetischer Diagnostik eine umfassende humangenetische Beratung und Begleitung. In der täglichen Arbeit bilden unsere Mitarbeiter*innen das Rückgrat der modernen Labordiagnostik. Ein familiäres Umfeld mit starkem Zusammenhalt schafft individuellen Freiraum und die Möglichkeit, sich engagiert einzubringen und weiterzuentwickeln. Durch den gewissenhaften Umgang mit der anspruchsvollen Arbeit helfen wir täglich Menschen, Tieren und unserer Umwelt. Werden auch Sie ein Teil unseres Teams und lassen Sie uns gemeinsam die Diagnostik der Zukunft gestalten! Kontakt & Bewerbung SYNLAB Augsburg Deutschland Fr. Zych 08215215750500 Talent Acquisition Expert",de.linkedin.com/jobs/view/biologe-m-w-d-mit-it-know-how-%E2%80%93-laborinformationssysteme-humangenetik-at-synlab-holding-deutschland-gmbh-4284141606
Marketingmanager,Digismm,"Augsburg, Bavaria, Germany",LinkedIn,https://de.linkedin.com/jobs/view/marketingmanager-at-digismm-4282204389?position=2&pageNum=0&refId=04HAY2cVCNQHYAL6psecbg%3D%3D&trackingId=Yga33d6tfo6%2FREQSvS5%2BCg%3D%3D,Not specified,2025-08-13 17:12:38.019498,2025-08-13,"The ideal candidate is a hard-working team player who will play a critical role in creating original digital content across various social media platforms. Responsibilities Develop social media strategy Create original content Provide data analysis and metric reporting for clients Qualifications Proficiency in many social media platforms Fluency in Microsoft Office suite (Outlook, Excel, Word, PowerPoint, etc.)",de.linkedin.com/jobs/view/marketingmanager-at-digismm-4282204389
Volontär in der Musikredaktion (m/w/d),Klassik Radio,"Augsburg, Bavaria, Germany",LinkedIn,https://de.linkedin.com/jobs/view/volont%C3%A4r-in-der-musikredaktion-m-w-d-at-klassik-radio-4282229655?position=9&pageNum=0&refId=04HAY2cVCNQHYAL6psecbg%3D%3D&trackingId=ezWZXOYjTvQ80XidFrpOvA%3D%3D,Not specified,2025-08-13 17:12:38.020607,2025-08-13,"Klassik Radio ist Deutschlands meistverbreitetes Privatradio mit einer konsequenten 360° Digitalausrichtung. Das börsennotierte Medienhaus betreibt einen der erfolgreichsten Klassik-Sender weltweit, veranstaltet eigene Konzert-Tourneen und verfügt mit Klassik Radio Select über einen eigenen Streamingdienst. In Deutschland erreicht Klassik Radio durch sein einzigartiges Programm aus klassischer Musik, New Classics und Filmmusik rund 6 Millionen Hörer und ist auch in Österreich und der deutsch-sprachigen Schweiz digital über DAB+ bundesweit empfangbar. Seit 2021 betreibt das Unternehmen mit Beats Radio einen bundesweiten Radiosender für Lounge- und House Musik mit internationaler Ausrichtung. Wir bei Klassik Radio leben eine familiäre, transparente und wertschätzende Unternehmenskultur. Wir haben Sendestudios mit neuester, State of the Art-Sendetechnik, hochmoderne und stilvolle eingerichtete Arbeitsplätze in allen unseren Unternehmensbereichen und höchste Ansprüche an Gesundheit, Kommunikation, Hygiene und kooperative Workflows: das ist unser Anspruch an ein attraktives und inspirierendes Arbeitsumfeld. Für unseren Sender im Herzen von Augsburg suchen wir ab sofort Nachwuchs im Bereich Musikredaktion. Wer Lust hat unser musikalisches Programm weiter auszubauen und zu verfeinern ist herzlich Willkommen. Aufgaben Innerhalb einer 2jährigen Ausbildung ""Training on the Job"" in unserer Musikredaktion wächst du nach und nach in folgende Aufgaben rein und übernimmst diese sukzessive:Planung von zielgruppenorientierten Musikformaten nach strategischen Vorgaben f ür die Sender Klassik Radio, Beats Radio und den Select Streamingdienst Auswahl von Musiktiteln für die jeweiligen Formate. Beurteilung der technischen und künstlerischen Qualität. Zuordnung von planungsrelevanten Metadaten zu Musiktiteln Planung von Sendestrecken, deren Prüfung, Optimierung und Finalisierung. Export der Daten zum Sendesystem, Prüfung des Sendeplanes, Backtiming der Sendepläne Einkauf von Audio-Material und Pflege des Musikarchivs Datenbasierter Musik Research Bereitstellung von Informationen und sendefähigem Material für die Redaktion zu musikrelevanten Themen Qualifikation Abgeschlossene Schulausbildung/ mind. Fachhochschulreife Idealerweise bereits Erfahrungen im Bereich einer Musikredaktion (Radio, Online, Print) Leidenschaft für Musik und Musikrichtungen aller Art und eine gute Allgemeinbildung Sehr gute PC Kenntnisse (MS Office, Internet) Erfahrung mit Audiobearbeitungssoftware wünschenswert Selbstständige und eigenverantwortliche Arbeitsweise Benefits Eine fundierte 2-jährige Ausbildung bei Deutschlands erfolgreichstem Klassiksender Flache Hierarchien, kurze Entscheidungswege, Teamgeist, Duz Kultur Kostenfreie Nutzung des Klassik Radio Streamingdienstes, Corporate Benefits Zugang „Mitarbeiter werben Mitarbeiter“ mit attraktivem ""Finderlohn"" Exklusiver Mitarbeiter Club als Workstation oder für Meetings, Empfang von Gästen, Mitarbeiter Come Together Arbeitgeber Zuschuss zur betrieblichen Altersvorsorge Gesundheitsvorsorge wie z. B. Seh- und Hörtests Heißgetränke, Wasser und frisches Obst zur freien Verfügung Sicheres Depot für Fahrräder und EBike Ladestationen EGYM Wellpass inkl. Arbeitgeberzuschuss Ein Ort zum Wohlfühlen: schönes klassizistisches Palais am Augsburger Stadtmarkt, ergonomische Büroausstattung, höhenverstellbare Schreibtische Stadtmarkt mit kulinarischem Angebot in unmittelbarer Nähe Bewirb Dich jetzt Werde auch Du ein wichtiger Teil unseres motivierten Teams. Wir freuen uns auf Deine vollständige Bewerbung inkl. Eintrittstermin.",de.linkedin.com/jobs/view/volont%C3%A4r-in-der-musikredaktion-m-w-d-at-klassik-radio-4282229655
Medizintechniker / Servicetechniker (m/w/d),HERMED Technische Beratungs GmbH,"Augsburg, Bavaria, Germany",LinkedIn,https://de.linkedin.com/jobs/view/medizintechniker-servicetechniker-m-w-d-at-hermed-technische-beratungs-gmbh-4284018672?position=10&pageNum=0&refId=04HAY2cVCNQHYAL6psecbg%3D%3D&trackingId=2SJoUpLpKUXzGo8fnTSy9w%3D%3D,Not specified,2025-08-13 17:12:38.020761,2025-08-13,"HERMED Technische Beratungs GmbH Medizintechniker / Servicetechniker (m/w/d) Böblingen, Augsburg, Kaufbeuren, Annaberg Aufgabe Als Medizintechniker sind Sie für die Instandsetzung und Instandhaltung medizinischer Geräte im Krankenhaus verantwortlich. Durchführung von Prüfungen, Wartungen und Reparaturen an medizintechnischen Geräten Dokumentation und Überwachung aller Instandhaltungsleistungen Kontrolle und Einhaltung gesetzlicher Vorschriften (z. B. MPBetreibV, StrSchG) Anwendungsberatung und Unterstützung in allen medizintechnischen Fragestellungen Qualifikation Eine abgeschlossene Ausbildung / Studium im Bereich Elektronik, Medizintechnik, techn. Assistenz für medizintechnische Geräte, Mechatronik oder Vergleichbares Handwerkliches Geschick und Zuverlässigkeit in der Reparatur medizintechnischer Geräte Sicherer Umgang mit dem PC und allgemeinen Anwendungsprogrammen (MS Office) Vorkenntnisse bzw. erste Berufserfahrung in den aufgeführten Aufgaben Die vollständige Anzeige finden Sie beim Klick auf den Onlinebewerbungs-Button oder unter folgendem Link: https://jobs.jobware.net/v/0057?jw_result_piid=057379817&jw_chl_seg=NLINKEDIN",de.linkedin.com/jobs/view/medizintechniker-servicetechniker-m-w-d-at-hermed-technische-beratungs-gmbh-4284018672
Kaufmännischer Mitarbeiter im Auftragsmanagement (m/w/d),Leicher Engineering GmbH,"Kirchheim, Bavaria, Germany",LinkedIn,https://de.linkedin.com/jobs/view/kaufm%C3%A4nnischer-mitarbeiter-im-auftragsmanagement-m-w-d-at-leicher-engineering-gmbh-4282203075?position=13&pageNum=0&refId=04HAY2cVCNQHYAL6psecbg%3D%3D&trackingId=F8dROemJkWwk76HsXEztCg%3D%3D,Not specified,2025-08-13 17:12:38.021224,2025-08-13,"Leicher Engineering ist ein familiengeführtes Industrieunternehmen aus dem Maschinen- und Fahrzeugbau. Wir liefern anspruchsvolle, spezifische Kaufteile aus Metall und Kunststoff weltweit. Im Arbeitsalltag verlassen wir uns auf unser neu eingeführtes ERP-System AP+ von Asseco, das uns hilft, unsere Prozesse effizient und transparent zu gestalten. Für unsere internationale Geschäftstätigkeit wurden wir vom Bayerischen Staatsministerium für Wirtschaft, Landesentwicklung und Energie mit dem Exportpreis Bayern ausgezeichnet. Unsere Mitarbeitenden profitieren von einer werteorientierten Unternehmenskultur, die von gegenseitigem Vertrauen geprägt ist – eine Kultur, in der sich Leistung und Eigenverantwortung lohnen. Zur Verstärkung unseres Teams suchen wir Sie als kaufmännischen Mitarbeiter im Auftragsmanagement (m/w/d). Aufgaben Erfassen, Prüfen und Koordinieren internationaler Kundenbestellungen inkl. Avisieren von Versandaufträgen Übernahme von Bestellanforderungen in unsere Systeme und Abgleich mit bestehenden Kundenverträgen Bearbeiten von Lieferabrufen (EDI) Überwachen und Koordinieren von Lieferterminen inkl. Bestandsoptimierung Kommunikation mit internationalen Kunden auf Englisch Mitwirken an vertriebsnahen Projekten zur Prozessoptimierung Pflegen von Stammdaten und Attributen in unserem ERP-System Ap+ Unterstützung bei der Bearbeitung von Reklamationen in enger Abstimmung mit unserem Einkauf und Qualitätsmanagement Profil Erfolgreich abgeschlossene kaufmännische Ausbildung als Industriekaufmann /-kauffrau oder vergleichbar Berufserfahrung im Order Management oder in der Disposition technischer Produkte Sehr gute Deutsch- und Englischkenntnisse in Wort und Schrift Ausgeprägte Motivation, Eigenverantwortlichkeit und Freude am Kundenkontakt Teamfähigkeit und strukturierte Arbeitsweise Wir bieten Unbefristeter Arbeitsvertrag mit 38,5 Wochenstunden und sicherer Arbeitsplatz bei einem seit über 155 Jahren erfolgreichen KMU Übertarifliche Bezahlung inkl. Urlaubs- und Weihnachtsgeld Betriebliche Altersvorsorge 30 Tage Urlaub, flexible Arbeitszeiten und die Möglichkeit mobil zu arbeiten Hauseigenes Bistro mit täglich frischen und gesunden Angeboten (Frühstück und Mittagsmenüs) Moderne, ergonomisch eingerichtete Arbeitsplätze auf höchstem digitalem Niveau Familienunternehmen mit flachen Hierarchien und kurzen Entscheidungswegen Kostenlose Getränke, Kaffee/Espresso und Obst Fortbildungs- und Weiterentwicklungsmöglichkeiten Vergünstigte Einkaufsmöglichkeiten mit unserem Benefits-Programm Ladepunkte für das kostenfreie Laden von Elektro- und Hybridfahrzeugen am Standort Important note Please be advised that a valid work permit for Germany is required for non-EU citizens. Unfortunately, applications without a valid work permit and sufficient German language skills may not be considered. LNKD1_DE",de.linkedin.com/jobs/view/kaufm%C3%A4nnischer-mitarbeiter-im-auftragsmanagement-m-w-d-at-leicher-engineering-gmbh-4282203075
"Medizintechniker / Servicetechniker (m/w/d) in Vollzeit für die Standorte Augsburg, Kaufbeuren, Böblingen und Annaberg",HERMED Technische Beratungs GmbH,"Augsburg, Bavaria, Germany",LinkedIn,https://de.linkedin.com/jobs/view/medizintechniker-servicetechniker-m-w-d-in-vollzeit-f%C3%BCr-die-standorte-augsburg-kaufbeuren-b%C3%B6blingen-und-annaberg-at-hermed-technische-beratungs-gmbh-4284043197?position=14&pageNum=0&refId=04HAY2cVCNQHYAL6psecbg%3D%3D&trackingId=vmooNo8bjsky62Act9wvzA%3D%3D,Not specified,2025-08-13 17:12:38.021375,2025-08-13,"Wir leben Medizintechnik-Bewirtschaftung! Medizintechniker / Servicetechniker (m/w/d) in Vollzeit für die Standorte Augsburg, Kaufbeuren, Böblingen und Annaberg HIERFÜR SUCHEN WIR SIE! Wir sind ein europaweit führendes Dienstleistungsunternehmen im Bereich der Medizintechnik und sorgen als spezialisierter Dienstleister dafür, dass die hochkomplexe Medizintechnik in Krankenhäusern zuverlässig funktioniert und wirtschaftlich betrieben wird. Als Medizintechniker sind Sie für die Instandsetzung und Instandhaltung medizinischer Geräte im Krankenhaus verantwortlich. Ihre Aufgaben Durchführung von Prüfungen, Wartungen und Reparaturen an medizintechnischen Geräten Dokumentation und Überwachung aller Instandhaltungsleistungen Kontrolle und Einhaltung gesetzlicher Vorschriften (z. B. MPBetreibV, StrSchG) Anwendungsberatung und Unterstützung in allen medizintechnischen Fragestellungen Das Bringen Sie Mit Eine abgeschlossene Ausbildung / Studium im Bereich Elektronik, Medizintechnik, techn. Assistenz für medizintechnische Geräte, Mechatronik oder Vergleichbares Handwerkliches Geschick und Zuverlässigkeit in der Reparatur medizintechnischer Geräte Sicherer Umgang mit dem PC und allgemeinen Anwendungsprogrammen (MS Office) Vorkenntnisse bzw. erste Berufserfahrung in den aufgeführten Aufgaben Ihre Benefits Unbefristeter Arbeitsvertrag und 30 Tage Urlaub Freundliches und teamorientiertes Betriebsklima und Mitarbeiterevents Intensive Einarbeitung sowie individuelle Fort- und Weiterbildungsmöglichkeiten Sicherer Arbeitsplatz im Bereich des Gesundheitswesens Jobrad, Zuschuss zur betrieblichen Altersvorsorge und weitere Corporate Benefits HERMED Technische Beratungs GmbH Personalabteilung, Frau Claudia Becker Marnheimer Straße 63 A 67292 Kirchheimbolanden Telefon: +49 6352 4016-55 E-Mail: claudia.becker@hermed.de Internet: www.hermed.de",de.linkedin.com/jobs/view/medizintechniker-servicetechniker-m-w-d-in-vollzeit-f%C3%BCr-die-standorte-augsburg-kaufbeuren-b%C3%B6blingen-und-annaberg-at-hermed-technische-beratungs-gmbh-4284043197
WDVS Spezialist (m/w/d),Heinrich Schmid,"Emmering, Bavaria, Germany",LinkedIn,https://de.linkedin.com/jobs/view/wdvs-spezialist-m-w-d-at-heinrich-schmid-4284072219?position=15&pageNum=0&refId=04HAY2cVCNQHYAL6psecbg%3D%3D&trackingId=RMNqV4c2YkGVwtEulLW%2Fkg%3D%3D,Not specified,2025-08-13 17:12:38.021527,2025-08-13,"WDVS Spezialist (m/w/d) in Emmering Über 7.000 Menschen an mehr als 200 Standorten setzen sich jeden Tag bei der familiengeführten Unternehmensgruppe Heinrich Schmid dafür ein, dass Handwerk Zukunft hat. Mit einer großen Anzahl an verschiedenen Gewerken möchten wir unseren Kunden nicht nur höchste handwerkliche Qualität, sondern auch mehr Vielfalt aus einer Hand bieten. Wir sind Handwerker aus Leidenschaft mit dem Blick fürs Wesentliche: den Menschen. Unsere Mitarbeiter sind vor Ort und zeigen täglich, was es heißt ein Heinrich Schmid zu sein: Handwerker, Teamplayer, Unternehmer, Mensch. Verstärke unser Team in Emmering zum nächstmöglichen Zeitpunkt als Deine Aufgaben Wärmedämmung von Gebäuden Anbringung von Dämmplatten im Klebeverfahren bzw. mit Tellerdübeln Armierungsmörtel (Unterputz) auftragen, Gewebe einlegen Oberputz und Außenanstrich auftragen Ausführung von Ausbesserungsarbeiten und Restaurierungsarbeiten Deine Qualifikation Du hast eine Ausbildung zum Stuckateur (m/w/d), Maurer (m/w/d) oder Gipser (m/w/d) erfolgreich abgeschlossen und/oder verfügst über mehrere Jahre Berufserfahrung Berufsanfänger mit Ehrgeiz sind erwünscht und werden bei uns Zielorientiert und mit System weitergebildet Du bist verantwortungsbewusst, sorgfältig und teamfähig selbständige Arbeitsweise, Kommunikationsfähigkeit und Freude am Beruf Unser Angebot Ein unbefristetes und sicheres Anstellungsverhältnis Interessante Aufgaben und spannende Bauprojekte Ein kollegiales Arbeitsumfeld und die Möglichkeiten, eigene Ideen mit einzubringen Kontinuierliche, fachliche und persönliche Weiterentwicklung durch unsere Führungsakademie Mitarbeiter-Events wie Sommer- und Weihnachtsfeiern Fühlst Du Dich von der geschilderten Herausforderung und den umfangreichen Gestaltung- und Entfaltungsmöglichkeiten angesprochen? Dann freuen wir uns sehr auf Deine Bewerbung!",de.linkedin.com/jobs/view/wdvs-spezialist-m-w-d-at-heinrich-schmid-4284072219
Informatiker als Firewall- und Netzwerkadministrator (m/w/d),WashTec AG,"Augsburg, Bavaria, Germany",LinkedIn,https://de.linkedin.com/jobs/view/informatiker-als-firewall-und-netzwerkadministrator-m-w-d-at-washtec-ag-4284021488?position=17&pageNum=0&refId=04HAY2cVCNQHYAL6psecbg%3D%3D&trackingId=k%2FwKl3mqW3Em3iszjQucVA%3D%3D,Not specified,2025-08-13 17:12:38.021850,2025-08-13,"WashTec AG Informatiker als Firewall- und Netzwerkadministrator (m/w/d) Augsburg Aufgabe Als erfahrener Firewall- und Netzwerkadministrator übernehmen Sie die Verwaltung der global aufgestellten Unternehmensnetzwerk-Infrastruktur, sowie deren Komponenten (Routing, Switching, Next-Gen Firewalls, Wi-Fi, Monitoring, Cloud-TK etc.) Sie beraten und unterstützen die Fachbereiche bei den Anforderungen an die IT-Infrastruktur und unterstützen sie bei der Planung, Konzeption und Durchführung von Inbetriebnahme neuer Lösungen. Sie übernehmen den 2nd- & 3rd-Level-Support für die hochverfügbare Netzwerkinfrastruktur, bearbeiten Anfragen, Störungsmeldungen und übernehmen deren Dokumentation im Ticketsystem (Incident-, Problem- und Changemanagement). Sie übernehmen die Konzeption und Umsetzung von Security Richtlinien für den Netzwerkbereich sowie die Konfiguration und Administration der Netzwerkkomponenten (Switche, Router, FW, Proxys, etc.) Qualifikation Sie verfügen über erfolgreich abgeschlossene Ausbildung zum Fachinformatiker, ein Studium im Bereich IT oder gleichwertige, in der Praxis erworbene vertiefte Kenntnisse. Im Rahmen Ihrer mehrjährigen Praxiserfahrung haben Sie umfassende Kenntnisse in verschiedenen Netzwerktopologien (Ethernet, WLAN etc.), Netzwerkprotokollen TCP/IP etc. und Multicastdiensten DHCP, DNS, NAT und Radius. Persönlich zeichnen Sie sich durch eigenverantwortliches, engagiertes, strukturiertes und lösungsorientiertes Arbeiten aus, sowie durch Einsatzbereitschaft, Zuverlässigkeit und Belastbarkeit. Darüber hinaus bringen Sie die Bereitschaft zum Dienst außerhalb der regulären Dienstzeiten mit. Sie verfügen über fließende Deutsch- und gute Englischkenntnisse. Die vollständige Anzeige finden Sie beim Klick auf den Onlinebewerbungs-Button oder unter folgendem Link: https://jobs.jobware.net/v/0057?jw_result_piid=057380081&jw_chl_seg=NLINKEDIN",de.linkedin.com/jobs/view/informatiker-als-firewall-und-netzwerkadministrator-m-w-d-at-washtec-ag-4284021488
Senior Software Engineer Python (all genders),adesso SE,"Augsburg, Bavaria, Germany",LinkedIn,https://de.linkedin.com/jobs/view/senior-software-engineer-python-all-genders-at-adesso-se-4137442826?position=19&pageNum=0&refId=04HAY2cVCNQHYAL6psecbg%3D%3D&trackingId=nCmDEQSUOb9VdzkDD4DLfA%3D%3D,Not specified,2025-08-13 17:12:38.022158,2025-08-13,"Wir gehören zu den Top-Adressen in der IT-Welt und fokussieren uns auf die Optimierung der Kerngeschäfts­prozesse unserer Kunden. Durch den smarten Einsatz maßgeschneiderter IT-Lösungen unterstützen wir unsere Kunden dabei, das Beste aus ihrem Business und aktuellen Technologien herauszuholen. Unseren Erfolg aber erreichen wir nur durch eins: die Menschen bei adesso! Sie bringen Ideen, fachliches Know how und Technologien zusammen. Gemeinsam programmieren wir (deine) Zukunft bei adesso. DEINE ROLLE Python-Entwicklung: Du entwickelst moderne Anwendungen mit Python und nutzt Frameworks wie Django, Flask oder FastAPI. Innovative Projekte: Du arbeitest an spannenden Lösungen im Bereich Künstliche Intelligenz (AI) und Large Language Models (LLMs). Microservices: Du baust und erweiterst skalierbare Microservice-Architekturen für performante Systeme. Cloud-Technologien: Du konzipierst, integrierst und stellst Cloud-native Anwendungen in modernen Cloud-Umgebungen bereit. CI/CD: Du sorgst für eine effiziente Softwareauslieferung durch den Aufbau und die Pflege von CI/CD-Pipelines. Teamarbeit: Du arbeitest mit interdisziplinären Teams an maßgeschneiderten Lösungen, die unseren Kunden einen echten Mehrwert bieten. DEIN PROFIL Python-Kenntnisse: Du konntest bereits mindestens 3 Jahre Berufserfahrung mit Python sammeln und beherrschst Frameworks wie Django, Flask oder FastAPI. Cloud- und Container-Technologien: Du kennst dich mit Microsoft Azure aus und hast Erfahrung mit Docker und Kubernetes. Agilität und DevOps: Du arbeitest mit agilen Methoden und hast ein gutes Verständnis für DevOps-Prinzipien. Technisches Gespür: Du achtest auf Qualität und technische Details, ohne das große Ganze aus den Augen zu verlieren. Teamorientierung: Du hast Spaß daran, mit interdisziplinären Teams kreative Ideen zu entwickeln und umzusetzen. Sprachkenntnisse: Deine sehr guten Deutsch- und guten Englischkenntnisse ermöglichen dir eine sichere Kommunikation. Unser Versprechen: Du wirst dich bei uns wohlfühlen! Kollegial, familiär und auf Augenhöhe – wir leben Austausch, Teamgeist und einen respektvollen Umgang miteinander. Diversität und verschiedene Blickwinkel werden bei uns genauso geschätzt wie du als Mensch. Das und viel mehr steht für unser ganz besonderes Wir-Gefühl. Für das es sogar ein Wort gibt: adessi. Unsere Kultur und das Zusammenarbeiten sind geprägt von gegenseitiger Wertschätzung, Anerkennung und Unterstützung. Das verbindet uns hierarchieübergreifend – auch im Home-Office. So belegen wir zum wiederholten Mal den 1. Platz beim Wettbewerb „Deutschlands Beste Arbeitgeber in der ITK“!. Unser umfangreiches Trainingsangebot und ein transparentes Laufbahnstufenmodell für alle sorgen dafür, dass deine Entwicklung bei uns nicht stillsteht. Denn gemeinsam zu wachsen und Chancengeber zu sein, das ist programmiert in unserer DNA.",de.linkedin.com/jobs/view/senior-software-engineer-python-all-genders-at-adesso-se-4137442826
Solution Engineer Atlassian (m/w/d),IU International University of Applied Sciences,"Augsburg, Bavaria, Germany",LinkedIn,https://de.linkedin.com/jobs/view/solution-engineer-atlassian-m-w-d-at-iu-international-university-of-applied-sciences-4283916700?position=20&pageNum=0&refId=04HAY2cVCNQHYAL6psecbg%3D%3D&trackingId=IEmDsl5sru2RHpG%2Bi%2FsdOA%3D%3D,Not specified,2025-08-13 17:12:38.022308,2025-08-12,"Schließe Dich unserer Mission an, Bildung für alle zugänglich zu machen! Verstärke unser Cloud Operations Team in Vollzeit (40 Std./Woche) als Solution Engineer - Atlassian (m/w/d) innerhalb Deutschlands oder UK remote oder an einem unserer Standorte . Diese Position konzentriert sich auf die technische Betreuung und strategische Weiterentwicklung unserer Atlassian-Plattformen zur Optimierung von Prozessen und Kollaboration. Deine Aufgaben Administrieren und Warten unserer Atlassian-Anwendungen (Jira, Confluence, Jira Service Management) mit Fokus auf Performance, Stabilität und Sicherheit. Konzipieren und Implementieren individueller Atlassian-Lösungen zur Unterstützung von Geschäftsprozessen und zur Automatisierung wiederkehrender Aufgaben. Beraten und Schulen von Anwender:innen in der Nutzung und Konfiguration der Atlassian-Tools sowie Förderung von Best Practices. Analysieren bestehender Workflows und Identifizieren von Optimierungspotenzialen zur Steigerung der Effizienz und Skalierbarkeit. Enge Zusammenarbeit mit Stakeholdern und dem Product Owner zur kontinuierlichen Verbesserung der Plattform und Umsetzung strategischer Projekte. Dein Profil Erfahrung in der Implementierung und Administration von Atlassian-Tools, insbesondere Jira, Confluence und Jira Service Management. Ausgeprägte Kommunikationsstärke und Fähigkeit, komplexe technische Inhalte verständlich zu vermitteln. Fundiertes Verständnis von Atlassian-Methoden, Automatisierungsmöglichkeiten und Plattformarchitektur. Lösungsorientierte Denkweise mit hoher Eigeninitiative und proaktivem Arbeitsstil. Technisches Grundverständnis sowie idealerweise Kenntnisse in Python, HTML, JQL/SQL oder Groovy. Wir bieten Be you at IU : Wir unterstützen und ermutigen Dich, Deine persönlichen und beruflichen Ziele zu erreichen. Denn Deine Zufriedenheit ist ein wesentlicher Bestandteil eines positiven und produktiven Umfelds. Arbeite, wo Du willst... : Digitalisierung ist Teil unserer DNA. Deshalb kannst Du selbst entscheiden, an welchem Ort Du am produktivsten bist. Du arbeitest gerne von zu Hause? Kein Problem! Du möchtest eine Zeit lang im Ausland arbeiten? Unser WorkFlex-Benefit macht es möglich. ...und flexibel in der Zeit : Es ist Dein Job: Wir vertrauen Dir und geben Dir größtmögliche Freiheit, Dich selbst zu organisieren. Nutze Deine eigene Technik : Du kannst Deine Ausstattung frei wählen. Jeder hat eigene Vorlieben, was Hardware und IDE betrifft. Bring Dein Wissen auf ein neues Level : Wo, wenn nicht bei uns? Genieße kostenlosen Zugang zu all unseren E-Learning-Plattformen. Zusätzlich finanzieren wir Dir ein vollständiges Technikstudium Deiner Wahl. Nachhaltig an Dein Ziel : Das 9-Euro-Ticket ist zurück! Wir bezuschussen Dein DeutschlandTicket, sodass Du nur 8,70 € im Monat zahlst. Du fährst lieber mit dem Rad? Dann ist ein JobRad vielleicht das Richtige für Dich. So bist Du beruflich und privat mobil und tust gleichzeitig etwas für die Umwelt. 33 Tage Erholung : Pausen sind wichtig! Zusätzlich zu 30 flexiblen Urlaubstagen im Jahr schenken wir Dir einen freien Tag an Deinem Geburtstag sowie an Heiligabend und Silvester. IU Internationale Hochschule (IU) ist Deutschlands größte Hochschule - und wir sind nicht nur eine ausgezeichnete Wahl zum Studieren, sondern auch ein herausragender Great Place to Work®. Als Edutech-Unternehmen setzen wir auf modernste Technologien und datengetriebene Ansätze. Deshalb gehören KI-gestützte Sprachassistenten und andere GPT-Systeme längst zu unserem Arbeitsalltag und ermöglichen uns, uns auf spannende Projekte zu konzentrieren. Bei uns engagieren sich über 4.000 Mitarbeitende, um Bildung neu zu gestalten. Werde Teil unseres Cloud Operations Teams! Wir schaffen die technische Grundlage für moderne Zusammenarbeit und skalierbare Services - mit Leidenschaft, Teamgeist und Innovationsfreude. Auf Worte folgen Taten: Wir nehmen unsere „Culture Of Everyone“ sehr ernst und möchten an dieser Stelle nochmal ausdrücklich darauf hinweisen, dass Du herzlich bei uns willkommen bist, ganz unabhängig davon, welche Herkunft, Religion, Geschlecht, Alter, sexuelle Orientierung oder Beeinträchtigung Du mitbringst. Wir freuen uns auf ein vielfältiges Miteinander hier an der IU! Klingt nach dem perfekten Job für Dich? Dann bewirb Dich jetzt! Einfach, schnell und sogar ohne Anschreiben. Bitte beachte, dass wir aus Datenschutzgründen keine Bewerbungen per E-Mail bearbeiten dürfen. Wenn Du noch Fragen hast, wende Dich gerne an Ronja unter ronja.kaiser@iu.org.",de.linkedin.com/jobs/view/solution-engineer-atlassian-m-w-d-at-iu-international-university-of-applied-sciences-4283916700
Steuerfachangestellte - DATEV / Kanzlei / Bilanzbuchhaltung (m/w/d),TieTalent,"Fürstenfeldbruck, Bavaria, Germany",LinkedIn,https://de.linkedin.com/jobs/view/steuerfachangestellte-datev-kanzlei-bilanzbuchhaltung-m-w-d-at-tietalent-4283862690?position=22&pageNum=0&refId=04HAY2cVCNQHYAL6psecbg%3D%3D&trackingId=DpP7J6%2FC%2FwBaIdWr39pM7Q%3D%3D,Not specified,2025-08-13 17:12:38.022613,2025-08-13,,de.linkedin.com/jobs/view/steuerfachangestellte-datev-kanzlei-bilanzbuchhaltung-m-w-d-at-tietalent-4283862690
Steuerfachangestellte - Jahresabschluss / Steuererklärungen / Finanzbuchhaltung (m/w/d),Jobs via eFinancialCareers,"Augsburg, Bavaria, Germany",LinkedIn,https://de.linkedin.com/jobs/view/steuerfachangestellte-jahresabschluss-steuererkl%C3%A4rungen-finanzbuchhaltung-m-w-d-at-jobs-via-efinancialcareers-4277210672?position=23&pageNum=0&refId=04HAY2cVCNQHYAL6psecbg%3D%3D&trackingId=ABcNiDm8dYkU0pv24k05aQ%3D%3D,Not specified,2025-08-13 17:12:38.022766,2025-08-13,,de.linkedin.com/jobs/view/steuerfachangestellte-jahresabschluss-steuererkl%C3%A4rungen-finanzbuchhaltung-m-w-d-at-jobs-via-efinancialcareers-4277210672
Senior Treasury Analyst,WIDIA,"Fürth, Bavaria, Germany",LinkedIn,https://de.linkedin.com/jobs/view/senior-treasury-analyst-at-widia-4284159390?position=3&pageNum=0&refId=3EQtma2SXfmvsX2o64YAqA%3D%3D&trackingId=%2FIiaLmeNjs5POIKjNtTRdA%3D%3D,Not specified,2025-08-13 17:13:13.965936,2025-08-13,"Unternehmensprofil Seit über 80 Jahren ist Kennametal ein führendes globales Technologieunternehmen, das seinen Kunden zu höchster Produktivität durch Materialwissenschaft, verschleißfeste Produkte und Werkzeuglösungen verhilft. Kunden aus dem Bereich der Luft- und Raumfahrt und Verteidigung, dem Straßen- und Bergbau, der Energietechnik, des allgemeinen Maschinenbaus und Transportwesens wenden sich an Kennametal, um mit Präzision und Effizienz produzieren zu können. Täglich helfen ca. 8.700 Mitarbeitende unseren Kunden in ca. 100 Ländern, wettbewerbsfähig zu bleiben. Kennametal erzielte 2,1 Milliarden US-Dollar Umsatz im Geschäftsjahr 2023. Um mehr über Kennametal zu erfahren, besuchen Sie www.kennametal.com. Senior Treasury Analyst Sind Sie bereit, den nächsten Schritt in Ihrer Karriere zu machen? Kommen Sie als Senior Treasury Analyst in unser Team und spielen Sie eine Schlüsselrolle bei der Gestaltung unserer finanziellen Zukunft. Dies ist eine hervorragende Gelegenheit für eine motivierte Fachkraft, die den nächsten Schritt in ihrer Treasury-Karriere in einem dynamischen und kollaborativen Umfeld machen möchte. Wenn Sie auf der Suche nach einer Stelle sind, in der Sie mit Ihrem Fachwissen die Finanzstrategie und -stabilität des Unternehmens direkt unterstützen können, sollten Sie sich bewerben. Aufgaben Eigenverantwortliche Durchführung der täglichen Cash Disposition und Sicherstellung der Deckung des Finanzbedarfs in allen relevanten Währungen. Erstellung des Cash-Forecasts und Ermittlung des zukünftigen Finanzbedarfs. Enge Kooperation mit allen Partner-Banken. Eigenverantwortliches Vorbereiten und Durchführen von Devisen- und kurzfristigen Geldmarktgeschäften. Erstellen umfassender Dokumentation für alle Geldmarktgeschäfte. Ständige Optimierung der internen Kontrollen. Eigenständiges Abwickeln des Europäischen Cash Poolings (Intercompany Kredite), Vorbereitung der Verträge, eigenständige Optimierung des Cashmanagements, Erstellen von verschiedenen Berichten in Bereich Treasury. Proaktive Überwachung der Kapitalstruktur aller Unternehmen in EMEA und Erarbeitung von Vorschlägen zu Optimierung. Aktive Pflege des SAP-integrierten Zahlungsmanagement-Tools/Bankensoftware (Software-Updates, Benutzerpflege, Sicherheitskonzept, usw.). Durchführung der jährlichen Bank-KYC-Anfragen. Erstellung der vierteljährlichen Intercompany Zinsabrechnung. Erforderliche Qualifikation Abgeschlossenes Studium der Betriebswirtschaft mit Schwerpunkt Finanzen oder Bankausbildung mit mehrjähriger Erfahrung im Firmenkundengeschäft oder kaufmännische Ausbildung mit einer Weiterbildung zum Bilanzbuchhalter/in und mehrjähriger Erfahrung im Bereich Treasury Englisch und Deutsch in Wort und Schrift erforderlich SAP-Erfahrung bevorzugt Excel- und Word-Kenntnisse Ausgezeichnete Team- und Kommunikationsfähigkeit Selbstständige, motivierte, strukturierte und flexible Arbeitsweise Was Wir Anbieten Einarbeitung am Arbeitsplatz ist garantiert Stabile Arbeitsbedingungen Hybrides Arbeitsmodell Modernste Arbeitsumgebung in Nürnberg Nordostpark Gute Arbeitsatmosphäre Equal Opportunity Employer",de.linkedin.com/jobs/view/senior-treasury-analyst-at-widia-4284159390
Objektbuchhalter/WEG-Abrechner,MAUSS BAU,"Erlangen, Bavaria, Germany",LinkedIn,https://de.linkedin.com/jobs/view/objektbuchhalter-weg-abrechner-at-mauss-bau-4254317817?position=12&pageNum=0&refId=3EQtma2SXfmvsX2o64YAqA%3D%3D&trackingId=J0LvUDp1Obhi3UJbdrKY1g%3D%3D,Not specified,2025-08-13 17:13:13.967093,2025-08-13,"SIE SIND VOLLBLUTPROFI. Zeit für Ihren nächsten Step, werden Sie Teil von MAUSS! Wir sind stolz auf unsere Tradition, wünschen uns aber gleichzeitig immer frischen Wind. Was immer wir auch tun, wir leben für das Bauen. Wir suchen kein Personal, sondern Persönlichkeiten. Wir suchen nicht irgendwen, sondern Sie. WAS SIE ERWARTET. Sie sind in unserer Firma GVV angestellt und erstellen und prüfen Hausgeld- und Betriebskostenabrechnungen für Eigentümer innen und Mieter innen Sie arbeiten Wirtschaftspläne für die Eigentümergemeinschaften stetig aus Sie sind verantwortlich für alle Zahlungsvorgänge und behalten auch das Mahnwesen in der WEG- und Mietverwaltung im Blick – von der Durchführung bis zur Kontrolle Sie übernehmen die SEV-Mietbuchhaltung und leiten die monatliche Miete zuverlässig weiter Gemeinsam mit dem Verwaltungsbeirat prüfen Sie die Belege Sie sind in ständigem Austausch mit Dienstleistern und Versorgungsunternehmen und haben zu allen Fragen zu Abrechnung und Wirtschaftsplänen eine Antwort WAS SIE MITBRINGEN. Eine abgeschlossene kaufmännische Ausbildung oder verfügen eine vergleichbare Qualifikation sichern Ihnen Vorteile Im besten Fall haben Sie bereits Erfahrung im Bereich WEG-Abrechnung/Buchhaltung gesammelt Sie sind neugierig und lernen schnell Sie übernehmen gern Verantwortung und wissen genau, welche Aufgabe Sie als nächstes angehen Sie sind ein Teamplayer und finden immer die richtigen Worte WORAUF SIE SICH FREUEN DÜRFEN. Kostenfreie Mitgliedschaft im SPORTLAND Erlangen KiTa-Zuschuss Vernetztes Arbeiten mit Office365 Vermittlerprämie für das Werben neuer Mitarbeiter (m/w/d) Und viele weitere Benefits GVV. Als Verwalter übernimmt die GVV dabei alle Aufgaben, die für eine ordnungsgemäße Bewirtschaftung einer Immobilie erforderlich sind. Dazu gehört in erster Linie die kaufmännische, aber auch die technische Betreuung und Pflege von mehr als 4.500 Wohn- und Gewerbeeinheiten. Außerdem kümmert sich die GVV um die Vermietung von mehr als 1.300 der ihr überantworteten Wohnungen, Seniorenwohnungen und Studentenapartments. ERLANGEN. Unsere Firmenzentrale befindet sich in Erlangen, mit einer idealen Verkehrsanbindung, mitten im Herzen der Metropolregion Nürnberg. Das schnell wachsende und wirtschaftsstarke Erlangen bietet wertvolle Standortvorteile, daher hängt die Erfolgsgeschichte der MAUSS Unternehmensgruppe stark mit der Entwicklung der Stadt zusammen. KONTAKT. Christina Zinkel . Recruiter . 091311203555 . bewerbung@mauss-bau.de Bei Fragen zu der ausgeschriebenen Stelle können Sie sich gerne an Christina Zinkel wenden. Wir freuen uns, Sie kennenzulernen.",de.linkedin.com/jobs/view/objektbuchhalter-weg-abrechner-at-mauss-bau-4254317817
Assistenz der Geschäftsführung (m/w/d),Pension Solutions Group,"Erlangen, Bavaria, Germany",LinkedIn,https://de.linkedin.com/jobs/view/assistenz-der-gesch%C3%A4ftsf%C3%BChrung-m-w-d-at-pension-solutions-group-4282201763?position=15&pageNum=0&refId=3EQtma2SXfmvsX2o64YAqA%3D%3D&trackingId=J1H3EGDs30eSZYOLDRxHrA%3D%3D,Not specified,2025-08-13 17:13:13.967473,2025-08-13,"Zum nächstmöglichen Zeitpunkt suchen wir eine engagierte Verstärkung, um unsere Geschäftsführung am Standort Erlangen umfassend zu unterstützen. Deine Chance: • Entwicklung und Bewertung strategischer Konzepte zur Weiterentwicklung des Geschäftsmodells • Erstellung von Präsentationen, Entscheidungsvorlagen und Strategiepapieren für die Geschäftsleitung und das Top-Management • Mitarbeit an strategischen Projekten und Initiativen auf Konzernebene sowie Auswertungen für die Geschäftsleitung • Schnittstelle für die Zusammenarbeit mit internen Fachabteilungen, Tochtergesellschaften und externen Beratern • Organisatorische Unterstützung in Form von Terminmanagement, Eventorganisation, Kalenderpflege sowie Vor- und Nachbereitung von Meetings Dein Profil: • Du verfügst über eine abgeschlossene kaufmännische Ausbildung • Ein hohes Maß an Diskretion und Loyalität zeichnet Dich aus • Du arbeitest strukturiert, gewissenhaft und verfügst über eine schnelle Auffassungsgabe • Zudem bist Du ein Teamplayer und kommunikationsstark • Du beherrschst selbstständiges Arbeiten und bringst ein Organisationsgeschick mit • Du bist leistungsbereit, belastbar und verfügst über eine hohe Eigenmotivation • Für Dich sind tadellose Umgangsformen selbstverständlich und Du bringst ein großes Verantwortungsbewusstsein mit Unser Angebot: • Flexible Arbeitszeitgestaltung und moderne Ausstattung • Möglichkeit der Tätigkeit im Homeoffice • Attraktive betriebliche Krankenversicherung und Altersversorgung • Verantwortungsvolle, interessante und abwechslungsreiche Tätigkeit • Flache Hierarchien und eine familiäre Unternehmenskultur • Corporate Benefits und Möglichkeit des Dienstradleasings Wen wir suchen? Menschen mit Herz, Verstand und Leidenschaft! Uns ist es wichtig, dass Du Dich bei uns wohlfühlst. Denn nur dann werden wir im Team gemeinsam vorankommen und unsere Kunden mit unserer fachlichen und sozialen Kompetenz begeistern. Du denkst, das passt genau? Dann bewirb Dich jetzt! Wir freuen uns auf Dich. Schwerbehinderte und ihnen gleichgestellte Menschen haben bei gleicher Eignung, Befähigung und fachlicher Leistung Vorrang gegenüber gesetzlich nicht bevorrechtigten Bewerbenden. #zuversicht #respekt #verantwortung #kundenorientierung #professionalität",de.linkedin.com/jobs/view/assistenz-der-gesch%C3%A4ftsf%C3%BChrung-m-w-d-at-pension-solutions-group-4282201763
Steuerfachangestellter als Steuerexperte (m/w/d) mit Schwerpunkt Einkommensteuer & digitale Prozesse,TieTalent,"Fürth, Bavaria, Germany",LinkedIn,https://de.linkedin.com/jobs/view/steuerfachangestellter-als-steuerexperte-m-w-d-mit-schwerpunkt-einkommensteuer-digitale-prozesse-at-tietalent-4283865541?position=37&pageNum=0&refId=3EQtma2SXfmvsX2o64YAqA%3D%3D&trackingId=5tzPePmXj1D6qsxpNxMAdA%3D%3D,Not specified,2025-08-13 17:13:13.970254,2025-08-13,,de.linkedin.com/jobs/view/steuerfachangestellter-als-steuerexperte-m-w-d-mit-schwerpunkt-einkommensteuer-digitale-prozesse-at-tietalent-4283865541
Business Analyst:in Prozessmanagement und -Optimierung,enercity,"Hannover, Lower Saxony, Germany",LinkedIn,https://de.linkedin.com/jobs/view/business-analyst-in-prozessmanagement-und-optimierung-at-enercity-4284434419?position=4&pageNum=0&refId=ogUDdR8NMJRykS%2BkXVQeZw%3D%3D&trackingId=u32SdudJrlSxXrFM5HamHw%3D%3D,Not specified,2025-08-13 17:13:52.089833,2025-08-13,"Aufgaben Als Operational Excellence Process Manager:in unterstützt du die Abteilung und die Abteilungsleitung bei der Umsetzung der Funktionalstrategie. Dein Fokus liegt dabei auf Prozessen und dem Prozessmanagement. Eigenständig analysierst und koordinierst du die Entwicklung und Implementierung von Prozessen und stehst diesbezüglich beratend zur Seite. Unter Berücksichtigung regulatorischer und betrieblicher Anforderungen sowie Wirtschaftlichkeits- und Funktionsanalysen optimierst du kontinuierlich die Prozesse im Ergebnisbereich. Du entwickelst Monitoring-Mechanismen zur Prozessüberwachung und setzt diese um. Zudem erstellst du Berichte und KPIs zur Unterstützung der Abteilung in der Zielerreichung. Für die erfolgreiche Durchführung von Prozessschulungen der Mitarbeiter:innen in Hinblick auf bestehende und neue Anforderungen erarbeitest du im Vorfeld Schulungsunterlagen. Du übernimmst Projektleitungs- und Teilprojektleitungsaufgaben und arbeitest in bereichs- und abteilungsübergreifenden Projekten und Vorhaben mit. Die Übernahme von Sonderaufgaben rundet deinen Aufgabenbereich ab. Anforderungen Du bringst ein abgeschlossenes elektrotechnisches oder wirtschaftswissenschaftliches FH-/ Bachelor-Studium oder eine vergleichbare Qualifikation mit. In der Planung, Durchführung, Koordination und Überwachung von Geschäftsvorgängen hast du bereits umfassende Erfahrung. Zudem verfügst du über tiefgehende Kenntnisse des liberalisierten Energiemarktes. Dich zeichnen deine selbständige und systematische Arbeitsweise sowie dein Moderationsgeschick aus. Für dich stehen die Kund:innen sowie die Erreichung der Ziele im Fokus. Du bringst die Bereitschaft mit, dich in unbekannte Themenfelder einzuarbeiten und gehst schon jetzt mutig mit Ungewissheiten um. Du begeisterst dich für Themen der IT und der Digitalisierung. Das Sahnehäubchen – Diese Vorteile Bieten Wir Dir Teamwork statt HierarchiedenkenFür uns zählt der Erfolg des Teams, deshalb unterstützen wir uns gegenseitig. Klassische Hierarchien gibt es bei uns nicht: Anstatt dir im Nacken zu sitzen, halten dir unsere Führungskräfte lieber den Rücken frei. Viel Freiraum für eigene IdeenBei uns findest du jede Menge Freiraum für selbstständiges Arbeiten. Wir freuen uns auf deine Ideen – deinen Willen, Prozesse, Produkte und Lösungen aktiv mitzugestalten, schätzen wir sehr. Fort- & Weiterbildung: Potenzialentfaltung vom ersten Tag anDass du deine Potenziale frei entfalten kannst, ist uns sehr wichtig - und das schon ab dem ersten Arbeitstag. Du profitierst nicht nur von einer umfassenden Einarbeitung, sondern auch von auf dich zugeschnittenen Weiterbildungsmaßnahmen. Gesundheit bei enercityDeine Gesundheit liegt uns besonders am Herzen, deshalb sind unsere Arbeitsplätze nach neusten ergonomischen Anforderungen gestaltet. Dazu ist der betriebsärztliche Dienst bei Fragen zu Gesundheitsthemen und Prävention immer für dich da. Alles für deine Work-Life-BalanceVon flexiblen Arbeitszeiten über mobiles Arbeiten bis hin zur enercity Kinderkrippe und Unterstützung bei der Pflege von Angehörigen: Wir geben unser Bestes, damit du Privatleben und Beruf bestmöglich unter einen Hut bekommst. Attraktive BezahlungWir orientieren uns als Unternehmen häufig an der Start-Up Denke, aber nicht, wenn es um deine Vergütung geht. Neben einem attraktiven und sicheren Gehalt profitierst du beispielsweise von Sonderzahlungen oder betrieblicher Altersvorsorge. Onboarding: Für den bestmöglichen Start ins ArbeitslebenAm ersten Arbeitstag erwartet dich ein ausgestatteter Arbeitsplatz und ein Pate, der dich beim Ankommen unterstützt. Mit deinem Team erfährst du in der ersten Woche, was es mit unseren Networking-Meetings auf sich hat. enercity Gym und BetriebssportIm enerGym kannst du Bewegung und Entspannung in deinen Arbeitstag integrieren. Falls du weitere Sportarten für deinen Ausgleich im Alltag suchst, dann bist du bei unserer Betriebssportgemeinschaft genau richtig! Unser betriebsärztlicher Dienst ist immer für dich daNimm an unserem Präventionsprogramm oder unseren Gesundheitstagen teil, lass dich vom Team des betriebsärztlichen Dienstes durchchecken oder kontaktiere unsere Expert:innen für sämtliche Gesundheitsthemen. Mobiles ArbeitenWo es möglich ist, erleichtern wir dir durch mobiles Arbeiten die Vereinbarkeit von Beruf und Privatleben. Ob im Café oder zu Hause – du hast die Wahl! enercity KinderkrippeJährlich ermöglichen wir zwölf Kindern von Mitarbeitenden einen Betreuungsplatz bei uns. Mit der Initiative „Haus der kleinen Forscher“ werden die Kleinen an Musik und die englische Sprache herangeführt. Beste VerkehrsanbindungGerne bezuschussen wir dein Ticket für die Verkehrsbetriebe Hannover. Auch für dein E-Auto gibt es jede Menge Lademöglichkeiten auf unserem Parkplatz. Jobs, die wirklich was verändernGemeinsam bewegen wir Hannover und leisten einen bedeutenden Beitrag für die Zukunft unserer Gesellschaft: Wir sorgen dafür, dass erneuerbare Energien unsere Welt lebenswerter machen.",de.linkedin.com/jobs/view/business-analyst-in-prozessmanagement-und-optimierung-at-enercity-4284434419
Business Analyst (m/w/d),WERTGARANTIE Group,"Hannover, Lower Saxony, Germany",LinkedIn,https://de.linkedin.com/jobs/view/business-analyst-m-w-d-at-wertgarantie-group-2147621810?position=7&pageNum=0&refId=ogUDdR8NMJRykS%2BkXVQeZw%3D%3D&trackingId=PkfKPSVB4m631EU0SG5e2Q%3D%3D,Not specified,2025-08-13 17:13:52.090215,2025-08-13,"Begeisternd – Deine zukünftigen Aufgaben: Unser interdisziplinäres und agiles Team Prozessmanagement setzt sich leidenschaftlich für die kontinuierliche Optimierung unserer Schadenmanagementsysteme ein. Durch unsere enge Zusammenarbeit mit den operativen Teams fördern wir eine innovative Kultur und gestalten aktiv die Zukunft unserer Services. Zusammenarbeit im Team Prozessmanagement der Leistungsbearbeitung an der Schnittstelle zwischen Fachbereich und IT zur Weiterentwicklung unserer Schadenmanagement-Systeme. Enge Abstimmung mit Experten des Fachbereichs zur Bedarfsanalyse, Umsetzung Beratung und gemeinsamem Erarbeiten von Fachkonzepten und Prozessverbesserungen. Übersetzung von Anforderungen in User Stories und Dokumentation. Aktives Stakeholder-Management während der Implementierung, Test- und Hypercare-Phase, um verschiedene Perspektiven zu integrieren. Identifikation und Integration innovativer Ansätze, insbesondere im Bereich Künstliche Intelligenz (KI), zur weiteren Prozessentwicklung. Überzeugend – Dein heutiges Profil: Abgeschlossene Hochschulausbildung in Betriebswirtschaft, Wirtschaftsinformatik, Versicherungswesen oder einem verwandten Bereich. Mindestens 3 Jahre Berufserfahrung als Business Analyst, idealerweise im Versicherungssektor. Erstellung und Analyse von Fachkonzepten sowie Dokumentation von Anforderungen. Vertrautheit mit modernen Prozessmanagement-Methoden (z.B. BPMN, Lean Management, Six Sigma) und Kenntnisse in agilen Methoden (z.B. Scrum, Kanban). Umgang mit Analysetools und Software wie SQL, MS Excel, BI-Tools, Jira und Confluence. Starke analytische und konzeptionelle Fähigkeiten zur Lösung komplexer Aufgaben und Interpretation großer Datenmengen. Exzellente Kommunikations- und Präsentationsfähigkeiten sowie hohe Teamfähigkeit in interdisziplinären Umfeldern. Wertschätzend – Gute Gründe für die WERTGARANTIE Group: Wertschätzung Jahresabschlussfeier, Betriebsfest, Jubiläumsfeiern, Geburtstage: Wir nutzen jede Gelegenheit, um gemeinsam unsere kleinen und großen Erfolge zu feiern. Einer der größten Unterschiede zwischen uns und anderen Unternehmen ist der persönliche Umgang miteinander. Jahressonderleistungen Wir entlohnen dein Engagement mit einem jährlichen Urlaubs- und Weihnachtsgeld. Work-Life-Balance Wir leben Flexibilität und machen daher flexible Arbeitszeitmodelle in vielen Bereichen möglich. Zudem genießt du bei uns 30 + 1 Tage Urlaub pro Jahr. Nachhaltigkeit Wir meinen es ernst und entwickeln unsere nachhaltigen Produkte und Arbeitsweisen stets weiter. Du profitierst von deinem Beitrag zum Klimaschutz und Geschäftserfolg in Form eines nachhaltigen und erfolgsbasierten Bonussystems. Außerdem unterstützen wir nachhaltige Mobilität mit dem Deutschlandticket und Fahrradleasing. Gesundheit Hansefit, Massagen oder Grippeschutzimpfungen – Wir stärken dich und deine Gesundheit. Entwicklungsmöglichkeiten Wir lernen und wachsen gemeinsam: Bei uns stehen dir bedarfsgerechte, individuelle Entwicklungs- und Weiterbildungsmöglichkeiten offen. Entdecke unsere weiteren Benefits.",de.linkedin.com/jobs/view/business-analyst-m-w-d-at-wertgarantie-group-2147621810
Business Analyst Partnerintegrationen (m/w/d),Finanz Informatik,"Hannover, Lower Saxony, Germany",LinkedIn,https://de.linkedin.com/jobs/view/business-analyst-partnerintegrationen-m-w-d-at-finanz-informatik-4284059779?position=9&pageNum=0&refId=ogUDdR8NMJRykS%2BkXVQeZw%3D%3D&trackingId=EGq0jG7FyG0QBeJQbJbkEw%3D%3D,Not specified,2025-08-13 17:13:52.090470,2025-08-13,"Als einer der größten Banken-IT-Dienstleister und Digitalisierungspartner Europas sind wir der Treiber der Digitalisierung innerhalb der Sparkassen-Finanzgruppe. Mit über 5.000 Mitarbeiter:innen an 3 Standorten machen wir digitales Banking von heute leistungsfähig und entwickeln smarte Finanz-Services von morgen. Dabei bieten wir Ihnen ein breites Aufgabenspektrum, in dem Sie Ihre individuelle Stärke hervorragend einbringen können. Ob App-Entwicklung, Netzwerktechnologien und Serverbetrieb oder Beratung, Schulung und Support – bei uns finden Sie Ihre Berufung! Als Spezialist:in oder auch als Generalist:in. Alles mit besten Karrierechancen, viel Raum für persönliche Entfaltung und zahlreichen Benefits. Für den Geschäftsbereich Sparen / Anlegen & Vorsorge / Absicherung, Bereich Vertriebsprozesse Verbundpartner Integration, Abteilung Integrierte Versicherungs- und Partnerprozesse, suchen wir zum nächstmöglichen Termin für den Standort Münster, Hannover oder Frankfurt am Main einen Business Analyst Partnerintegrationen (m/w/d) . Hinweis: Die Abteilung ist ausschließlich am Standort Münster angesiedelt. Die Abteilung ist verantwortlich für die Integration verschiedenster Partner vor allem aus dem Umfeld Versicherungen, Wertpapierdienstleister und Investmentpartner in die Anwendungen des OSPlus. Zu den Aufgaben gehören weiterhin die tägliche/monatliche Übernahme von ca. 25 Mio. Verträgen externer Partner in den Datenbestand der angeschlossenen Sparkassen/Landesbanken sowie die Bereitstellung von Informationen für externe Partner. Ihre Aufgaben: Mitarbeit in spannenden IT-Projekten für unsere Sparkassen, ihre Verbundpartner, Partner und ihre Kunden Übernahme der Rolle Fachverantwortlicher in Projekten mit Verbundpartnern und Partnern Neu- und Weiterentwicklung sowie konsequente Qualitätssicherung und Verbesserung der verantworteten Produkte Erstellung und Qualitätssicherung von Produktinformationen – für unsere Kunden und für die interne Kommunikation Durchführung von Präsentationen und Schulungsveranstaltungen Beratung unserer Kunden und Kollegen Ihr Profil: Erfolgreich abgeschlossenes fachbezogenes Studium (z. B. Betriebswirtschaft, Wirtschaftspsychologie) oder vergleichbare Ausbildung Mindestens 2 – 3 Jahre fachbezogene Berufserfahrung Fähigkeit zur Entwicklung und Abstimmung von Konzepten mit Stakeholdern bei komplexen Anforderungen Fachkompetenz in der Beratung von Kunden und im Aufbau langfristiger Kundenbeziehungen Ausgeprägte analytische Fähigkeiten und Problemlösungskompetenz Kommunikations- und Präsentationsstärke sowie Teamfähigkeit Verhandlungsgeschick im Umgang mit externen Auftraggebern Ihre Benefits bei der Finanz Informatik: Sie fragen sich, warum Sie bei der Finanz Informatik arbeiten sollten? Wir hätten da ein paar gute Gründe für Sie. Neben flexiblen Arbeitszeiten, vergünstigten Jobtickets oder der Möglichkeit, mobil zu arbeiten, bieten wir Ihnen noch viel mehr: Altersvorsorge Barrierefrei Betriebssport Familienservice Firmenevents Flexible Arbeitszeiten Mobiles Arbeiten Jobticket Kantine Tarifvertrag Weiterbildung Fitnessförderung Bei uns erwartet Sie eine attraktive Vergütung basierend auf Ihrer Qualifikation sowie Ihrer relevanten, praktischen Erfahrung. Klingt interessant? Wir freuen uns auf die Bewerbung unter Angabe der Kennziffer 495/A! Sollten Sie vorab weitere Auskünfte zu dieser Stelle wünschen, steht Ihnen gerne Frau Pia Grafenburg zur Verfügung. Sie erreichen Pia Grafenburg unter Tel. +49 25128833735 oder per E-Mail unter karriere@f-i.de.",de.linkedin.com/jobs/view/business-analyst-partnerintegrationen-m-w-d-at-finanz-informatik-4284059779
Betriebswirt:in als Team Leiter:in Meter2Cash Reporting & Abrechnung,enercity,"Hannover, Lower Saxony, Germany",LinkedIn,https://de.linkedin.com/jobs/view/betriebswirt-in-als-team-leiter-in-meter2cash-reporting-abrechnung-at-enercity-4284431743?position=10&pageNum=0&refId=ogUDdR8NMJRykS%2BkXVQeZw%3D%3D&trackingId=t0pvZ28DyH2cqnesTVCMug%3D%3D,Not specified,2025-08-13 17:13:52.090595,2025-08-13,"Aufgaben Als Abteilungsleiter:in im Abrechnungswesen bist du verantwortlich für die komplette Prozesskette von den technischen Stammdaten, den Messwerten, der Abrechnung, dem Zahlungsverkehr, dem Forderungsmanagement. Dazu bist du verantworltich für das notwendige, umfangreiche Reporting. Du ermöglichst Effizienz und Stabilität innerhalb der in der Abteilung vorhandenen Prozessketten durch ein kontinuierliches Engpass-Management. Außerdem verantwortest du die Optimierung interner und externer Schnittstellen und Prozesse mit den Partner:innengesellschaften und koordinierst eine nachhaltige, performante Zusammenarbeit mit dem zentralen Prozess-Management. Die termingerechte Umsetzung von regulatorischen Vorgaben gehört ebenfalls zu deinem Aufgabenprofil. Aufbau, Führung und Entwicklung deines Teams: Du übernimmst die fachliche und disziplinarische Leitung deines Teams. Darüber hinaus bist du für die Ausgestaltung der internen Abläufe, die Stabilisierung und Steuerung deines Teams zuständig, förderst die Weiterentwicklung der Mitarbeiter und schaffst eine leistungsorientierte, kooperative und motivierende Teamkultur. Du leitest Veränderungsprozesse entlang der verschiedenen Systemumstellungen und der damit verbundenen Veränderungen der Kernkompetenzen und Fähigkeiten deiner Team-Mitglieder. Entwicklung, Change-Management & Betrieb: Du übernimmst die Führung deiner Abteilung unter kundenorientierten, wirtschaftlichen Grundsätzen. Du begleitest und verantwortest operativ sowie strategisch die enge Verzahnung, mit den zuständigen Bereichen des Konzerns, in Bezug auf digitale Weiterentwicklungen. Gleiches gilt auch für die vertrieblichen Bereiche. Anforderungen Du verfügst über ein abgeschlossenes Studium der Informatik oder Wirtschaftsinformatik oder über einen vergleichbaren Abschluss. Dazu verfügst du über die Kombination aus IT und einem wirtschaftlichen Kompetenzfeld. Alternativ besitzt du eine gleichwertige, durch Berufserfahrung erworbene Qualifikation. Des Weiteren hast du mehr als 7 Jahre Berufserfahrung im IS-U | S4HANA-Umfeld und fundierte Kompetenzen in energiewirtschaftlichen Abrechnungsprozessen. Dazu hast du Führungserfahrung und Erfahrung im Management von Transformationsprozessen mit Schwerpunkt Systemumstellungen innerhalb der SAP-Umgebung. Außerdem hast du Steuerungskompetenz mit fundiertem fachlichen Verständnis für energiewirtschaftliche Prozesse. Deine Persönlichkeit zeichnet sich durch eine transparente und vertrauensbildende Führungsweise, Kommunikationsstärke zur Zusammenarbeit mit verschiedenen Abteilungen und Stakeholder:innen aus. Eine hohe Eigeninitiative sowie Flexibilität und Anpassungsfähigkeit runden dein Profil ab. Das Sahnehäubchen – Diese Vorteile Bieten Wir Dir Teamwork statt HierarchiedenkenFür uns zählt der Erfolg des Teams, deshalb unterstützen wir uns gegenseitig. Klassische Hierarchien gibt es bei uns nicht: Anstatt dir im Nacken zu sitzen, halten dir unsere Führungskräfte lieber den Rücken frei. Viel Freiraum für eigene IdeenBei uns findest du jede Menge Freiraum für selbstständiges Arbeiten. Wir freuen uns auf deine Ideen – deinen Willen, Prozesse, Produkte und Lösungen aktiv mitzugestalten, schätzen wir sehr. Fort- & Weiterbildung: Potenzialentfaltung vom ersten Tag anDass du deine Potenziale frei entfalten kannst, ist uns sehr wichtig - und das schon ab dem ersten Arbeitstag. Du profitierst nicht nur von einer umfassenden Einarbeitung, sondern auch von auf dich zugeschnittenen Weiterbildungsmaßnahmen. Gesundheit bei enercityDeine Gesundheit liegt uns besonders am Herzen, deshalb sind unsere Arbeitsplätze nach neusten ergonomischen Anforderungen gestaltet. Dazu ist der betriebsärztliche Dienst bei Fragen zu Gesundheitsthemen und Prävention immer für dich da. Alles für deine Work-Life-BalanceVon flexiblen Arbeitszeiten über mobiles Arbeiten bis hin zur enercity Kinderkrippe und Unterstützung bei der Pflege von Angehörigen: Wir geben unser Bestes, damit du Privatleben und Beruf bestmöglich unter einen Hut bekommst. Attraktive BezahlungWir orientieren uns als Unternehmen häufig an der Start-Up Denke, aber nicht, wenn es um deine Vergütung geht. Neben einem attraktiven und sicheren Gehalt profitierst du beispielsweise von Sonderzahlungen oder betrieblicher Altersvorsorge. Onboarding: Für den bestmöglichen Start ins ArbeitslebenAm ersten Arbeitstag erwartet dich ein ausgestatteter Arbeitsplatz und ein Pate, der dich beim Ankommen unterstützt. Mit deinem Team erfährst du in der ersten Woche, was es mit unseren Networking-Meetings auf sich hat. enercity Gym und BetriebssportIm enerGym kannst du Bewegung und Entspannung in deinen Arbeitstag integrieren. Falls du weitere Sportarten für deinen Ausgleich im Alltag suchst, dann bist du bei unserer Betriebssportgemeinschaft genau richtig! Unser betriebsärztlicher Dienst ist immer für dich daNimm an unserem Präventionsprogramm oder unseren Gesundheitstagen teil, lass dich vom Team des betriebsärztlichen Dienstes durchchecken oder kontaktiere unsere Expert:innen für sämtliche Gesundheitsthemen. Mobiles ArbeitenWo es möglich ist, erleichtern wir dir durch mobiles Arbeiten die Vereinbarkeit von Beruf und Privatleben. Ob im Café oder zu Hause – du hast die Wahl! enercity KinderkrippeJährlich ermöglichen wir zwölf Kindern von Mitarbeitenden einen Betreuungsplatz bei uns. Mit der Initiative „Haus der kleinen Forscher“ werden die Kleinen an Musik und die englische Sprache herangeführt. Beste VerkehrsanbindungGerne bezuschussen wir dein Ticket für die Verkehrsbetriebe Hannover. Auch für dein E-Auto gibt es jede Menge Lademöglichkeiten auf unserem Parkplatz. Jobs, die wirklich was verändernGemeinsam bewegen wir Hannover und leisten einen bedeutenden Beitrag für die Zukunft unserer Gesellschaft: Wir sorgen dafür, dass erneuerbare Energien unsere Welt lebenswerter machen.",de.linkedin.com/jobs/view/betriebswirt-in-als-team-leiter-in-meter2cash-reporting-abrechnung-at-enercity-4284431743
Business Consultant für Process & Operational Excellence,enercity,"Hannover, Lower Saxony, Germany",LinkedIn,https://de.linkedin.com/jobs/view/business-consultant-f%C3%BCr-process-operational-excellence-at-enercity-4284438222?position=14&pageNum=0&refId=ogUDdR8NMJRykS%2BkXVQeZw%3D%3D&trackingId=4y8VH3MxrdSxdb3jJK2aCw%3D%3D,Not specified,2025-08-13 17:13:52.091105,2025-08-13,"Aufgaben Als Operational Excellence Process Manager:in unterstützt du die Abteilung und die Abteilungsleitung bei der Umsetzung der Funktionalstrategie. Dein Fokus liegt dabei auf Prozessen und dem Prozessmanagement. Eigenständig analysierst und koordinierst du die Entwicklung und Implementierung von Prozessen und stehst diesbezüglich beratend zur Seite. Unter Berücksichtigung regulatorischer und betrieblicher Anforderungen sowie Wirtschaftlichkeits- und Funktionsanalysen optimierst du kontinuierlich die Prozesse im Ergebnisbereich. Du entwickelst Monitoring-Mechanismen zur Prozessüberwachung und setzt diese um. Zudem erstellst du Berichte und KPIs zur Unterstützung der Abteilung in der Zielerreichung. Für die erfolgreiche Durchführung von Prozessschulungen der Mitarbeiter:innen in Hinblick auf bestehende und neue Anforderungen erarbeitest du im Vorfeld Schulungsunterlagen. Du übernimmst Projektleitungs- und Teilprojektleitungsaufgaben und arbeitest in bereichs- und abteilungsübergreifenden Projekten und Vorhaben mit. Die Übernahme von Sonderaufgaben rundet deinen Aufgabenbereich ab. Anforderungen Du bringst ein abgeschlossenes elektrotechnisches oder wirtschaftswissenschaftliches FH-/ Bachelor-Studium oder eine vergleichbare Qualifikation mit. In der Planung, Durchführung, Koordination und Überwachung von Geschäftsvorgängen hast du bereits umfassende Erfahrung. Zudem verfügst du über tiefgehende Kenntnisse des liberalisierten Energiemarktes. Dich zeichnen deine selbständige und systematische Arbeitsweise sowie dein Moderationsgeschick aus. Für dich stehen die Kund:innen sowie die Erreichung der Ziele im Fokus. Du bringst die Bereitschaft mit, dich in unbekannte Themenfelder einzuarbeiten und gehst schon jetzt mutig mit Ungewissheiten um. Du begeisterst dich für Themen der IT und der Digitalisierung. Das Sahnehäubchen – Diese Vorteile Bieten Wir Dir Teamwork statt HierarchiedenkenFür uns zählt der Erfolg des Teams, deshalb unterstützen wir uns gegenseitig. Klassische Hierarchien gibt es bei uns nicht: Anstatt dir im Nacken zu sitzen, halten dir unsere Führungskräfte lieber den Rücken frei. Viel Freiraum für eigene IdeenBei uns findest du jede Menge Freiraum für selbstständiges Arbeiten. Wir freuen uns auf deine Ideen – deinen Willen, Prozesse, Produkte und Lösungen aktiv mitzugestalten, schätzen wir sehr. Fort- & Weiterbildung: Potenzialentfaltung vom ersten Tag anDass du deine Potenziale frei entfalten kannst, ist uns sehr wichtig - und das schon ab dem ersten Arbeitstag. Du profitierst nicht nur von einer umfassenden Einarbeitung, sondern auch von auf dich zugeschnittenen Weiterbildungsmaßnahmen. Gesundheit bei enercityDeine Gesundheit liegt uns besonders am Herzen, deshalb sind unsere Arbeitsplätze nach neusten ergonomischen Anforderungen gestaltet. Dazu ist der betriebsärztliche Dienst bei Fragen zu Gesundheitsthemen und Prävention immer für dich da. Alles für deine Work-Life-BalanceVon flexiblen Arbeitszeiten über mobiles Arbeiten bis hin zur enercity Kinderkrippe und Unterstützung bei der Pflege von Angehörigen: Wir geben unser Bestes, damit du Privatleben und Beruf bestmöglich unter einen Hut bekommst. Attraktive BezahlungWir orientieren uns als Unternehmen häufig an der Start-Up Denke, aber nicht, wenn es um deine Vergütung geht. Neben einem attraktiven und sicheren Gehalt profitierst du beispielsweise von Sonderzahlungen oder betrieblicher Altersvorsorge. Onboarding: Für den bestmöglichen Start ins ArbeitslebenAm ersten Arbeitstag erwartet dich ein ausgestatteter Arbeitsplatz und ein Pate, der dich beim Ankommen unterstützt. Mit deinem Team erfährst du in der ersten Woche, was es mit unseren Networking-Meetings auf sich hat. enercity Gym und BetriebssportIm enerGym kannst du Bewegung und Entspannung in deinen Arbeitstag integrieren. Falls du weitere Sportarten für deinen Ausgleich im Alltag suchst, dann bist du bei unserer Betriebssportgemeinschaft genau richtig! Unser betriebsärztlicher Dienst ist immer für dich daNimm an unserem Präventionsprogramm oder unseren Gesundheitstagen teil, lass dich vom Team des betriebsärztlichen Dienstes durchchecken oder kontaktiere unsere Expert:innen für sämtliche Gesundheitsthemen. Mobiles ArbeitenWo es möglich ist, erleichtern wir dir durch mobiles Arbeiten die Vereinbarkeit von Beruf und Privatleben. Ob im Café oder zu Hause – du hast die Wahl! enercity KinderkrippeJährlich ermöglichen wir zwölf Kindern von Mitarbeitenden einen Betreuungsplatz bei uns. Mit der Initiative „Haus der kleinen Forscher“ werden die Kleinen an Musik und die englische Sprache herangeführt. Beste VerkehrsanbindungGerne bezuschussen wir dein Ticket für die Verkehrsbetriebe Hannover. Auch für dein E-Auto gibt es jede Menge Lademöglichkeiten auf unserem Parkplatz. Jobs, die wirklich was verändernGemeinsam bewegen wir Hannover und leisten einen bedeutenden Beitrag für die Zukunft unserer Gesellschaft: Wir sorgen dafür, dass erneuerbare Energien unsere Welt lebenswerter machen.",de.linkedin.com/jobs/view/business-consultant-f%C3%BCr-process-operational-excellence-at-enercity-4284438222
"Partner Success Specialist (Kiel/Berlin/Hannover/Hybrid, DE)",Parking Network B.V.,"Hannover, Lower Saxony, Germany",LinkedIn,https://de.linkedin.com/jobs/view/partner-success-specialist-kiel-berlin-hannover-hybrid-de-at-parking-network-b-v-4284039134?position=15&pageNum=0&refId=ogUDdR8NMJRykS%2BkXVQeZw%3D%3D&trackingId=7h8NXFEh8h622O%2B8UJON9A%3D%3D,Not specified,2025-08-13 17:13:52.091229,2025-08-13,"We’ve signed up to an ambitious journey. Join us! As Arrive, we guide customers and communities towards brighter futures and more livable cities, it isn’t a challenge just anyone could take on. Luckily, we have something to help us make it happen. Our people and our values. We Arrive Curious, Focused and Together. Just as our entire brand is inspired by the North Star, the shining light leading travelers to their destinations since time began, our values guide us. They help us be at our best. For our customers. For the cities and communities we serve. For ourselves. As a global team, we are transforming urban mobility. Let’s grow better, together. As Partner Success Specialist for the DACH region you will play an integral role in building trust and solid relationships by supporting our Operators on their daily business, impacting several touchpoints of their customer journey. We contribute to our vision by connecting with our Partners, identifying their needs and driving improvement initiatives. Your main responsibility will be to secure a seamless implementation of the Company solutions by configuring, maintaining and supporting our products and services for our partners. You Will Contribute & Make An Impact Through Providing excellent operational support to new and existing partners Configuration, release and maintenance of our solutions and products. Implementation of the Company standard services according to client specifications. Archiving and version management of software configurations. Quality assurance, testing our products and services, while striving for continuous improvement. Order, review and roll-out of signage. Collaboration across Teams and Business Units e.g. Account Managers, Operations, and R&D/Product. Training and supporting Operations on the Company services. Working actively within the CRM system to manage requests/incidents and ensuring data quality. About You We don’t know you yet, but you might recognize yourself in the following: Excellent customer relationship management skills and strong interest in helping customers. Good planning and self-management skills. Proven involvement in project management is appreciated. High level of technical understanding of system integrations. XML or JSon knowledge is desirable. Basic knowledge of Adobe Illustrator is advantageous. Good analytical skills to interpret data and identify patterns. Mastery of other European languages is advantageous. Change management, resilience and positive attitude towards change Your background We don’t think one size fits all, but a successful candidate might have the following: Previous experience (1-3 years) working with Customer Success or Technical Support for Corporate Customers. Excellent verbal and written communication skills in the local language and proficient in English. Previous experience in collaborating across departments. This role can be based from Hannover, Kiel or Berlin, Germany. About Us Arrive, including brands like EasyPark, Flowbird, RingGo, ParkMobile and Parkopedia, is a leading global mobility platform. Present in over 90 countries and 20,000 cities, the company helps people and decision-makers make smarter decisions about urban mobility and ease the experience of travel worldwide. Arrive delivers a unique combination of the core ingredients to make cities more livable: from smart payments and optimized car parks to data-driven traffic reduction and support for reinvestment in public transport and green space. It’s about more than function, it’s about saving time and simplifying the experience of travel for everyone. Travel is more than a journey, it’s how you Arrive. Department Parking Locations Berlin, Kiel, Hannover Remote status Hybrid About Arrive Arrive, including brands like EasyPark, Flowbird, RingGo, ParkMobile and Parkopedia, is a leading global mobility platform. Present in over 90 countries and 20,000 cities, the company helps people and decision-makers make smarter decisions about urban mobility and ease the experience of travel worldwide. Arrive delivers a unique combination of the core ingredients to make cities more livable: from smart payments and optimized car parks to data-driven traffic reduction and support for reinvestment in public transport and green space. It’s about more than function, it’s about saving time and simplifying the experience of travel for everyone. Travel is more than a journey, it’s how you Arrive. Apply for this job",de.linkedin.com/jobs/view/partner-success-specialist-kiel-berlin-hannover-hybrid-de-at-parking-network-b-v-4284039134
(Senior) Business Analyst (w/m/d),VHV Gruppe,"Hannover, Lower Saxony, Germany",LinkedIn,https://de.linkedin.com/jobs/view/senior-business-analyst-w-m-d-at-vhv-gruppe-4125564074?position=16&pageNum=0&refId=ogUDdR8NMJRykS%2BkXVQeZw%3D%3D&trackingId=GNGaTV9ZCySWAiutXW%2B9Ew%3D%3D,Not specified,2025-08-13 17:13:52.091349,2025-08-13,"Ihre Aufgaben Als Business Analyst der digital broking GmbH, einem Start-up aus Hannover und Tochterunternehmen der VHV Gruppe, arbeiten Sie in einem cross-funktionalen Team im agilen Setting und begleiten die Umsetzung eines spannenden, strategischen Projekts. Mitarbeit in unserem agilen Entwicklungsteam. Formulierung von User Stories, Unterstützung des Product Owners im Backlog, Strukturierung und Konsolidierung von Anforderungen sowie Dokumentation der Funktionen. Test- und Qualitätsmanagement (Funktionen anhand der User Storys testen und ggf. fachliche Abnahmen tätigen). Konzeptionelle Tätigkeiten im Bereich Optimierung und Digitalisierung von Vertriebsprozessen, Schnittstellen und (Um-)Systemen. Ihr Profil Sie haben ein abgeschlossenes Studium der Betriebswirtschaftslehre, Wirtschaftswissenschaften, Wirtschaftsinformatik oder eine vergleichbare Qualifikation. Sie haben gute konzeptionelle und methodische Fähigkeiten sowie Spaß an der Lösung komplexer Aufgabenstellungen. Sie interessieren sich für Qualitätssicherung, Prozessoptimierungen, Trends und digitale Themen / Technologien. Sie verfügen über analytische und kommunikative Fähigkeiten sowie eine eigenverantwortliche, strukturierte Arbeitsweise. Sie sind sicher im Umgang mit digitalen Medien. Von Vorteil wäre / wünschenswert wäre: Berufserfahrung im Versicherungswesen und ein gutes Verständnis über die vertrieblichen Geschäftsprozesse im Maklerumfeld, idealerweise im Zusammenhang mit POS-Systemen. (mehrjährige) Erfahrungen in agilen Projekten und Methoden inklusive gängiger Tools (Jira, Confluence, Miro, usw.). Erfahrung mit IT-Systemen, Datenbanken und Schnittstellen (z.B. BiPRO, GDV, Tarifrechner, etc.). Erfahrungen im UX/UI-Umfeld. Sie haben Zertifizierungen wie IREB (agile), ISTQB, Certified Agile Business Analyst (CABA) oder andere relevante Zertifikate im Testmanagement. Ihre Perspektiven Work Life Flexibility: Flexible Arbeitszeiten, mobiles Arbeiten oder Arbeiten im Ausland - die Möglichkeiten, die eigene Work-Life-Balance passend zu Ihrem Tätigkeitsbereich zu gestalten, sind vielfältig. Vergütung: Unser attraktives Vergütungsmodell umfasst 13,3 Monatsgehälter plus eine direkte Beteiligung am Unternehmenserfolg. Urlaub: Zusätzlich zu Ihren 30 Urlaubstagen pro Jahr haben Sie die Möglichkeit, Ihre Sonderzahlungen in zusätzliche freie Tage umzuwandeln. Arbeitswelt: Moderne Workspaces, unsere allseits beliebte Segafredo-Kaffeebar und Kantine mit abwechslungsreichen Angeboten bieten Ihnen das bestmögliche Arbeitsumfeld an unserem Hauptsitz in Hannover. Karriere und Weiterbildung: Ob fachspezifische Weiterbildungen über unsere VHV Akademien oder das Führungskräftenachwuchsprogramm - entfalten Sie Ihr Potenzial und wählen Sie den Karriere- und Entwicklungsweg, der zu Ihnen passt. Well Being: Von Betriebsarzt über Sportgruppen bis zu ergonomischem Arbeiten - Ihre Gesundheit liegt uns am Herzen. Vorsorge: Ob betriebliche Altersvorsorge oder vermögenswirksame Leistungen - wir sorgen gemeinsam mit Ihnen vor. Arbeitsweg: Ob Jobrad, öffentliche Verkehrsmittel oder Auto: Mit Fahrradkeller, kostenlosen Parkplätzen oder Fahrtkostenzuschuss gestaltet sich der Weg zu uns einfacher denn je. Erfahren Sie hier mehr über uns als Arbeitgeber. Ihr Arbeitgeber - Die VHV Gruppe Die VHV Gruppe ist ein gewachsener Konzern von Spezialisten für Versicherung, Vorsorge und Vermögen. Mit ihren Marken VHV Versicherungen und Hannoversche ist sie ein kompetenter und zukunftsorientierter Partner für Versicherte und Vermittler. Für unseren Erfolg setzen wir auf die Stärken unserer rund 4.000 Beschäftigten, moderne Strukturen, effizientes Kostenmanagement und kundenorientierte Produkte. Weitere Informationen Startpunkt: zum nächstmöglichen Zeitpunkt Ort: VHV Platz 1, 30177 Hannover Das Team besteht aus 10 direkten Kolleginnen und Kollegen, die sich auf Sie freuen!",de.linkedin.com/jobs/view/senior-business-analyst-w-m-d-at-vhv-gruppe-4125564074
Finanzbuchhalter,airco Lüftungstechnik,"Garbsen, Lower Saxony, Germany",LinkedIn,https://de.linkedin.com/jobs/view/finanzbuchhalter-at-airco-l%C3%BCftungstechnik-4280117621?position=20&pageNum=0&refId=ogUDdR8NMJRykS%2BkXVQeZw%3D%3D&trackingId=s5WwP78srRTYaeEERaxJeA%3D%3D,Not specified,2025-08-13 17:13:52.091880,2025-08-13,,de.linkedin.com/jobs/view/finanzbuchhalter-at-airco-l%C3%BCftungstechnik-4280117621
Leitung Energieabrechnung & Change Management,enercity,"Hannover, Lower Saxony, Germany",LinkedIn,https://de.linkedin.com/jobs/view/leitung-energieabrechnung-change-management-at-enercity-4284434427?position=22&pageNum=0&refId=ogUDdR8NMJRykS%2BkXVQeZw%3D%3D&trackingId=Z31JA%2FN7CvqbBOAELtAt6Q%3D%3D,Not specified,2025-08-13 17:13:52.092117,2025-08-13,,de.linkedin.com/jobs/view/leitung-energieabrechnung-change-management-at-enercity-4284434427
Finanzbuchhalter (m/w/d),Mitte,"Hannover, Lower Saxony, Germany",LinkedIn,https://de.linkedin.com/jobs/view/finanzbuchhalter-m-w-d-at-mitte-4281736712?position=24&pageNum=0&refId=ogUDdR8NMJRykS%2BkXVQeZw%3D%3D&trackingId=cZZtVzyUM0hZuJfhDedKMg%3D%3D,Not specified,2025-08-13 17:13:52.092350,2025-08-13,,de.linkedin.com/jobs/view/finanzbuchhalter-m-w-d-at-mitte-4281736712
Portfoliomanager Fixed Income (m/w/d),TieTalent,"Burgdorf, Lower Saxony, Germany",LinkedIn,https://de.linkedin.com/jobs/view/portfoliomanager-fixed-income-m-w-d-at-tietalent-4283868224?position=26&pageNum=0&refId=ogUDdR8NMJRykS%2BkXVQeZw%3D%3D&trackingId=S4B5m0AMdoww4PlRuCuggA%3D%3D,Not specified,2025-08-13 17:13:52.092584,2025-08-13,,de.linkedin.com/jobs/view/portfoliomanager-fixed-income-m-w-d-at-tietalent-4283868224
Informatiker:in als Leiter:in Forderungsmanagement Energie,enercity,"Hannover, Lower Saxony, Germany",LinkedIn,https://de.linkedin.com/jobs/view/informatiker-in-als-leiter-in-forderungsmanagement-energie-at-enercity-4284432595?position=27&pageNum=0&refId=ogUDdR8NMJRykS%2BkXVQeZw%3D%3D&trackingId=%2Br1Fns9y8gBbuTgz7KRCUA%3D%3D,Not specified,2025-08-13 17:13:52.092700,2025-08-13,,de.linkedin.com/jobs/view/informatiker-in-als-leiter-in-forderungsmanagement-energie-at-enercity-4284432595
Spezialist Meldewesen (m/w/d),TieTalent,"Burgdorf, Lower Saxony, Germany",LinkedIn,https://de.linkedin.com/jobs/view/spezialist-meldewesen-m-w-d-at-tietalent-4283812766?position=29&pageNum=0&refId=ogUDdR8NMJRykS%2BkXVQeZw%3D%3D&trackingId=%2FB%2FU15JGzAV3GpWl5J9YQA%3D%3D,Not specified,2025-08-13 17:13:52.092935,2025-08-12,,de.linkedin.com/jobs/view/spezialist-meldewesen-m-w-d-at-tietalent-4283812766
Finanzbuchhalter (m/w/d),Mitte,"Hannover, Lower Saxony, Germany",LinkedIn,https://de.linkedin.com/jobs/view/finanzbuchhalter-m-w-d-at-mitte-4281741188?position=30&pageNum=0&refId=ogUDdR8NMJRykS%2BkXVQeZw%3D%3D&trackingId=gpVldWaS2Jfl5HrX247XTg%3D%3D,Not specified,2025-08-13 17:13:52.093052,2025-08-13,,de.linkedin.com/jobs/view/finanzbuchhalter-m-w-d-at-mitte-4281741188
Junior Vertriebler Außendienst Neukundenakquise (m/w/d),Ströer SE & Co. KGaA,"Hannover, Lower Saxony, Germany",LinkedIn,https://de.linkedin.com/jobs/view/junior-vertriebler-au%C3%9Fendienst-neukundenakquise-m-w-d-at-str%C3%B6er-se-co-kgaa-4265474539?position=32&pageNum=0&refId=ogUDdR8NMJRykS%2BkXVQeZw%3D%3D&trackingId=%2BkkKy8mxdNG4mpVm7qexfw%3D%3D,Not specified,2025-08-13 17:13:52.093289,2025-08-13,,de.linkedin.com/jobs/view/junior-vertriebler-au%C3%9Fendienst-neukundenakquise-m-w-d-at-str%C3%B6er-se-co-kgaa-4265474539
German Social Media Content Analyst in Lisbon w/Relocation bonus,Elemental Insights,"Hannover, Lower Saxony, Germany",LinkedIn,https://de.linkedin.com/jobs/view/german-social-media-content-analyst-in-lisbon-w-relocation-bonus-at-elemental-insights-4281778152?position=35&pageNum=0&refId=ogUDdR8NMJRykS%2BkXVQeZw%3D%3D&trackingId=RW6JjNPR0E1fldcnGa%2FaTg%3D%3D,Not specified,2025-08-13 17:13:52.093639,2025-08-13,,de.linkedin.com/jobs/view/german-social-media-content-analyst-in-lisbon-w-relocation-bonus-at-elemental-insights-4281778152
Steuerfachassistent (m/w/d),Mitte,"Hannover, Lower Saxony, Germany",LinkedIn,https://de.linkedin.com/jobs/view/steuerfachassistent-m-w-d-at-mitte-4281710835?position=38&pageNum=0&refId=ogUDdR8NMJRykS%2BkXVQeZw%3D%3D&trackingId=FaNFu%2BRSETxIq0WP1gvbSw%3D%3D,Not specified,2025-08-13 17:13:52.093993,2025-08-12,,de.linkedin.com/jobs/view/steuerfachassistent-m-w-d-at-mitte-4281710835
Finanzbuchhalterin (m/w/d),TieTalent,"Burgdorf, Lower Saxony, Germany",LinkedIn,https://de.linkedin.com/jobs/view/finanzbuchhalterin-m-w-d-at-tietalent-4283863986?position=40&pageNum=0&refId=ogUDdR8NMJRykS%2BkXVQeZw%3D%3D&trackingId=pIMp8w4jf670yYA%2BH9osAQ%3D%3D,Not specified,2025-08-13 17:13:52.094232,2025-08-13,,de.linkedin.com/jobs/view/finanzbuchhalterin-m-w-d-at-tietalent-4283863986
Lagerspezialist im Store Hannover (40h/Woche) - Studentjob.de,Jobster,"Hannover, Lower Saxony, Germany",LinkedIn,https://de.linkedin.com/jobs/view/lagerspezialist-im-store-hannover-40h-woche-studentjob-de-at-jobster-4283894757?position=41&pageNum=0&refId=ogUDdR8NMJRykS%2BkXVQeZw%3D%3D&trackingId=xbjuzCp2BLWAz1MAIZnMRQ%3D%3D,Not specified,2025-08-13 17:13:52.094350,2025-08-13,,de.linkedin.com/jobs/view/lagerspezialist-im-store-hannover-40h-woche-studentjob-de-at-jobster-4283894757
Assistenz der Geschäftsführung (m/w/d),Lietmeyer Unternehmensgruppe,"Hildesheim, Lower Saxony, Germany",LinkedIn,https://de.linkedin.com/jobs/view/assistenz-der-gesch%C3%A4ftsf%C3%BChrung-m-w-d-at-lietmeyer-unternehmensgruppe-4282238694?position=43&pageNum=0&refId=ogUDdR8NMJRykS%2BkXVQeZw%3D%3D&trackingId=TV0FhhQ2Y8LMqqjbcLS4ww%3D%3D,Not specified,2025-08-13 17:13:52.094583,2025-08-13,,de.linkedin.com/jobs/view/assistenz-der-gesch%C3%A4ftsf%C3%BChrung-m-w-d-at-lietmeyer-unternehmensgruppe-4282238694
Wirtschaftsingenieurwesen (B.Sc.) Fokus Technologie und Nachhaltigkeit 2026,Siemens,"Hannover, Lower Saxony, Germany",LinkedIn,https://de.linkedin.com/jobs/view/wirtschaftsingenieurwesen-b-sc-fokus-technologie-und-nachhaltigkeit-2026-at-siemens-4259488442?position=44&pageNum=0&refId=ogUDdR8NMJRykS%2BkXVQeZw%3D%3D&trackingId=YIY8HIHBdV3Mry7Y3PVldg%3D%3D,Not specified,2025-08-13 17:13:52.094699,2025-08-13,,de.linkedin.com/jobs/view/wirtschaftsingenieurwesen-b-sc-fokus-technologie-und-nachhaltigkeit-2026-at-siemens-4259488442
Spezialist Bilanzen/Steuern (m/w/d),TieTalent,"Burgdorf, Lower Saxony, Germany",LinkedIn,https://de.linkedin.com/jobs/view/spezialist-bilanzen-steuern-m-w-d-at-tietalent-4283865684?position=45&pageNum=0&refId=ogUDdR8NMJRykS%2BkXVQeZw%3D%3D&trackingId=sadTCgNLv5ooohsaBAjMjg%3D%3D,Not specified,2025-08-13 17:13:52.094815,2025-08-13,,de.linkedin.com/jobs/view/spezialist-bilanzen-steuern-m-w-d-at-tietalent-4283865684
Spezialist Bilanzen/Steuern (m/w/d),TieTalent,"Burgdorf, Lower Saxony, Germany",LinkedIn,https://de.linkedin.com/jobs/view/spezialist-bilanzen-steuern-m-w-d-at-tietalent-4283814214?position=46&pageNum=0&refId=ogUDdR8NMJRykS%2BkXVQeZw%3D%3D&trackingId=ASaPwtYuuLeMTWFjvGW7ig%3D%3D,Not specified,2025-08-13 17:13:52.094936,2025-08-12,,de.linkedin.com/jobs/view/spezialist-bilanzen-steuern-m-w-d-at-tietalent-4283814214
Serviceassistant (m/w/d),TieTalent,"Burgdorf, Lower Saxony, Germany",LinkedIn,https://de.linkedin.com/jobs/view/serviceassistant-m-w-d-at-tietalent-4284110602?position=48&pageNum=0&refId=ogUDdR8NMJRykS%2BkXVQeZw%3D%3D&trackingId=y76JyFgZcHnGXu8gVltsyg%3D%3D,Not specified,2025-08-13 17:13:52.095169,2025-08-13,,de.linkedin.com/jobs/view/serviceassistant-m-w-d-at-tietalent-4284110602
Finanzbuchhalter / Steuerfachangestellter (w/m/d) im Bereich Debitoren,TieTalent,"Langenhagen, Lower Saxony, Germany",LinkedIn,https://de.linkedin.com/jobs/view/finanzbuchhalter-steuerfachangestellter-w-m-d-im-bereich-debitoren-at-tietalent-4283807688?position=50&pageNum=0&refId=ogUDdR8NMJRykS%2BkXVQeZw%3D%3D&trackingId=H0P6VAjuuqI9Y4LHEoJyWw%3D%3D,Not specified,2025-08-13 17:13:52.095401,2025-08-12,,de.linkedin.com/jobs/view/finanzbuchhalter-steuerfachangestellter-w-m-d-im-bereich-debitoren-at-tietalent-4283807688
Finanzbuchhalter / Steuerfachangestellter (w/m/d) im Bereich Debitoren,TieTalent,"Langenhagen, Lower Saxony, Germany",LinkedIn,https://de.linkedin.com/jobs/view/finanzbuchhalter-steuerfachangestellter-w-m-d-im-bereich-debitoren-at-tietalent-4283863749?position=51&pageNum=0&refId=ogUDdR8NMJRykS%2BkXVQeZw%3D%3D&trackingId=sReuMou6HWJAor%2BopApvyw%3D%3D,Not specified,2025-08-13 17:13:52.095518,2025-08-13,,de.linkedin.com/jobs/view/finanzbuchhalter-steuerfachangestellter-w-m-d-im-bereich-debitoren-at-tietalent-4283863749
Consultant Global Mobility (m/w/d) in Hannover,Deloitte,"Hannover, Lower Saxony, Germany",LinkedIn,https://de.linkedin.com/jobs/view/consultant-global-mobility-m-w-d-in-hannover-at-deloitte-4260277235?position=52&pageNum=0&refId=ogUDdR8NMJRykS%2BkXVQeZw%3D%3D&trackingId=rZUJdI%2BLvNKoQbjlTHfCYw%3D%3D,Not specified,2025-08-13 17:13:52.095634,2025-08-13,,de.linkedin.com/jobs/view/consultant-global-mobility-m-w-d-in-hannover-at-deloitte-4260277235
Lagerhelfer (m/w/d),TieTalent,"Burgwedel, Lower Saxony, Germany",LinkedIn,https://de.linkedin.com/jobs/view/lagerhelfer-m-w-d-at-tietalent-4283379258?position=54&pageNum=0&refId=ogUDdR8NMJRykS%2BkXVQeZw%3D%3D&trackingId=69BImxs5OtOl5UOJW2ORMQ%3D%3D,Not specified,2025-08-13 17:13:52.095871,2025-08-12,,de.linkedin.com/jobs/view/lagerhelfer-m-w-d-at-tietalent-4283379258
Software Engineer - Machine Learning,Applied Intuition,"Stuttgart, Baden-Württemberg, Germany",LinkedIn,https://de.linkedin.com/jobs/view/software-engineer-machine-learning-at-applied-intuition-4177741062?position=2&pageNum=0&refId=3j%2Bn8r6ks9XeZv1fih30jg%3D%3D&trackingId=VEWHIZoWOSdjXEv1oFG6JA%3D%3D,Not specified,2025-08-13 17:14:30.100064,2025-08-13,"About Applied Intuition Applied Intuition is the vehicle intelligence company that accelerates the global adoption of safe, AI-driven machines. Founded in 2017, Applied Intuition delivers the toolchain, Vehicle OS, and autonomy stacks to help customers build intelligent vehicles and shorten time to market. Eighteen of the top 20 global automakers and major programs across the Department of Defense trust Applied Intuition's solutions to deliver vehicle intelligence. Applied Intuition services the automotive, defense, trucking, construction, mining, and agriculture industries and is headquartered in Mountain View, CA, with offices in Washington, D.C., San Diego, CA, Ft. Walton Beach, FL, Ann Arbor, MI, London, Stuttgart, Munich, Stockholm, Seoul, and Tokyo. Learn more at appliedintuition.com. We are an in-office company, and our expectation is that employees primarily work from their Applied Intuition office 5 days a week. However, we also recognize the importance of flexibility and trust our employees to manage their schedules responsibly. This may include occasional remote work, starting the day with morning meetings from home before heading to the office, or leaving earlier when needed to accommodate family commitments. (Note: For EpiSci job openings, fully remote work will be considered by exception.) About The Role We are looking for software engineers with expertise in ML-first perception, prediction or planning for autonomous vehicles or mobile robots. Your contributions will focus on building out key ML capabilities of an autonomous vehicle stack. In addition to your engineering contributions, by working in our dynamic and customer-focused team culture, you will contribute to and learn from best practices in the autonomy industry. We move fast and focus on excellence, for our products and for our business. If you are hands-on and looking for a place to have a multiplying effect on making autonomous systems a reality, Applied Intuition is the place for you! At Applied Intuition, you will: Design and implement capabilities and workflows for cutting-edge real-world perception or planning/prediction systems Leverage established products at Applied Intuition to build the software and infrastructure foundation for our ML developments We're looking for someone who has: Experience with the end-to-end development cycle of deep learning models Expertise in subdomains such as modeling, input pipelines, evaluation, deployment, and model optimization 3+ years of experience building production software using modern software practices Fluency in C++, or fluency in Python with intermediate experience in C++ Deep understanding of the concepts and methods behind any frameworks or libraries that they worked with Experience working with production level ML and DL perception algorithms for autonomous vehicles Nice to have: MSc or PhD in machine learning, ideally applied to perception, prediction,planning or closely related field Experience building and shipping software frameworks or tools Experience with driver assistance or autonomous driving systems Experience in evaluating and improving system-in-the-loop model performance Deep hands-on expertise in relevant algorithms or methods, such as non-linear optimization, computational geometry, numerical analysis, or distributed systems Benefits and perks Lunch and dinner allowance Fitness (600 USD) and learning stipends (1,000 USD) annually Stock options Don’t meet every single requirement? If you’re excited about this role but your past experience doesn’t align perfectly with every qualification in the job description, we encourage you to apply anyway. You may be just the right candidate for this or other roles. Applied Intuition is an equal opportunity employer and federal contractor or subcontractor. Consequently, the parties agree that, as applicable, they will abide by the requirements of 41 CFR 60-1.4(a), 41 CFR 60-300.5(a) and 41 CFR 60-741.5(a) and that these laws are incorporated herein by reference. These regulations prohibit discrimination against qualified individuals based on their status as protected veterans or individuals with disabilities, and prohibit discrimination against all individuals based on their race, color, religion, sex, sexual orientation, gender identity or national origin. These regulations require that covered prime contractors and subcontractors take affirmative action to employ and advance in employment individuals without regard to race, color, religion, sex, sexual orientation, gender identity, national origin, protected veteran status or disability. The parties also agree that, as applicable, they will abide by the requirements of Executive Order 13496 (29 CFR Part 471, Appendix A to Subpart A), relating to the notice of employee rights under federal labor laws.",de.linkedin.com/jobs/view/software-engineer-machine-learning-at-applied-intuition-4177741062
Data / AI Engineer (m/w/d),Thales,"Ditzingen, Baden-Württemberg, Germany",LinkedIn,https://de.linkedin.com/jobs/view/data-ai-engineer-m-w-d-at-thales-4283913516?position=4&pageNum=0&refId=3j%2Bn8r6ks9XeZv1fih30jg%3D%3D&trackingId=hle1UfRBTkydW5MLd7eHrQ%3D%3D,Not specified,2025-08-13 17:14:30.100327,2025-08-12,"Standort: DITZINGEN SRA OME, Germany We Say HI* Data / AI Engineer (m/w/d) Thales ist ein weltweit führender Anbieter von Spitzentechnologien für die Bereiche Verteidigung, Luft- und Raumfahrt sowie Cyber Security und Digital Identity. In Ditzingen erwarten Sie Sicherheitslösungen zur Überwachung und Absicherung von Grenzen sowie für Grenzkontrollen, für den Schutz ziviler und militärischer Einrichtungen sowie für die taktische Kommunikation. Hier sind Sie richtig, wenn Sie gemeinsam mit uns an einsatzerprobten, hochmobilen Radaren zur Boden- und Küstenüberwachung oder an Nachtsichtbrillen und multi-funktionalen Wärmebildgeräten arbeiten wollen. Werden Sie Teil des Thales-Expertenteams für Radare, optronische Sichtsysteme für gepanzerte, militärische Fahrzeuge oder für die Absicherung von Feldlagern der Bundeswehr. Wir freuen uns auf Sie! Ihre Mission als Data / AI Engineer (m/w/d): Datenarchitektur & -Speicherung für AI Training Design, Implementierung und Betrieb von Data-Lake- und Data- Warehouse-Lösungen Administration relationaler (z. B. PostgreSQL) Datenbanken Datenakquise & -Vorverarbeitung, Erfassung und Verarbeitung von Daten aus Radar- und anderen Sensorsysteme Qualitätssicherung der Daten und Vorverarbeitung für den Machine-Learning-Workflow Wissenschaftliche Auswertung der Datasets & Erstellung von Dashboards Entwicklung & Betrieb von Datenpipelines Implementierung von Continuous Integration/Deployment für Daten-Workloads Unterstützung bei Test- und Validierung der AI Modelle Darauf freuen wir uns: Fundierte Erfahrung in Python und SQL Tiefes Verständnis von KI/ML-Workflows und Datenqualitätssicherung Praktische Kenntnisse in CI/CD-Toolchains (Jenkins, GitLab CI/CD) Kenntnisse in Container-Orchestrierung (Docker, Kubernetes) Erfahrung im Radar-Signal-Processing oder verwandten Domänen Ausgeprägte Team- und Kommunikationsfähigkeit Analytisches und strukturiertes Denkvermögen Selbständige, proaktive Arbeitsweise und hohe Eigenverantwortung Flexibilität und Lernbereitschaft in einem dynamischen Umfeld Problemlösungsorientierung und Belastbarkeit Thales investiert jährlich mehr als 4 Milliarden Euro in Forschung und Entwicklung in Schlüsseltechnologien wie künstliche Intelligenz, Cybersicherheit, Quanten- und Cloud-Technologien. Im Jahr 2024 erwirtschaftete die Gruppe einen Umsatz von 20,6 Milliarden Euro. Für mehr als 83.000 Mitarbeitende in 68 Ländern eröffnen wir zukunftsweisende Perspektiven, verwirklichen individuelle Karrierewege und ermöglichen kreative Freiräume. Dies gelingt durch Mut, Vielfalt und den festen Willen, die anspruchsvollen Herausforderungen unserer Zeit sicherer und inklusiver zu gestalten. Mit unserer nachhaltigen, werteorientierten Personalführung treten wir aktiv für Diversität ein. Say HI* – Ihr Weg zu uns Wenn die Zeichen der Zeit auf Veränderung stehen, sind unsere internationalen Teams da, um der Komplexität von heute mit den branchenführenden Technologien von morgen zu begegnen. Sind Sie dabei? Ihre Ansprechpartner Benedikt Petzet freut sich schon auf Ihre Online-Bewerbung über unser Karriereportal. Benedikt Petzet – Talent Acquisition Partner 49 173 585 90 29 Human Intelligence",de.linkedin.com/jobs/view/data-ai-engineer-m-w-d-at-thales-4283913516
PhD Computer Vision,DeepScenario,"Stuttgart, Baden-Württemberg, Germany",LinkedIn,https://de.linkedin.com/jobs/view/phd-computer-vision-at-deepscenario-4284433837?position=7&pageNum=0&refId=3j%2Bn8r6ks9XeZv1fih30jg%3D%3D&trackingId=vsk2V%2BkK4ClwrAuFllCcyQ%3D%3D,Not specified,2025-08-13 17:14:30.100713,2025-08-13,"DeepScenario and TU Munich (TUM) are offering a PhD position in the field of 3D computer vision. You will join our dedicated team of experts and research algorithms for visual mapping, localization, and 3D object detection and tracking. Your work will enable the reconstruction of driving scenarios which is essential for training and testing self-driving systems. YOUR RESPONSIBILITIES: Conduct state-of-the-art research in visual mapping, localization, and 3D object detection and tracking Leverage your approaches to solve challenging real-world problems in autonomous driving Publish your work at international conferences Work closely with our team and your supervisor, Prof. Dr. Daniel Cremers (TUM) YOUR QUALIFICATIONS: MSc in computer science, engineering, physics, or a related field Theoretical and practical experience in computer vision and deep learning Team player with passion to work in an intercultural environment High degree of autonomy and excellent problem-solving skills YOUR BENEFITS: Work on a real-world problem to accelerate the deployment of autonomous vehicles Conduct your research under the supervision of Prof. Dr. Daniel Cremers Learn professional coding skills Be part of an investor-backed company with a dedicated team of experts Possibility to work in Stuttgart, Munich, or remote Great team spirit in an agile environment INTERESTED? CONTACT US Pleas apply with your CV, transcript of records, and work certificates.",de.linkedin.com/jobs/view/phd-computer-vision-at-deepscenario-4284433837
Senior IT Consultant Power Platform (m/w/d) - bundesweit,HSO,"Böblingen, Baden-Württemberg, Germany",LinkedIn,https://de.linkedin.com/jobs/view/senior-it-consultant-power-platform-m-w-d-bundesweit-at-hso-4031094087?position=11&pageNum=0&refId=3j%2Bn8r6ks9XeZv1fih30jg%3D%3D&trackingId=Lu5pPJ0kZoR2OqH5QTxSJw%3D%3D,Not specified,2025-08-13 17:14:30.101214,2025-08-13,"Gestalte mit uns, wie Technologie Unternehmen verändert - und deine Karriere gleich mit. HSO gehört seit über 21 Jahren zum Microsoft Inner Circle - der exklusiven Top 1 % aller Partner weltweit - und wurde 26-mal als Microsoft Partner of the Year ausgezeichnet . Mit über 30 Jahren Erfahrung, 2.800 Mitarbeitenden aus 43 Nationen und 33 Standorten weltweit verbinden wir technologische Exzellenz mit tiefem Branchenverständnis. Bei HSO arbeitest du an innovativen Projekten, direkt an der Schnittstelle zwischen Business und moderner Microsoft Cloud - von Dynamics über Azure bis hin zu Data & AI. Du willst nicht nur beraten, sondern gestalten? Dann werde Teil von HSO und bring dein Know-how dorthin, wo es zählt: in internationale Projekte, moderne Technologien und ein Team, das deinen Anspruch teilt, besser zu sein als gestern. Governance & Adoption: Unterstützung unserer Kunden beim Einstieg in die Microsoft Power Platform und der Definition der Administrations-, Entwicklungs- und Betriebsprozesse sowie Planung und Umsetzung einer Power-Platform-Landing-Zone Analyse und Beratung: Beratung bei der Digitalisierung und Analyse von Geschäftsprozessen unserer Kunden, um deren Anforderungen zu verstehen und Use-Cases für die Implementierung auf Basis der Microsoft Power Platform abzuleiten, auch unter Berücksichtigung der optimalen Nutzung der Plattform Technische Umsetzung: Entwurf und Implementierung von maßgeschneiderten Lösungen. Dabei setzt du dein ganzheitliches Wissen der Power-Platform-Produkte ein (Power Apps, Power Pages, Power Automate, Dataverse, Copilot Studio, Power BI, Connectors, AI Builder etc.). Dabei entwickelst du Datenmodelle, Apps und Formulare, Workflows und Berichte, um effektive Geschäftsprozesse und datenbasierte Entscheidungen zu ermöglichen Schulungen und Workshops: Du führst Workshops und Schulungen für Kunden durch, um Sie bei der effizienten Nutzung der Power-Platform zu unterstützen. Dabei vermittelst du ihnen das erforderliche Wissen und hilfst ihnen, ihre individuellen Anforderungen umzusetzen Technologietrends und Empfehlungen: Du informierst Dich über neue Trends und Technologien im Bereich der Power-Platform und leitest daraus Empfehlungen für unsere Kunden ab. Du bist in der Lage, innovative Lösungen anzubieten und hast Lust, dich kontinuierlich weiterzuentwickeln und auszuprobieren in State-of-the-Art-Themen wie AI, Copilot oder andere technologische Trends Requirements Ein abgeschlossenes Studium in einem MINT-Studiengang oder ein vergleichbarer Berufsabschluss mit relevanter Erfahrung (Quereinsteiger mit relevanter Berufserfahrung willkommen) Du bringst mindestens 2 Jahre Projekterfahrung in der Entwicklung und/oder Implementierung von Lösungen auf Basis der Microsoft Power Platform mit Kenntnisse im Bereich relationaler Datenbanken und Datenmodellierung. Erstellung von Entity-Relationship-Modellen Idealerweise Erfahrung in der Integration von Daten, z. B. unter Verwendung von Konnektoren, Virtual Entities oder mittels Dataflows Vorzugsweise bringst Du auch Erfahrung oder Interesse im Bereich Microsoft 365 mit Starke analytische und konzeptionelle Fähigkeiten sowie die Fähigkeit, komplexe Geschäftsprobleme zu verstehen und in technische Lösungen umzusetzen Prozesswissen und Beratungskompetenz im Umgang mit unseren Kunden sowie Erfahrung in der Erstellung von Lösungsdesigns Ausgeprägte Kommunikations- und Präsentationsfähigkeiten in der deutschen Sprache, um Kunden zu beraten und zu schulen Benefits Result Orientation: Du arbeitest bei einem der global größten und erfolgreichsten Microsoft-Partner im Bereich Microsoft Dynamics 365 und treibst damit die digitale Transformation voran Self Determination: Bei uns steht die Kommunikation auf Augenhöhe im Mittelpunkt - mit deinen Ideen und Erfahrungen kannst du dich bei uns einbringen, eigenständig agieren und damit den Unternehmenserfolg aktiv mitgestalten Team Spirit: Da Menschen bei HSO den Unterschied machen, kannst du dich auf eine unterstützende, vertrauensvolle und wertschätzende Arbeitsatmosphäre freuen Learning & Growth: Wir werden dich mit Trainingsangeboten durch unsere hauseigene HSO Academy und externe Schulungspartner in Kombination mit einem individuellen Karrierepfad fördern Onboarding@HSO: Wir heißen dich in unserem Office in Böblingen willkommen - du startest deine ersten Onboarding-Tage bei uns vor Ort, um dich mit unserer Unternehmenskultur, unseren Prozessen und Tools vertraut zu machen Hybrid Workforce: Ohne festgeschriebene Kernarbeitszeit hast du die Möglichkeit flexibel bei Kunden vor Ort, aus deinem Homeoffice oder in unseren Offices in Böblingen, München, Nürnberg oder Chemnitz zu arbeiten Appreciation: Ein attraktives Gehaltsmodell inklusive 20 % Zuschuss zur betrieblichen Altersvorsorge, Mitarbeiterangebote, Bikeleasing, Gesundheitsförderung durch EGYM Wellpass, Geburtstagsgutscheine und außergewöhnliche Events runden dein HSO-FeelGood-Paket ab Workation: Wir möchten unseren Mitarbeitenden mehr Flexibilität und Freiräume bieten, damit sie ihre Work-Life-Balance aktiv gestalten können. Daher hast du die Möglichkeit, bis zu 30 Tage im Jahr unter Einhaltung der rechtlichen Bedingungen aus der EU, dem EWR und der Schweiz zu arbeiten HSO fördert aktiv Vielfalt und Inklusion. Wir begrüßen Bewerbungen von allen qualifizierten Personen - unabhängig von ethnischer Herkunft, Hautfarbe, Religion, Geschlecht, sexueller Orientierung, Geschlechtsidentität, nationaler Herkunft, Behinderung oder Alter. Wir setzen uns für ein diskriminierungsfreies Arbeitsumfeld ein, in dem Chancengleichheit gefördert und die Unterschiedlichkeit jedes Einzelnen respektiert und wertgeschätzt wird.",de.linkedin.com/jobs/view/senior-it-consultant-power-platform-m-w-d-bundesweit-at-hso-4031094087
Leitung Digitale Hochschule (m/w/d),TieTalent,"Ludwigsburg, Baden-Württemberg, Germany",LinkedIn,https://de.linkedin.com/jobs/view/leitung-digitale-hochschule-m-w-d-at-tietalent-4284116053?position=12&pageNum=0&refId=3j%2Bn8r6ks9XeZv1fih30jg%3D%3D&trackingId=8miWj7Ofv%2FEhs1wxDxyKCw%3D%3D,Not specified,2025-08-13 17:14:30.101341,2025-08-13,"An der Hochschule für öffentliche Verwaltung und Finanzen Ludwigsburg ist zum nächstmöglichen Zeitpunkt folgende Stelle zu besetzen: Leitung Digitale Hochschule (m/w/d) Entgeltgruppe E13 TV-L | 100 % | unbefristet Die HVF Ludwigsburg ist die größte Hochschule für den öffentlichen Dienst des Landes. Als Hochschule für Angewandte Wissenschaften mit 97 Professuren in Forschung und Lehre und ca. 90 Verwaltungsmitarbeitenden bietet sie mehr als 2.900 Studierenden attraktive Studienmöglichkeiten in Bachelor- und Masterstudiengängen im Bereich der öffentlichen Verwaltung. Gestalten Sie die digitale Zukunft unserer Hochschule! Wir suchen eine engagierte Persönlichkeit, die die digitale Transformation unserer Hochschule strategisch, innovativ und partizipativ vorantreibt. In dieser Schlüsselposition arbeiten Sie eng mit der Hochschulleitung zusammen und leiten ein kleines IT-Team. Sie Verantworten Die Strategische Weiterentwicklung Und Umsetzung Der KI- Und Der Digitalisierungsstrategie Der Hochschule In Enger Abstimmung Mit Dem Rektorat. Sie Koordinieren Alle Hochschulweiten Aktivitäten Im Bereich Digitalisierung Und Künstliche Intelligenz. Die Steuerung, Umsetzung Bzw. Begleitung Zentraler Digitalisierungsprojekte Umfasst U. A. Einführung von Microsoft Office 365 als kollaborative Arbeitsplattform Aufbau eines hochschulweiten Dokumentenmanagementsystems (DMS) Implementierung eines digitalen Studierendenausweises Wartung und Pflege eines Campusmanagementsystems (HISinOne) Pflege und Entwicklung anderer Kommunikationstools (z. B. Zoom, Webex) Auf- und Ausbau von KI-Tools Die Entwicklung und der Ausbau von Dienstleistungs-, Beratungs- und Transferangeboten unter Einbindung interner und externer Stakeholder ist dabei eine wichtige Aufgabe, ebenso wie die Identifikation und Realisierung von Innovationspotenzialen in Lehre, Forschung und Verwaltung. Operativ sind Sie für die Leitung und Koordination eines engagierten Teams im Bereich Digitalisierung zuständig, welches die Benutzerbetreuung wahrnimmt und Teile der hochschulischen Applikationen betreut. Weil sich die HVF in einer Kooperation mit der Pädagogischen Hochschule im Bereich der Infrastruktur befindet, sind Sie auch Ansprechpartner für das gemeinsame Rechenzentrum MIT. Sie sind in enger Abstimmung mit einem interdisziplinären Team, welches vor allem Projekte im Bereich der Digitalisierung von Studium und Lehre und der entsprechenden Verwaltung, unter anderem mittels Einführung eines Campusmanagementsystems und eines innovativen Lernmanagementsystems vorantreibt und arbeiten dazu in einer Matrixstruktur. Das Bewusstsein für die Einwerbung von Projektmitteln aus Bundesförderprogrammen und über die Landesministerien ist Teil Ihres Aufgabenprofils. Sie bringen ein abgeschlossenes Hochschulstudium (Master oder vergleichbar) mit, das Sie mit einem ausgeprägten digitalen Mindset mit hoher Innovationsbereitschaft, Nutzer:innenorientierung, Datenkompetenz und Agilität verbinden. Sie verfügen über fundierte Kenntnisse in digitalen und emergenten Technologien, insbesondere im Hochschulkontext, die Sie im Projektmanagement und in der Umsetzung komplexer Digitalisierungsprojekte bereits zur Anwendung gebracht haben. Sie haben die Fähigkeit, digitale Trends zu erkennen und in nachhaltige, hochschuladäquate Lösungen zu überführen. Ein partizipativer Führungsstil und hohe Kommunikationskompetenz runden Ihr Profil ab. Vergütung nach dem Tarifvertrag für den öffentlichen Dienst der Länder (TV-L); die Eingruppierung erfolgt entsprechend der Aufgabenübertragung und persönlicher Voraussetzungen bis Entgeltgruppe E13 Sozialleistungen im öffentlichen Dienst, eine jährliche Sonderzahlung nach den Regelungen des Tarifvertrags für den öffentlichen Dienst der Länder (TV-L) sowie eine betriebliche Altersvorsorge und vermögenswirksame Leistungen 30 Urlaubstage pro Jahr (bei einer 5-Tage-Woche) dienstfrei am 24.12. sowie 31.12. Sehr gute Erreichbarkeit mit ausreichend Parkplätzen für Mitarbeitende Direkte Anbindung an öffentliche Verkehrsmittel sowie Zahlung eines Fahrtkostenzuschusses für die öffentlichen Verkehrsmittel Vergünstigte Verpflegung in der Hochschulmensa Flexible Arbeitszeiten, Teilzeitmodelle und mobiles Arbeiten durch eine moderne Dienstvereinbarung zur Arbeitszeit Die HVF ist eine familiengerechte Einrichtung und fördert die Chancengleichheit von Frauen und Männern. Bei entsprechender Eignung werden schwerbehinderte Bewerber/innen bevorzugt berücksichtigt. TITL1_DE",de.linkedin.com/jobs/view/leitung-digitale-hochschule-m-w-d-at-tietalent-4284116053
Software Engineer,Applied Intuition,"Stuttgart, Baden-Württemberg, Germany",LinkedIn,https://de.linkedin.com/jobs/view/software-engineer-at-applied-intuition-4177131308?position=13&pageNum=0&refId=3j%2Bn8r6ks9XeZv1fih30jg%3D%3D&trackingId=ZqG1My0NzHRMTXTaQnouLA%3D%3D,Not specified,2025-08-13 17:14:30.101467,2025-08-13,"About Applied Intuition Applied Intuition is the vehicle intelligence company that accelerates the global adoption of safe, AI-driven machines. Founded in 2017, Applied Intuition delivers the toolchain, Vehicle OS, and autonomy stacks to help customers build intelligent vehicles and shorten time to market. Eighteen of the top 20 global automakers and major programs across the Department of Defense trust Applied Intuition's solutions to deliver vehicle intelligence. Applied Intuition services the automotive, defense, trucking, construction, mining, and agriculture industries and is headquartered in Mountain View, CA, with offices in Washington, D.C., San Diego, CA, Ft. Walton Beach, FL, Ann Arbor, MI, London, Stuttgart, Munich, Stockholm, Seoul, and Tokyo. Learn more at appliedintuition.com. We are an in-office company, and our expectation is that employees primarily work from their Applied Intuition office 5 days a week. However, we also recognize the importance of flexibility and trust our employees to manage their schedules responsibly. This may include occasional remote work, starting the day with morning meetings from home before heading to the office, or leaving earlier when needed to accommodate family commitments. (Note: For EpiSci job openings, fully remote work will be considered by exception.) About The Role We are looking for software engineers excited to work on challenging problems within the software-defined vehicle (SDV) space. Our software engineers work across our suite of products, tackling difficult full-stack, infrastructure, robotics, and graphics problems. At Applied Intuition, we encourage engineers to take ownership over technical and product decisions, interact closely with users to collect feedback and contribute to a thoughtful, dynamic team culture. In this role, the engineer will be working with customers regularly (including on-site) and developing additional features/capabilities as required in the platform. At Applied Intuition, you will: Work across our entire stack to extend and adapt our product suite for customer use cases Develop new products, features, and tools for our customers' development workflows Contribute in a fast-paced environment and see the impact of your work through the customer’s use of our tools Work with domain experts across a variety of fields: infrastructure, automotive, robotics, and graphics engineers, as well as startup veterans Carve out your own area of expertise and influence product decisions Collaborate with other members in the SDV ecosystem and learn about different approaches to solving core issues in vehicle SW development We’re looking for someone who has: Excellent software engineering skills 3+ years of experience in shipping complex, production software Experience as a self-starter and can quickly become comfortable with new technical tools Interest in working closely with customers and iterating fast on solutions Experience designing efficient and effective solutions to a wide range of engineering challenges The drive to take initiative in a fast-paced environment Nice to have: Experience writing C++, JavaScript, Python, or Golang Working knowledge of frontend, API layer, containerization, or cluster orchestration frameworks (such as React, GraphQL, Docker, or Kubernetes) Experience working with embedded systems, robotics middlewares (such as ROS), or automotive software and tools Prior experience in customer interaction as a customer engineer, application engineer, or sales engineer Benefits and perks Lunch and dinner allowance Fitness (600 USD) and learning stipends (1,000 USD) annually Stock options Don’t meet every single requirement? If you’re excited about this role but your past experience doesn’t align perfectly with every qualification in the job description, we encourage you to apply anyway. You may be just the right candidate for this or other roles. Applied Intuition is an equal opportunity employer and federal contractor or subcontractor. Consequently, the parties agree that, as applicable, they will abide by the requirements of 41 CFR 60-1.4(a), 41 CFR 60-300.5(a) and 41 CFR 60-741.5(a) and that these laws are incorporated herein by reference. These regulations prohibit discrimination against qualified individuals based on their status as protected veterans or individuals with disabilities, and prohibit discrimination against all individuals based on their race, color, religion, sex, sexual orientation, gender identity or national origin. These regulations require that covered prime contractors and subcontractors take affirmative action to employ and advance in employment individuals without regard to race, color, religion, sex, sexual orientation, gender identity, national origin, protected veteran status or disability. The parties also agree that, as applicable, they will abide by the requirements of Executive Order 13496 (29 CFR Part 471, Appendix A to Subpart A), relating to the notice of employee rights under federal labor laws.",de.linkedin.com/jobs/view/software-engineer-at-applied-intuition-4177131308
Senior IT Consultant Power Platform (m/w/d) - bundesweit,HSO,"Böblingen, Baden-Württemberg, Germany",LinkedIn,https://de.linkedin.com/jobs/view/senior-it-consultant-power-platform-m-w-d-bundesweit-at-hso-4284139082?position=15&pageNum=0&refId=3j%2Bn8r6ks9XeZv1fih30jg%3D%3D&trackingId=I4z7FGes2OnNm9qgJeYJkQ%3D%3D,Not specified,2025-08-13 17:14:30.101713,2025-08-13,,de.linkedin.com/jobs/view/senior-it-consultant-power-platform-m-w-d-bundesweit-at-hso-4284139082
Software Engineer,Applied Intuition,"Stuttgart, Baden-Württemberg, Germany",LinkedIn,https://de.linkedin.com/jobs/view/software-engineer-at-applied-intuition-4181221340?position=18&pageNum=0&refId=3j%2Bn8r6ks9XeZv1fih30jg%3D%3D&trackingId=yyinwLEycvC%2BwextNWGGjA%3D%3D,Not specified,2025-08-13 17:14:30.102068,2025-08-13,,de.linkedin.com/jobs/view/software-engineer-at-applied-intuition-4181221340
Abschlussarbeit Entwurf eines KI-Modells für das inverse laterale Systemverhalten eines Motorrads,Bosch,"Renningen, Baden-Württemberg, Germany",LinkedIn,https://de.linkedin.com/jobs/view/abschlussarbeit-entwurf-eines-ki-modells-f%C3%BCr-das-inverse-laterale-systemverhalten-eines-motorrads-at-bosch-4284133936?position=27&pageNum=0&refId=3j%2Bn8r6ks9XeZv1fih30jg%3D%3D&trackingId=yUUbx8Lqkoc3INJGML%2FGBw%3D%3D,Not specified,2025-08-13 17:14:30.103128,2025-08-13,,de.linkedin.com/jobs/view/abschlussarbeit-entwurf-eines-ki-modells-f%C3%BCr-das-inverse-laterale-systemverhalten-eines-motorrads-at-bosch-4284133936
Technical Recruiter,Applied Intuition,"Stuttgart, Baden-Württemberg, Germany",LinkedIn,https://de.linkedin.com/jobs/view/technical-recruiter-at-applied-intuition-4182570679?position=30&pageNum=0&refId=3j%2Bn8r6ks9XeZv1fih30jg%3D%3D&trackingId=YJHQwbZNlS3vT53OXOE9lw%3D%3D,Not specified,2025-08-13 17:14:30.103479,2025-08-13,,de.linkedin.com/jobs/view/technical-recruiter-at-applied-intuition-4182570679
Software Integration Engineer,Applied Intuition,"Stuttgart, Baden-Württemberg, Germany",LinkedIn,https://de.linkedin.com/jobs/view/software-integration-engineer-at-applied-intuition-4118986295?position=34&pageNum=0&refId=3j%2Bn8r6ks9XeZv1fih30jg%3D%3D&trackingId=ELNP%2FZJ641ICF6lpvwPTQw%3D%3D,Not specified,2025-08-13 17:14:30.103948,2025-08-13,,de.linkedin.com/jobs/view/software-integration-engineer-at-applied-intuition-4118986295
(Senior) Power Platform Architect (m/w/d) - bundesweit,HSO,"Böblingen, Baden-Württemberg, Germany",LinkedIn,https://de.linkedin.com/jobs/view/senior-power-platform-architect-m-w-d-bundesweit-at-hso-4283881116?position=35&pageNum=0&refId=3j%2Bn8r6ks9XeZv1fih30jg%3D%3D&trackingId=wcUjTY%2BCCIBfpdEdk0JrBg%3D%3D,Not specified,2025-08-13 17:14:30.104064,2025-08-13,,de.linkedin.com/jobs/view/senior-power-platform-architect-m-w-d-bundesweit-at-hso-4283881116
Vehicle Integration & Triage Engineer,Applied Intuition,"Stuttgart, Baden-Württemberg, Germany",LinkedIn,https://de.linkedin.com/jobs/view/vehicle-integration-triage-engineer-at-applied-intuition-4271363951?position=36&pageNum=0&refId=3j%2Bn8r6ks9XeZv1fih30jg%3D%3D&trackingId=U92%2F5lra9xvzTEO8ZMA0%2BQ%3D%3D,Not specified,2025-08-13 17:14:30.104181,2025-08-13,,de.linkedin.com/jobs/view/vehicle-integration-triage-engineer-at-applied-intuition-4271363951
Systems Engineer,Applied Intuition,"Stuttgart, Baden-Württemberg, Germany",LinkedIn,https://de.linkedin.com/jobs/view/systems-engineer-at-applied-intuition-4266194109?position=37&pageNum=0&refId=3j%2Bn8r6ks9XeZv1fih30jg%3D%3D&trackingId=5ZYIsbMOH89IxjX3yoHK8w%3D%3D,Not specified,2025-08-13 17:14:30.104297,2025-08-13,,de.linkedin.com/jobs/view/systems-engineer-at-applied-intuition-4266194109
Privacy Counsel EMEA (m/f/d),Lenovo,"Stuttgart, Baden-Württemberg, Germany",LinkedIn,https://de.linkedin.com/jobs/view/privacy-counsel-emea-m-f-d-at-lenovo-4246252238?position=42&pageNum=0&refId=3j%2Bn8r6ks9XeZv1fih30jg%3D%3D&trackingId=N7xZcSGKbUe0KYNy0E8z7w%3D%3D,Not specified,2025-08-13 17:14:30.104891,2025-08-13,,de.linkedin.com/jobs/view/privacy-counsel-emea-m-f-d-at-lenovo-4246252238
Account Management IC3,Microsoft,"Baden-Württemberg, Germany",LinkedIn,https://de.linkedin.com/jobs/view/account-management-ic3-at-microsoft-4283908389?position=44&pageNum=0&refId=3j%2Bn8r6ks9XeZv1fih30jg%3D%3D&trackingId=kKqs9x6nitMb3pN5JYTypQ%3D%3D,Not specified,2025-08-13 17:14:30.105132,2025-08-12,,de.linkedin.com/jobs/view/account-management-ic3-at-microsoft-4283908389
Embedded Software Engineer,Applied Intuition,"Stuttgart, Baden-Württemberg, Germany",LinkedIn,https://de.linkedin.com/jobs/view/embedded-software-engineer-at-applied-intuition-4175090130?position=46&pageNum=0&refId=3j%2Bn8r6ks9XeZv1fih30jg%3D%3D&trackingId=5OrKfRnWqmvEX4hgvxZ6aA%3D%3D,Not specified,2025-08-13 17:14:30.105366,2025-08-13,,de.linkedin.com/jobs/view/embedded-software-engineer-at-applied-intuition-4175090130
Senior Shopware Entwickler (AI-driven) (m/w/d),Mediagraphik GmbH,"Esslingen, Baden-Württemberg, Germany",LinkedIn,https://de.linkedin.com/jobs/view/senior-shopware-entwickler-ai-driven-m-w-d-at-mediagraphik-gmbh-4284082424?position=47&pageNum=0&refId=3j%2Bn8r6ks9XeZv1fih30jg%3D%3D&trackingId=bkWVxV5kSO2yEIkDwFJ6gQ%3D%3D,Not specified,2025-08-13 17:14:30.105483,2025-08-13,,de.linkedin.com/jobs/view/senior-shopware-entwickler-ai-driven-m-w-d-at-mediagraphik-gmbh-4284082424
Senior Software Engineer - Android,Applied Intuition,"Stuttgart, Baden-Württemberg, Germany",LinkedIn,https://de.linkedin.com/jobs/view/senior-software-engineer-android-at-applied-intuition-4267350695?position=56&pageNum=0&refId=3j%2Bn8r6ks9XeZv1fih30jg%3D%3D&trackingId=14DjhVDsaK1oOjKlnHUNHw%3D%3D,Not specified,2025-08-13 17:14:30.106535,2025-08-13,,de.linkedin.com/jobs/view/senior-software-engineer-android-at-applied-intuition-4267350695
Senior Consultant Cloud Data Engineering / Databricks (m/w/d) in Stuttgart,Deloitte,"Stuttgart, Baden-Württemberg, Germany",LinkedIn,https://de.linkedin.com/jobs/view/senior-consultant-cloud-data-engineering-databricks-m-w-d-in-stuttgart-at-deloitte-4233142833?position=57&pageNum=0&refId=3j%2Bn8r6ks9XeZv1fih30jg%3D%3D&trackingId=H9uN9B0LVj%2FqHUS317uQKA%3D%3D,Not specified,2025-08-13 17:14:30.106651,2025-08-13,,de.linkedin.com/jobs/view/senior-consultant-cloud-data-engineering-databricks-m-w-d-in-stuttgart-at-deloitte-4233142833
AI Media Engineer (m/w/x),KLAR-Franchise GmbH,"Berlin, Berlin, Germany",LinkedIn,https://de.linkedin.com/jobs/view/ai-media-engineer-m-w-x-at-klar-franchise-gmbh-4284108302?position=3&pageNum=0&refId=IdrufmA0eVem%2FhGI2hRXzA%3D%3D&trackingId=3x%2B4zHgyMYOG8cyoNMHjSA%3D%3D,Not specified,2025-08-13 17:15:09.278322,2025-08-12,"AI Specialist (m/w/d) – Bildbearbeitung & Postproduktion Standort: Berlin | Start: ab sofort Unser Unternehmen in Berlin entwickelt innovative Lösungen rund um die Themen Produktbildbearbeitung und Postproduktion. Zur Verstärkung unseres Teams suchen wir ab sofort einen AI Specialist (m/w/d) , der mit Kreativität, technischem Know-how und einem Auge fürs Detail überzeugt. Deine Aufgaben Planung, Erstellung und Optimierung KI-generierter Medieninhalte – mit Fokus auf Qualität, Konsistenz und Markenästhetik. Entwicklung und Ausbau von ComfyUI-Workflows zur automatisierten Produktion, Bearbeitung und Anpassung von Bildern und Videos. Analyse bestehender Prozesse und Umsetzung von Optimierungen für effizientere, stabilere und skalierbare Produktionsabläufe. Feinabstimmung und manuelle Retusche von Bildmaterial in Photoshop , um perfekte Ergebnisse zu erzielen. Voraussetzungen Fundierte Erfahrung im Umgang mit Photoshop zur gezielten Bildkorrektur und professionellen Aufbereitung visueller Inhalte. Praktische Kenntnisse in ComfyUI , inklusive Integration und Entwicklung eigener Nodes. Fähigkeit, strukturierte Workflows für Bild- und Video-Generierung zu entwickeln und bedarfsgerecht anzupassen. Grundkenntnisse in Python , insbesondere für automatisierte Bildverarbeitung und Skripting. Erste Erfahrungen mit Bildanalyse-Techniken (z. B. Filterung, Segmentierung, Merkmalsextraktion). Idealerweise Vorkenntnisse im Bereich E-Commerce, Fashion oder Content-Produktion. Sehr gute Deutsch- und/oder Englischkenntnisse. Vorteile Abwechslungsreiche Projekte und täglich neue Herausforderungen, die wir gemeinsam meistern. Eigenverantwortliches Arbeiten – bei uns zählen Ergebnisse, nicht Anwesenheitszeiten. Team-Events, kostenlose Snacks, Obst, Kaffee & mehr. Modern ausgestatteter Arbeitsplatz im Herzen Berlins mit ausgezeichneter Verkehrsanbindung – inkl. Zuschuss zum Jobticket. Flexible Arbeitszeiten, Homeoffice-Möglichkeiten und ein attraktives Gehaltspaket. Unterstützung deiner Weiterentwicklung durch Seminare, Workshops und Fortbildungen.",de.linkedin.com/jobs/view/ai-media-engineer-m-w-x-at-klar-franchise-gmbh-4284108302
Junior Digital Designer,Lovehoney Group,"Berlin, Berlin, Germany",LinkedIn,https://de.linkedin.com/jobs/view/junior-digital-designer-at-lovehoney-group-4283908227?position=7&pageNum=0&refId=IdrufmA0eVem%2FhGI2hRXzA%3D%3D&trackingId=AQog9no0fBaN3VCP66j%2FxA%3D%3D,Not specified,2025-08-13 17:15:09.278805,2025-08-12,"Lovehoney Group is the world’s leading sexual wellbeing company, with the mission to elevate pleasure through innovative technologies, a data-driven approach, and foster creative and fresh perspectives on intimacy. We offer exciting brands with innovative, high-quality sex toys, lingerie, and accessories in a streamlined online shopping experience. At Lovehoney, we employ over 800 passionate and progressive individuals across 9 global offices, each person contributing a unique blend of talents to our diverse workforce. We are proud to be a company that thrives by doing things differently, challenging expectations and stereotypes while making a positive impact on our customers’ lives. Join us at Lovehoney, where pleasure combines with creativity, data, and innovation! We are currently looking for a Junior Digital Designer who will be integral to driving high-level performance across Lovehoney Group. Partnering directly with the designers of the Creative Services Team and Brand managers, your focus will be on creating high performing digital campaign assets and user friendly interface design for our brand web shops. In this role, you will combine your appreciation for user centric design and brands with your capacity for creative solutions. You will develop skills crucial to advancing in a competitive, fast-paced retail sector, all within a company that prizes dedication and results. What You Will Do Design high performing digital assets for product launches Create user centric experience and interface design for our branded web shops Create stunning AI generated imagery and explore & test new tools to increase design productivity Support the design team with creating beautiful campaign & brand assets What You Should Bring Bachelor’s degree in graphic design, visual communication, interaction design or interface design with min. 1 year experience Great interest and experience in AI-powered tools for image creation and graphic design Experience in mobile & desktop interface design Excellent understanding for brands and experience in working with brand guidelines and brand campaigns Experienced in using common design tools such as Figma and Adobe Creative Suite, Web-flow would be a plus What We Can Offer You A welcoming workplace full of drinks, snacks, friendly faces and fun team-building events. Access to unique discounts at high street retailers, hotels, and service providers, plus 50% off all Lovehoney products to explore and enjoy. A hybrid work model with three in-office days per week, up to 4 weeks of remote work per year, and 25 days’ holiday (plus one additional day for each year of service). Tailored learning and development opportunities, with biannual feedback cycles to support your growth. Gym benefits and access to a mental wellbeing platform to help you thrive personally and professionally. Our Interview Process CV review Interview with one of our Talent Acquisition team members Hiring manager interview Task Hiring team interview Lovehoney Group is an equal opportunities employer. We promise that every qualified person will be evaluated according to skills regardless of age, disability, gender reassignment, marriage and civil partnership, pregnancy and maternity, race, religion or belief, sex, or sexual orientation. If you require accommodations during the interview process due to a disability, please inform your Talent Acquisition Specialist so that we can ensure a smooth and inclusive experience for all candidates. At Lovehoney Group, we embrace innovative technologies to enhance our recruitment process. As part of your application, you'll experience practical, AI-driven tasks designed to reflect real scenarios you'll encounter in the role, helping us understand your strengths and approach. Additionally, we leverage artificial intelligence during screening interviews for CV reviews and note-taking. We prioritize transparency and respect your preferences, so you'll have the option to opt out of recording and AI-driven note-taking while still receiving full and fair consideration for the role. We currently have a hybrid work model supporting a blend of in-office and remote work (3 days per week in-office). If we’ve sparked your interest and you’re open to embarking on your professional path with us, please visit our Lovehoney careers page to apply: https://jobs.eu.lever.co/lovehoneygroup Our privacy policy is available here: https://www.lovehoneygroup.com/privacy-policy/",de.linkedin.com/jobs/view/junior-digital-designer-at-lovehoney-group-4283908227
Mergers and Acquisitions Analyst,Bradford Jacobs,"Berlin, Germany",LinkedIn,https://de.linkedin.com/jobs/view/mergers-and-acquisitions-analyst-at-bradford-jacobs-4250371700?position=10&pageNum=0&refId=IdrufmA0eVem%2FhGI2hRXzA%3D%3D&trackingId=JP98ewt1f%2BfwpxJgQ67PEw%3D%3D,Not specified,2025-08-13 17:15:09.279160,2025-08-13,"Bradford Jacobs is assisting a Nasdaq-listed emerging technology company focused on AI drones, Drone as a Service (DaaS), Enterprise SaaS, and Quantum Computing solutions for mission-critical applications for business and governments. They are pushing the boundaries of drones to streamline legacy processes across various industries, including defence, agriculture, and warehouse and logistics, focusing on applications including inspections, security, inventory management, environmental monitoring, border control, land surveys, and precision agriculture, improving crop yields. We are seeking a Senior Analyst with at least 1 year of experience in M&A, Corporate Development, Investment Banking, or Private Equity. Based in Berlin, the role covers the full transaction lifecycle—from deal sourcing and evaluation to due diligence, execution, integration, and post-acquisition operations. The successful candidate will build financial models, analyse financial statements, and support the Director in assessing M&A opportunities and other Corporate Development needs. This position requires strong attention to detail, initiative, business acumen, and the professionalism to represent the company externally. Excellent written and spoken communication skills in both English and German are mandatory. Key Responsibilities Analyse and screen potential acquisition targets in Germany based on strategic fit, financial performance, and valuation. Conduct industry and market research to identify trends, competitive landscapes, and acquisition opportunities. Financial modelling and financial statement analysis of target companies. Build and maintain complex financial models and validate assumptions and assess risks. Understand the strategic and operational needs of target companies and translate key findings/observations into financial models – incorporate strategic inputs related to market capture, pricing, capital investment, hiring needs, etc. Identify potential target M&A opportunities and assess the industry-related thematic trends. Assist in evaluating potential M&A opportunities and structuring deal consideration. Understand the strategic and operational needs of target companies and translate key findings/observations into financial models Coordinate due diligence workstreams across financial, legal, operational, commercial and other areas. Summarise key findings and assist the Director, M&A in making recommendations. Support deal documentation review in collaboration with the Director, M&A and other internal leaders. Coordinate closing activities with various stakeholders. Assist in closing activities and post-merger integration planning Assist in senior management meetings and updates, and communications as required. Maintain a detailed opportunity funnel, deal tracker and internal trackers and communication channels as needed Setup and attend meetings with potential targets and senior management, and take detailed notes Qualifications Bachelor’s degree in business, economics, accounting, or a related field Experience (internship or full-time) in Finance, M&A, Investment Banking, Consulting, Corporate Development, or PE preferred Strong skills in valuation, financial modelling, and financial statement analysis Solid understanding of due diligence processes Excellent communication skills in German and English (required) Strong project management, strategic thinking, and relationship-building abilities Self-starter who works independently and delivers in a fast-paced environment Salary up to €60,000 per annum DOE This is a 100% on-site role in Berlin.",de.linkedin.com/jobs/view/mergers-and-acquisitions-analyst-at-bradford-jacobs-4250371700
Solution Consultant (Remote),Sparrow.Parts,"Berlin, Berlin, Germany",LinkedIn,https://de.linkedin.com/jobs/view/solution-consultant-remote-at-sparrow-parts-4283848353?position=16&pageNum=0&refId=IdrufmA0eVem%2FhGI2hRXzA%3D%3D&trackingId=5KfUjCSwmZKntjea8qri0Q%3D%3D,Not specified,2025-08-13 17:15:09.279859,2025-08-13,"About Us Sparrow is transforming industrial spare parts management, aiming to cut the global $1 trillion stock by reducing overstock and waste — making our customers more economical and sustainable. Our SaaS platform, powered by big data and AI, enhances data quality and optimizes maintenance logistics, ensuring timely and cost-effective parts availability. Serving leading companies, such as Bayer AG and Mahle GmbH, we are expanding our reach from our Berlin headquarters, across Europe and worldwide. Our Operating Principles Analytical and data-driven – We believe in magic only if it fits in an Excel formula. Relentless – We stop dancing 2 hours after the party has ended. Brutally honest – We can’t help but say what we think. Long-term thinker – We appreciate that great things take time to build. Entrepreneurial mindset – We find opportunities everywhere. About The Role We are seeking a commercially-minded Solution Consultant to partner with our sales team and help win new business by shaping the way prospects understand and value Sparrow’s platform. This role focuses on pre-sales activities: understanding customer needs, building tailored solution proposals, delivering compelling demos, and translating complex industrial challenges into clear business value. You will be a key player in helping our prospective clients see not just how our platform works but why it’s the smartest business decision they can make. What You’ll Do Pre-Sales Engagement Qualify opportunities and shape solution strategies. Lead discovery sessions with prospects to uncover technical and business pain points. Solution Design & Presentation Craft tailored demos, presentations, and proposals that clearly link Sparrow’s capabilities to customer goals. Create ROI analyses and business cases to demonstrate the commercial value of our solutions. Industry Expertise Become an expert in Sparrow’s platform, industrial spare parts management, and our target sectors (chemical, pharmaceutical, automotive). Provide market and industry insights during sales conversations to strengthen our value proposition. Deal Support Collaborate with Marketing, and Product teams to ensure alignment in messaging, features, and customer expectations. Act as a trusted advisor to prospects throughout the decision-making process. Must-Haves 3–5 years of experience in a pre-sales, solution consulting, or sales engineering role, preferably in B2B SaaS. Proven ability to engage with both technical and business stakeholders. Strong presentation and storytelling skills, with a knack for simplifying complex topics. Commercial acumen you can spot value opportunities and articulate them in business terms. Fluent in English, with excellent written and verbal communication skills. Self-starter who thrives in dynamic, fast-growing environments. Nice-to-Haves Experience in SaaS sales for industrial, manufacturing, or supply chain sectors. Knowledge of AI-powered or data-driven platforms. Fluency in French or German. Familiarity with CRM tools and sales analytics. Why Join Us? Impact & Growth: Play a pivotal role in winning strategic deals and shaping the future of Sparrow’s growth. Innovative Solutions: Work with cutting-edge SaaS technology solving real-world industrial challenges. Professional Development: Gain exposure to diverse industries, deal structures, and commercial strategies. Purpose-Driven Work: Help global companies optimize operations, reduce waste, and enhance sustainability. If you’re ready to turn technical capabilities into compelling commercial wins, we’d love to hear from you.",de.linkedin.com/jobs/view/solution-consultant-remote-at-sparrow-parts-4283848353
Data Engineer (all genders),ParshipMeet Group,"Berlin, Berlin, Germany",LinkedIn,https://de.linkedin.com/jobs/view/data-engineer-all-genders-at-parshipmeet-group-4281799534?position=23&pageNum=0&refId=IdrufmA0eVem%2FhGI2hRXzA%3D%3D&trackingId=jGjG67kCXYhmUcp6oD2PNQ%3D%3D,Not specified,2025-08-13 17:15:09.280665,2025-08-13,"Mit mehr als 375 Mio. Euro Umsatz und neun Apps ist die ParshipMeet Group eines der drei führenden internationalen Dating- und Video-Unternehmen. Unsere mehr als 500 Mitarbeitenden helfen Menschen auf der ganzen Welt dabei, neue Leute kennenzulernen – egal, ob es sich dabei um Gleichgesinnte, ein spannendes Date oder die Liebe fürs Leben handelt. Ganz nach dem Motto: Meet – Date – Fall in Love. Wir suchen eine:n Data Engineer zur Betreuung, Optimierung und Erweiterung unserer bestehenden Dateninfrastruktur auf Basis der Google Cloud Platform (GCP). In dieser Rolle stellst du sicher, dass unsere datengetriebenen Prozesse, die für Business Intelligence, Analytics und Produktentwicklung essenziell sind, reibungslos und skalierbar funktionieren. Aufgaben Mehrjährige Berufserfahrung als Data Engineer oder in einer vergleichbaren Position im Umgang mit verteilten Datensystemen Praktische Expertise mit Google Cloud Platform (BigQuery, Cloud Spanner, Cloud Storage, Cloud Composer/Airflow, IAM) Fundierte Kenntnisse in Python (inkl. Testing, Packaging) und fortgeschrittene SQL-Optimierung Gutes Verständnis von Datenschutzbestimmungen wie DSGVO und CCPA sowie sicherer Umgang mit sensiblen personenbezogenen Daten (PII) Hohes Maß an Zuverlässigkeit, Problemlösungskompetenz und eigenverantwortlicher Arbeitsweise Bereitschaft zur eigenständigen und asynchronen Zusammenarbeit mit einer Führungskraft an der US-Ostküste (regelmäßige Arbeitszeiten in den Abendstunden sind nicht erforderlich) Ausgezeichnete Englischkenntnisse Was du idealwerweise noch mitbringst Erfahrung mit CI/CD für Datenpipelines (GitLab CI, Cloud Build, Terraform, Docker) Erfahrung mit dbt oder ähnlichen Frameworks zur Datentransformation Kenntnisse moderner Data Catalog-/Lineage-Tools (z. B. DataHub, Collibra, BigQuery Data Catalog) Erfahrung mit Streaming Data-Ingestion (Pub/Sub, Dataflow, Kafka) oder Real-Time Feature Stores Erfahrungen mit Tableau, MongoDB, PostgreSQL sowie kosteneffizienter Abfrageoptimierung Profil Wartung, Refactoring und Automatisierung kritischer ETL/ELT-Workflows in Cloud Composer und Python Datenmodellierung und -optimierung in BigQuery und Cloud Spanner für analytische Zwecke und AI-ready Feature Stores Implementierung von „Privacy by Design“-Maßnahmen: IAM nach dem Least-Privilege-Prinzip, Verschlüsselung, Audit-Logging und Maßnahmen zur Sicherstellung der Datenqualität zur Einhaltung der DSGVO Monitoring & Support: Erstellung von Observability-Dashboards, Teilnahme an einer internationalen Rufbereitschaft und Durchführung konstruktiver Post-Mortem-Analysen Asynchrone Zusammenarbeit: Dokumentation von Architekturentscheidungen und Runbooks in Confluence, Verwaltung der Aufgaben in Jira sowie Unterstützung von Kolleg:innen Wir bei der ParshipMeet Group unterstützen Millionen von Menschen auf der ganzen Welt dabei, sich zu treffen, zu daten und zu verlieben. Unsere Teams sollen genau so vielfältig sein wie unsere Kunden. Neue Kolleg:innen bereichern uns mit neuen Sichtweisen. Dies ist für uns ein wesentlicher Erfolgsfaktor. Deshalb beurteilen wir niemanden nach Alter, Geschlecht, familiärem Hintergrund, Hautfarbe, religiöser Überzeugung oder sexueller Orientierung. Bei uns stehst du als Mensch mit deinen Fähigkeiten im Mittelpunkt! Wir bieten Flexible Arbeitskultur Arbeiten in Teilzeit Zentrale und moderne Büros Mobilitätsangebote Training & Development Essen und Getränke Gesundheitsangebote Altersvorsorge Shopping Rabatte CSR-Initiativen Legendäre Partys Team Building Events Weitere Benefits und Einblicke in die ParshipMeet Group findest du über den Link im Kontaktfeld. Important note Please be advised that a valid work permit for Germany is required for non-EU citizens. Unfortunately, applications without a valid work permit and sufficient German language skills may not be considered. LNKD1_DE",de.linkedin.com/jobs/view/data-engineer-all-genders-at-parshipmeet-group-4281799534
Senior Machine Learning Engineer (m/f/d),Moonfare,"Berlin, Germany",LinkedIn,https://de.linkedin.com/jobs/view/senior-machine-learning-engineer-m-f-d-at-moonfare-4282246160?position=26&pageNum=0&refId=IdrufmA0eVem%2FhGI2hRXzA%3D%3D&trackingId=0%2FOGqbZULgK%2FiccYekv9xA%3D%3D,Not specified,2025-08-13 17:15:09.281017,2025-08-13,"About the Company Private equity has always been a sought-after asset class due to its performance potential. However, steep entry barriers, including high minimum investments (~€10m), hefty paperwork and the challenge of selecting the right fund have traditionally kept individual investors at bay, with access largely limited to big institutions or a select few. Enter Moonfare. We've made investing in private equity more accessible and straightforward with our fully digital investment platform. Now, qualified investors can access some of the most sought-after private market funds at minimums starting from €10,000*. The diverse Moonfare team – which includes alumni from top private banks, groundbreaking startups and beyond – is united in pushing boundaries and redefining the private equity landscape. Join us! About the Role Moonfare is hiring a Senior Machine Learning Engineer to lead the development of advanced LLM-based capabilities across our platform. As a senior individual contributor, you'll partner closely with product and engineering teams to build intelligent automation, RAG pipelines, co-pilot assistants, and AI-native investor experiences. This is a high-impact role in which you will take ownership of core technical decisions around model selection, architecture, and deployment, helping Moonfare transition into an AI-augmented fintech platform. Responsibilities Design, develop, and maintain LLM-powered solutions for investor communication, support, and backend automation. Implement RAG architectures using embedding models, vector stores, and prompt chaining. Fine-tune open-weight foundation models or adapt pre-trained APIs (OpenAI, Anthropic etc.) for Moonfare-specific domains. Evaluate and integrate cloud-native AI services, particularly AWS Bedrock, Textract, and Transcribe. Work with Security and Compliance teams to ensure secure, ethical, and compliant use of generative AI. Design, develop, and maintain LLM-powered applications across internal automation and investor-facing use cases.. Drive model performance evaluation and tracking (latency, quality, cost, bias). Guide architectural and infrastructure decisions around prompt orchestration, caching, and versioning. You Might Be a Fit If You Have 5+ years of experience in applied ML/AI roles, with 1-2 years building and integrating LLM-powered systems. Have hands-on experience with open-source LLM tooling (e.g. LangChain, LlamaIndex, Hugging Face), as well as cloud-native stacks (e.g. AWS AI services). Are comfortable building production-grade inference pipelines and managing prompt engineering at scale. Understand how to structure RAG systems using vector databases (FAISS, Weaviate, Qdrant). Have a strong software engineering foundation (Python, CI/CD, container orchestration). You are excited by the challenge of transforming our expert human judgment using AI-assisted systems Familiarity with AI risk, safety, and governance frameworks - especially in regulated industries highly desirable. If you feel you do not meet all of the requirements, we still encourage you to apply! Our Values: Our clients come first, Moonfare comes second, and we prioritise ourselves third - Client-Centric Focus. Putting clients first means creating value for them is essential. Placing Moonfare second signifies that our individual professional future at Moonfare depends on the company's commercial success. Prioritising ourselves third reflects our humility in putting clients and Moonfare before personal interests. We pursue excellence and honor our promises - Commitment to Excellence. We hold ourselves to the highest standards, taking responsibility for our failures, and celebrating our successes. We commit to deadlines and stick to them and we learn from our mistakes. We are here to win and to celebrate our collective achievements - Win together. We are mission-focused and think and act like owners. We exemplify the attitude we expect and each of us commits to do what it takes to succeed. We foster personal growth but each of us earns our place as a Moonfarian through merit - Growth and Merit. We hire, retain, and develop exceptional people and invest in empowering them to excel. We must all earn our place at the table every day. We understand the important role that diversity plays in our success. Different backgrounds, experiences and ideas push us further and raise the bar. We’re committed to developing an inclusive and safe culture where everyone — regardless of colour, race, religion, sex, origin, sexuality, disability, marital status, citizenship or gender identity — knows that they are an integral part of the team and can bring their full potential to their work. *Minimum investments vary according to jurisdiction. Apply now!",de.linkedin.com/jobs/view/senior-machine-learning-engineer-m-f-d-at-moonfare-4282246160
Visa Specialist (m/f/d),IU International University of Applied Sciences,"Berlin, Berlin, Germany",LinkedIn,https://de.linkedin.com/jobs/view/visa-specialist-m-f-d-at-iu-international-university-of-applied-sciences-4270746716?position=45&pageNum=0&refId=IdrufmA0eVem%2FhGI2hRXzA%3D%3D&trackingId=i3Q6TtnAEYN%2BTNuORwyXGA%3D%3D,Not specified,2025-08-13 17:15:09.283206,2025-08-13,,de.linkedin.com/jobs/view/visa-specialist-m-f-d-at-iu-international-university-of-applied-sciences-4270746716
Data Engineer (all genders),TieTalent,"Berlin, Berlin, Germany",LinkedIn,https://de.linkedin.com/jobs/view/data-engineer-all-genders-at-tietalent-4284116008?position=48&pageNum=0&refId=IdrufmA0eVem%2FhGI2hRXzA%3D%3D&trackingId=RErP3hdl0DY6zHZgrM%2FHhg%3D%3D,Not specified,2025-08-13 17:15:09.283559,2025-08-13,,de.linkedin.com/jobs/view/data-engineer-all-genders-at-tietalent-4284116008
Senior Python Engineer (m/w/d) für AI Services,Cornelsen Verlag GmbH,"Berlin, Berlin, Germany",LinkedIn,https://de.linkedin.com/jobs/view/senior-python-engineer-m-w-d-f%C3%BCr-ai-services-at-cornelsen-verlag-gmbh-4266032669?position=50&pageNum=0&refId=IdrufmA0eVem%2FhGI2hRXzA%3D%3D&trackingId=EEGKWb84J5tyY4JHL7LSIg%3D%3D,Not specified,2025-08-13 17:15:09.283786,2025-08-13,,de.linkedin.com/jobs/view/senior-python-engineer-m-w-d-f%C3%BCr-ai-services-at-cornelsen-verlag-gmbh-4266032669
Solution Consultant - Hiredscore - EMEA,Workday,"Berlin, Berlin, Germany",LinkedIn,https://de.linkedin.com/jobs/view/solution-consultant-hiredscore-emea-at-workday-4268546921?position=58&pageNum=0&refId=IdrufmA0eVem%2FhGI2hRXzA%3D%3D&trackingId=ElYFLz1lsaMfltYoRMwRFw%3D%3D,Not specified,2025-08-13 17:15:09.284712,2025-08-13,,de.linkedin.com/jobs/view/solution-consultant-hiredscore-emea-at-workday-4268546921
Industrial AI Industry Leader - Infrastructure,IFS,"Frankfurt am Main, Hesse, Germany",LinkedIn,https://de.linkedin.com/jobs/view/industrial-ai-industry-leader-infrastructure-at-ifs-4284087866?position=3&pageNum=0&refId=T8jh8BBn6uLSq7xtq%2FHKMQ%3D%3D&trackingId=P0J7MyoN4nCcCkjeY6pqSQ%3D%3D,Not specified,2025-08-13 17:15:46.753871,2025-08-13,"Company Description IFS is a billion-dollar revenue company with 5000+ employees on all continents. We deliver award winning enterprise software solutions through the use of embedded digital innovation and a single cloud-based platform to help businesses be their best when it really matters–at the Moment of Service™. At IFS, we're flexible, we're innovative, and we're focused not only on how we can engage with our customers but on how we can make a real change and have a worldwide impact. We help solve some of society's greatest challenges, fostering a better future through our agility, collaboration, and trust. We celebrate diversity and accept that there are so many different perspectives in this world. As a truly international company serving people from around the globe, we realize that our success is tantamount to the respect we have for those different points of view. By joining our team, you will have the opportunity to be part of a global, diverse environment; you will be joining a winning team with a commitment to sustainability; and a company where we get things done so that you can make a positive impact on the world. We're looking for innovative and original thinkers to work in an environment where you can #MakeYourMoment so that we can help others make theirs. If you want to change the status quo, we'll help you make your moment. Join Team Purple. Join IFS. Job Description The Industry Leader is a strategic leadership role responsible for driving growth in specific industry verticals through the applied use of proprietary AI solutions across the IFS portfolio. As a player coach within a specific sales pursuit, the Industry Leader is expected to be the domain expert for the portfolio of Industrial AI capabilities for the industry vertical. They value their position as a thought leader and a catalyst for both revenue growth and exceptional customer experience. They are a key partner to the sales, presales, R&D and services teams when mobilizing IFS around a specific opportunity and hyper creative in the ways that they bring industry leading AI capabilities to customer scenarios. IFS.ai is Industrial AI, and this broadly covers 3 motions: The embedded AI contained within core IFS Solutions The enhanced AI that extends beyond IFS solutions, for example packaged industrial agents “digital coworkers” Accelerated solutions, with strategic customers funding the innovation path in specific domain areas. Key aspects of the role include: Prioritizing efforts towards near-term revenue opportunities Ensuring sales teams are aligned and militantly prepared ahead of customer workshops Being with customers, in their own environments, both executive decision makers and end-users Shaping the GTM approach for a specific customer, utilizing out of the box (OOTB) capabilities from the AI portfolio, with inherent knowledge of and respect to the wider IFS portfolio Driving a culture of speed + quality of execution Obsessing over industry trends and the latest breakthroughs within the vertical Championing the customer(s) within IFS. As the ultimate evangelist in the industry, work tirelessly with stakeholders to communicate and influence the go-to-market and product strategies. Qualifications Essential: Significant practical and management experience in the enterprise software industry, inside the specified industry vertical – leading candidates will demonstrate a wide range of experience within that industry. Commercial solutioning experience (envisaging, defining, scoping, scaling offerings) Can readily discuss practical examples of unlocking customer value in a business context, in an impactful and relevant way (benchmarked, proven value) Should have a significant amount of experience in technical roles within the industry. Several years of hands-on technical experience are expected to develop a deep understanding of the technologies and challenges relevant to the field. Leadership and management experience is crucial. Must be able to demonstrate an understanding of key industry trends in their chosen field Will be required to demonstrate a mature understanding of commercial topics and financial drivers for a Customer and IFS Desirable: Bachelor's Degree: A bachelor's degree in a relevant field such as computer science, engineering, or information technology. Industry qualifications Mastery of agile concepts Value Engineering",de.linkedin.com/jobs/view/industrial-ai-industry-leader-infrastructure-at-ifs-4284087866
Industrial AI Industry Leader - Infrastructure,IFS,"Frankfurt, Hesse, Germany",LinkedIn,https://de.linkedin.com/jobs/view/industrial-ai-industry-leader-infrastructure-at-ifs-4284080212?position=9&pageNum=0&refId=T8jh8BBn6uLSq7xtq%2FHKMQ%3D%3D&trackingId=z%2BroZefMCCZQoj0HffS2fw%3D%3D,Not specified,2025-08-13 17:15:46.754581,2025-08-13,"IFS is a billion-dollar revenue company with 5000+ employees on all continents. We deliver award winning enterprise software solutions through the use of embedded digital innovation and a single cloud-based platform to help businesses be their best when it really matters–at the Moment of Service™. At IFS, we're flexible, we're innovative, and we're focused not only on how we can engage with our customers but on how we can make a real change and have a worldwide impact. We help solve some of society's greatest challenges, fostering a better future through our agility, collaboration, and trust. We celebrate diversity and accept that there are so many different perspectives in this world. As a truly international company serving people from around the globe, we realize that our success is tantamount to the respect we have for those different points of view. By joining our team, you will have the opportunity to be part of a global, diverse environment; you will be joining a winning team with a commitment to sustainability; and a company where we get things done so that you can make a positive impact on the world. We're looking for innovative and original thinkers to work in an environment where you can #MakeYourMoment so that we can help others make theirs. If you want to change the status quo, we'll help you make your moment. Join Team Purple. Join IFS. Job Description The Industry Leader is a strategic leadership role responsible for driving growth in specific industry verticals through the applied use of proprietary AI solutions across the IFS portfolio. As a player coach within a specific sales pursuit, the Industry Leader is expected to be the domain expert for the portfolio of Industrial AI capabilities for the industry vertical. They value their position as a thought leader and a catalyst for both revenue growth and exceptional customer experience. They are a key partner to the sales, presales, R&D and services teams when mobilizing IFS around a specific opportunity and hyper creative in the ways that they bring industry leading AI capabilities to customer scenarios. IFS.ai is Industrial AI, and this broadly covers 3 motions: The embedded AI contained within core IFS Solutions The enhanced AI that extends beyond IFS solutions, for example packaged industrial agents “digital coworkers” Accelerated solutions, with strategic customers funding the innovation path in specific domain areas. Key aspects of the role include: Prioritizing efforts towards near-term revenue opportunities Ensuring sales teams are aligned and militantly prepared ahead of customer workshops Being with customers, in their own environments, both executive decision makers and end-users Shaping the GTM approach for a specific customer, utilizing out of the box (OOTB) capabilities from the AI portfolio, with inherent knowledge of and respect to the wider IFS portfolio Driving a culture of speed + quality of execution Obsessing over industry trends and the latest breakthroughs within the vertical Championing the customer(s) within IFS. As the ultimate evangelist in the industry, work tirelessly with stakeholders to communicate and influence the go-to-market and product strategies. Qualifications Essential: Significant practical and management experience in the enterprise software industry, inside the specified industry vertical – leading candidates will demonstrate a wide range of experience within that industry. Commercial solutioning experience (envisaging, defining, scoping, scaling offerings) Can readily discuss practical examples of unlocking customer value in a business context, in an impactful and relevant way (benchmarked, proven value) Should have a significant amount of experience in technical roles within the industry. Several years of hands-on technical experience are expected to develop a deep understanding of the technologies and challenges relevant to the field. Leadership and management experience is crucial. Must be able to demonstrate an understanding of key industry trends in their chosen field Will be required to demonstrate a mature understanding of commercial topics and financial drivers for a Customer and IFS Desirable: Bachelor's Degree: A bachelor's degree in a relevant field such as computer science, engineering, or information technology. Industry qualifications Mastery of agile concepts Value Engineering",de.linkedin.com/jobs/view/industrial-ai-industry-leader-infrastructure-at-ifs-4284080212
"Investor, Leading Deeptech VC, Remote, Europe - PER, Private Equity Recruitment",Jobs via eFinancialCareers,"Frankfurt am Main, Hesse, Germany",LinkedIn,https://de.linkedin.com/jobs/view/investor-leading-deeptech-vc-remote-europe-per-private-equity-recruitment-at-jobs-via-efinancialcareers-4279166060?position=11&pageNum=0&refId=T8jh8BBn6uLSq7xtq%2FHKMQ%3D%3D&trackingId=x1y%2F9hcTRFFCQs2gWSDoXA%3D%3D,Not specified,2025-08-13 17:15:46.754820,2025-08-13,"When you click apply, you will be redirected to the company’s website . Please ensure you have completed the company’s application process on their platform to fully apply. About Our Client Our client is one of the leading deeptech venture capital funds in Europe with an impressive portfolio. The fund is highly capitalised with a strong track record and a brilliant reputation in the market. The group is based in the UK, however, half of their current fund is deployed across Europe and they are looking to expand the team with an Associate based on the continent to help drive deals in the region. As such, this is a unique opportunity to play a role with particularly high exposure while being closely supported by the collaborative team. The fund is looking for high potential investors that could be future Partners in the fund and will invest and support in their talent to make this a reality. Given the sectors of focus, it is important that you have a deep understanding of, and interest in, the deep-tech space, specifically in areas such as quantum, computing, semi-conductors, artificial intelligence and machine learning. It is imperative that you bring a STEM degree in Computer Science, Artificial Intelligence, Machine Learning, Physics, Mathematics, Engineering or a related scientific field. What the job involves Dealflow generation and market mapping to find outlier founders from untapped sources Driving deals to close through supporting due diligence and execution Thematic investment development Portfolio management Who we are looking for STEM degree to at least Bachelor's is essential Interest, and experience, in relevant sectors including AI/ML, advanced engineering, aerospace or energy Full-time work experience in consulting, startups or venture capital Proactive, creative problem-solver with a bias for action Analytical, detail-oriented, and able to explain complex ideas clearly Personable, empathetic, and able to build trust quickly You will be redirected to the company’s website – you must complete the application on their platform to apply.",de.linkedin.com/jobs/view/investor-leading-deeptech-vc-remote-europe-per-private-equity-recruitment-at-jobs-via-efinancialcareers-4279166060
Azure AI Engineer,Slalom,"Frankfurt, Hesse, Germany",LinkedIn,https://de.linkedin.com/jobs/view/azure-ai-engineer-at-slalom-4258318833?position=18&pageNum=0&refId=T8jh8BBn6uLSq7xtq%2FHKMQ%3D%3D&trackingId=RDUgGbXkRqILNEOvnYlJbQ%3D%3D,Not specified,2025-08-13 17:15:46.755638,2025-08-13,"Über uns Slalom ist ein modernes Beratungsunternehmen, das sich auf Strategie, Technologie und IT-Transformation konzentriert. In 45 Märkten auf der ganzen Welt haben unsere Berater:innen die Möglichkeit, nach dem lokalen Ansatz schnell bei unseren Kunden zu sein und vor Ort zu helfen. Slalom wurde 2001 gegründet, hat seinen Hauptsitz in Seattle und ist organisch auf über 12.000 Mitarbeitenden gewachsen. Slalom wurde acht Jahre in Folge von Fortune zu einem der 100 besten Arbeitgeber ernannt und wird regelmäßig von seinen Mitarbeitenden als bester Arbeitsplatz ausgezeichnet. Aufgabenschwerpunkte Durchführung von Anforderungsanalysen und Erstellung von Lösungskonzepten für AI- und Machine Learning-Projekte für unsere Kunden Design, Implementierung und Optimierung von AI-Lösungen unter Verwendung von Azure AI-Diensten (z.B. Azure AI Search, Azure OpenAI) u.a. zur Sicherstellung von Zuverlässigkeit und Verfügbarkeit Zusammenarbeit mit cross-funktionalen Teams zur Erstellung sicherer End-to-End Azure AI-Lösungen Koordination und Optimierung von Arbeitsabläufen zwischen verschiedenen Fachbereichen und Entwicklungsteams sowie effektive Kommunikation und Zusammenarbeit mit internen und externen Stakeholdern Das bringst du mit Ausbildung oder Studium im Bereich Informatik oder ein vergleichbarer Abschluss Mehrjährige Erfahrung in Azure AI-Projekten z.B. Azure AI Engineer oder AI Consultant Sicherer Umgang mit Tools wie Azure AI Search, Azure Machine Learning, Azure OpenAI und Azure Cognitive Services Erfahrung in der Skalierung und Operationalisierung von KI-/ML-Lösungen (z. B. MLOps, Model Deployment, Monitoring & Governance in Enterprise-Umgebungen) Verhandlungssicheres Deutsch und Englisch in Wort und Schrift Deine Benefits Mobiles und flexibles Arbeiten sowie 30 Tage Urlaub und 2 Impact Days für Volunteering in deiner Community Wir kümmern uns um deine Zukunft–mit einer jährlichen Zahlung in unseren Pensionsfond (4% des Grundgehalts) Jährliches Budget von rund 300€ für dein Well-being. Ob Yoga, Fitnesskurs, Massage oder doch einer Spende für einen guten Zweck, du entscheidest Du bist uns wichtig – neben Coaching und weiteren Unterstützungsprogrammen bieten wir umfangreiche Versicherungspläne für dich und deine Familie an Monatliche Smartphonepauschale von 100€ (Brutto) und freie Wahl deines Laptops (Apple oder HP) Mit deiner Mitgliedschaft bei EGYM Wellpass hast du Zugang zu über 2.800 Sport-, Fitness- und Wellnesseinrichtungen sowie zu Apps und Home Workouts Regelmäßige Teamevents, Get together und Lunch&Learns mit den besten Kollegen:innen in unseren zentralen Offices Was uns ausmacht Unsere zehn „Slalom Core Values“ sind ein fester Bestandteil von allem, was wir bei Slalom tun, und prägen unsere mitarbeiterzentrierte Kultur. Wir fördern die Vielfalt am Arbeitsplatz und stellen sicher, dass alle unsere Mitarbeitenden ihr Potenzial voll entfalten können, unabhängig von ihrem persönlichen, kulturellen und sozialen Background. Wir bauen Teams auf, die die Vielfalt der Communities widerspiegeln, für die wir arbeiten. Come as you are! Deshalb Slalom Obwohl Slalom schon seit 2001 ein globaler Player ist, befinden wir uns in einer für unsere Branche besonderen Ausgangslage und werden nach wie vor von unseren Gründern geführt. Dies bedeutet konkret, dass unsere Ziele nicht von externen Stakeholder:innen getrieben werden, sondern stets die Mitarbeitenden und unsere Kunden im Vordergrund stehen. Unser Ziel ist es, unsere Kunden mit allen nötigen Skills auszustatten, damit diese vollumfänglich hinter ihrer Reise in die Cloud stehen und nach dem erfolgreichen Abschluss der gemeinsamen Projekte diese Veränderung eigenständig und nachhaltig leben. Man könnte fast sagen: „wir kommen, um zu gehen“. Milestones Mehr als 12.000 Slalomer:innen. Acht Länder. 45 Standorte. Und stetiges, schnelles Wachstum. In Deutschland haben wir unseren ersten Standort 2022 in München eröffnet, Düsseldorf und Frankfurt folgten in 2023. Das Team ist auf über 150 Mitarbeiter:innen angewachsen und wird bis Ende 2025 weiter wachsen – und das schnell. Wenn du dich angesprochen fühlst, freuen wir uns von dir zu hören! Du hast Rückfragen zur Position oder ein anderes Anliegen? Dann Wende Dich Gerne An Deine Talent Acquisition Expertin Layla Hekmat, Lead Talent Acquisition layla.hekmat@slalom.com 01520 219 45 95",de.linkedin.com/jobs/view/azure-ai-engineer-at-slalom-4258318833
Senior AI Engineer – Speech Processing (m/w),TieTalent,"Mainz, Rhineland-Palatinate, Germany",LinkedIn,https://de.linkedin.com/jobs/view/senior-ai-engineer-%E2%80%93-speech-processing-m-w-at-tietalent-4284158356?position=19&pageNum=0&refId=T8jh8BBn6uLSq7xtq%2FHKMQ%3D%3D&trackingId=Oqo3vqoJbF1EVuIG8LQc2g%3D%3D,Not specified,2025-08-13 17:15:46.755756,2025-08-13,,de.linkedin.com/jobs/view/senior-ai-engineer-%E2%80%93-speech-processing-m-w-at-tietalent-4284158356
"Curriculum Designer, 2 Hour Learning (Remote) - $100,000/year USD",Trilogy,"Frankfurt, Hesse, Germany",LinkedIn,https://de.linkedin.com/jobs/view/curriculum-designer-2-hour-learning-remote-%24100-000-year-usd-at-trilogy-4283564601?position=22&pageNum=0&refId=T8jh8BBn6uLSq7xtq%2FHKMQ%3D%3D&trackingId=kE9maJEeYMc6OAF0ux4bdA%3D%3D,Not specified,2025-08-13 17:15:46.756111,2025-08-12,,de.linkedin.com/jobs/view/curriculum-designer-2-hour-learning-remote-%24100-000-year-usd-at-trilogy-4283564601
Kundenservice-Profi (m/d/w) gesucht!,GOIO Data GmbH,"Frankfurt, Hesse, Germany",LinkedIn,https://de.linkedin.com/jobs/view/kundenservice-profi-m-d-w-gesucht%21-at-goio-data-gmbh-4282202860?position=29&pageNum=0&refId=T8jh8BBn6uLSq7xtq%2FHKMQ%3D%3D&trackingId=Y%2FcZG8DFFfZ%2FJ9fyXcCbDw%3D%3D,Not specified,2025-08-13 17:15:46.756926,2025-08-13,,de.linkedin.com/jobs/view/kundenservice-profi-m-d-w-gesucht%21-at-goio-data-gmbh-4282202860
Kaufmann/Kauffrau im E-Commerce (m/w/d),Aspect Interior Design,"Karben, Hesse, Germany",LinkedIn,https://de.linkedin.com/jobs/view/kaufmann-kauffrau-im-e-commerce-m-w-d-at-aspect-interior-design-4282210265?position=33&pageNum=0&refId=T8jh8BBn6uLSq7xtq%2FHKMQ%3D%3D&trackingId=R4gYPBTipZvuMbVZaiH15g%3D%3D,Not specified,2025-08-13 17:15:46.757395,2025-08-13,,de.linkedin.com/jobs/view/kaufmann-kauffrau-im-e-commerce-m-w-d-at-aspect-interior-design-4282210265
Spezialist IT-Regulatorik,ZAM eG,"Neu-Isenburg, Hesse, Germany",LinkedIn,https://de.linkedin.com/jobs/view/spezialist-it-regulatorik-at-zam-eg-4284411748?position=38&pageNum=0&refId=T8jh8BBn6uLSq7xtq%2FHKMQ%3D%3D&trackingId=ABcsQxkc7YZTppIASAnFgQ%3D%3D,Not specified,2025-08-13 17:15:46.757986,2025-08-13,,de.linkedin.com/jobs/view/spezialist-it-regulatorik-at-zam-eg-4284411748
(Senior) Business Analyst für Versicherungen (w/m/d),Capgemini,"Frankfurt am Main, Hesse, Germany",LinkedIn,https://de.linkedin.com/jobs/view/senior-business-analyst-f%C3%BCr-versicherungen-w-m-d-at-capgemini-4205527348?position=40&pageNum=0&refId=T8jh8BBn6uLSq7xtq%2FHKMQ%3D%3D&trackingId=rVIdo403VHJLzClJagswQA%3D%3D,Not specified,2025-08-13 17:15:46.758221,2025-08-13,,de.linkedin.com/jobs/view/senior-business-analyst-f%C3%BCr-versicherungen-w-m-d-at-capgemini-4205527348
Windows Administration,Instaffo,"Frankfurt, Hesse, Germany",LinkedIn,https://de.linkedin.com/jobs/view/windows-administration-at-instaffo-4202677172?position=45&pageNum=0&refId=T8jh8BBn6uLSq7xtq%2FHKMQ%3D%3D&trackingId=a6J5RCBWZOqZmP2Yy1C6Iw%3D%3D,Not specified,2025-08-13 17:15:46.758803,2025-08-12,,de.linkedin.com/jobs/view/windows-administration-at-instaffo-4202677172
Revisor (w/m/d) Kapitalmarktprozesse,DekaBank,"Frankfurt, Hesse, Germany",LinkedIn,https://de.linkedin.com/jobs/view/revisor-w-m-d-kapitalmarktprozesse-at-dekabank-4151039447?position=53&pageNum=0&refId=T8jh8BBn6uLSq7xtq%2FHKMQ%3D%3D&trackingId=8cf5xVRKCv2SFkl6hdV4vg%3D%3D,Not specified,2025-08-13 17:15:46.759741,2025-08-13,,de.linkedin.com/jobs/view/revisor-w-m-d-kapitalmarktprozesse-at-dekabank-4151039447
Senior Principal Enterprise Architect,"NTT DATA, Inc.","Bad Homburg, Hesse, Germany",LinkedIn,https://de.linkedin.com/jobs/view/senior-principal-enterprise-architect-at-ntt-data-inc-4282219204?position=55&pageNum=0&refId=T8jh8BBn6uLSq7xtq%2FHKMQ%3D%3D&trackingId=3o%2BxTrTFPS%2Bk6S1iY2FIzA%3D%3D,Not specified,2025-08-13 17:15:46.759962,2025-08-13,,de.linkedin.com/jobs/view/senior-principal-enterprise-architect-at-ntt-data-inc-4282219204
Google Cloud Architect,Slalom,"Frankfurt, Hesse, Germany",LinkedIn,https://de.linkedin.com/jobs/view/google-cloud-architect-at-slalom-4258324123?position=59&pageNum=0&refId=T8jh8BBn6uLSq7xtq%2FHKMQ%3D%3D&trackingId=T%2FWzuH6P%2BosfQ2mNDY%2Fzgg%3D%3D,Not specified,2025-08-13 17:15:46.760415,2025-08-13,,de.linkedin.com/jobs/view/google-cloud-architect-at-slalom-4258324123
Senior Consultant Datenschutz / Data Governance (m/w/d),Grant Thornton Germany,"Frankfurt am Main, Hesse, Germany",LinkedIn,https://de.linkedin.com/jobs/view/senior-consultant-datenschutz-data-governance-m-w-d-at-grant-thornton-germany-4268601303?position=60&pageNum=0&refId=T8jh8BBn6uLSq7xtq%2FHKMQ%3D%3D&trackingId=E1LXMgz3sJJaB3wEGrGJRA%3D%3D,Not specified,2025-08-13 17:15:46.760525,2025-08-13,,de.linkedin.com/jobs/view/senior-consultant-datenschutz-data-governance-m-w-d-at-grant-thornton-germany-4268601303
Automation & AI Integration Specialist,H.i. Placement GmbH,"Düsseldorf, North Rhine-Westphalia, Germany",LinkedIn,https://de.linkedin.com/jobs/view/automation-ai-integration-specialist-at-h-i-placement-gmbh-4284129297?position=9&pageNum=0&refId=2sAH8goO0ja7BwFKk0XL4g%3D%3D&trackingId=JHKya4I4NyUbHQhjJUbW4A%3D%3D,Not specified,2025-08-13 17:16:24.847850,2025-08-13,"🔍 Freelancer gesucht: Automation & AI Integration Specialist (m/w/d) Projekt: Recruit CRM ⇄ OpenAI Automatisierung für automatische Kandidaten-Summaries Wir suchen kurzfristig einen erfahrenen Freelancer, der unser Recruiting-Team technisch unterstützt und eine End-to-End-Automatisierung aufsetzt: Recruit CRM wird mit OpenAI verbunden Automatische Erstellung von Kandidaten-Zusammenfassungen inkl. Skills, Erfahrung, Match-Score, Next Steps Direkte Speicherung der Ergebnisse als Notiz und in Custom Fields Fehlerhandling, Monitoring, DSGVO-konforme Verarbeitung Deine Aufgaben: Verbindung Recruit CRM ⇄ OpenAI einrichten (API-Setup, Auth, Feld-Mapping) Prompts & JSON-Schemas für saubere KI-Ausgabe entwickeln Retry-Logik, Error-Handler und Monitoring implementieren Feld-Mappings und optional Tags/Scoring einrichten Prozess dokumentieren und kurze interne Übergabe machen Dein Profil: Erfahrung mit Workflow-Automation (Recruit CRM, Make, Zapier, n8n o. Ä.) Sehr gute API-Kenntnisse (REST, Auth, Rate Limits) Praxis mit OpenAI / LLMs und strukturierten Outputs (JSON) JavaScript/TypeScript oder vergleichbare Sprache Verständnis für DSGVO-Anforderungen im Recruiting-Umfeld Projektstart: asap Dauer: geschätzt 2–4 Wochen (je nach Umfang) Ort: Remote / ggf. Kick-off in Düsseldorf Melde dich gerne bei mir per Rückfragen! Viele Grüße Jason",de.linkedin.com/jobs/view/automation-ai-integration-specialist-at-h-i-placement-gmbh-4284129297
Software Engineer (DevEx),Cognigy,"Düsseldorf, North Rhine-Westphalia, Germany",LinkedIn,https://de.linkedin.com/jobs/view/software-engineer-devex-at-cognigy-4283543826?position=13&pageNum=0&refId=2sAH8goO0ja7BwFKk0XL4g%3D%3D&trackingId=NBOa5yWvtugEu2y2Ix7mtA%3D%3D,Not specified,2025-08-13 17:16:24.848325,2025-08-12,"About Cognigy Cognigy is transforming the customer service industry with the most advanced AI Agent platform for enterprise contact centers. Its award-winning solution, Cognigy.AI, empowers enterprises to deliver instant, hyper-personalized, multilingual service on any channel. By integrating Generative and Conversational AI to create Agentic AI, Cognigy delivers AI Agents that redefine customer experiences, drive satisfaction, and support contact center employees in real-time. Our skilled #CognigyCrew are the people behind our leading technology and we are now looking for more talented people to join our global team. Why you'll love working at Cognigy - Our promise to you We empower our people to be successful as part of a diverse, passionate and respectful team who are proud to be enabling customer and employee service that is loved by everyone. We do this by challenging each other to succeed and being enabled to do our best work. Encouraging and supporting growth is at the heart of our success, founded on a culture of mutual respect and trust - always! It's no wonder that the values that inspire and drive our #CognigyCrew are our 4Ts - Team, Trust, Transparency, Technology. Your new role - Software Engineer (DevEx) Location: On-site in Düsseldorf or remote in Germany As a DevEx Engineer at Cognigy, you'll be a key enabler for our Engineering organization, delivering streamlined, secure, and efficient development experiences. You'll work across our CI/CD infrastructure, developer tools, and internal platforms to automate and optimize engineering workflows. This role is pivotal to ensuring scalable, compliant, and frictionless development. You will collaborate with Engineering, SRE, Security, and QA teams, helping us improve product quality, operational excellence, and delivery speed. From container orchestration to internal CLI tools, you'll be at the heart of what powers our teams to build next-gen AI solutions. Your responsibilities will include Empower Developers - Build internal tooling and workflows that boost productivity and satisfaction. CI/CD Optimization - Enhance performance across pipelines (e.g., caching, parallelization, resource usage). Security & Compliance - Implement automated solutions (e.g., Vanta, Snyk) to enforce secure software delivery practices. Dev Environment Standardization - Ensure scalable and reproducible environments using Kubernetes, Helm, and Terraform. Monitoring & Observability - Improve logging, alerting, and insight generation using Grafana, Kibana, and Sentry. Infrastructure Ownership - Design secure, scalable automation solutions and lead platform-level architectural improvements. Collaboration & Mentorship - Partner with SRE/Core teams and support junior engineers with knowledge sharing. Operational Excellence - Proactively propose and lead cross-team improvements to drive engineering success. Developer Lifecycle Management - Manage onboarding/offboarding tooling and access provisioning securely. Customer Engagement - Participate in architecture/security discussions with customers when needed Growth Potential At Cognigy we are committed to your professional growth. This role offers significant opportunities for career development, including access to ongoing training, and involvement in high-impact projects allowing you to showcase and advance your unique skills and experience. Requirements About you 5+ years of experience in backend software engineering, preferably in a platform or DevOps role Deep experience with Kubernetes, Helm, Terraform, and modern infrastructure-as-code practices Proficiency in backend development using TypeScript/Node.js, Python, or Golang Strong Linux terminal skills and experience with container debugging Familiarity with CI/CD systems (e.g., GitHub Actions, Jenkins) and pipeline optimization techniques Experience with security and compliance tooling like Snyk, Vanta, or equivalent Hands-on knowledge of cloud platforms (Azure, AWS preferred) Proven ability to collaborate, mentor, and lead process improvements across engineering teams Observability expertise (Grafana, Sentry, Kibana) and a systems-thinking mindset Comfortable making architectural decisions and owning secure, reliable developer infrastructure Incident Response & Decision Making - You stay calm under pressure, make decisions with urgency when necessary, and are comfortable being on call for emergencies when needed Benefits Life at Cognigy - What we offer you We are an ambitious and international tech company with a great culture, and we make sure that everyone feels welcome. Our excellent benefits make us a fantastic place to work - these include Attractive and performance-oriented salary Company Pension Scheme 25 days paid leave, plus 5 floating days, plus public holidays Unique opportunity to help build and shape the company, with little hierarchy Flexible working options Colleague recognition, reward and celebration events Global Employee Assistance Program ClassPass membership, giving you access to a variety of fitness and wellness experiences Ongoing learning and development opportunities, including Udemy One paid ‘Giving Back Day' each year, so you can volunteer for a charity or community activity of your choice Subscription to the Calm app for you plus five friends/family members, giving you access to guided meditation, sleep stories, music, masterclasses, and much more Equal Opportunity Employer Statement - Cognigy does not discriminate on the basis of race, sex, color, religion, age, national origin, marital status, disability, veteran status, genetic information, sexual orientation, gender identity or any other reason prohibited by law in provision of employment opportunities and benefits.",de.linkedin.com/jobs/view/software-engineer-devex-at-cognigy-4283543826
Azure AI Engineer,Slalom,"Düsseldorf, North Rhine-Westphalia, Germany",LinkedIn,https://de.linkedin.com/jobs/view/azure-ai-engineer-at-slalom-4258325090?position=18&pageNum=0&refId=2sAH8goO0ja7BwFKk0XL4g%3D%3D&trackingId=sxaiTXexYCALajmNMw8T1w%3D%3D,Not specified,2025-08-13 17:16:24.848911,2025-08-13,"Über uns Slalom ist ein modernes Beratungsunternehmen, das sich auf Strategie, Technologie und IT-Transformation konzentriert. In 45 Märkten auf der ganzen Welt haben unsere Berater:innen die Möglichkeit, nach dem lokalen Ansatz schnell bei unseren Kunden zu sein und vor Ort zu helfen. Slalom wurde 2001 gegründet, hat seinen Hauptsitz in Seattle und ist organisch auf über 12.000 Mitarbeitenden gewachsen. Slalom wurde acht Jahre in Folge von Fortune zu einem der 100 besten Arbeitgeber ernannt und wird regelmäßig von seinen Mitarbeitenden als bester Arbeitsplatz ausgezeichnet. Aufgabenschwerpunkte Durchführung von Anforderungsanalysen und Erstellung von Lösungskonzepten für AI- und Machine Learning-Projekte für unsere Kunden Design, Implementierung und Optimierung von AI-Lösungen unter Verwendung von Azure AI-Diensten (z.B. Azure AI Search, Azure OpenAI) u.a. zur Sicherstellung von Zuverlässigkeit und Verfügbarkeit Zusammenarbeit mit cross-funktionalen Teams zur Erstellung sicherer End-to-End Azure AI-Lösungen Koordination und Optimierung von Arbeitsabläufen zwischen verschiedenen Fachbereichen und Entwicklungsteams sowie effektive Kommunikation und Zusammenarbeit mit internen und externen Stakeholdern Das bringst du mit Ausbildung oder Studium im Bereich Informatik oder ein vergleichbarer Abschluss Mehrjährige Erfahrung in Azure AI-Projekten z.B. Azure AI Engineer oder AI Consultant Sicherer Umgang mit Tools wie Azure AI Search, Azure Machine Learning, Azure OpenAI und Azure Cognitive Services Erfahrung in der Skalierung und Operationalisierung von KI-/ML-Lösungen (z. B. MLOps, Model Deployment, Monitoring & Governance in Enterprise-Umgebungen) Verhandlungssicheres Deutsch und Englisch in Wort und Schrift Deine Benefits Mobiles und flexibles Arbeiten sowie 30 Tage Urlaub und 2 Impact Days für Volunteering in deiner Community Wir kümmern uns um deine Zukunft–mit einer jährlichen Zahlung in unseren Pensionsfond (4% des Grundgehalts) Jährliches Budget von rund 300€ für dein Well-being. Ob Yoga, Fitnesskurs, Massage oder doch einer Spende für einen guten Zweck, du entscheidest Du bist uns wichtig – neben Coaching und weiteren Unterstützungsprogrammen bieten wir umfangreiche Versicherungspläne für dich und deine Familie an Monatliche Smartphonepauschale von 100€ (Brutto) und freie Wahl deines Laptops (Apple oder HP) Mit deiner Mitgliedschaft bei EGYM Wellpass hast du Zugang zu über 2.800 Sport-, Fitness- und Wellnesseinrichtungen sowie zu Apps und Home Workouts Regelmäßige Teamevents, Get together und Lunch&Learns mit den besten Kollegen:innen in unseren zentralen Offices Was uns ausmacht Unsere zehn „Slalom Core Values“ sind ein fester Bestandteil von allem, was wir bei Slalom tun, und prägen unsere mitarbeiterzentrierte Kultur. Wir fördern die Vielfalt am Arbeitsplatz und stellen sicher, dass alle unsere Mitarbeitenden ihr Potenzial voll entfalten können, unabhängig von ihrem persönlichen, kulturellen und sozialen Background. Wir bauen Teams auf, die die Vielfalt der Communities widerspiegeln, für die wir arbeiten. Come as you are! Deshalb Slalom Obwohl Slalom schon seit 2001 ein globaler Player ist, befinden wir uns in einer für unsere Branche besonderen Ausgangslage und werden nach wie vor von unseren Gründern geführt. Dies bedeutet konkret, dass unsere Ziele nicht von externen Stakeholder:innen getrieben werden, sondern stets die Mitarbeitenden und unsere Kunden im Vordergrund stehen. Unser Ziel ist es, unsere Kunden mit allen nötigen Skills auszustatten, damit diese vollumfänglich hinter ihrer Reise in die Cloud stehen und nach dem erfolgreichen Abschluss der gemeinsamen Projekte diese Veränderung eigenständig und nachhaltig leben. Man könnte fast sagen: „wir kommen, um zu gehen“. Milestones Mehr als 12.000 Slalomer:innen. Acht Länder. 45 Standorte. Und stetiges, schnelles Wachstum. In Deutschland haben wir unseren ersten Standort 2022 in München eröffnet, Düsseldorf und Frankfurt folgten in 2023. Das Team ist auf über 150 Mitarbeiter:innen angewachsen und wird bis Ende 2025 weiter wachsen – und das schnell. Wenn du dich angesprochen fühlst, freuen wir uns von dir zu hören! Du hast Rückfragen zur Position oder ein anderes Anliegen? Dann Wende Dich Gerne An Deine Talent Acquisition Expertin Layla Hekmat, Lead Talent Acquisition layla.hekmat@slalom.com 01520 219 45 95",de.linkedin.com/jobs/view/azure-ai-engineer-at-slalom-4258325090
Senior Full-stack Software Engineer,Cognigy,"Düsseldorf, North Rhine-Westphalia, Germany",LinkedIn,https://de.linkedin.com/jobs/view/senior-full-stack-software-engineer-at-cognigy-4284038308?position=19&pageNum=0&refId=2sAH8goO0ja7BwFKk0XL4g%3D%3D&trackingId=2roDQ4cpyWs1OYAVyxHfVA%3D%3D,Not specified,2025-08-13 17:16:24.849033,2025-08-13,"About Cognigy Cognigy is transforming the customer service industry with the most advanced AI Agent platform for enterprise contact centers. Its award-winning solution, Cognigy.AI, empowers enterprises to deliver instant, hyper-personalized, multilingual service on any channel. By integrating Generative and Conversational AI to create Agentic AI, Cognigy delivers AI Agents that redefine customer experiences, drive satisfaction, and support contact center employees in real-time. Our skilled #CognigyCrew are the people behind our leading technology and we are now looking for more talented people to join our global team. Why you'll love working at Cognigy - Our promise to you We empower our people to be successful as part of a diverse, passionate and respectful team who are proud to be enabling customer and employee service that is loved by everyone. We do this by challenging each other to succeed and being enabled to do our best work. Encouraging and supporting growth is at the heart of our success, founded on a culture of mutual respect and trust - always! It's no wonder that the values that inspire and drive our #CognigyCrew are our 4Ts - Team, Trust, Transparency, Technology. Your new role - Full Stack Software Engineer Job location: On-site in Düsseldorf or remote in Germany You will be welcomed into our Engineering department, which is divided into cross-functional, verticalized development teams, who are focused on delivering continuous improvements, features and developing new products. To support the delivery process and stability of our products, we can also count on our Product Support team, QA team, and SRE team who, alongside our Product and People team, Director/Architect and VP Engineering, are constantly looking to overcome new challenges, to innovate, and to ensure the success of our products and satisfaction of our customers. Your responsibilities will include Build Impactful Software - Develop and deliver high-quality software solutions that efficiently address customer needs Write Clean, Maintainable Code - Create well-structured, scalable, and maintainable code following best practices Ensure Security & Reliability - Keep the codebase robust, tested, and secure, proactively addressing vulnerabilities Optimize Performance - Profile and benchmark the codebase to identify and eliminate bottlenecks, ensuring efficiency Oversee User Interface - Contribute to UI oversight, ensuring seamless and user-friendly experiences Drive Operational Excellence - Implement best practices for monitoring, logging, and end-to-end testing to maintain stability and reliability Mentor & Lead - Provide technical guidance and mentorship to other developers, fostering collaboration and professional growth Growth Potential At Cognigy we are committed to your professional growth. This role offers significant opportunities for career development, including access to ongoing training, and involvement in high-impact projects allowing you to showcase and advance your unique skills and experience. Requirements About you Experienced Full-Stack Developer - Several years of hands-on experience in full-stack software development, building scalable and efficient applications Containerization & Debugging - Proficient in working with containers and debugging containerized applications Linux Proficiency - Comfortable working in a Linux-based environment Frontend Expertise - Strong experience with modern frontend frameworks such as React.js or Vue.js, including state management libraries like Redux and CSS-in-JS solutions Backend Development - Skilled in building backend applications using frameworks like Node.js or Ruby on Rails Design Mindset - A keen eye for good design and UI/UX principles—padding and margin aren't just CSS properties to you Database Knowledge - Familiarity with MongoDB or similar NoSQL databases; SQL experience is a plus Real-Time Communication - Experience working with real-time communication protocols such as WebSocket or WebRTC High-Quality Code & Testing - Passion for writing clean, well-structured, and thoroughly tested code Adaptable & Growth-Oriented - Open to working with various programming languages and continuously learning new technologies Strong Communicator - Ability to present new ideas and concepts clearly, including to management and stakeholders Independent & Collaborative - Capable of working autonomously while thriving in a team-oriented environment Incident Response & Decision Making - You stay calm under pressure, make decisions with urgency when necessary, and are comfortable being on call for emergencies when needed Benefits Life at Cognigy - What we offer you We are an ambitious and international tech company with a great culture, and we make sure that everyone feels welcome. Our excellent benefits make us a fantastic place to work - these include Attractive and performance-oriented salary Company Pension Scheme 25 days paid leave, plus 5 floating days, plus public holidays Unique opportunity to help build and shape the company, with little hierarchy Flexible working options Colleague recognition, reward and celebration events Global Employee Assistance Program ClassPass membership, giving you access to a variety of fitness and wellness experiences Ongoing learning and development opportunities, including Udemy One paid ‘Giving Back Day' each year, so you can volunteer for a charity or community activity of your choice Subscription to the Calm app for you plus five friends/family members, giving you access to guided meditation, sleep stories, music, masterclasses, and much more Equal Opportunity Employer Statement - Cognigy does not discriminate on the basis of race, sex, color, religion, age, national origin, marital status, disability, veteran status, genetic information, sexual orientation, gender identity or any other reason prohibited by law in provision of employment opportunities and benefits.",de.linkedin.com/jobs/view/senior-full-stack-software-engineer-at-cognigy-4284038308
KI Enabler – Projektmanager:in Künstliche Intelligenz (m/w/d),DocCheck,"Cologne, North Rhine-Westphalia, Germany",LinkedIn,https://de.linkedin.com/jobs/view/ki-enabler-%E2%80%93-projektmanager-in-k%C3%BCnstliche-intelligenz-m-w-d-at-doccheck-4259424451?position=21&pageNum=0&refId=2sAH8goO0ja7BwFKk0XL4g%3D%3D&trackingId=OF395HkJLAfllZ9Tls62hg%3D%3D,Not specified,2025-08-13 17:16:24.849263,2025-08-13,"Hol' dir den Kick als DocCheck KI Enabler – Projektmanager:in Künstliche Intelligenz (m/w/d) Du willst nicht nur über die Zukunft von KI reden, sondern sie in der Gegenwart aktiv gestalten? Du willst Projekte realisieren, die wirklich etwas bewegen - sowohl am Puls der Zeit als auch in einer Branche mit echtem Mehrwert? Willkommen in der DocCheck agency! Als KI Enabler setzt du Impulse, um unsere Vorreiterrolle in künstlicher Intelligenz weiter zu prägen. Du steuerst unsere KI-Projekte vom ersten Prototypen bis zum erfolgreich vermarkteten Produkt und leistest so einen wesentlichen Beitrag zur Prägung unserer Agentur und der Innovation der Healthare-Branche. In interdisziplinären Inhouse-Teams mit Strategie, Kreation und IT entwickelst du so nicht nur uns, sondern auch dich weiter. It’s a challenge: Mach Schluss mit einem Job von der Stange und entfalte deinen Pioniergeist. DocCheck versetzt den kompletten Gesundheitsmarkt in absolute Effizienz-Ekstase. Egal ob News, Foren, Fachartikel, Medizinshop oder Kreativ-Agentur - DocCheck rührt den Medicals die ultimative Service-Mischung an. Deine Substanz Du konntest 2-3 Jahre Erfahrung im Projektmanagement, idealerweise mit Fokus auf IT, digitales Marketing oder Produktentwicklung sammeln. Du hast Erfahrungen mit KI-Anwendungen sowie Know-how in Prototyping und Tool-Landschaften. Zusätzlich zeichnest du dich durch eine digitale Denke, strukturierte Arbeitsweise sowie überzeugendes Auftreten aus und hast Lust auf breit gefasstes Arbeiten von Markenstrategie bis Machine Learning. Dein Trip Du sichtest KI-Tools, Branchentrends und Entwicklungen und hältst unser Wissen up to date. Du planst, steuerst und präsentierst KI-Projekte - intern und extern, gemeinsam mit Kund:innen und unseren Teams. Ebenso betreust du die Teams bei der Entwicklung neuer Produkte und Lösungen, prüfst deren Relevanz und supportest mit deinem Know-how. Dein Boost Technical Ecstasy von AI bis Z Finanzspritze zur Weiterbildung Healthcare Flash dank vieler Gesundheitsangebote Komm gut drauf: Erkunde alle Benefits! https://karriere-medventure.doccheck.com/ Der Klick zum Kick! Wenn du diesen Trip erleben willst, dann bewirb dich bei uns. Ich bin Nicole und als Recruiter & Talent Manager dein Tourguide im Bewerbungsprozess. Mach doch mal Sinn - mit einem Job bei DocCheck.",de.linkedin.com/jobs/view/ki-enabler-%E2%80%93-projektmanager-in-k%C3%BCnstliche-intelligenz-m-w-d-at-doccheck-4259424451
Azure AI / Agents Engineer,Slalom,"Düsseldorf, North Rhine-Westphalia, Germany",LinkedIn,https://de.linkedin.com/jobs/view/azure-ai-agents-engineer-at-slalom-4258320642?position=23&pageNum=0&refId=2sAH8goO0ja7BwFKk0XL4g%3D%3D&trackingId=DBXx9WXQsO1TvTsWebTH8g%3D%3D,Not specified,2025-08-13 17:16:24.849493,2025-08-13,"Über uns Slalom ist ein modernes Beratungsunternehmen, das sich auf Strategie, Technologie und IT-Transformation konzentriert. In 45 Märkten auf der ganzen Welt haben unsere Berater:innen die Möglichkeit, nach dem lokalen Ansatz schnell bei unseren Kunden zu sein und vor Ort zu helfen. Slalom wurde 2001 gegründet, hat seinen Hauptsitz in Seattle und ist organisch auf über 12.000 Mitarbeitenden gewachsen. Slalom wurde acht Jahre in Folge von Fortune zu einem der 100 besten Arbeitgeber ernannt und wird regelmäßig von seinen Mitarbeitenden als bester Arbeitsplatz ausgezeichnet. Aufgabenschwerpunkte Strategische Beratung unserer Kunden zur Identifikation von GenAI-Anwendungsfälle und Entwicklung passender Proof-of-Concepts für innovative Anwendungsfälle und Evaluation neuer GenAI-Technologien mit Fokus auf Produktion und MLOps-Praktiken Konzeption skalierbarer GenAI-Architekturen für kundenspezifische Lösungen auf Basis des Microsoft Azure AI-Stacks (Azure OpenAI Service, Azure AI Foundry) Implementierung von GenAI-Lösungen mit Frameworks wie Semantic Kernel oder LangChain unter Einbindung relevanter Microsoft-Technologien (M365 Copilot Studio, Azure AI Services, Bot Framework, AI Studio) Entwicklung von RAG-Architekturen zur Integration unternehmensspezifischer Datenquellen in GenAI-Anwendungen Unterstützung bei der Integration von GenAI-Lösungen in bestehende Unternehmensarchitekturen unter Berücksichtigung von Sicherheit, Datenschutz und Compliance-Vorgaben Das bringst du mit Abgeschlossene Ausbildung oder Studium in der Informatik oder einen vergleichbaren Abschluss Mehrjährige Erfahrung in der IT Beratung im Azure Umfeld Praktische Erfahrung in der Entwicklung und Integration von AI-basierten Lösungen mit Azure Services und Cloud-Architekturen Erste Berührungspunkte mit den Frameworks Semantic Kernel, Copilot Studio, Microsoft Bot Framework und/oder den Modellen OpenAI, Anthropic ist von Vorteil, aber kein Muss Fließend Deutsch und Englisch in Wort und Schrift Deine Benefits Mobiles und flexibles Arbeiten sowie 30 Tage Urlaub und 2 Impact Days für Volunteering in deiner Community Wir kümmern uns um deine Zukunft–mit einer jährlichen Zahlung in unseren Pensionsfond (4% des Grundgehalts) Jährliches Budget von rund 300€ für dein Well-being. Ob Yoga, Fitnesskurs, Massage oder doch einer Spende für einen guten Zweck, du entscheidest Du bist uns wichtig – neben Coaching und weiteren Unterstützungsprogrammen bieten wir umfangreiche Versicherungspläne für dich und deine Familie an Monatliche Smartphonepauschale von 100€ (Brutto) und freie Wahl deines Laptops (Apple oder HP) Mit deiner Mitgliedschaft bei EGYM Wellpass hast du Zugang zu über 2.800 Sport-, Fitness- und Wellnesseinrichtungen sowie zu Apps und Home Workouts Regelmäßige Teamevents, Get together und Lunch&Learns mit den besten Kollegen:innen in unseren zentralen Offices Was uns ausmacht Unsere zehn „Slalom Core Values“ sind ein fester Bestandteil von allem, was wir bei Slalom tun, und prägen unsere mitarbeiterzentrierte Kultur. Wir fördern die Vielfalt am Arbeitsplatz und stellen sicher, dass alle unsere Mitarbeitenden ihr Potenzial voll entfalten können, unabhängig von ihrem persönlichen, kulturellen und sozialen Background. Wir bauen Teams auf, die die Vielfalt der Communities widerspiegeln, für die wir arbeiten. Come as you are! Deshalb Slalom Obwohl Slalom schon seit 2001 ein globaler Player ist, befinden wir uns in einer für unsere Branche besonderen Ausgangslage und werden nach wie vor von unseren Gründern geführt. Dies bedeutet konkret, dass unsere Ziele nicht von externen Stakeholder:innen getrieben werden, sondern stets die Mitarbeitenden und unsere Kunden im Vordergrund stehen. Unser Ziel ist es, unsere Kunden mit allen nötigen Skills auszustatten, damit diese vollumfänglich hinter ihrer Reise in die Cloud stehen und nach dem erfolgreichen Abschluss der gemeinsamen Projekte diese Veränderung eigenständig und nachhaltig leben. Man könnte fast sagen: „wir kommen, um zu gehen“. Milestones Mehr als 12.000 Slalomer:innen. Acht Länder. 45 Standorte. Und stetiges, schnelles Wachstum. In Deutschland haben wir unseren ersten Standort 2022 in München eröffnet, Düsseldorf und Frankfurt folgten in 2023. Das Team ist auf über 150 Mitarbeiter:innen angewachsen und wird bis Ende 2025 weiter wachsen – und das schnell. Wenn du dich angesprochen fühlst, freuen wir uns von dir zu hören! Du hast Rückfragen zur Position oder ein anderes Anliegen? Dann Wende Dich Gerne An Deine Talent Acquisition Expertin Layla Hekmat, Lead Talent Acquisition layla.hekmat@slalom.com 01520 219 45 95",de.linkedin.com/jobs/view/azure-ai-agents-engineer-at-slalom-4258320642
Mitarbeiter für telefonischen Kundendienst (m/w/d),GKK Gutachten GmbH,"Düsseldorf, North Rhine-Westphalia, Germany",LinkedIn,https://de.linkedin.com/jobs/view/mitarbeiter-f%C3%BCr-telefonischen-kundendienst-m-w-d-at-gkk-gutachten-gmbh-4282224665?position=35&pageNum=0&refId=2sAH8goO0ja7BwFKk0XL4g%3D%3D&trackingId=s6%2F%2B4cmnZwgTFSxx1TjgsQ%3D%3D,Not specified,2025-08-13 17:16:24.850875,2025-08-13,"Ihre Aufgaben Telefon-, E-Mail- und Chatbot-Anfragen unserer Bestandskunden beantworten Sie mit Ihrer sympathischen Art und stehen kompetent mit Rat und Tat zur Seite Freundlich und zuvorkommend beraten Sie Kunden zu unseren Dienstleistungen Sie akquirieren telefonisch interessierte Kunden und terminieren entsprechende persönliche Termine für die Vertriebskollegen im Außendienst Sie betreiben Online-Recherchen zur Gewinnung potenzieller Neukunden Sie legen Aufträge in unseren Systemen an und erstellen Angebote zu ausgewählten Dienstleistungen in Abstimmung mit dem Vertriebsleiter Ihr Profil Kaufmännische Berufsausbildung, Call Center Agent oder vergleichbar Quereinsteiger mit Erfahrung im Kundenservice, idealerweise im Dienstleistungsbereich, sind ebenso herzlich willkommen Erfahrung im Bereich Telefonakquise, Outbound, Call-Center oder vergleichbar Routinierter Umgang mit MS Office Sehr gute Deutschkenntnisse in Wort und Schrift, Englischkenntnisse wünschenswert Kommunikationsstärke, Teamfähigkeit und Verhandlungsgeschick Freude am Kundenkontakt, Spaß am Telefonieren sowie ausgeprägte Kunden- und Serviceorientierung Das bieten wir Modulare fachliche Weiterbildung durch die hauseigene GKK Akademie sowie ein:e Pat:in, der Sie bei uns begleitet Wir legen großen Wert auf Vertrauen und den Blick in eine gemeinsame Zukunft, deshalb bieten wir Ihnen ein unbefristetes Arbeitsverhältnis Flache Hierarchien mit kurzen Entscheidungswegen bei einem dynamischen Mittelständler Eine Unternehmenskultur, die geprägt ist von direkter Kommunikation, Teamgeist und Hands-on-Mentalität",de.linkedin.com/jobs/view/mitarbeiter-f%C3%BCr-telefonischen-kundendienst-m-w-d-at-gkk-gutachten-gmbh-4282224665
Senior Cloud Engineer im AI Lab (m/w/d),Zurich Insurance,"Cologne, North Rhine-Westphalia, Germany",LinkedIn,https://de.linkedin.com/jobs/view/senior-cloud-engineer-im-ai-lab-m-w-d-at-zurich-insurance-4284133885?position=40&pageNum=0&refId=2sAH8goO0ja7BwFKk0XL4g%3D%3D&trackingId=zEwV0ADm5dpZW7Ajv7fWUw%3D%3D,Not specified,2025-08-13 17:16:24.851459,2025-08-13,"Bist du bereit, mit dem Besten zu rechnen ? Bei Zurich leben wir Versicherung neu. Um die Wünsche unserer Kunden noch besser zu erfüllen, gehen wir neue Wege, denken kreativ, arbeiten agil. Unsere Unternehmenskultur schenkt dir in jeder Hinsicht mehr Flexibilität – und viel Freiraum, dich optimal zu entfalten. Think big – und gerne auch international! Denn deine Entwicklungsmöglichkeiten kennen bei uns keine Grenzen. Bereit, die Zukunft in die Hand zu nehmen? Du bewirbst dich für eine Position im AI Lab der Zurich Gruppe Deutschland. Das AI Lab ist Teil des Bereichs Data & AI, welcher die Daten und KI-Fähigkeiten der Zurich Gruppe Deutschland bündelt. Als Senior Cloud Engineer arbeitest du eng mit den Data Scientists und Data Engineers zusammen, um KI-Lösungen zu erstellen und den Betrieb sicherzustellen. Das erwartet dich Du entwickelst gemeinsam mit deinem Team moderne Cloud-Infrastrukturen für KI-Anwendungen und bringst sie erfolgreich in Produktion Mit deinem Know-how gestaltest du aktiv unsere KI-Plattform mit und wirkst an der Weiterentwicklung unserer Standards mit Über den gesamten Projektlebenszyklus hinweg begleitest du unsere KI-Lösungen – von der Idee bis zur Wartung im laufenden Betrieb Du arbeitest eng mit Data Scientists, Data Engineers sowie Fach- und IT-Bereichen zusammen, um reibungslose Abläufe zu gewährleisten Durch kontinuierliche Weiterbildung bringst du neue Cloud-Technologien ins Unternehmen und treibst deren Einsatz aktiv voran Das bringst du mit Lösungsorientierung, Teamfähigkeit, Eigeninitiative Studium in Informatik, Mathematik, Physik oder eine vergleichbare Qualifikation Mehrjährige Erfahrung in Cloud Engineering (Azure), Infrastructure as Code (bevorzugt Terraform), CI/CD (bevorzugt Github Actions) Programmierkenntnisse (Python), API-/Schnittstellenverständnis (REST) Kenntnisse in Azure Data Lake, Azure ML, Databricks von Vorteil Das bieten wir dir Flexible Arbeitsformen, um eine optimale Balance zwischen Arbeiten am Arbeitsplatz und von zu Hause auszugestalten Zahlreiche Trainings- und Lernangebote, um fit für den Arbeitsalltag zu bleiben und eine individuelle Weiterentwicklung zu ermöglichen Wir unterstützen dich bei deiner Karriereplanung von der Potenzialanalyse bis hin zur individuellen Förderung Eine moderne, offene und transparente Arbeitsumgebung, die Kreativität und teamübergreifende Zusammenarbeit fördert Ob Fitness in der Gruppe vor Ort oder virtuelles Achtsamkeitstraining von zu Hause: unser vielfältiges Gesundheitsangebot unterstützt eine gesunde Work-Life Balance Bikeleasing, vergünstigtes Deutschlandticket und weitere tolle Benefits Z usätzliche Informationen ZGD unterstützt in Abhängigkeit zur individuellen Stellenanforderung und der persönlichen Eignung grundsätzlich sowohl flexible als auch Teilzeit-Arbeitsformen. Wenn du Interesse an dieser Stelle hast und deine persönliche Situation nicht ganz mit dem angegebenen Pensum (Voll- und Teilzeit) zusammenpasst, wende dich gerne an uns (marisa.schell@zurich.com), um die potenziellen Möglichkeiten zu besprechen. Arbeitsort: Köln Teilzeit oder Vollzeit: Vollzeit Marisa Schell freut sich auf deine Bewerbungsunterlagen mit Angabe deiner Gehaltsvorstellungen und des möglichen Starttermins über das Karriereportal (“Jetzt Bewerben”-Button). Leider können wir Bewerbungen per E-Mail nicht berücksichtigen. Willkommen in deiner Zukunft 55.000 Kolleginnen und Kollegen in 215 Ländern und Gebieten. Gemeinsam auf dem Weg, Versicherung jeden Tag neu zu denken – und die Zukunft für alle zu gestalten. Willkommen in einer starken Gemeinschaft, in der du von Anfang an etwas bewegst. Gemeinsam entwickeln wir uns weiter! https://www.zurich.de/de-de/ueber-uns/ihre-karriere",de.linkedin.com/jobs/view/senior-cloud-engineer-im-ai-lab-m-w-d-at-zurich-insurance-4284133885
Senior Consultant Banking AI (all genders),adesso SE,"Cologne, North Rhine-Westphalia, Germany",LinkedIn,https://de.linkedin.com/jobs/view/senior-consultant-banking-ai-all-genders-at-adesso-se-3838547957?position=41&pageNum=0&refId=2sAH8goO0ja7BwFKk0XL4g%3D%3D&trackingId=38vnGGI%2BGs94vIIR7t8slg%3D%3D,Not specified,2025-08-13 17:16:24.851576,2025-08-13,"Wir gehören zu den Top-Adressen in der IT-Welt und fokussieren uns auf die Optimierung der Kerngeschäfts­prozesse unserer Kunden. Durch den smarten Einsatz maßgeschneiderter IT-Lösungen unterstützen wir unsere Kunden dabei, das Beste aus ihrem Business und aktuellen Technologien herauszuholen. Unseren Erfolg aber erreichen wir nur durch eins: die Menschen bei adesso! Sie bringen Ideen, fachliches Know how und Technologien zusammen. Gemeinsam programmieren wir (deine) Zukunft bei adesso. DEINE ROLLE Kundenprojekte: Du leitest oder begleitest bankfachliche Projekte mit Schwerpunkt Künstliche Intelligenz. Potenzialerkennung: Du identifizierst neue Geschäftschancen und initiierst passende Maßnahmen. Schnittstellenkoordination: Du stimmst dich eng mit Sales und Delivery ab und sorgst für einen reibungslosen Ablauf. Portfolioentwicklung: Du erweiterst unser Angebot mit innovativen KI-Anwendungsfällen. Bankfachliche Expertise: Du entwickelst Themen aus dem Aktiv-, Passiv- oder Provisionsgeschäft sowie der Regulatorik weiter – immer mit Blick auf KI-Nutzen. DEIN PROFIL Ausbildung: Du hast eine bankfachliche Ausbildung oder ein Studium mit Fokus auf Finanzinstitute abgeschlossen. Technologiebegeisterung: Du liebst neue Technologien und verstehst die Grundlagen von KI, besonders Generative KI. Projekterfahrung: Du bringst praktische Erfahrung als Business Consultant oder Business Analyst mit. Kommunikationsstärke: Du kommunizierst zielgruppengerecht und überzeugst durch eine offene und hilfsbereite Art. Sprachkenntnisse: Deine sehr guten Deutsch- und guten Englischkenntnisse ermöglichen dir eine sichere Kommunikation. Unser Versprechen: Du wirst dich bei uns wohlfühlen! Kollegial, familiär und auf Augenhöhe – wir leben Austausch, Teamgeist und einen respektvollen Umgang miteinander. Diversität und verschiedene Blickwinkel werden bei uns genauso geschätzt wie du als Mensch. Das und viel mehr steht für unser ganz besonderes Wir-Gefühl. Für das es sogar ein Wort gibt: adessi. Unsere Kultur und das Zusammenarbeiten sind geprägt von gegenseitiger Wertschätzung, Anerkennung und Unterstützung. Das verbindet uns hierarchieübergreifend – auch im Home-Office. So belegen wir zum wiederholten Mal den 1. Platz beim Wettbewerb „Deutschlands Beste Arbeitgeber in der ITK“!. Unser umfangreiches Trainingsangebot und ein transparentes Laufbahnstufenmodell für alle sorgen dafür, dass deine Entwicklung bei uns nicht stillsteht. Denn gemeinsam zu wachsen und Chancengeber zu sein, das ist programmiert in unserer DNA.",de.linkedin.com/jobs/view/senior-consultant-banking-ai-all-genders-at-adesso-se-3838547957
Teamleitung Administration & Zeitwirtschaft (m/w/d),Currenta,"Leverkusen, North Rhine-Westphalia, Germany",LinkedIn,https://de.linkedin.com/jobs/view/teamleitung-administration-zeitwirtschaft-m-w-d-at-currenta-4284090174?position=42&pageNum=0&refId=2sAH8goO0ja7BwFKk0XL4g%3D%3D&trackingId=yUd6iuh%2BmTd0uFEgsmHEvw%3D%3D,Not specified,2025-08-13 17:16:24.851693,2025-08-13,,de.linkedin.com/jobs/view/teamleitung-administration-zeitwirtschaft-m-w-d-at-currenta-4284090174
Mid-Level/Senior Rechtsanwältin/Rechtsanwalt (m/w/d) Venture Capital/M&A/Corporate,YPOG,"Cologne, North Rhine-Westphalia, Germany",LinkedIn,https://de.linkedin.com/jobs/view/mid-level-senior-rechtsanw%C3%A4ltin-rechtsanwalt-m-w-d-venture-capital-m-a-corporate-at-ypog-4283954523?position=43&pageNum=0&refId=2sAH8goO0ja7BwFKk0XL4g%3D%3D&trackingId=viqHzt7MqxwaOmAAnrRhzA%3D%3D,Not specified,2025-08-13 17:16:24.851810,2025-08-12,,de.linkedin.com/jobs/view/mid-level-senior-rechtsanw%C3%A4ltin-rechtsanwalt-m-w-d-venture-capital-m-a-corporate-at-ypog-4283954523
Legal Consultant / Volljurist (m/w/d) – Datenschutz,ISiCO • Datenschutz & Informationssicherheit,"Cologne, North Rhine-Westphalia, Germany",LinkedIn,https://de.linkedin.com/jobs/view/legal-consultant-volljurist-m-w-d-%E2%80%93-datenschutz-at-isico-%E2%80%A2-datenschutz-informationssicherheit-4283952705?position=44&pageNum=0&refId=2sAH8goO0ja7BwFKk0XL4g%3D%3D&trackingId=g8KMp3M6hv7HJP%2BFC8DeAw%3D%3D,Not specified,2025-08-13 17:16:24.851928,2025-08-12,,de.linkedin.com/jobs/view/legal-consultant-volljurist-m-w-d-%E2%80%93-datenschutz-at-isico-%E2%80%A2-datenschutz-informationssicherheit-4283952705
Senior Cloud Architect (Azure) (m/w/d),YPOG,"Cologne, North Rhine-Westphalia, Germany",LinkedIn,https://de.linkedin.com/jobs/view/senior-cloud-architect-azure-m-w-d-at-ypog-4283957310?position=46&pageNum=0&refId=2sAH8goO0ja7BwFKk0XL4g%3D%3D&trackingId=JVcBllTBJwMj1OLZSemung%3D%3D,Not specified,2025-08-13 17:16:24.852156,2025-08-12,,de.linkedin.com/jobs/view/senior-cloud-architect-azure-m-w-d-at-ypog-4283957310
Senior IT Architect (all genders) - BCG Platinion,BCG Platinion,"Cologne, North Rhine-Westphalia, Germany",LinkedIn,https://de.linkedin.com/jobs/view/senior-it-architect-all-genders-bcg-platinion-at-bcg-platinion-4062722504?position=48&pageNum=0&refId=2sAH8goO0ja7BwFKk0XL4g%3D%3D&trackingId=lkhpazpzJFn%2BEHg6AISKmg%3D%3D,Not specified,2025-08-13 17:16:24.852392,2025-08-13,,de.linkedin.com/jobs/view/senior-it-architect-all-genders-bcg-platinion-at-bcg-platinion-4062722504
"Legal Counsel, Commercial - EMEA",Teads,"Cologne, North Rhine-Westphalia, Germany",LinkedIn,https://de.linkedin.com/jobs/view/legal-counsel-commercial-emea-at-teads-4282237687?position=50&pageNum=0&refId=2sAH8goO0ja7BwFKk0XL4g%3D%3D&trackingId=18ZnJZ%2BuEN%2B7mCMuFDOeUA%3D%3D,Not specified,2025-08-13 17:16:24.852626,2025-08-13,,de.linkedin.com/jobs/view/legal-counsel-commercial-emea-at-teads-4282237687
Mid-Level/Senior Rechtsanwältin/Rechtsanwalt (m/w/d) Corporate,YPOG,"Cologne, North Rhine-Westphalia, Germany",LinkedIn,https://de.linkedin.com/jobs/view/mid-level-senior-rechtsanw%C3%A4ltin-rechtsanwalt-m-w-d-corporate-at-ypog-4283957312?position=51&pageNum=0&refId=2sAH8goO0ja7BwFKk0XL4g%3D%3D&trackingId=D5U%2FI9YtTVuSvwjXKMfLuA%3D%3D,Not specified,2025-08-13 17:16:24.852744,2025-08-12,,de.linkedin.com/jobs/view/mid-level-senior-rechtsanw%C3%A4ltin-rechtsanwalt-m-w-d-corporate-at-ypog-4283957312
Mid-Level/Senior Rechtsanwältin/Rechtsanwalt (m/w/d) Dispute Resolution,YPOG,"Cologne, North Rhine-Westphalia, Germany",LinkedIn,https://de.linkedin.com/jobs/view/mid-level-senior-rechtsanw%C3%A4ltin-rechtsanwalt-m-w-d-dispute-resolution-at-ypog-4283954511?position=52&pageNum=0&refId=2sAH8goO0ja7BwFKk0XL4g%3D%3D&trackingId=SIi7xkWuQD4LLqDuoWW%2FpQ%3D%3D,Not specified,2025-08-13 17:16:24.852860,2025-08-12,,de.linkedin.com/jobs/view/mid-level-senior-rechtsanw%C3%A4ltin-rechtsanwalt-m-w-d-dispute-resolution-at-ypog-4283954511
Vertriebsmitarbeiter,Instaffo,"Neuss, North Rhine-Westphalia, Germany",LinkedIn,https://de.linkedin.com/jobs/view/vertriebsmitarbeiter-at-instaffo-4202671473?position=56&pageNum=0&refId=2sAH8goO0ja7BwFKk0XL4g%3D%3D&trackingId=hRtoxwPON4mL2piHgms2Rg%3D%3D,Not specified,2025-08-13 17:16:24.853314,2025-08-12,,de.linkedin.com/jobs/view/vertriebsmitarbeiter-at-instaffo-4202671473
Software Engineer - Data Infrastructure - OpenSearch/ElasticSearch,Canonical,"Düsseldorf, North Rhine-Westphalia, Germany",LinkedIn,https://de.linkedin.com/jobs/view/software-engineer-data-infrastructure-opensearch-elasticsearch-at-canonical-4284016372?position=57&pageNum=0&refId=2sAH8goO0ja7BwFKk0XL4g%3D%3D&trackingId=IqRdE1HbcR79U5K8aM1DTg%3D%3D,Not specified,2025-08-13 17:16:24.853429,2025-08-13,,de.linkedin.com/jobs/view/software-engineer-data-infrastructure-opensearch-elasticsearch-at-canonical-4284016372
Senior Consultant Datenschutz / Data Governance (m/w/d),Grant Thornton Germany,"Düsseldorf, North Rhine-Westphalia, Germany",LinkedIn,https://de.linkedin.com/jobs/view/senior-consultant-datenschutz-data-governance-m-w-d-at-grant-thornton-germany-4267797642?position=59&pageNum=0&refId=2sAH8goO0ja7BwFKk0XL4g%3D%3D&trackingId=Ov3wV7yUoepPPLwTDwTgQA%3D%3D,Not specified,2025-08-13 17:16:24.853648,2025-08-13,,de.linkedin.com/jobs/view/senior-consultant-datenschutz-data-governance-m-w-d-at-grant-thornton-germany-4267797642
Senior Consultant Cloud Data Engineering / Databricks (m/w/d) in Düsseldorf,Deloitte,"Düsseldorf, North Rhine-Westphalia, Germany",LinkedIn,https://de.linkedin.com/jobs/view/senior-consultant-cloud-data-engineering-databricks-m-w-d-in-d%C3%BCsseldorf-at-deloitte-4233149100?position=60&pageNum=0&refId=2sAH8goO0ja7BwFKk0XL4g%3D%3D&trackingId=3wRFOXgt9tQaU1GXZiGcpQ%3D%3D,Not specified,2025-08-13 17:16:24.853758,2025-08-13,,de.linkedin.com/jobs/view/senior-consultant-cloud-data-engineering-databricks-m-w-d-in-d%C3%BCsseldorf-at-deloitte-4233149100
Softwareentwickler für automatisierte mobile Arbeitsmaschinen (w/m/div.),TieTalent,"Neu Ulm, Bavaria, Germany",LinkedIn,https://de.linkedin.com/jobs/view/softwareentwickler-f%C3%BCr-automatisierte-mobile-arbeitsmaschinen-w-m-div-at-tietalent-4283824073?position=7&pageNum=0&refId=qXcrCD%2FaPQlmqwPY1%2FtDhg%3D%3D&trackingId=PkF8EOsfqRqFf45DY2sXcA%3D%3D,Not specified,2025-08-13 17:17:01.693538,2025-08-12,"Wirtschaftlich, präzise, sicher und energieeffizient: Antriebs- und Steuerungstechnik von Bosch Rexroth bewegt Maschinen und Anlagen jeder Größenordnung. Unter der Marke Rexroth entstehen innovative Komponenten, maßgeschneiderte Systemlösungen und Dienstleistungen für mobile Anwendungen, Anlagenbau und Engineering sowie Fabrikautomation. Die Bosch Rexroth AG freut sich auf Ihre Bewerbung! Anstellungsart: Unbefristet Arbeitszeit: Vollzeit Arbeitsort: Elchingen Als Softwareentwickler für automatisierte mobile Arbeitsmaschinen (w/m/div.) arbeitest du in einem agilen Entwicklungsteam mit. Dabei verantwortest du die Konzeption und Entwicklung von Softwarelösungen für die (Teil-)Automatisierung und Umfeldsensierung von mobilen Arbeitsmaschinen. Dabei verwendest du Radar-, Ultraschall- und Kameratechnologien. Im Rahmen deiner Tätigkeit leitest du die Anforderungen an unsere System- und Softwarekomponenten ab und spezifizierst diese. Darüber hinaus bist du für die Softwareentwicklung und modellbasierte Funktionsentwicklung in Matlab/Simulink zuständig. Außerdem übernimmst du die Entwicklung und Validierung von Simulationsmodellen und führst simulative Tests durch. Du unterstützt bei der Serienumsetzung der Software nach dem V-Modell. Zudem bist du für die Dokumentation der Entwicklungsergebnisse verantwortlich. Die Durchführung von Komponenten Integrationen sowie Modul-, Integrations- und Systemtests am Erprobungsträger gehören zu ebenfalls zu deinem Verantwortungsbereich. Ausbildung: abgeschlossenes Studium der Automatisierungstechnik, Softwaretechnik, Informatik, Mechatronik, Kybernetik oder eines vergleichbaren Studiengangs Erfahrungen und Know-how: fundierte Kenntnisse in der C/C++ Programmierung, Verständnis von Hardware-Architekturen, Erfahrung in der Embedded Softwareentwicklung und deren Besonderheiten (Echtzeitbetriebssysteme, Ressourcenmanagement, hardwarenahe Programmierung), I/O und Bussystemen (z.B. CAN, J1939, IS0 15143, ...), Kenntnisse im Bereich der Umfeldsensorik (Radar, Ultraschall, Kamera), Erfahrung in der modellbasierten Softwareentwicklung mit Matlab/Simulink wünschenswert, Grundkenntnisse in der Regelungstechnik Qualifikation: erste Erfahrung mit Sensordatenfusion und Bildverarbeitung, erste Kenntnisse in KI und Maschinellem Lernen für autonome Systeme Persönlichkeit und Arbeitsweise: selbständiges Arbeiten in agilen Purpose Teams, ausgeprägter Teamgedanke sowie Kommunikationsstärke Sprachen: gutes Deutsch und Englisch Work-Life-Balance: Flexibles Arbeiten hinsichtlich Zeit, Ort und Arbeitsmodell. Gesundheit und Sport: Breites Angebot an Gesundheits- und Sportaktivitaeten. Kinderbetreuung: Vermittlungsservice fuer Kinderbetreuungsangebote. Mitarbeiterrabatte: Verguenstigungen fuer Mitarbeiter. Freiraum fuer Kreativitaet: Freiraeume fuer kreatives Arbeiten. Betriebliche Sozialberatung und Pflege: Sozialberatung und Vermittlungsservice fuer Pflegedienstleistungen. Die zukuenftige Personalabteilung oder der Fachbereich informiert gerne ueber den individuellen Leistungskatalog. TITL1_DE",de.linkedin.com/jobs/view/softwareentwickler-f%C3%BCr-automatisierte-mobile-arbeitsmaschinen-w-m-div-at-tietalent-4283824073
Mandatsleiter/in Steuern & Treuhand - 80-100%,aptax Steuern - Treuhand,"Frauenfeld, Thurgau, Switzerland",LinkedIn,https://ch.linkedin.com/jobs/view/mandatsleiter-in-steuern-treuhand-80-100%25-at-aptax-steuern-treuhand-4281712150?position=8&pageNum=0&refId=HKne2v1hbfpgADvQFU4GVA%3D%3D&trackingId=zWuXjTX%2Fo8GukPtZ3OzA2Q%3D%3D,Not specified,2025-08-13 17:17:16.952632,2025-08-12,"Die Firma aptax ist ein innovatives und digitales Treuhandunternehmen mit Sitz in Frauenfeld. Wir bieten unseren Kundinnen und Kunden umfassende Dienstleistungen im Bereich Steuern / Treuhand, mit besonderer Spezialisierung auf die Erstellung von Steuererklärungen für natürliche Personen. Dabei setzen wir auf moderne Technologien, KI-gestützte Prozesse und das Ziel, bis 2026 vollständig papierlos zu arbeiten. Arbeitsplatz: Vor Ort / Home-Office / Hybrid Büro: Frauenfeld (Thurgau), Schweiz Sprache: Deutsch, Englisch von Vorteil Pensum: 80-100% Start: nach Vereinbarung Aufgaben Selbständige Betreuung von Treuhand-Mandaten mit Fokus auf Privatpersonen Erstellung von Steuererklärungen NP im interkantonalen Umfeld (Thurgau, Zürich, St. Gallen, Schaffhausen) Beratung von Kundinnen und Kunden zu steuerlichen und finanziellen Fragestellungen Fristverlängerungen, Rückfragen und Korrespondenz mit Steuerämtern Analyse und Verarbeitung von Kundenunterlagen im Rahmen der Mandatsführung Identifikation steuerlich relevanter Sachverhalte und Anwendung geltender Abzüge Telefonische und persönliche Kundenbetreuung mit hoher Eigenverantwortung Qualifikation Abgeschlossene kaufmännische Ausbildung (z. B. KV, HWD o. ä.) Mehrjährige Berufserfahrung im Bereich Treuhand (zwingend) Gute Kenntnisse im Steuerrecht der Kantone TG, ZH, SG und SH Sehr gute Deutschkenntnisse, Englisch von Vorteil Ausgeprägte digitale Affinität und sicherer Umgang mit digitalen Tools Strukturierte, exakte und selbstständige Arbeitsweise Hohes Verantwortungsbewusstsein und Freude an der Kundenbetreuung Benefits Moderner Arbeitsplatz in einem vollständig digitalisierten Umfeld Einsatz zeitgemässer Tools (z. B. Bexio, VOIP-Telefonie, AI-Anwendungen) Möglichkeit zur Spezialisierung auf Steuerberatung für Privatpersonen Vielseitige Mandate und verantwortungsvolle Tätigkeiten Flexibles Arbeiten und Home-Office möglich Wenn Sie Freude an treuhänderischer Arbeit haben, gerne selbstständig arbeiten und sich für moderne, digitale Prozesse begeistern, freuen wir uns auf Ihre Bewerbung! Werden Sie Teil von aptax und gestalten Sie die Zukunft der Treuhandbranche mit uns.",ch.linkedin.com/jobs/view/mandatsleiter-in-steuern-treuhand-80-100%25-at-aptax-steuern-treuhand-4281712150
Leiter:in IT-Infrastruktur & IT-Sicherheit (m/w/d),Rocken®,"St Gallen, St Gallen, Switzerland",LinkedIn,https://ch.linkedin.com/jobs/view/leiter-in-it-infrastruktur-it-sicherheit-m-w-d-at-rocken%C2%AE-4283812095?position=9&pageNum=0&refId=HKne2v1hbfpgADvQFU4GVA%3D%3D&trackingId=%2FcN5G0%2FiNbEsrJpIqVj18Q%3D%3D,Not specified,2025-08-13 17:17:16.952761,2025-08-12,"Unser Rocken Partner ist ein Unternehmen, welches sich durch innovative Technologien dem Umweltschutz widmet. Als internationales Unternehmen versuchen sie, die Nachhaltigkeit voranzutreiben und somit einen gesellschaftlichen Mehrwert für alle Menschen weltweit zu schaffen. Verantwortung Verantwortung für IT-Infrastruktur & Sicherheit Weiterentwicklung von Systemen & Prozessen Analyse & Behebung von Sicherheitsvorfällen Zusammenarbeit mit internen Teams & Dienstleistern Beratung der Geschäftsleitung zu IT-Themen Qualifikationen IT-Ausbildung mit Weiterbildung Erfahrung in Infrastruktur & Security Kenntnisse in Netzwerk, Windows, Cloud Vorteil: Erfahrung mit KI & Automatisierung Deutsch & Englisch Benefits Gute Verkehrsanbindung und Erreichbarkeit Markt- und leistungsgerechte Löhne Attraktive Weiterbildungs- und Entwicklungsmöglichkeiten Komfortables Büro mit moderner Infrastruktur Offene Unternehmenskultur Interessante und abwechslungsreiche Tätigkeiten/Projekte Eingespieltes und dynamisches Team Flache Hierarchien ROCKEN Jobs https://rocken.jobs Profil Erstellen https://rocken.jobs/application/profil-erstellen/ new",ch.linkedin.com/jobs/view/leiter-in-it-infrastruktur-it-sicherheit-m-w-d-at-rocken%C2%AE-4283812095
COO (m/w/d) - Digitale Transformation & Exzellenz 80-100% - Michael Page - Switzerland,Jobs via eFinancialCareers,"Zurich, Zurich, Switzerland",LinkedIn,https://ch.linkedin.com/jobs/view/coo-m-w-d-digitale-transformation-exzellenz-80-100%25-michael-page-switzerland-at-jobs-via-efinancialcareers-4284432426?position=21&pageNum=0&refId=j2K1HJQuVJblR%2BHQ0nXhBg%3D%3D&trackingId=0Xw%2FRBqX04HvgDO8ysYKEw%3D%3D,Not specified,2025-08-13 17:17:34.168451,2025-08-13,"About Our Client Unser Mandant ist ein etabliertes und zugleich stark wachsendes Unternehmen im Bereich Treuhand, Steuerberatung und Wirtschaftsprüfung mit Sitz im Raum Zürich/Winterthur. Als innovativer Akteur der Branche treibt das Unternehmen aktiv die Digitalisierung und Automatisierung seiner Dienstleistungen voran - unter anderem durch den gezielten Einsatz von KI-gestützten Lösungen. Job Description Gesamtverantwortung für das operative Geschäft in den Bereichen Treuhand, Steuerberatung, Lohnwesen und Wirtschaftsprüfung Optimierung und Skalierung von Prozessen mit Fokus auf Qualität, Effizienz und Kundenorientierung Implementierung neuer Technologien und AI-Lösungen zur Prozessautomatisierung und Effizienzsteigerung - in enger Zusammenarbeit mit dem CEO und den Fachbereichen Führung und Aufbau von operativen Teams, insbesondere im Treuhand- und Revisionsbereich Qualitätsmanagement und interne Prozessverantwortung Mitwirkung an strategischen Entscheidungen als Sparringspartner des CEO Betreuung von Schlüsselkunden und Sicherstellung eines hohen Dienstleistungsniveaus The Successful Applicant Abgeschlossenes Studium in Betriebswirtschaft, Finance, Accounting oder vergleichbare Qualifikation Weiterbildung im Bereich Treuhand oder Wirtschaftsprüfung (z. B. dipl. Treuhandexperte oder dipl. Wirtschaftsprüfer/in) Zulassung als Revisor/in bei der RAB von Vorteil Mehrjährige Berufserfahrung in einer vergleichbaren Rolle oder im Umfeld eines führenden Beratungsunternehmens (idealerweise Big Four) Ausgeprägte Technologieaffinität und Erfahrung im Umgang mit digitalen Tools und automatisierten Workflows Fähigkeit, skalierbare operative Strukturen aufzubauen und weiterzuentwickeln Starke kommunikative Fähigkeiten sowie Durchsetzungsvermögen auf allen Hierarchieebenen Fliessende Deutsch- und Englischkenntnisse; jede weitere Landessprache von Vorteil What's On Offer Schlüsselrolle in einem stark wachsenden und technologieorientierten Unternehmen mit Innovationsanspruch Flache Hierarchien und unternehmerischer Handlungsspielraum Möglichkeit zur finanziellen Beteiligung am Unternehmen Zeitgemässe Arbeitsbedingungen inkl. Homeoffice-Option, 5 Wochen Ferien sowie attraktive Lohn- und Weiterbildungsmodelle Moderne Arbeitsumgebung mit neuester Technologie",ch.linkedin.com/jobs/view/coo-m-w-d-digitale-transformation-exzellenz-80-100%25-michael-page-switzerland-at-jobs-via-efinancialcareers-4284432426
Staff Incubation Engineer,Snyk,"Zurich, Zurich, Switzerland",LinkedIn,https://ch.linkedin.com/jobs/view/staff-incubation-engineer-at-snyk-4284097659?position=22&pageNum=0&refId=j2K1HJQuVJblR%2BHQ0nXhBg%3D%3D&trackingId=DtHgzzyDPfK7Ct%2BlXrRGuw%3D%3D,Not specified,2025-08-13 17:17:34.168567,2025-08-13,"Snyk is the leader in secure AI software development, helping millions of developers develop fast and stay secure as AI transforms how software is built. Our AI-native Developer Security Platform integrates seamlessly into development and security workflows, making it easy to find, fix, and prevent vulnerabilities — from code and dependencies to containers and cloud. Our mission is to empower every developer to innovate securely in the AI era — boosting productivity while reducing business risk. We’re not your average security company - we build Snyk on One Team, Care Deeply, Customer Centric, and Forward Thinking. It’s how we stay driven, supportive, and always one step ahead as AI reshapes our world. Why this role? Snyk’s Incubation Accelerator is seeking a staff-level software engineer to join our innovative team, building transformative products from the ground up. This is a unique opportunity to operate with the agility of a startup, while leveraging Snyk’s extensive infrastructure, customer reach, and industry insights. As a Staff Incubation Engineer, you will be at the forefront of technical innovation, tackling complex engineering challenges to develop a new product. This role demands full-stack development expertise, a strong grasp of system architecture for AI applications, and end-to-end ownership of the product lifecycle—from rapid prototyping to large-scale deployment. You will operate in a lean, agile environment, iterating rapidly on solutions to achieve product-market fit. What You’ll Do Full-Stack Product Development: Design, develop, and implement scalable, high-performance software solutions from scratch, covering both frontend and backend components. System Architecture & Design: Architect flexible, scalable, and secure systems, ensuring robust, maintainable, and high-quality codebases. Rapid Prototyping & Iteration: Build rapid prototypes to validate ideas, iterate on feedback, and pivot quickly to achieve the best product-market fit. AI Agent Development: Design, develop, and deploy intelligent AI agents and autonomous systems, focusing on their integration into new product offerings. Performance Optimization: Analyze and optimize system performance, ensuring high availability, low latency, and efficient resource utilization. Cloud-Native Deployment: Design and deploy cloud-native applications leveraging modern infrastructure, including containerization and microservices architecture. Agile Development & CI/CD: Operate within a lean, agile environment, utilizing continuous integration and delivery pipelines to accelerate development cycles. Cross-Functional Collaboration: Collaborate with product managers, designers, and other engineering teams to ensure cohesive product development and alignment with business goals. Technical Leadership & Mentorship: Foster a culture of high ownership, creativity, and technical excellence. What You Bring Proven track record in building and deploying scalable software, demonstrating autonomy and driving complex initiatives to impactful business outcomes. Deep expertise in AI/ML systems, experience deploying intelligent agents using agentic or multi-agent architectures, with foresight for future needs and strategic alignment. Strong proficiency in modern programming languages (e.g., Python, Golang, NodeJS) and frameworks, applying them to innovative products. Experience with agile and CI/CD, with autonomy to streamline processes for efficient delivery in a fast-paced environment. Passion for fostering high ownership, strategic thinking, and continuous learning, inspiring collaboration in a startup-like setting. It’d Be Awesome If You Also… Are genuinely excited by the prospect of working on early-stage products, engaging directly with customers to rapidly identify, prioritize, and iteratively solve problems to build truly beloved solutions. Thrive in the face of complex, ambiguous technical challenges, consistently finding innovative solutions where others might see roadblocks, and embracing the iterative nature of startup development. We care deeply about the warm, inclusive environment we’ve created and we value diversity – we welcome applications from those typically underrepresented in tech. If you like the sound of this role but are not totally sure whether you’re the right person, do apply anyway! About Snyk Snyk is committed to creating an inclusive and engaging environment where our employees can thrive as we rally behind our common mission to make the digital world a safer place. From Snyk employee resource groups, to global benefits that help our employees prioritize their health, wellness, financial security, and a work/life blend, we aim to support our employees along their entire journeys here at Snyk. Benefits & Programs Prioritize health, wellness, financial security, and life balance with programs tailored to your location and role. Flexible working hours, work-from home allowances, in-office perks, and time off for learning and self development Generous vacation and wellness time off, country-specific holidays, and 100% paid parental leave for all caregivers Health benefits, employee assistance plans, and annual wellness allowance Country-specific life insurance, disability benefits, and retirement/pension programs, plus mobile phone and education allowances",ch.linkedin.com/jobs/view/staff-incubation-engineer-at-snyk-4284097659
Senior Software Architect - Deep Learning and HPC Communications,NVIDIA,"Zurich, Zurich, Switzerland",LinkedIn,https://ch.linkedin.com/jobs/view/senior-software-architect-deep-learning-and-hpc-communications-at-nvidia-4284052401?position=24&pageNum=0&refId=j2K1HJQuVJblR%2BHQ0nXhBg%3D%3D&trackingId=ceyBDQ6wVKQ92mbsbXx7Cw%3D%3D,Not specified,2025-08-13 17:17:34.168801,2025-08-13,"NVIDIA is leading groundbreaking developments in Artificial Intelligence, High Performance Computing and Visualization. The GPU -- our invention -- serves as the visual cortex of modern computers and is at the heart of our products and services. Our work opens up new universes to explore, enables groundbreaking creativity and discovery, and powers inventions that were once considered science fiction, including artificial intelligence to autonomous cars. What We Are Seeking Come work for the team that brought to you NCCL, NVSHMEM & GPUDirect. Our GPU communication libraries are crucial for scaling Deep Learning and HPC applications! We're seeking a Senior Software Architect to help co-design next-gen data center platforms and scalable communications software. DL and HPC applications have a huge compute demands and already run at scales of up to tens of thousands of GPUs. GPUs are connected with high-speed interconnects (e.g. NVLink, PCIe) within a node and with high-speed networking (e.g. InfiniBand, Ethernet) across nodes. Efficient and fast communication between GPUs directly impacts end-to-end application performance. This impact continues to grow with the increasing scale of next generation systems. This is an outstanding opportunity to advance the state-of-the-art, break performance barriers, and deliver platforms the world has never seen before. Are you ready to build the new and innovative technologies that will help realize NVIDIA's vision? What You Will Be Doing Investigate opportunities to improve communication performance by identifying bottlenecks in today's systems. Design and implement new communication technologies to accelerate AI and HPC workloads. Explore innovative solutions in HW and SW for our next generation platforms as part of co-design efforts involving GPU, Networking, and SW architects. Build proofs-of-concept, conduct experiments, and perform quantitive modeling to evaluate and drive new innovations. Use simulation to explore performance of large GPU clusters (think scales of 100s of 1000s of GPUs) What We Need To See M.S./Ph.D. degree in CS/CE or equivalent experience. 5+ years of relevant experience. Excellent C/C++ programming and debugging skills. Experience with parallel programming models (MPI, SHMEM) and at least one communication runtime (MPI, NCCL, NVSHMEM, OpenSHMEM, UCX, UCC). Deep understanding of operating systems, computer and system architecture. Solid in fundamentals of network architecture, topology, algorithms, and communication scaling relevant to AI and HPC workloads. Strong experience with Linux. Ability and flexibility to work and communicate effectively in a multi-national, multi-time-zone corporate environment. Ways To Stand Out From The Crowd Expertise in related technology and passion for what you do. Experience with CUDA programming and NVIDIA GPUs. Knowledge of high-performance networks like InfiniBand, RoCE, NVLink, etc. Experience with Deep Learning Frameworks such PyTorch, TensorFlow, etc. Knowledge of deep learning parallelisms and mapping to the communication subsystem. Experience with HPC applications. Strong collaborative and interpersonal skills and a proven track record of effectively guiding and influencing within a dynamic and multi-functional environment. NVIDIA is at the forefront of breakthroughs in Artificial Intelligence, High-Performance Computing, and Visualization. Our teams are composed of driven, innovative professionals dedicated to pushing the boundaries of technology. We offer highly competitive salaries, an extensive benefits package, and a work environment that promotes diversity, inclusion, and flexibility. As an equal opportunity employer, we are committed to fostering a supportive and empowering workplace for all. JR1997937",ch.linkedin.com/jobs/view/senior-software-architect-deep-learning-and-hpc-communications-at-nvidia-4284052401
"Software Engineer III, Body Modeling and Generative Animation",Google,"Zurich, Zurich, Switzerland",LinkedIn,https://ch.linkedin.com/jobs/view/software-engineer-iii-body-modeling-and-generative-animation-at-google-4283807530?position=28&pageNum=0&refId=j2K1HJQuVJblR%2BHQ0nXhBg%3D%3D&trackingId=PclgRqBwEgE840i8x6Rs0A%3D%3D,Not specified,2025-08-13 17:17:34.169271,2025-08-12,,ch.linkedin.com/jobs/view/software-engineer-iii-body-modeling-and-generative-animation-at-google-4283807530
"Marketingallrounder mit Grafik-Skills, 50-70% (w/m/d)",Swiss Life,"Zug, Zug, Switzerland",LinkedIn,https://ch.linkedin.com/jobs/view/marketingallrounder-mit-grafik-skills-50-70%25-w-m-d-at-swiss-life-4284122308?position=31&pageNum=0&refId=j2K1HJQuVJblR%2BHQ0nXhBg%3D%3D&trackingId=cpXSx%2FNnH6VWXitHH6i9Ww%3D%3D,Not specified,2025-08-13 17:17:34.169620,2025-08-13,,ch.linkedin.com/jobs/view/marketingallrounder-mit-grafik-skills-50-70%25-w-m-d-at-swiss-life-4284122308
Senior Consultant - Assurance - Technology Risk,EY,"Zurich, Zurich, Switzerland",LinkedIn,https://ch.linkedin.com/jobs/view/senior-consultant-assurance-technology-risk-at-ey-4283557963?position=47&pageNum=0&refId=j2K1HJQuVJblR%2BHQ0nXhBg%3D%3D&trackingId=IF%2F9WUd%2FTLJpXXPmT%2F8XJQ%3D%3D,Not specified,2025-08-13 17:17:34.171504,2025-08-12,,ch.linkedin.com/jobs/view/senior-consultant-assurance-technology-risk-at-ey-4283557963
Servicetechniker Aargau / ML (m/w/d),Rocken®,"Aargau, Switzerland",LinkedIn,https://ch.linkedin.com/jobs/view/servicetechniker-aargau-ml-m-w-d-at-rocken%C2%AE-4283804691?position=52&pageNum=0&refId=j2K1HJQuVJblR%2BHQ0nXhBg%3D%3D&trackingId=SFKdvTW%2BXlD8Howm7GCfzA%3D%3D,Not specified,2025-08-13 17:17:34.172082,2025-08-12,,ch.linkedin.com/jobs/view/servicetechniker-aargau-ml-m-w-d-at-rocken%C2%AE-4283804691
Teamleitung Treuhand (m/w/d) 80-100% - Michael Page - Switzerland,Jobs via eFinancialCareers,"Lucerne, Lucerne, Switzerland",LinkedIn,https://ch.linkedin.com/jobs/view/teamleitung-treuhand-m-w-d-80-100%25-michael-page-switzerland-at-jobs-via-efinancialcareers-4284435114?position=55&pageNum=0&refId=j2K1HJQuVJblR%2BHQ0nXhBg%3D%3D&trackingId=lf8b0FGMEbByaKQtXHQYiw%3D%3D,Not specified,2025-08-13 17:17:34.172415,2025-08-13,,ch.linkedin.com/jobs/view/teamleitung-treuhand-m-w-d-80-100%25-michael-page-switzerland-at-jobs-via-efinancialcareers-4284435114
AI Language Model Evaluator (Croatian),web pages and layouts,"Essen, North Rhine-Westphalia, Germany",LinkedIn,https://de.linkedin.com/jobs/view/ai-language-model-evaluator-croatian-at-web-pages-and-layouts-4281774474?position=19&pageNum=0&refId=lERFwd8ieobmLcvQK67KNQ%3D%3D&trackingId=%2Bt9fyuoE1bwChkD3Ub%2FhxQ%3D%3D,Not specified,2025-08-13 17:18:12.062974,2025-08-13,"On-site | Full-time | Essen, North Rhine-Westphalia, Germany 2,800 EUR gross/month + up to 5,000 EUR gross Welcome Bonus Relocation package included About The Role Are you passionate about language, creativity, and the future of AI technology? We are looking for an AI Language Model Evaluatorto join our innovative, multicultural team in Essen. In this role, you will contribute to shaping the next generation of AI-powered conversational tools by crafting, testing, and evaluating prompts that help improve humanAI interactions. This is your chance to be part of cutting-edge AI development , work alongside top international talent, and enjoy an inspiring work environment right in the heart of Essen. You'll be doing Create, research, and refine short-form written prompts in Croatian that meet factual, stylistic, and creative guidelines. Develop engaging conversation flows that ensure logical, natural, and user-friendly AI interactions. Review and assess AI-generated responses for accuracy, tone, and alignment with brand voice. Collaborate on speech system improvements, including dialogues on diverse and occasionally sensitive topics. Ensure content quality by verifying facts, following style rules, and adapting tone to the target audience. Contribute fresh ideas for making AI communication smarter, more human, and more effective. What's In It For You Salary : 2,800 EUR gross/month Generous Welcome Bonus : 5,000 EUR gross (paid in 3rd & 6th month) Relocation Support : 2 months' accommodation upon arrival Travel reimbursement up to 250 EUR Modern Office in Essen City Center with on-site canteen & fitness center Positive International Environment : Multicultural team with career growth opportunities Fun Floor : Nintendo Switch, table tennis, and more Wellness Perks : Yoga, guided meditation, leisure areas Healthy Extras : Fresh fruit deliveries, free drinks, and relaxation zones Career Development : Advanced job opportunities within the company What You Bring Bachelor's degree (any discipline) Native-level Croatian (C2) and advanced English (C1) Eligibility to work in Germany (EU passport or valid residence/work permit) Strong communication, creativity, and critical thinking skills The Selection Process 1️ Application validation 2️ Personality test 3️ English proficiency test 4️ Croatian language test 5️ 30-min interview with recruiter 6️ 20-min interview with wellness specialist How To Apply If you're ready to bring your language expertise and creativity to the world of AI, send your CV today. Apply today and help shape the conversations of tomorrow!",de.linkedin.com/jobs/view/ai-language-model-evaluator-croatian-at-web-pages-and-layouts-4281774474
Abschlussarbeit bei E-T-A - Smart Factory / Industrial Internet of Things (IIoT) Umfeld bei E-T-A,E-T-A Elektrotechnische Apparate GmbH,"Altdorf, Bavaria, Germany",LinkedIn,https://de.linkedin.com/jobs/view/abschlussarbeit-bei-e-t-a-smart-factory-industrial-internet-of-things-iiot-umfeld-bei-e-t-a-at-e-t-a-elektrotechnische-apparate-gmbh-4283917975?position=1&pageNum=0&refId=4Rnq8nrDHllS%2FPBEA%2FLwBg%3D%3D&trackingId=7PQyvWWNbKhlFIJj0%2FAGGw%3D%3D,Not specified,2025-08-13 17:18:56.999961,2025-08-12,"Ihre Abschlussarbeit bei E-T-A Thema: Smart Factory / Industrial Internet of Things (IIoT) Umfeld bei E-T-A Ihre Abschlussarbeit ist uns wichtig! Bei E-T-A werden Sie umfassend betreut. Ihre Ansprechpersonen aus der Fachabteilung Produktionsprozesse & Technologien begleiten Sie in allen Phasen Ihres Projektes. Altdorf liegt verkehrsgünstig an den Autobahnen A3 und A6 und hat eine direkte S-Bahn-Anbindung. ** IHRE AUFGABEN BEI UNS Konzepterstellung für Anbindung neuer Produktionsanlagen mit Hilfe vorhandener IIoT-Integratoren an die IIoT-Plattform Transformation und Aggregation von Maschinendaten Analyse typischer Produktionsdaten und Datenquellen Entwicklung von Dashboards Erarbeitung von Machine Learning und AI Use-Cases DAS BRINGEN SIE MIT Gesucht werden Studierende der Fachrichtung Informatik, Data Engineering, Wirtschaftsinformatik, Elektrotechnik oder vergleichbar Selbstständige und flexible Arbeitsweise Aufgeschlossenheit, sich in neue Themen einzuarbeiten Kommunikations- und Teamfähigkeit SQL und relationale Datenbanken Erfahrungen in Python und C# Erfahrungen mit Machine Learning und PySpark DARAUF KÖNNEN SIE SICH FREUEN Betreuung durch ein erfahrenes Data/Platform Engineering Team Herausfordernde und interessante Aufgaben Eigenverantwortliches und flexibles Arbeiten Angenehme Arbeitsatmosphäre Attraktive Vergütung Praktischer Einblick in moderne industrielle Dateninfrastrukturen Möglichkeit zur Gestaltung realer Use Cases im Bereich Industrie 4.0 / Smart Factory Weitere interessante Informationen zu unseren Mitarbeitendenleistungen finden Sie hier Es haben sich Fragen zu dieser Stelle ergeben? Wenden Sie sich jederzeit an Ihre Ansprechpartnerin aus der Personalabteilung: Anja Seuß, Tel. +49 9187/ 10-211",de.linkedin.com/jobs/view/abschlussarbeit-bei-e-t-a-smart-factory-industrial-internet-of-things-iiot-umfeld-bei-e-t-a-at-e-t-a-elektrotechnische-apparate-gmbh-4283917975
Produkt- und Projektmanager Digital (m/w/d),DIGITALKONTOR,"Fürth, Bavaria, Germany",LinkedIn,https://de.linkedin.com/jobs/view/produkt-und-projektmanager-digital-m-w-d-at-digitalkontor-4284406478?position=2&pageNum=0&refId=QOnsaSjerxKbZ6tynj8wzQ%3D%3D&trackingId=wd%2FpB2iUIVhWVXDmvt9D%2FQ%3D%3D,Not specified,2025-08-13 17:19:29.151586,2025-08-13,"DIGITALKONTOR ist ein Unternehmen der digitalen Markenkommunikation. Wir gestalten ""Brand Experiences"". Die Anwendungen reichen von Apps, über Digital Signage und interaktiven POS-Lösungen bis hin zu integrierten Marken- und Kommunikationskampagnen. Zusammen mit PROJEKTKONTOR bilden wir eine synergetische Verbindung von physischen und digitalen POS-Lösungen. Wir bieten alle Services, die dem ganzheitlichen Erlebnis von Marken und Produkten dienen. Unsere Kernthemen entlang der Customer´s Journey sind: Digital Signage und interaktive Anwendungen am POS Webbasierte Software (Frontend- und Backendsysteme) Augmented und Virtual Reality Kundenspezifische Apps für POS-Services und Produktpräsentationen Für unser Unternehmen in Fürth bieten wir an: Produkt- und Projektmanager Digital (m/w/d) Deine Aufgaben Als Produkt- und Projektmanager Digital bist du zentraler Ansprechpartner*in für unsere namhaften Kunden – vom Erstkontakt über die strategische Beratung bis zur erfolgreichen Umsetzung digitaler Marken- und Nutzererlebnisse. Du koordinierst interne Teams und externe Partner, bringst deine Leidenschaft für digitale Produkte ein und treibst unser Digitalgeschäft aktiv voran. Konkret heißt das: Strategische Beratung und Entwicklung digitaler Markenkonzepte und Nutzererlebnisse (UX) Planung, Angebotserstellung und Steuerung digitaler Projekte (Web, App, Kampagnen etc.) Koordination des gesamten Projektverlaufs – von Briefing, Konzeption, Kreation bis hin zur Produktion und Qualitätssicherung Zusammenarbeit mit Entwicklungspartnern und internen Teams (Design, Development, Content, etc.) Präsentation von Konzepten und Ergebnissen – intern und beim Kunden, auch im Pitch-Kontext Identifikation und proaktive Ansprache potenzieller Neukunden (Business Development) Dein Profil Erfahrung im digitalen Projekt- oder Produktmanagement, Agentur, Tech-/Startup-Umfeld Sicher im Umgang mit digitalen Plattformen, Technologien und aktuellen Trends (z. B. KI, CMS, Web-Standards, agile Methoden) Strukturierte, prozessorientierte Arbeitsweise mit ausgeprägtem Organisationstalent Du sprichst sowohl die Sprache der Kunden als auch die der Entwickler – technische Anforderungen kannst du verstehen und übersetzen Unternehmerisches Denken, Hands-on-Mentalität und Eigenverantwortung zeichnen dich aus Kommunikationsstärke und Teamfähigkeit gepaart mit der Fähigkeit, Projekte eigenständig zu steuern Sehr gute Deutsch- und Englischkenntnisse in Wort und Schrift Was wir bieten Abwechslungsreiche Projekte mit spannenden Kunden und echten digitalen Herausforderungen Viel Raum für Eigenverantwortung, Kreativität und Weiterentwicklung Interdisziplinäre Teams mit flachen Hierarchien und kurzen Entscheidungswegen Aktive Förderung von Weiterbildung (z. B. KI, UX, Agilität, Leadership) Ein modernes Arbeitsumfeld mit flexiblen Arbeitszeiten und Mobile-Work-Möglichkeiten Regelmäßige Team-Events, inspirierende Formate und eine offene Unternehmenskultur Bereit für den nächsten Schritt? Dann freuen wir uns auf deine Bewerbung inkl. Gehaltsvorstellung und frühestmöglichem Eintrittstermin an: sk@mw-digitalkontor.de MW Digitalkontor GmbH - Rennweg 54, 90768 Fürth - Tel. 0911 923004820 - www.mw-digitalkontor.de",de.linkedin.com/jobs/view/produkt-und-projektmanager-digital-m-w-d-at-digitalkontor-4284406478
Prozessmanager (m/w/d),WERTGARANTIE Group,"Hannover, Lower Saxony, Germany",LinkedIn,https://de.linkedin.com/jobs/view/prozessmanager-m-w-d-at-wertgarantie-group-4267180965?position=5&pageNum=0&refId=VopdPcu690yQKd%2BWpHrknA%3D%3D&trackingId=A8Pfkrv7n8EuShcPda0O3w%3D%3D,Not specified,2025-08-13 17:19:50.252401,2025-08-13,"Unternehmensbeschreibung Dafür sorgen wir. Arbeiten bei der WERTGARANTIE Group. Wir verstehen uns als nachhaltiger Lifestyle-Versicherer für Haushaltsgeräte, Smartphones, Fahrräder und E-Bikes, E-Scooter, Garten- und Hörgeräte. Alle Alltagsbegleiter sind bei uns in besten Händen. Über 1.300 Mitarbeitenden bieten wir sichere, abwechslungsreiche Jobs in mehr als 30 Fachbereichen und fördern aktiv die persönliche sowie berufliche Weiterentwicklung. Unsere Benefits und unser Engagement für das Wohlbefinden machen uns zu einem starken und fürsorglichen Arbeitgeber. Nachhaltigkeit bedeutet für uns, verantwortungsvoll und vorausschauend zu handeln - in allen Geschäftsbereichen, im Umgang mit der Umwelt sowie mit unseren Mitarbeitenden und Mitmenschen. Wir bringen wirtschaftlichen Erfolg mit ökologischer, ökonomischer und sozialer Verantwortung in Einklang. Aufgaben Design und Umsetzung von KI-Agenten sowie Prompt-Flows zur automatisierten Analyse und Zusammenfassung von Schadeninformationen in unseren Systemen Integration generativer KI-Lösungen in unsere End-to-End-Schadenprozesse, inklusive Prozessanalyse und nahtloser Übergabe an angrenzende Systeme Identifikation und detaillierte Ausarbeitung von Automatisierungspotenzialen im Schadenmanagement, dabei liegt der Fokus auf realen Prozessabläufen und nutzerzentrierten Ansätzen Evaluation und kontinuierliche Verbesserung von Prompts, insbesondere hinsichtlich Verständlichkeit und Genauigkeit, basierend auf Nutzerfeedback Als AI Ambassador begleitest Du die Einführung von KI-Komponenten für unsere Kolleg:innen in der Leistungsbearbeitung und förderst ein tieferes Verständnis für neue Technologien Profil Solides Wissen über Künstliche Intelligenz und deren Anwendungsmöglichkeiten zur Prozessverbesserung Erfahrung im Prozessmanagement, insbesondere in der Analyse und Optimierung von Geschäftsabläufen zur Effizienzsteigerung Projektmanagementfähigkeiten, idealerweise mit Kenntnissen in agilen Methoden Ausgeprägte analytische Fähigkeiten zur Identifikation von Verbesserungspotenzialen und zur Entwicklung passender Lösungsansätze Hervorragende Kommunikationsfähigkeiten, um effektiv mit verschiedenen Stakeholdern zu interagieren und Workshops zu leiten Gründe Wir schätzen wert, was für dich zählt - nachhaltig, fair, flexibel Wertschätzung Jahresabschlussfeier, Betriebsfest, Jubiläumsfeiern, Geburtstage: Wir nutzen jede Gelegenheit, um gemeinsam unsere kleinen und großen Erfolge zu feiern. Einer der größten Unterschiede zwischen uns und anderen Unternehmen ist der persönliche Umgang miteinander. Jahressonderleistungen Wir entlohnen dein Engagement mit einem jährlichen Urlaubs- und Weihnachtsgeld. Work-Life-Balance Wir leben Flexibilität und machen daher flexible Arbeitszeitmodelle in vielen Bereichen möglich. Zudem genießt du bei uns 30 + 1 Tage Urlaub pro Jahr. Nachhaltigkeit Wir meinen es ernst und entwickeln unsere nachhaltigen Produkte und Arbeitsweisen stets weiter. Du profitierst von deinem Beitrag zum Klimaschutz und Geschäftserfolg in Form eines nachhaltigen und erfolgsbasierten Bonussystems. Außerdem unterstützen wir nachhaltige Mobilität mit dem Deutschlandticket und Fahrradleasing. Gesundheit Hansefit, Massagen oder Grippeschutzimpfungen - Wir stärken dich und deine Gesundheit. Entwicklungsmöglichkeiten Wir lernen und wachsen gemeinsam: Bei uns stehen dir bedarfsgerechte, individuelle Entwicklungs- und Weiterbildungsmöglichkeiten offen. Entdecke unsere weiteren Benefits. Abschluss Bei uns zählen deine Persönlichkeit und dein Können - unabhängig von Geschlecht, Alter, sozialer Herkunft, sexueller Orientierung, körperlichen und geistigen Fähigkeiten, ethnischer Zugehörigkeit, Religion oder Weltanschauung. Wir suchen vielfältige Talente, die unser Unternehmen bereichern. Also bewirb dich innerhalb von nur 2 Minuten über unser Onli ne-Bewerbungsformular. Wir freuen uns darauf, dich kennenzulernen! Wir freuen uns darauf, dich kennenzulernen! Lerne uns kennen und besuche uns auf www.wertgarantie-group.com/ueber-uns.",de.linkedin.com/jobs/view/prozessmanager-m-w-d-at-wertgarantie-group-4267180965
Bildredakteur (m/w/d),WERTGARANTIE Group,"Hannover, Lower Saxony, Germany",LinkedIn,https://de.linkedin.com/jobs/view/bildredakteur-m-w-d-at-wertgarantie-group-4267944692?position=6&pageNum=0&refId=VopdPcu690yQKd%2BWpHrknA%3D%3D&trackingId=MDf30U12Y7s%2F5xqarpB9OA%3D%3D,Not specified,2025-08-13 17:19:50.252539,2025-08-13,"Unternehmensbeschreibung Dafür sorgen wir. Arbeiten bei der WERTGARANTIE Group. Wir verstehen uns als nachhaltiger Lifestyle-Versicherer für Haushaltsgeräte, Smartphones, Fahrräder und E-Bikes, E-Scooter, Garten- und Hörgeräte. Alle Alltagsbegleiter sind bei uns in besten Händen. Über 1.300 Mitarbeitenden bieten wir sichere, abwechslungsreiche Jobs in mehr als 30 Fachbereichen und fördern aktiv die persönliche sowie berufliche Weiterentwicklung. Unsere Benefits und unser Engagement für das Wohlbefinden machen uns zu einem starken und fürsorglichen Arbeitgeber. Nachhaltigkeit bedeutet für uns, verantwortungsvoll und vorausschauend zu handeln - in allen Geschäftsbereichen, im Umgang mit der Umwelt sowie mit unseren Mitarbeitenden und Mitmenschen. Wir bringen wirtschaftlichen Erfolg mit ökologischer, ökonomischer und sozialer Verantwortung in Einklang. Aufgaben Du bist erste/r Ansprechpartner/in für interne und externe Anfragen zu Bildmaterial und zur Bilddatenbank Du managest unsere Mediathek und kümmerst dich um die Strukturierung, Kategorisierung, Verschlagwortung sowie die Datenpflege Gemeinsam mit unseren Designern und Auftraggebenden arbeitest du kreative Bildkonzepte aus, dabei hast du konsequent Bildsprache und Markenwerte im Blick Du setzt Motive qualitativ hochwertig um und klärst dazu nötige Rechtsfragen - Recherche und Art-Buying gehören zu deinem Tagesgeschäft Nutzungsrechte, Bildlizensierungen sowie Budgets planst du weitsichtig und effizient Du organisierst und betreust Fotoshootings und hast neue Trends und Techniken im Gepäck Du bearbeitest und gestaltest Motive, außerdem Illustrationen und Infografiken mit den gängigen Tools für unterschiedliche Medien Profil Du hast eine Ausbildung oder ein Studium in der Kreativwirtschaft (z. B. Fotografie, Medien-, Kommunikationsdesign) oder bist erfahrene/r Quereinsteiger/in In der Medienverwaltung bzw. in einer Fotoredaktion bist du erfahren In der Organisation von Shootings sowie im Bild- und Urheberrecht bist du sattelfest Du hast fundierte Kenntnisse in der digitalen Bildbearbeitung mit der Adobe Creative Suite sowie eine starke Affinität zu KI-Technologien im Kreativbereich Du bist kommunikativ, zuverlässig und engagiert - kombiniert mit einer organisierten, strukturierten Arbeitsweise Du hast ein ausgeprägtes, ästhetisches Gespür für Farben, Formen und Gestaltung Du bist markenerfahren und routiniert innerhalb der Leitplanken unserer Corporate Identity zu agieren Gründe Wir schätzen wert, was für dich zählt - nachhaltig, fair, flexibel Wertschätzung Jahresabschlussfeier, Betriebsfest, Jubiläumsfeiern, Geburtstage: Wir nutzen jede Gelegenheit, um gemeinsam unsere kleinen und großen Erfolge zu feiern. Einer der größten Unterschiede zwischen uns und anderen Unternehmen ist der persönliche Umgang miteinander. Jahressonderleistungen Wir entlohnen dein Engagement mit einem jährlichen Urlaubs- und Weihnachtsgeld. Work-Life-Balance Wir leben Flexibilität und machen daher flexible Arbeitszeitmodelle in vielen Bereichen möglich. Zudem genießt du bei uns 30 + 1 Tage Urlaub pro Jahr. Nachhaltigkeit Wir meinen es ernst und entwickeln unsere nachhaltigen Produkte und Arbeitsweisen stets weiter. Du profitierst von deinem Beitrag zum Klimaschutz und Geschäftserfolg in Form eines nachhaltigen und erfolgsbasierten Bonussystems. Außerdem unterstützen wir nachhaltige Mobilität mit dem Deutschlandticket und Fahrradleasing. Gesundheit Hansefit, Massagen oder Grippeschutzimpfungen - Wir stärken dich und deine Gesundheit. Entwicklungsmöglichkeiten Wir lernen und wachsen gemeinsam: Bei uns stehen dir bedarfsgerechte, individuelle Entwicklungs- und Weiterbildungsmöglichkeiten offen. Entdecke unsere weiteren Benefits. Abschluss Bei uns zählen deine Persönlichkeit und dein Können - unabhängig von Geschlecht, Alter, sozialer Herkunft, sexueller Orientierung, körperlichen und geistigen Fähigkeiten, ethnischer Zugehörigkeit, Religion oder Weltanschauung. Wir suchen vielfältige Talente, die unser Unternehmen bereichern. Also bewirb dich innerhalb von nur 2 Minuten über unser Onli ne-Bewerbungsformular. Wir freuen uns darauf, dich kennenzulernen! Wir freuen uns darauf, dich kennenzulernen! Lerne uns kennen und besuche uns auf www.wertgarantie-group.com/ueber-uns.",de.linkedin.com/jobs/view/bildredakteur-m-w-d-at-wertgarantie-group-4267944692
