title,company,location,source,url,salary,scraped_at,posted_at,description,job_id
(Senior) Machine Learning Engineer (m/f/d),TieTalent,"Berlin, Berlin, Germany",LinkedIn,https://de.linkedin.com/jobs/view/senior-machine-learning-engineer-m-f-d-at-tietalent-4279362421?position=60&pageNum=0&refId=L8p165CbYYOb7VrsjaWmpA%3D%3D&trackingId=SiCwu0KiFBhfQFe5mW9W%2Fw%3D%3D,Not specified,2025-08-10 09:45:05.763364,2025-08-03,"About At Riverty, we believe that everyone should be in control of their own financial situation. Our shared commitment is to make financial solutions more innovative, empathetic and user-friendly to empower financial growth for everyone. To do this, we rely on 50 years of experience and the commitment of over 5,000 creative minds, innovators and explorers in 11 countries. Are you ready? As part of our community, you will have the opportunity to develop your skills and transform the world of finance together with us. We create an environment where you can evolve personally and benefit from our flexible working conditions and work-life balance. We are looking for a (Senior) Machine Learning Engineer (m/f/d) Full-time at our location in Berlin or Amsterdam - hybrid working conditions available. The Data Science (Consumer and Risk) team at Riverty is seeking a skilled Machine Learning Engineer to build and productionize ML models that power our decision-making for online payment products. Your mission will be to develop, deploy, and maintain scalable machine learning systems to help us detect fraud and assess customer creditworthiness in real time. Your Responsibilities Design, build, and maintain end-to-end machine learning pipelines — from data ingestion and preprocessing to model deployment and monitoring. Develop scalable and robust machine learning solutions that power risk and fraud decisioning. Collaborate with data scientists to turn experimental models into efficient production-ready systems. Improve and optimize existing models, infrastructure, and workflows for reliability, performance, and maintainability. Conduct code reviews and contribute to our ML engineering best practices. Work closely with product managers, data engineers, and cross-functional teams to integrate ML models into customer-facing applications. What You Bring Solid experience as a Machine Learning Engineer, MLOps Engineer, or similar role with a focus on deploying ML models at scale. Strong software engineering skills in Python, especially in the context of building and deploying ML solutions. Hands-on experience with Kubernetes for container orchestration and scalable ML deployments. Experience deploying models to production using frameworks such as MLflow, FastAPI, or similar. Familiarity with model monitoring, retraining strategies, and performance evaluation in a production setting. Proficiency with version control, CI/CD pipelines, and containerization tools like Docker. Understanding of working with imperfect, real-world datasets collected outside of typical ML workflows. A degree in Computer Science, Machine Learning, Engineering, or a related STEM field.Experience working with transactional databases or case handling systems. Bonus Skills Experience with tools such as SQL, Spark, Databricks, VS Code, and Docker. Familiarity with cloud infrastructure (e.g., AWS, Azure, or GCP) for deploying machine learning systems. Prior exposure to the risk, fraud, or fintech domain. Knowledge of MLOps practices and tools for model lifecycle management. Benefits Mobile Office: Opportunity to work from home Discounts & Extras: Exclusive Bertelsmann discounts and financial benefits, e.g., €1,500 referral bonus Flexible Working Hours and Models: Customize your working hours to suit your needs Training & Development: A variety of (online) courses, from language learning to leadership training, e.g., from Bertelsmann University Health & Leisure: Supported sports and (mental) health programs, e.g. from our partner TELUS Health Appreciative Environment: Diversity and employee networks enrich our culture Our Hiring Process We aim to make our hiring process smooth and transparent: Pre-screening Call with HR – to understand your background and motivation. Live Coding Interview with the Hiring Team – a short technical task to evaluate your engineering and ML skills. Interview with the Hiring Manager – to discuss your experience, problem-solving approach, and team collaboration. Bar Raiser Interview with the Department Lead – to assess strategic alignment and long-term fit. #EUR2 Equal Opportunity Employer Statement We want to be a fair and inclusive employer. We value the diverse perspectives that a diverse workforce brings to the table. Therefore, we are actively looking for people who enrich our company through their identity, background and personal experiences, with or without a disability. Nice-to-have skills AWS Azure Docker GCP Kubernetes Machine Learning Python SQL Spark Berlin, Berlin, Germany Work experience Machine Learning Languages English",de.linkedin.com/jobs/view/senior-machine-learning-engineer-m-f-d-at-tietalent-4279362421
[Expired] Fully Funded Master’s and PhD Positions in Quantum Machine Learning and AI under Uncertainty,PhDFinder,Cologne Bonn Region,LinkedIn,https://de.linkedin.com/jobs/view/expired-fully-funded-master%E2%80%99s-and-phd-positions-in-quantum-machine-learning-and-ai-under-uncertainty-at-phdfinder-4282096994?position=34&pageNum=0&refId=GetJ7mRqH0hcAonzO1IN%2FQ%3D%3D&trackingId=M%2BnkaY8lEBqJ%2BgHtZZQFXg%3D%3D,Not specified,2025-08-10 09:46:07.896755,2025-08-10,"This position is no longer available. University: Memorial University of Newfoundland Country: Canada Deadline: Not specified Fields: Electrical Engineering, Computer Engineering, Computer Science, Applied Mathematics, Physics The Department of Electrical and Computer Engineering at Memorial University of Newfoundland is inviting applications for fully funded Master’s and PhD positions commencing in Winter 2026. Under the supervision of Dr. Mahzabeen Emu, successful candidates will engage in advanced research in the areas of Quantum Machine Learning, Quantum Optimization, and Artificial Intelligence under uncertainty. Research Areas Include Quantum computing and artificial intelligence Data-driven decision-making under uncertainty Optimization modeling and algorithm design Requirements Bachelor’s or Master’s degree in Computer Engineering, Electrical Engineering, Computer Science, or related disciplines Strong programming proficiency, preferably in Python Demonstrated interest in quantum technologies and a strong academic record Funding And Benefits Full funding covering tuition and stipend Program duration: 2 years (Master’s), 4 years (PhD) Scholarship and teaching assistantship opportunities Collaboration with industry and government partners Support for conference travel Open to both international and domestic applicants Application Procedure Interested candidates should submit a CV, academic transcripts, and references to Dr. Mahzabeen Emu at memu@mun.ca. Applicants are encouraged to include details of relevant projects that demonstrate their skills and experience. Also See PhD Position in Urban Green-Blue Infrastructure for Urban Heat Island Mitigation at Memorial… Two Postdoctoral Positions in Biofabrication at the MERLN Institute, Maastricht University PhD Opportunity in Symbolic AI and Reasoning Under Uncertainty at TU Delft USA – Funded PhD & MS in Civil Engineering at Rochester Institute of Technology Canada – Fully Funded PhD in Electrochemical Energy Systems at University of Calgary This position is advertised on LinkedIn by Professor Mahzabeen Emu. Get the latest openings in your field and preferred country—straight to your email inbox. Sign up now for 14 days free: https://phdfinder.com/position-alert-service/ We’re an independent team helping students find opportunities. Found this opportunity helpful? Support us with a coffee!",de.linkedin.com/jobs/view/expired-fully-funded-master%E2%80%99s-and-phd-positions-in-quantum-machine-learning-and-ai-under-uncertainty-at-phdfinder-4282096994
YOUNG PROFESSIONAL (M/W/D) FÜR KI IM BEREICH ENTERPRISE INFORMATION SYSTEMS,Fraunhofer IAIS,"Sankt Augustin, North Rhine-Westphalia, Germany",LinkedIn,https://de.linkedin.com/jobs/view/young-professional-m-w-d-f%C3%BCr-ki-im-bereich-enterprise-information-systems-at-fraunhofer-iais-4282306955?position=40&pageNum=0&refId=GetJ7mRqH0hcAonzO1IN%2FQ%3D%3D&trackingId=IoieEYZVSVlytBBe3EH4UQ%3D%3D,Not specified,2025-08-10 09:46:07.897443,2025-08-08,"Am Fraunhofer IAIS erforschen und entwickeln rund 370 Mitarbeitende individuelle Lösungen zur Integration und Analyse von Daten für unsere Fördergeber*innen und Kund*innen aus der Wirtschaft. Künstliche Intelligenz (KI), Machine Learning, Big Data, Multimedia Content Analytics, Information Integration und Unternehmensmodellierung und -analyse sind die inhaltlichen Schwerpunkte unserer Arbeiten. Die Abteilung Enterprise Information Systems (EIS) arbeitet an neuen, datengetriebenen Ansätzen und innovativen Lösungen für aktuelle Herausforderungen. Das Spektrum reicht dabei von Grundlagenforschung in Wissenschaftsprojekten bis hin zur Anwendung aktueller Forschungsergebnisse in der Industrie. Wir wollen Effizienz steigern, Kosten senken, Kund*innen begeistern und Mitarbeitende der Handelsbranche entlasten. Als Professional unterstützen Sie bei der strategischen Kundenkommunikation und Positionierung der Abteilung EIS für KI-Lösungen in der Handelsbranche. Wir suchen für unseren Standort am Fraunhofer HNFIZ in Heilbronn Expert*innen mit Talenten und Berufserfahrung, die sich für die oben genannten Gebiete begeistern und Lust haben, das Themenfeld KI im Handel und damit Themen wie z.B. KI-basiertes Pricing, automatisierte Warenströme oder Sortimentsoptimierung aufzubauen. Ob Forschung, Softwareentwicklung, Transfer oder fachliche Projektleitung; alle Facetten des Arbeitslebens sind in unseren Projekten mit Industrie- oder Forschungspartner*innen unterschiedlichster Branchen gefragt. In unserer Abteilung können Sie sich mit vollem Einsatz entfalten und die aktuelle Forschung oder Unternehmen durch Ihre Mitarbeit prägen. Was Sie bei uns tun Gestaltung von Zukunftstechnologien: Nach einer fundierten und strukturierten Einarbeitung gestalten und realisieren Sie wegweisende Konzepte in den Bereichen Data Science und GenAI im Speziellen sowie Künstliche Intelligenz im Allgemeinen – mit Fokus auf Realisierung von Anwendungen im Handel wie Forecasting, Operations Research und Sequential Decision Making. Pionierarbeit in neuen Themenfeldern: Abhängig von Ihrer Expertise eröffnen und entwickeln Sie zukunftsrelevante Schwerpunkte wie z. B. KI-basiertes Pricing, automatisierte Warenströme oder Sortimentsoptimierung – immer mit Blick auf die technische Exzellenz und wirtschaftliche Verwertbarkeit. Führung und Verantwortung: Mit wachsender Erfahrung übernehmen Sie fachliche Verantwortung als (Teil-)Projektleiter*in – sowohl in Industrieprojekten als auch in öffentlich geförderten Forschungsvorhaben. Sie gestalten aktiv mit, leiten Teams fachlich an und begleiten unsere Partner*innen als vertrauensvolle*r KI-Experte*in. Was Sie mitbringen Einen exzellenten Hochschulabschluss (Master, Diplom) in Informatik, Ingenieurwissenschaften, Mathematik, Naturwissenschaften oder einem verwandten Fachgebiet Erste Erfahrungen (auch Praktika ausreichend) in den Bereichen Software Engineering, Data Science oder Machine Learning sowie in der teamorientierten Lösungserzeugung sind von Vorteil Erste Erfahrungen (auch Praktika ausreichend) in Projektmanagement und dessen Umsetzung mit agilen Methoden sind von Vorteil Hohe Einsatzbereitschaft gepaart mit Begeisterung für die Themen unserer Abteilung Leidenschaft für Forschung, Lust auf Gestaltung und eine klare Team- und Kommunikationsfähigkeit Professionelles Auftreten sowie sehr gute Deutsch- und Englisch-Kenntnisse (beides mindestens C1) Sie ergänzen unser Team in idealer Weise, wenn Sie über die Motivation verfügen, sich anspruchsvollen Aufgaben zu stellen und sich kontinuierlich weiterzuentwickeln. Was Sie erwarten können Arbeiten, wo Zukunft entsteht: Sie entwickeln und erforschen am Puls der angewandten Forschung innovative KI- und Machine-Learning-Lösungen und bringen Ihre Ideen direkt in wirtschaftlich relevante Anwendungen - Forschung und Praxis gehen bei uns Hand in Hand. Individuelle Entwicklung: Wir fördern Sie mit maßgeschneiderten Weiterbildungen – sowohl fachlich als auch im Bereich Soft Skills – damit Sie sich kontinuierlich weiterentwickeln und Ihr Profil schärfen können. Inspirierendes Miteinander: Freuen Sie sich auf ein kollegiales, internationales Team mit einer offenen, kreativen Arbeitsatmosphäre, in der Wissenstransfer und gegenseitige Unterstützung großgeschrieben werden. Raum für Ihre Ideen: Bei uns haben Sie die Freiheit, eigene wissenschaftliche Ansätze zu entwickeln und diese in realen Projekten zum Leben zu erwecken. Wir unterstützen eine gute Work-Life-Balance durch flexible Arbeitszeiten und Teilzeitmodelle. Im Rahmen des Gleitzeitmodells bieten wir Ihnen die Möglichkeit zur flexiblen Arbeitszeitgestaltung. Vielfalt als Stärke: Diversity ist bei uns nicht nur ein Schlagwort, sondern ein strategisches Ziel. Wir setzen uns aktiv für Chancengleichheit, Inklusion und ein wertschätzendes Miteinander ein. Familienfreundliche Kultur: Wir wissen: Manchmal hat Familie Priorität. Deshalb schaffen wir Rahmenbedingungen, die Sie dabei unterstützen, Beruf und Familie bestmöglich zu vereinbaren. Wir wertschätzen und fördern die Vielfalt der Kompetenzen unserer Mitarbeitenden und begrüßen daher alle Bewerbungen – unabhängig von Alter, Geschlecht, Nationalität, ethnischer und sozialer Herkunft, Religion, Weltanschauung, Behinderung sowie sexueller Orientierung und Identität. Schwerbehinderte Menschen werden bei gleicher Eignung und Qualifikation bevorzugt eingestellt. Die wöchentliche Arbeitszeit beträgt 39 Stunden. Die Stelle kann auch in Teilzeit besetzt werden. Anstellung, Vergütung und Sozialleistungen basieren auf dem Tarifvertrag für den öffentlichen Dienst (TVöD). Zusätzlich kann Fraunhofer leistungs- und erfolgsabhängige variable Vergütungsbestandteile gewähren. Die Stelle ist zunächst auf 2 Jahre befristet, mit der Möglichkeit der Verlängerung. Die Vergütung erfolgt bis TVöD EG 13 (je nach Qualifikation). Mit ihrer Fokussierung auf zukunftsrelevante Schlüsseltechnologien sowie auf die Verwertung der Ergebnisse in Wirtschaft und Industrie spielt die Fraunhofer-Gesellschaft eine zentrale Rolle im Innovationsprozess. Als Wegweiser und Impulsgeber für innovative Entwicklungen und wissenschaftliche Exzellenz wirkt sie mit an der Gestaltung unserer Gesellschaft und unserer Zukunft. Haben wir Ihr Interesse geweckt? Dann bewerben Sie sich jetzt online mit Ihren aussagekräftigen Bewerbungsunterlagen. Wir freuen uns darauf, Sie kennenzulernen! Fragen zu dieser Ausschreibung beantwortet Ihnen gern: Frau Martina Wiegand martina.wiegand@iais.fraunhofer.de Fraunhofer-Institut für Intelligente Analyse- und Informationssysteme IAIS www.iais.fraunhofer.de Kennziffer: 80908 Bewerbungsfrist:",de.linkedin.com/jobs/view/young-professional-m-w-d-f%C3%BCr-ki-im-bereich-enterprise-information-systems-at-fraunhofer-iais-4282306955
[Expired] PhD Opportunities in Modeling of Solar Wind and Magnetospheric Nonlinear Phenomena,PhDFinder,Cologne Bonn Region,LinkedIn,https://de.linkedin.com/jobs/view/expired-phd-opportunities-in-modeling-of-solar-wind-and-magnetospheric-nonlinear-phenomena-at-phdfinder-4282097822?position=58&pageNum=0&refId=GetJ7mRqH0hcAonzO1IN%2FQ%3D%3D&trackingId=bqv4MLBhm73WDQ7VYxvBDg%3D%3D,Not specified,2025-08-10 09:46:07.899507,2025-08-10,"This position is no longer available. University: University of Calabria Country: Italy Deadline: 2025-07-16 Fields: Space Science, Physics, Astrophysics, Computational Science, Geophysics Applications are invited for PhD positions within the National Doctoral Program in Space Science and Technology, under the Earth and the Sun-Earth System Curriculum at the University of Calabria. The research project, supervised by Professor Sergio Servidio, focuses on the nonlinear modeling of solar wind dynamics and its interactions with Earth’s magnetosheath, magnetosphere, and ionosphere. The work involves advanced numerical simulations (including magnetohydrodynamics, Vlasov, and Particle-in-Cell methods) alongside the analysis of in situ data from major space missions such as Solar Orbiter, Parker Solar Probe, and the Magnetospheric Multiscale Mission (MMS). Successful candidates will investigate turbulence and large-scale plasma structures in the heliosphere, employing both high-fidelity kinetic and fluid simulations and data-driven validation using the latest spacecraft observations. The overarching aim is to enhance the understanding of space weather phenomena and to bridge theoretical models with real-world measurements. Requirements – A strong background in physics, space science, astrophysics, computational science, geophysics, or related fields. – Familiarity with numerical simulations and data analysis is highly desirable. – Proficiency in English (written and spoken). – Motivation to work in a multidisciplinary and international research environment. For further details about the application process and the official call, please visit: https://lnkd.in/d-st2Mtk For informal inquiries, candidates may contact Professor Sergio Servidio at sergio.servidio@fis.unical.it. Also See Netherlands – PhD in Experimental Investigation of Inertial Dense Suspensions at TU Delft Two Fully Funded PhD Opportunities at University of Canterbury: Physics-Based Modelling and… Two Postdoctoral Positions in Biofabrication at the MERLN Institute, Maastricht University Sweden – PhD in Geospatial Information Science at University of Gävle PhD Position in Energy Systems Modeling at KU Leuven Get the latest openings in your field and preferred country—straight to your email inbox. Sign up now for 14 days free: https://phdfinder.com/position-alert-service/ We’re an independent team helping students find opportunities. Found this opportunity helpful? Support us with a coffee!",de.linkedin.com/jobs/view/expired-phd-opportunities-in-modeling-of-solar-wind-and-magnetospheric-nonlinear-phenomena-at-phdfinder-4282097822
Akademische/r Beschäftigte/r  (m/w/d) - Studienkommission Wirtschaftswissenschaften - Referenz-Nr. 25117,Ulm University,"Ulm, Baden-Württemberg, Germany",LinkedIn,https://de.linkedin.com/jobs/view/akademische-r-besch%C3%A4ftigte-r-m-w-d-studienkommission-wirtschaftswissenschaften-referenz-nr-25117-at-ulm-university-4280900252?position=2&pageNum=0&refId=adlo28Ag3vVXoao%2B3W732Q%3D%3D&trackingId=GmMFqbvbeeC0p1dfDcYW2g%3D%3D,Not specified,2025-08-10 09:46:44.250345,2025-08-06,"> Umfang: Vollzeit > Befristung: unbefristet > Vergütung: TV-L EG 13 > Beginn: 01.10.2025 Für die Studienkommission der Fakultät für Mathematik und Wirtschaftswissenschaften suchen wir eine/n Akademische/n Beschäftigte/n (m/w/d) Wir streben eine Erhöhung des Anteils von Frauen in Forschung und Lehre an und bitten deshalb qualifizierte Wissenschaftlerinnen nachdrücklich um ihre Bewerbung. Schwerbehinderte und diesen gleichgestellte Menschen werden bei entsprechender Eignung vorrangig eingestellt. Für uns zählen Ihre Kenntnisse, Fähigkeiten und Stärken. Deshalb ist jede Person unabhängig von Merkmalen wie z. B. Geschlecht, Alter und Herkunft oder einer evtl. Behinderung an der Universität willkommen. Ihr Profil: Sehr gut abgeschlossenes Masterstudium im Bereich Wirtschaftswissenschaften oder einem verwandten Studiengang Bereits begonnene oder abgeschlossene Promotion im Bereich Wirtschaftswissenschaften Lehrerfahrung in den Wirtschaftswissenschaften in Kombination mit wirtschaftlichen Anwendungen von Data Science Erfahrungen in der Studiengangsverwaltung sehr erwünscht Fließende Deutschkenntnisse in Wort und Schrift Hohes Maß an Motivation, Zuverlässigkeit, Teamfähigkeit und Eigeninitiative Gutes Verständnis moderner ökonometrischer Methoden und ihrer Anwendung Ihre Aufgaben: Unterstützung der Studienkommission Wirtschaftswissenschaften in der quantitativen Lehre, insbesondere im Projektkurs Data Science & Business Analytics bei abgeschlossener Promotion: Möglichkeit zur eigenständigen Durchführung von Lehrveranstaltungen in Absprache mit dem Fachbereich Koordination und Organisation der Studienkommission, einschließlich Vorlesungs- und Raumplanung Unterstützung der wirtschaftswissenschaftlichen Prüfungs- und Zulassungsausschüsse, insbesondere im Rahmen von Zulassungsverfahren sowie bei der Anerkennung von akademischen Leistungen Mitarbeit an wirtschaftswissenschaftlichen Forschungsprojekten mit Schwerpunkt auf quantitativer und empirischer Analyse Die Universität Ulm und was wir bieten: Nutzen Sie die Chance und gestalten Sie mit uns die Universität! > Referenz-Nr.: 25117 > Bewerbungs­frist: bis 31.08.2025 Die Einstellung erfolgt durch die Zentrale Universitätsverwaltung. Ansprechpartner für weitere Informationen: Dr. Alexander Rieber, Tel.: +49 731 50-23594 Wir freuen uns auf Ihre Bewerbung über unser Online-Bewerbungsportal",de.linkedin.com/jobs/view/akademische-r-besch%C3%A4ftigte-r-m-w-d-studienkommission-wirtschaftswissenschaften-referenz-nr-25117-at-ulm-university-4280900252
GIS Solution Engineer (m/w/d),BWI GmbH,"Ulm, Baden-Württemberg, Germany",LinkedIn,https://de.linkedin.com/jobs/view/gis-solution-engineer-m-w-d-at-bwi-gmbh-4279658981?position=3&pageNum=0&refId=adlo28Ag3vVXoao%2B3W732Q%3D%3D&trackingId=tVp1dwHpTEIUoB0DTLyAUw%3D%3D,Not specified,2025-08-10 09:46:44.250506,2025-08-04,"Sorgen Sie gemeinsam mit uns für die digitale Zukunftsfähigkeit der Bundeswehr. Als primärer Digitalisierungspartner der Bundeswehr erbringen wir stabile, sichere und effiziente IT-Services im In- und Ausland, vom Grundbetrieb bis in den einsatznahen Bereich und tragen so zur kontinuierlichen Erhöhung der Führungs- und Einsatzfähigkeit der Bundeswehr bei. Mit über 7.700 Kolleg*innen betreiben und modernisieren wir eine der größten und komplexesten IT-Infrastrukturen in Deutschland. Wir suchen verantwortungsvolle IT-Spezialist*innen, die die Bundeswehr-IT aus Überzeugung in herausfordernden Digitalisierungsvorhaben weiterentwickeln und so einen Beitrag zur Sicherheit Deutschlands leisten wollen. Die Abteilung Software Data Analytics realisiert datenzentrierte Projekte im Kunden- und Eigenbetrieb. Sie testet neuste Erkenntnisse aus KI und Data Science und setzt krisenrelevante Enterprise-Lösungen für tausende Nutzer um, abdeckend das gesamte Spektrum moderner datengetriebener Systeme. Der Fokus liegt auf Data Science, KI & Machine Learning, deren Architekturen sowie Full-Stack Softwareentwicklung. Ihre Aufgaben: Konzeption, Entwicklung und Implementierung von GIS-basierten Anwendungen zur Lösung kundenspezifischer Anforderungen Management, Analyse und Visualisierung heterogener Geodatenbestände im Rahmen einer umfassenden Geodateninfrastruktur (GDI) Automatisierung komplexer Geodatenprozesse durch Programmierung, insbesondere mit Python und relevanten Bibliotheken (z. B. GeoPandas, Rasterio, Shapely) Administration und Konfiguration der ArcGIS Enterprise Produktpalette Fachliche Unterstützung von Softwareentwicklungsteams bei der Integration von Geo-Funktionalitäten in bestehende und neue Produktestreiche mit Open Source GIS Komponenten Technologisches Monitoring und Bewertung neuer Entwicklungen in den Bereichen GIS, Fernerkundung und GDI Erstellung technischer Dokumentationen zur Sicherstellung von Wissenstransfer und Nachvollziehbarkeit Ihr Profil: Abgeschlossenes Studium im MINT-Bereich mit Schwerpunkt Geoinformatik, Umweltinformatik, Geoökologie oder vergleichbare Qualifikation mit starkem Geodaten- und IT-Bezug Mehrjährige praktische Erfahrung mit GIS-Software (z. B. MapLibre, ESRI, FME) und räumlichen Datenbanken (z. B. PostgreSQL/PostGIS) Fundierte Kenntnisse in der Konzeption und dem Aufbau von Geodateninfrastrukturen mit ArcGIS Enterprise und Open Source Software Ausgeprägte Kenntnisse in der Open Source WebGIS und MobileGIS Entwicklung Hohes Maß an Lernbereitschaft sowie Interesse an technologischen Weiterentwicklungen im GIS-Umfeld Eine sehr gute Kommunikationsfähigkeit in deutscher Sprache und Teamarbeit, besonders an Schnittstellen zu nicht-technischen Bereichen sowie im interdisziplinären Kontext, sind wichtig. Wir bieten: Durch abwechslungsreiche und gesellschaftlich relevante Aufgaben gewährleisten wir den reibungslosen IT-Betrieb und die Digitalisierung der Bundeswehr Die BWI bietet eine marktgerechte Vergütung, einen sicheren Arbeitsplatz sowie eine prämierte und arbeitgeberfinanzierte betriebliche Altersvorsorge Sie starten grundsätzlich mit 30 Tagen Jahresurlaub mit Option auf individuelle Anpassungen Über unsere Benefit-App stehen Ihnen ein monatliches Guthaben und Steuervergünstigungen auf Tickets für den ÖPNV zur Verfügung Wir ermöglichen Ihnen Flexibilität, um Beruf und Privatleben in Einklang zu bringen, etwa durch mobiles Arbeiten oder Vertrauensarbeitszeit und dem langfristigen Aufbau eines Wertguthabenkontos für z.B. ein Sabbatical Neben der Möglichkeit ein Jobrad zu leasen, profitieren Sie von zahlreichen Angeboten aus den Bereichen Sport und Ernährung",de.linkedin.com/jobs/view/gis-solution-engineer-m-w-d-at-bwi-gmbh-4279658981
Softwareentwickler - Cloud (m/w/d),Liebherr Group,"Ulm, Baden-Württemberg, Germany",LinkedIn,https://de.linkedin.com/jobs/view/softwareentwickler-cloud-m-w-d-at-liebherr-group-4281335695?position=9&pageNum=0&refId=adlo28Ag3vVXoao%2B3W732Q%3D%3D&trackingId=Glfl4WjH0257W5iwfYTVPQ%3D%3D,Not specified,2025-08-10 09:46:44.251454,2025-08-07,"Für unser Team Coud Applications suchen wir Sie an unserem Standort in Ulm als Softwareentwickler - Cloud (m/w/d). Faszinierendes schaffen: Ihre Aufgaben Konzipierung und Implementierung komplexer IoT, Cloud und Web Anwendungen Optimierung und Weiterentwicklung bestehender Anwendungen Mitarbeit in allen Projektphasen der Software-Entwicklung inklusive Anforderungsanalyse, Design, Implementierung, Test, Deployment und Dokumentation Gestaltung neuer Features von der Konzeption bis hin zum Live-Release Einrichten von Deployment-Pipelines in Absprache mit dem Team Dokumentation und Qualitätssicherung der Anwendungen Stärken einbringen: Ihre Qualifikationen Erfolgreich abgeschlossenes Studium der Informatik oder einer themenverwandten Fachrichtung Erfahrung in mindestens einer der folgenden Programmiersprachen C#, Java, JavaScript oder Go Erfahrung beim Einrichten und Betreiben von CI/CD-Pipelines Projekterfahrung in der agilen Entwicklung mittels Scrum oder Kanban und Kenntnisse der DevOps-Methoden Erfahrung und sicherer Umgang mit aktuell gängigen Cloud und Web Frameworks von Vorteil Kompetenzen in der Entwicklung von Microservices und von Containertechnologien vorteilhaft Teamfähigkeit, Eigeninitiative und Kommunikationsstärke Sehr gute Deutsch- und Englischkenntnisse in Wort und Schrift Freiraum nutzen: Ihre Vorteile Neben einer überdurchschnittlichen und leistungsorientierten Vergütung erhalten Sie selbstverständlich eine Reihe attraktiver Angebote und Zusatzleistungen. Vor allem aber finden Sie bei uns ein partnerschaftliches und faires Miteinander, einen wertschätzenden Zusammenhalt und Menschen, die ihre Aufgaben mit viel Begeisterung, Teamgeist und Überzeugung leben. Profitieren Sie von diesen Benefits: Attraktive Vergütung und Sozialleistungen Flexibles und hybrides Arbeiten Freiräume für kreatives Arbeiten Betriebliche Altersvorsorge Krisensicherer Arbeitsplatz Individuelle Entwicklung- und Weiterbildungsmöglichkeiten Mitarbeitervorteile & Rabatte Fahrrad-Leasing durch Gehaltsumwandlung Betriebliches Gesundheitsmanagement Haben wir Ihr Interesse geweckt? Dann freuen wir uns über Ihre Online-Bewerbung. Bei Fragen kontaktieren Sie bitte Franziska Rolle. One Passion. Many Opportunities. Das Unternehmen Die Liebherr-Digital Development Center GmbH entwickelt am Standort Ulm digitale Lösungen für die gesamte Firmengruppe Liebherr. Unser passioniertes Team aus den Bereichen Software Development, Engineering und Data Science arbeitet gemeinsam an verschiedensten Projekten aus der gesamten Liebherr-Produktwelt. Unsere Mission: einzigartige digitale Erlebnisse schaffen! Standort Liebherr-Digital Development Center GmbH Konrad-Zuse-Straße 4 89081 Ulm Deutschland (DE) Kontakt Franziska Rolle franziska.rolle@liebherr.com",de.linkedin.com/jobs/view/softwareentwickler-cloud-m-w-d-at-liebherr-group-4281335695
UX Designer (m/f/d),Liebherr Group,"Ulm, Baden-Württemberg, Germany",LinkedIn,https://de.linkedin.com/jobs/view/ux-designer-m-f-d-at-liebherr-group-4062881722?position=10&pageNum=0&refId=adlo28Ag3vVXoao%2B3W732Q%3D%3D&trackingId=W2rxfaNan2Wqi7%2BKOMZOQQ%3D%3D,Not specified,2025-08-10 09:46:44.251609,2025-08-04,"For our global eDevelopment, we are looking for an UX Designer (m/f/d) at our location in Ulm. At Liebherr we develop and manufacture a wide range of high-quality products for domestic and commercial use. We are continuously expanding our reach into the digital world with connected products and applications to deliver top experiences to our customers. Why do we need you? Liebherr-Digital Development Center is continuously growing and we are building a UX team to help us create products that add value to users' lives. We are looking for passionate and motivated UX designers to build this new team and contribute to the digital products of the entire Liebherr group. As a UX designer at Liebherr, you will work in multidisciplinary teams, helping to develop innovative applications that have a major impact on the life of our customers. You will work in areas such as smart homes, industry, construction, retail, and others. Your Responsibilities Utilize design and prototyping tools to create user-centered concepts of digital products and services (apps, websites, platforms) Translate complex design concepts and decisions into understandable and compelling narratives Employ appropriate methods and workflows to ensure effective and efficient design outcomes Select and apply appropriate research methodologies, adapting strategies as needed to inform design decisions Conduct workshops and guide participants through collaborative activities Collaborate with brand designers to optimize and expand the design system Champion the importance of design both within the company and to project stakeholders Work within project teams employing agile methods analyzing requirements together with product owners and/or project managers and coordinating with developers Your Qualifications Interdisciplinary design knowledge - the ability to draw inspiration from various design disciplines enriches our creative process 5+ years of experience in the field of user experience design and experience in user-centered working methods Experience in creating personas, user flows, sitemaps, wireframes and navigation models A confident handling of visual and interface design tools and prototyping tools Experience with agile project methods and procedures and interest in new technologies, trends and innovations Excellent communication, moderation and presentation skills Fluent in English and in German (at least B1 preferred) You like to work in a hybrid model with a minimum of 2 days per week in the office in Ulm (the position is not fully remote) If this job is interesting for you, please send us your portfolio as part of your application. Our offer At Liebherr, you will find a fantastic workplace in a successful international company. We offer a secure work environment with a comprehensive benefits package and competitive salary. We also offer relocation assistance for internationals. Haben wir Ihr Interesse geweckt? Dann freuen wir uns über Ihre Online-Bewerbung. Bei Fragen kontaktieren Sie bitte Franziska Rolle. One Passion. Many Opportunities. Das Unternehmen Die Liebherr-Digital Development Center GmbH entwickelt am Standort Ulm digitale Lösungen für die gesamte Firmengruppe Liebherr. Unser passioniertes Team aus den Bereichen Software Development, Engineering und Data Science arbeitet gemeinsam an verschiedensten Projekten aus der gesamten Liebherr-Produktwelt. Unsere Mission: einzigartige digitale Erlebnisse schaffen! Standort Liebherr-Digital Development Center GmbH Konrad-Zuse-Straße 4 89081 Ulm Deutschland (DE) Kontakt Franziska Rolle franziska.rolle@liebherr.com",de.linkedin.com/jobs/view/ux-designer-m-f-d-at-liebherr-group-4062881722
UX Designer (m/f/d),Liebherr Group,"Ulm, Baden-Württemberg, Germany",LinkedIn,https://de.linkedin.com/jobs/view/ux-designer-m-f-d-at-liebherr-group-4062877828?position=11&pageNum=0&refId=adlo28Ag3vVXoao%2B3W732Q%3D%3D&trackingId=fe5qaz9aEHwSKy%2BOpYoM4g%3D%3D,Not specified,2025-08-10 09:46:44.251773,2025-08-07,"For our global eDevelopment, we are looking for an UX Designer (m/f/d) at our location in Ulm. At Liebherr we develop and manufacture a wide range of high-quality products for domestic and commercial use. We are continuously expanding our reach into the digital world with connected products and applications to deliver top experiences to our customers. Why do we need you? Liebherr-Digital Development Center is continuously growing and we are building a UX team to help us create products that add value to users' lives. We are looking for passionate and motivated UX designers to build this new team and contribute to the digital products of the entire Liebherr group. As a UX designer at Liebherr, you will work in multidisciplinary teams, helping to develop innovative applications that have a major impact on the life of our customers. You will work in areas such as smart homes, industry, construction, retail, and others. Your Responsibilities Utilize design and prototyping tools to create user-centered concepts of digital products and services (apps, websites, platforms) Translate complex design concepts and decisions into understandable and compelling narratives Employ appropriate methods and workflows to ensure effective and efficient design outcomes Select and apply appropriate research methodologies, adapting strategies as needed to inform design decisions Conduct workshops and guide participants through collaborative activities Collaborate with brand designers to optimize and expand the design system Champion the importance of design both within the company and to project stakeholders Work within project teams employing agile methods analyzing requirements together with product owners and/or project managers and coordinating with developers Your Qualifications Interdisciplinary design knowledge - the ability to draw inspiration from various design disciplines enriches our creative process 5+ years of experience in the field of user experience design and experience in user-centered working methods Experience in creating personas, user flows, sitemaps, wireframes and navigation models A confident handling of visual and interface design tools and prototyping tools Experience with agile project methods and procedures and interest in new technologies, trends and innovations Excellent communication, moderation and presentation skills Fluent in English and in German (at least B2 preferred, ability to present ideas and moderate workshops is necessary) You like to work in a hybrid model with a minimum of 2 days per week in the office in Ulm (the position is not fully remote) If this job is interesting for you, please send us your portfolio as part of your application. Our offer At Liebherr, you will find a fantastic workplace in a successful international company. We offer a secure work environment with a comprehensive benefits package and competitive salary. We also offer relocation assistance for internationals. Have we awoken your interest? Then we look forward to receiving your online application. If you have any questions, please contact Franziska Rolle. One Passion. Many Opportunities. The Company Liebherr-Digital Development Center GmbH in Ulm develops digital solutions for the entire Liebherr Group. Our passionate team from the areas of software development, engineering and data science works together on various projects from the whole Liebherr product world. Our mission: creating outstanding digital experiences! Location Liebherr-Digital Development Center GmbH Konrad-Zuse-Straße 4 89081 Ulm Germany (DE) Contact Franziska Rolle franziska.rolle@liebherr.com",de.linkedin.com/jobs/view/ux-designer-m-f-d-at-liebherr-group-4062877828
Senior DevOps Engineer (m/w/d),BWI GmbH,"Ulm, Baden-Württemberg, Germany",LinkedIn,https://de.linkedin.com/jobs/view/senior-devops-engineer-m-w-d-at-bwi-gmbh-4280966056?position=13&pageNum=0&refId=adlo28Ag3vVXoao%2B3W732Q%3D%3D&trackingId=ysKWUu%2FPcNrR8Kwy4E2OiA%3D%3D,Not specified,2025-08-10 09:46:44.252083,2025-08-06,,de.linkedin.com/jobs/view/senior-devops-engineer-m-w-d-at-bwi-gmbh-4280966056
Senior DevOps Engineer - Krisenvorsorge­informationssystem Bund (m/w/d),BWI GmbH,"Ulm, Baden-Württemberg, Germany",LinkedIn,https://de.linkedin.com/jobs/view/senior-devops-engineer-krisenvorsorge%C2%ADinformationssystem-bund-m-w-d-at-bwi-gmbh-4280424455?position=14&pageNum=0&refId=adlo28Ag3vVXoao%2B3W732Q%3D%3D&trackingId=G8iVqQbt5mxz9kLzqNi8YQ%3D%3D,Not specified,2025-08-10 09:46:44.252237,2025-08-05,,de.linkedin.com/jobs/view/senior-devops-engineer-krisenvorsorge%C2%ADinformationssystem-bund-m-w-d-at-bwi-gmbh-4280424455
HR Specialist (m/f/d) Recruiting and Onboarding in Konstanz,KNIME,"Constance, Baden-Württemberg, Germany",LinkedIn,https://de.linkedin.com/jobs/view/hr-specialist-m-f-d-recruiting-and-onboarding-in-konstanz-at-knime-4282121890?position=6&pageNum=0&refId=8GBwBjO%2FdI5WJl6sk5Wbuw%3D%3D&trackingId=mFrHhBVbmLZh43fvQU7MKQ%3D%3D,Not specified,2025-08-10 09:47:23.668769,2025-08-08,"Description KNIME is growing rapidly and we’re seeking smart, motivated, and creative people up for the challenge of helping us achieve ambitious scaling goals while continuing to empower the active community. Right now, we are looking for an HR Specialist (m/f/d) with a focus on Recruiting and support with operative Onboarding activities to join our team at KNIME in Konstanz.* Who You Are People Person: You’re driven by candidate and hiring manager experience and excited about growing your career in recruitment. Detail-Oriented: You’re the type who notices the little things and makes sure everything is organised. Competent but Always Learning: New tools, tasks, or challenges? You’re on it, adapting quickly and ready to take on whatever comes your way. Team Player: You enjoy working with others and are always ready to lend a hand to your teammates. Great Communicator: Whether it’s via chat, email, or in person, you know how to get your message across clearly and effectively. Tech-Savvy: You’re comfortable with digital tools and eager to learn new systems that make the recruitment process smoother. AI-Curious: You’re interested in how AI can improve recruitment, onboarding and HR workflows and eager to explore new tools and approaches. That's the job Screening: Review resumes and run quick phone calls to check candidate fit. Coordinating: Set up interviews and make sure scheduling runs smoothly for everyone involved. Data Accuracy: Keep candidate info up-to-date in the ATS and maintain clean records. Relationship Building: Stay in touch with candidates, hiring managers, and external partners to keep collaboration easy. Recruitment Marketing: Support job ad creation and promotion to attract future KNIMErs. Learning & Development: Share knowledge, join learning opportunities, and grow your recruitment skills. Pre- and Onboarding: Communication with the new employee and support for the operational part of onboarding. AI in Action: Test and help with rolling out AI tools that streamline sourcing, screening, or other HR processes, and share what works. About Us KNIME is a fast-growing international Enterprise Software company. At KNIME, we build innovative software to help individuals and organizations make sense of their data through an intuitive, visual approach to data analytics and through integrations to the most advanced data science and AI/ML techniques on the market. KNIME Software comprises two products: the free and open KNIME Analytics Platform which has an intuitive low-code, no-code interface that allows anyone from spreadsheet users to seasoned data scientists to analyze their data; and KNIME Business Hub, its commercial complement that allows for large-scale collaboration and dissemination of insights across an enterprise. At the core, we are an open-source company, which requires KNIMErs often to challenge and rethink conventional commercial strategies and ensure that the user – whether free or commercial – is at the center of every decision being made. At KNIME, you’ll gain experience working with industry leaders in their field – KNIME is used by many Fortune 500 enterprise customers, across 60 countries. Though we are happy to have applicants from further away, we’re not offering relocation benefits for this position. KNIME is an equal opportunity employer. We’re all about providing opportunities for different perspectives to come together, where everyone feels included no matter their background .",de.linkedin.com/jobs/view/hr-specialist-m-f-d-recruiting-and-onboarding-in-konstanz-at-knime-4282121890
Software Engineer Java/BPM (all genders),adesso Schweiz AG,"St Gallen, St Gallen, Switzerland",LinkedIn,https://ch.linkedin.com/jobs/view/software-engineer-java-bpm-all-genders-at-adesso-schweiz-ag-4244836301?position=8&pageNum=0&refId=8GBwBjO%2FdI5WJl6sk5Wbuw%3D%3D&trackingId=qeE12reTc62W%2FLhJ%2FiAEkQ%3D%3D,Not specified,2025-08-10 09:47:23.669026,2025-08-08,"adesso steht für IT-Exzellenz und damit auch für exzellente Entwicklungsmöglichkeiten für alle adessi. Wir wachsen gemeinsam und lernen voneinander – an unseren Projekten, im Team und mit herausragenden Trainingsangeboten. Wir haben IT im Herzen, die Branche im Blick und den Erfolg unserer Kunden im Sinn. Denn erfolgreiches Geschäft entsteht durch innovative Ideen, zukunftsfähige Strategien und kluge IT-Lösungen. Immer sind dabei Menschen beteiligt, die etwas bewegen wollen und das einfach machen. Wir gestalten und bauen Software, die unsere Kunden begeistert. In Projekten, die uns fordern. Und das in einem Umfeld, das uns Spaß macht, in der Erfolg gemeinsam entsteht und sich alle wohlfühlen. DAS KANNST DU BEWEGEN Du bist Profi in der Umsetzung moderner 3-Schicht-Web-Architekturen mit Java/JavaScript (z.B. Angular, React, Spring, JEE, Hibernate/JPA) und willst dort einsteigen, wo Zukunft programmiert wird? Du interessierst Dich für BPMN-Plattformen, wie Flowable? Für dich ist ist Softwareentwicklung mehr als nur Programmierung? Dann suchen wir genau dich! In interdisziplinären Projektteams für unsere Kernbranchen wie bspw. Insurance, Banking, Transportation & Logistics, Public, Telecommunication, Energy & Media bist du gemeinsam mit deinen Kolleg:innen für die Konzeption, das Design und die Entwicklung von technisch anspruchsvollen Softwareprojekten mit Fokus auf BPMN-Tools zuständig. Du übernimmst abwechslungsreiche Tätigkeiten aus dem gesamten Engineering-Prozess: Von der Anforderungsanalyse und den fachlichen bzw. technischen Systementwurf über die Programmierung und Implementierung bis hin zur Qualitätssicherung und dem Projektmanagement. Wir bieten ein breites Spektrum an Aufgaben, Projektarbeit ist unsere Stärke. WIE DIR DAS GELINGT Fundiertes Wissen: Du hast ein erfolgreich abgeschlossenes Studium der Informatik, Wirtschaftsinformatik, Data Science oder in einem vergleichbaren Studiengang mit relevantem Bezug. Erfahrung: 3+ Jahre Erfahrung in der Softwareentwicklung mit Java (insbesondere Spring Boot) und Kenntnisse in DMBS und SQL. JPA, ORM Toolkenntnisse: Umgang mit Git und DevOps Deine Fähigkeiten: Du hast Spaß am analytischen Arbeiten sowie am Analysieren von Prozessen und Daten. Zudem bist du ein Teamplayer mit sehr guten Kommunikations- sowie Präsentationsskills. Sprachkenntnisse: sehr gute Deutsch- und gute Englischkenntnisse Von Vorteil wären: Toolkenntnisse: Docker und k8s und in DevOps (insb. Jenkins, ArgoCD, kustomize) BPM-Kenntnisse: Du kennst dich mit BPM Tools (z.B. Signavio, Adonis, Innovator) und Modellierungssprachen wie BPMN 2.0 und UML aus. Prozessmanagement-Erfahrung: Du bringst Erfahrung im Prozessmanagement und im Bereich BPMN Workflow Engines/LowCode Applikationen mit. CHANCENGEBER - WAS ADESSO AUSMACHT Unser Versprechen: Du wirst dich bei uns wohlfühlen! Kollegial, gemeinschaftlich und auf Augenhöhe – wir leben Austausch, Teamgeist und einen respektvollen Umgang miteinander. Diversität und verschiedene Blickwinkel werden bei uns genauso geschätzt wie du als Mensch. Das und viel mehr steht für unser ganz besonderes Wir-Gefühl. Für das es sogar ein Wort gibt: adessi. Lerne und wachse mit uns: Mit über 400 Trainingsangeboten und unserer digitalen Lernplattform unterstützen wir deine kontinuierliche Weiterentwicklung. Erlebe echten Teamgeist: Gemeinsame Events (z.B. Ski-Weekend und die jährliche Fortbildungsreise eduCamp), Welcome Days, Firmenläufe stärken unseren Zusammenhalt und lassen dich von Anfang an Teil des Teams sein. Engagement, das belohnt wird: Dein Einsatz zahlt sich aus – mit Prämien für Empfehlungen, Vorträge, die Betreuung von Abschlussarbeiten sowie attraktiven Vergünstigungen über unser Corporate-Benefits-Portal. Unsere Kultur und das Zusammenarbeiten sind geprägt von gegenseitiger Wertschätzung, Anerkennung und Unterstützung. Das verbindet uns – auch im Home-Office. Arbeiten in Teilzeit ist nach Absprache möglich (80-100%). Zum wiederholten Mal wurden wir zu einem der besten Arbeitgeber der Schweiz gekürt! Unser umfangreiches Trainingsangebot und ein transparentes Laufbahnstufenmodell für alle sorgen dafür, dass deine Entwicklung bei uns nicht stillsteht. Denn gemeinsam zu wachsen und Chancengeber zu sein, das ist programmiert in unserer DNA. Kontakt Es wird dir bei uns gefallen! Bewirb dich jetzt direkt online. adesso Schweiz AG // Recruiting // T +41 58 520 97 03 // karriere@adesso.ch Recruiting Team",ch.linkedin.com/jobs/view/software-engineer-java-bpm-all-genders-at-adesso-schweiz-ag-4244836301
Mendix Tech Consultant (all genders),adesso Schweiz AG,"St Gallen, St Gallen, Switzerland",LinkedIn,https://ch.linkedin.com/jobs/view/mendix-tech-consultant-all-genders-at-adesso-schweiz-ag-4267221563?position=11&pageNum=0&refId=8GBwBjO%2FdI5WJl6sk5Wbuw%3D%3D&trackingId=EC2I4fmc1s8KcndoQPmxsA%3D%3D,Not specified,2025-08-10 09:47:23.669420,2025-08-07,"adesso steht für IT-Exzellenz und damit auch für exzellente Entwicklungsmöglichkeiten für alle adessi. Wir wachsen gemeinsam und lernen voneinander – an unseren Projekten, im Team und mit herausragenden Trainingsangeboten. Wir haben IT im Herzen, die Branche im Blick und den Erfolg unserer Kunden im Sinn. Denn erfolgreiches Geschäft entsteht durch innovative Ideen, zukunftsfähige Strategien und kluge IT-Lösungen. Immer sind dabei Menschen beteiligt, die etwas bewegen wollen und das einfach machen. Wir gestalten und bauen Software, die unsere Kunden begeistert. In Projekten, die uns fordern. Und das in einem Umfeld, das uns Spaß macht, in der Erfolg gemeinsam entsteht und sich alle wohlfühlen. DAS KANNST DU BEWEGEN Du bist Profi in Mendix und hast Dich auf die auf die Technologie und die Anwendungen dieser Plattformen spezialisiert? Dann suchen wir genau dich! Du entwickelst und betreust Projekte in enger Zusammenarbeit mit den Stakeholdern des Unternehmens. In dieser Rolle wirst Du aktiv am gesamten Softwareentwicklungszyklus von Web- und mobilen Mendix-Anwendungen teilnehmen. Als Mitglied des adesso Low-Code Center of Excellence hast Du die Möglichkeit, in einem kollaborativen, internationalen und multidisziplinären Team an der erfolgreichen Umsetzung hochwertiger Projekte mitzuwirken. Wir bieten ein breites Spektrum an Aufgaben, Projektarbeit ist unsere Stärke. In diesem Kontext leitest, entwickelst und wartest Du Projekte mit Mendix. Teilnahme am gesamten Lebenszyklus der Softwareentwicklung - Analysieren, Verstehen und Dokumentieren der Software- und Geschäftsanforderungen; Konzipieren und Entwerfen der Architektur und Struktur; Entwerfen und Implementieren skalierbarer Datenbanken; Entwickeln von Web- und mobilen Anwendungen; Entwickeln, Entwerfen und Ausführen umfassender Testszenarien sowie Fehlerbehebung; Einrichten, Verwalten und Nachverfolgen des/der Einsatzes/Prozesse; und Wartung durch laufenden Support und Sammeln neuer Anforderungen oder Verbesserungen. Arbeiten Sie in einem Projektteam - Du bietest Anleitung, Feedback und führst Code-Reviews durch. Aktive Teilnahme an Scrum-Zeremonien. Erfahrung mit agilen Methoden und Kenntnisse in mindestens einem Scrum-Framework sind erforderlich. Darüber hinaus arbeitest Du mit Stakeholdern, Projektmanagern und Lösungsarchitekten zusammen, um Systemspezifikationen zu analysieren, sie in Systemanforderungen zu übersetzen und strategische Anleitungen zu geben, um die erfolgreiche Umsetzung des Projekts zu gewährleisten. WIE DIR DAS GELINGT Fundiertes Wissen: Du hast ein erfolgreich abgeschlossenes Studium der Informatik, Wirtschaftsinformatik, Data Science oder in einem vergleichbaren Studiengang mit relevantem Bezug. Erfahrung: 2-3 Jahre Berufserfahrung mit Mendix. Zertifzierung: Mendix Rapid Zertifizierung. Deine Fähigkeiten: Ausgezeichnete verbale und schriftliche Kommunikationsfähigkeiten in Englisch. Sprachkenntnisse: gute Deutschkenntnisse (B2) und/oder Französischkennisse (B2) Von Vorteil wären: Entwicklungskenntnisse: Du hast bereits mit JavaScript, CSS, Python, Java, PHP und PostgreSQL entwickelt. Du kennst Dich asynchrone Prozesse wie Timer und Task Queues aus. Zertifzierungen: Mendix Intermediate und/oder Advanced Zertifizierung. Automatisierungs-Kenntnisse: Entwicklung von CI/CD-Pipelines mit Mendix. Methodenerfahrung: Du bringst Erfahrung in BDD (Behavior-Driven Development), TDD (Test-Driven Development), JUnit Frameworks und Testautomatisierung mit. CHANCENGEBER - WAS ADESSO AUSMACHT Unser Versprechen: Du wirst dich bei uns wohlfühlen! Kollegial, gemeinschaftlich und auf Augenhöhe – wir leben Austausch, Teamgeist und einen respektvollen Umgang miteinander. Diversität und verschiedene Blickwinkel werden bei uns genauso geschätzt wie du als Mensch. Das und viel mehr steht für unser ganz besonderes Wir-Gefühl. Für das es sogar ein Wort gibt: adessi. Lerne und wachse mit uns: Mit über 400 Trainingsangeboten und unserer digitalen Lernplattform unterstützen wir deine kontinuierliche Weiterentwicklung. Erlebe echten Teamgeist: Gemeinsame Events (z.B. Ski-Weekend und die jährliche Fortbildungsreise eduCamp), Welcome Days, Firmenläufe stärken unseren Zusammenhalt und lassen dich von Anfang an Teil des Teams sein. Engagement, das belohnt wird: Dein Einsatz zahlt sich aus – mit Prämien für Empfehlungen, Vorträge, die Betreuung von Abschlussarbeiten sowie attraktiven Vergünstigungen über unser Corporate-Benefits-Portal. Unsere Kultur und das Zusammenarbeiten sind geprägt von gegenseitiger Wertschätzung, Anerkennung und Unterstützung. Das verbindet uns – auch im Home-Office. Arbeiten in Teilzeit ist nach Absprache möglich (80-100%). Zum wiederholten Mal wurden wir zu einem der besten Arbeitgeber der Schweiz gekürt! Unser umfangreiches Trainingsangebot und ein transparentes Laufbahnstufenmodell für alle sorgen dafür, dass deine Entwicklung bei uns nicht stillsteht. Denn gemeinsam zu wachsen und Chancengeber zu sein, das ist programmiert in unserer DNA. Kontakt Es wird dir bei uns gefallen! Bewirb dich jetzt direkt online. adesso Schweiz AG // Recruiting // T +41 58 520 97 03 // karriere@adesso.ch Recruiting Team",ch.linkedin.com/jobs/view/mendix-tech-consultant-all-genders-at-adesso-schweiz-ag-4267221563
Senior Internal Auditor (f/m/d),ZF Group,"Friedrichshafen, Baden-Württemberg, Germany",LinkedIn,https://de.linkedin.com/jobs/view/senior-internal-auditor-f-m-d-at-zf-group-4278204961?position=13&pageNum=0&refId=8GBwBjO%2FdI5WJl6sk5Wbuw%3D%3D&trackingId=VggRtgjXGtMyEnwUVwpy6g%3D%3D,Not specified,2025-08-10 09:47:23.669679,2025-08-05,"Job description: Job Description About the team: As an Auditor (m/f/d), you will be performing and assessing business processes in our department Commercial Audit (VAC). You will also be coordinating audit results with the management and tracking all deviations until they are fixed. In this role you will be elaborating and further developing our risk-oriented audit programs for existing and future audit areas. Additionally, you may also be performing special audits. We are looking for a highly self-sufficient and motivated person able to organize all aspects of an audit. What you can look forward to as Senior Internal Auditor (f/m/d): Independent planning and execution of audits of domestic and foreign companies of ZF with a focus on regularity, efficiency and effectiveness Conducting special audits, consulting services and improvement projects Coordination of the audit results with the responsible management and reporting to the Group management Identification, testing and evaluation of business-critical processes for effectiveness and efficiency and compliance with company requirements Contribution to, and further development of, risk-oriented and control-based audit programs for existing and new audit areas Your profile as Senior Internal Auditor (f/m/d): University degree in Accounting, Finance, Business, Industrial Engineering, Data Science, Economics or similar Professional experience in the internal auditing of an international company Effective written and verbal communication skills, including the ability to explain data and findings to a non-technical audience in German and English language so the significance of the matter being discussed is understood Careful working style, assertiveness and good communication skills combined with a confident demeanor and strong organizational, management, analytical and problem-solving skills Data analytics knowledge is an advantage Why you should choose ZF? Subsidy of public transportation Subsidy of the ZF canteen and cafeteria ZF Velo (Bike Leasing) „EGYM Wellpass“ ZF Fitness Car pooling Plant Bus Services Home Office Inducement ZF Kindergarten Holiday care Pflegeunterstützung (Elder care) Bei ZF leben wir den ZF WAY und fördern Diversität bei Stellenbesetzungen. Grundsätzlich kann die Stelle entsprechend in Vollzeit sowie gemäß TzBfG §7 mit zwei Teilzeitbeschäftigten (m/w/d) besetzt werden. ZF at a glance: https://www.youtube.com/watch?v=WG5alw_AR7U",de.linkedin.com/jobs/view/senior-internal-auditor-f-m-d-at-zf-group-4278204961
ML platform engineer,kaiko.ai,"Zurich, Zurich, Switzerland",LinkedIn,https://ch.linkedin.com/jobs/view/ml-platform-engineer-at-kaiko-ai-4281354793?position=6&pageNum=0&refId=mWqTXtJ1KSz07xw86WKJJg%3D%3D&trackingId=BKfTyrRWNm%2BCye%2F6H2MVig%3D%3D,Not specified,2025-08-10 09:48:02.564523,2025-08-07,"About Kaiko In cancer care, treatment decisions can take many days—but patients don’t have that time. One of the reasons for delays? Cancer patients' data is scattered across many places: doctor’s notes, medical imagery, genomics data. At kaiko, we are developing AI foundation models to bring this data together and integrate it into clinical workflows, enabling doctors to make faster, more effective treatments decisions. We also collaborate closely with the leading Dutch cancer research institute (NKI) on multiple AI research projects and a joint clinical validation initiative. In 2025, we plan on expanding our partnerships to even more hospitals. We raised significant long-term funding and have offices in Zurich and Amsterdam. Over the past year, our team has nearly doubled in size, now comprising 80+ people from 25 countries and we just got recognized as a Rising Innovator at the GenAI conference About The Role You'll be responsible for building and scaling the infrastructure that powers our AI foundation models, directly impacting our ability to help doctors make faster, more effective treatment decisions. Your work will be crucial as we expand our partnerships and scale our operations. You will work closely with our Machine Learning and Data teams to create a robust and efficient platform. You will be based in either The Netherlands or Switzerland, with the expectation of spending at least 50% of your time at the office. Some areas of responsibility You’ll write, maintain, and enhance Infrastructure as Code (IaC) to automate the provisioning and management of our infrastructure. You’ll design and optimize CI/CD pipelines for efficient testing, building, and deployment, ensuring our systems are highly available and reliable. You’ll scale and optimize our containerized applications using Kubernetes. You’ll design and implement hybrid strategies to support workloads across both on-premises and cloud environments. If you are a hands-on engineer who thrives on building scalable, automated systems and are excited about enabling cutting-edge AI research to achieve our goal of revolutionizing cancer care, we think you will love this job. About You You have significant experience with containerization and deployment technologies like Kubernetes, Helm, Terraform, and Docker. You possess strong knowledge of software engineering best practices and CI/CD tooling such as ArgoCD and GitHub Actions. You have strong software engineering skills in languages like Python, Go, C++, Rust or similar languages. You bring hands-on experience with modern observability stacks (Grafana, Prometheus, VictoriaMetrics, Loki, fluent-bit). Nice to have: Experience with machine learning infrastructure or HPC clusters (Linux, NVIDIA GPUs, SLURM, Infiniband). Familiarity with AI/ML frameworks like Ray or MLFlow. Experience with data pipeline/ETL tools (Dagster, dbt) Experience with hybrid or on-prem systems. We are excited to gather a broad range of perspectives in our team, as we believe it will help us build better products to support a broader set of people. If you’re excited about us but don’t fit every single qualification, we still encourage you to apply: we’ve had incredible team members join us who didn’t check every box! Why kaiko At kaiko, we believe the best ideas come from collaboration, ownership and ambition. We’ve built a team of international experts where your work has direct impact. Here’s what we value: Ownership: You’ll have the autonomy to set your own goals, make critical decisions, and see the direct impact of your work. Collaboration: You’ll have to approach disagreement with curiosity, build on common ground and create solutions together. Ambition: You’ll be surrounded by people who set high standards for themselves and others, who see obstacles as opportunities, and who are relentless in their work to create better outcomes for patients. In addition, we offer: An attractive and competitive salary, a good pension plan and 25 vacation days per year. Great offsites and team events to strengthen the team and celebrate successes together. A EUR 1000 learning and development budget to help you grow. Autonomy to do your work the way that works best for you, whether you have a kid or prefer early mornings. An annual commuting subsidy.",ch.linkedin.com/jobs/view/ml-platform-engineer-at-kaiko-ai-4281354793
Machine Learning Engineer – Wallisellen,Stadler,"Wallisellen / Hof, Zurich, Switzerland",LinkedIn,https://ch.linkedin.com/jobs/view/machine-learning-engineer-%E2%80%93-wallisellen-at-stadler-4281376101?position=10&pageNum=0&refId=mWqTXtJ1KSz07xw86WKJJg%3D%3D&trackingId=RM5BR2w5x0BzpYttWE%2F4Gw%3D%3D,Not specified,2025-08-10 09:48:02.564904,2025-08-07,"How You Can Make An Impact Design, build, and maintain machine learning solutions with clear business impact Work with NLP and computer vision to enhance internal tools and processes Write production-quality code, including integration of ML components into larger software systems Collaborate with internal stakeholders to understand needs and deliver practical solutions Contribute to defining the technical direction of a new AI team HOW YOU WILL CONTRIBUTE We are looking for a motivated and technically strong Machine Learning Engineer to join a newly forming AI team at Stadler. You will help develop practical, ML-powered tools that solve real problems across the organization. This is an opportunity to help shape a young and fast-moving initiative from the ground up, with a focus on delivering high-quality, impactful solutions. Your work will likely involve natural language processing (especially with large language models), computer vision, and classical software engineering. Many of our projects combine deep learning with more traditional code to create usable, production-ready tools. You will be responsible not just for the ML components, but also for integrating them into complete systems. Equally important will be producing clear and comprehensive documentation to ensure that these tools can be reliably maintained and scaled across the organization. You will also play a key role in communicating with and educating colleagues from other teams on how to effectively use and integrate these ML solutions into their workflows. We are open to candidates with a range of experience levels, from strong recent graduates to engineers with several years in the field. What matters most is curiosity, initiative, and a strong command of machine learning fundamentals and software craftsmanship. Your Profile Proficient in Python and PyTorch, knowledge of other programming languages and ML frameworks is a big plus Solid understanding of source control, Git, and Docker Strong theoretical understanding of ML, especially as applied to NLP and CV Able to work independently in a dynamic, evolving environment Strong problem-solving skills, intellectual curiosity, and a drive to create value Excellent command of the English language, German is a plus What We Offer The chance to help build something from the ground up, with real ownership and impact A role focused on technical depth, not just implementation A collaborative environment with the flexibility to explore and propose new ideas Similar jobs",ch.linkedin.com/jobs/view/machine-learning-engineer-%E2%80%93-wallisellen-at-stadler-4281376101
ML platform engineer - SLURM Expert,kaiko.ai,"Zurich, Zurich, Switzerland",LinkedIn,https://ch.linkedin.com/jobs/view/ml-platform-engineer-slurm-expert-at-kaiko-ai-4281358175?position=13&pageNum=0&refId=mWqTXtJ1KSz07xw86WKJJg%3D%3D&trackingId=TOPqhN3IL3aibeIo%2BVWT9g%3D%3D,Not specified,2025-08-10 09:48:02.565293,2025-08-07,"About Kaiko In cancer care, treatment decisions can take many days—but patients don’t have that time. One of the reasons for delays? Cancer patients' data is scattered across many places: doctor’s notes, medical imagery, genomics data. At kaiko, we are developing AI foundation models to bring this data together and integrate it into clinical workflows, enabling doctors to make faster, more effective treatments decisions. We also collaborate closely with the leading Dutch cancer research institute (NKI) on multiple AI research projects and a joint clinical validation initiative. In 2025, we plan on expanding our partnerships to even more hospitals. We raised significant long-term funding and have offices in Zurich and Amsterdam. Over the past year, our team has nearly doubled in size, now comprising 80+ people from 25 countries and we just got recognized as a Rising Innovator at the GenAI conference About The Role You'll be responsible for building and scaling the infrastructure that powers our AI foundation models, directly impacting our ability to help doctors make faster, more effective treatment decisions. Your work will be crucial as we expand our partnerships and scale our operations. You will work closely with our Machine Learning and Data teams to create a robust and efficient platform. You will be based in either The Netherlands or Switzerland, with the expectation of spending at least 50% of your time at the office. Some areas of responsibility You’ll scale and optimize our containerized workloads running on SLURM. You’ll write, maintain, and enhance Infrastructure as Code (IaC) to automate the provisioning and management of our infrastructure. You’ll design and optimize CI/CD pipelines for efficient testing, building, and deployment, ensuring our systems are highly available and reliable. You’ll scale and optimize our containerized applications using Kubernetes. You’ll design and implement hybrid strategies to support workloads across both on-premises and cloud environments. If you are a hands-on engineer who thrives on building scalable, automated systems and are excited about enabling cutting-edge AI research to achieve our goal of revolutionizing cancer care, we think you will love this job. About You You are an expert in provisioning, managing, and operating SLURM clusters in machine learning infrastructure. You have significant experience with containerization and deployment technologies like Kubernetes, Helm, Terraform, and Docker. You possess strong knowledge of software engineering best practices and CI/CD tooling such as ArgoCD and GitHub Actions. You have strong software engineering skills in languages like Python, Go, C++, Rust or similar languages. You bring hands-on experience with modern observability stacks (Grafana, Prometheus, VictoriaMetrics, Loki, fluent-bit). Nice to have: Experience with machine learning infrastructure or HPC clusters (Linux, NVIDIA GPUs, SLURM, Infiniband). Familiarity with AI/ML frameworks like Ray or MLFlow. Experience with data pipeline/ETL tools (Dagster, dbt) Experience with hybrid or on-prem systems. We are excited to gather a broad range of perspectives in our team, as we believe it will help us build better products to support a broader set of people. If you’re excited about us but don’t fit every single qualification, we still encourage you to apply: we’ve had incredible team members join us who didn’t check every box! Why kaiko At kaiko, we believe the best ideas come from collaboration, ownership and ambition. We’ve built a team of international experts where your work has direct impact. Here’s what we value: Ownership: You’ll have the autonomy to set your own goals, make critical decisions, and see the direct impact of your work. Collaboration: You’ll have to approach disagreement with curiosity, build on common ground and create solutions together. Ambition: You’ll be surrounded by people who set high standards for themselves and others, who see obstacles as opportunities, and who are relentless in their work to create better outcomes for patients. In addition, we offer: An attractive and competitive salary, a good pension plan and 25 vacation days per year. Great offsites and team events to strengthen the team and celebrate successes together. A EUR 1000 learning and development budget to help you grow. Autonomy to do your work the way that works best for you, whether you have a kid or prefer early mornings. An annual commuting subsidy.",ch.linkedin.com/jobs/view/ml-platform-engineer-slurm-expert-at-kaiko-ai-4281358175
"VP, Translational and Data Science",CSL,"Schlieren, Zurich, Switzerland",LinkedIn,https://ch.linkedin.com/jobs/view/vp-translational-and-data-science-at-csl-4277526115?position=14&pageNum=0&refId=mWqTXtJ1KSz07xw86WKJJg%3D%3D&trackingId=04wEb4B%2FxviFu76KK40OIg%3D%3D,Not specified,2025-08-10 09:48:02.565416,2025-08-05,"The incumbent will lead a global multidisciplinary team to bridge the gap between scientific research and clinical application, leveraging data science to drive innovation and improve patient outcomes. This role is pivotal in translating scientific discoveries into actionable insights and therapeutic strategies. The incumbent will be responsible for high-level strategy, scientific expertise and leadership in the direction, growth and continued development of all aspects of Translational and Data Science including translational research, clinical bioanalytics, bioinformatics and biostatistics. Working closely with clinical development, the leader will champion the generation, delivery, endorsement and implementation of high quality, peer-reviewed bioassay and biomarker strategies/plans to provide timely, decision making, pre-clinical and scientific data to support pivotal pre-clinical Toxicology studies and optimise clinical development programs. The incumbent will also ensure appropriate Translational Research expertise, resource and input to Research projects to ensure a seamless discovery, development and transition of Biomarkers, bioassays into Toxicology and Clinical Development studies. Strategic Leadership Main Responsibilities & Accountabilities Active member of the Research LT, driving CSL’s drug discovery to ensure development of a commercial portfolio that contributes to the company’s vision of being a leading plasma biotech company Develop and implement strategies to integrate translational science and data science into the research and development pipeline. Align translational and data science initiatives with organizational goals to enhance clinical development and patient care. Foster a culture of innovation and collaboration within the team and across departments. Data Science Integration Oversee the application of advanced data analytics, machine learning, and AI to interpret complex biological data. Ensure the development and utilization of data platforms and tools to support translational research. Drive the integration of real-world evidence and big data into research strategies. Translational Science Lead efforts to translate preclinical findings into clinical applications, ensuring scientific discoveries are effectively developed into therapeutic solutions. Collaborate with clinical teams to design and execute translational studies that support drug development and regulatory submissions. Provide scientific leadership in biomarker discovery, validation, and implementation. Research and Clinical Biomarkers Develop and execute assays to enable assessment of clinical benefit risk profile including efficacy, safety, immunogenicity, pharmacokinetic and pharmacodymanic biomarkers Cross-Functional Collaboration Work closely with research, clinical, regulatory, and commercial teams to ensure seamless integration of translational and data science efforts. Facilitate partnerships with external stakeholders, including academic institutions, industry partners, and regulatory bodies. Project Management Oversee the planning, execution, and reporting of translational and data science projects. Ensure projects are delivered on time, within scope, and budget, maintaining high-quality standards. Develop and monitor key performance indicators to measure the success of translational and data science initiatives. Qualifications & Experience Requirements A minimum of 15 years experience in translational medicine, bioinformatics, or related areas within the pharmaceutical or biotechnology industry. Proven track record of leading teams and driving successful research programs from bench to clinic. Strong background in clinical development, biomarker discovery, and computational biology. Exceptional leadership and communication skills to influence cross-functional teams and senior leadership. Deep understanding of bioinformatics tools, data analysis techniques, and translational research methodologies. Ability to navigate complex regulatory environments and work effectively with external collaborators Our Benefits We encourage you to make your well-being a priority. It’s important and so are you. Learn more about how we care at CSL. About CSL Behring CSL Behring is a global biotherapeutics leader driven by our promise to save lives. Focused on serving patients’ needs by using the latest technologies, we discover, develop and deliver innovative therapies for people living with conditions in the immunology, hematology, cardiovascular and metabolic, respiratory, and transplant therapeutic areas. We use three strategic scientific platforms of plasma fractionation, recombinant protein technology, and cell and gene therapy to support continued innovation and continually refine ways in which products can address unmet medical needs and help patients lead full lives. CSL Behring operates one of the world’s largest plasma collection networks, CSL Plasma. Our parent company, CSL, headquartered in Melbourne, Australia, employs 32,000 people, and delivers its lifesaving therapies to people in more than 100 countries. We want CSL to reflect the world around us At CSL, Inclusion and Belonging is at the core of our mission and who we are. It fuels our innovation day in and day out. By celebrating our differences and creating a culture of curiosity and empathy, we are able to better understand and connect with our patients and donors, foster strong relationships with our stakeholders, and sustain a diverse workforce that will move our company and industry into the future. Learn more Inclusion and Belonging | CSL. Do work that matters at CSL Behring!",ch.linkedin.com/jobs/view/vp-translational-and-data-science-at-csl-4277526115
Teamlead Data Science & Analytics (w/m/d),Digitec Galaxus AG,"Zurich, Switzerland",LinkedIn,https://ch.linkedin.com/jobs/view/teamlead-data-science-analytics-w-m-d-at-digitec-galaxus-ag-4280122930?position=15&pageNum=0&refId=mWqTXtJ1KSz07xw86WKJJg%3D%3D&trackingId=0MQn6f7MzYkFffpqospIOA%3D%3D,Not specified,2025-08-10 09:48:02.565537,2025-08-05,"Die Kultur von Galaxus basiert auf unseren Werten: kooperativ, innovativ, piratisch, eigenverantwortlich und ambitioniert. Wir feiern klares Feedback, das allen die Chance gibt, den eigenen Weg zu gehen und sich durch mega Erfolge und gemachte Fehler zu entwickeln. “Wachse mit uns. Mutig sein, echt bleiben.” ist das Mantra, das Transparenz inspiriert und eine Kultur der Offenheit und des Wissensaustauschs stärkt. Als führende Schweizer E-Commerce-Plattform, mit einem Team von über 3.000 Mitarbeitenden in der Schweiz, Deutschland und Serbien, ist Galaxus auf dem Weg in neue Märkte. Wir suchen Talente, die wissen, dass Vielfalt der Schlüssel zu Wachstum und Erfolg ist. Mutig und unkonventionell zu sein, wird bei uns nicht nur gefördert – es ist die DNA unserer Marke. Als Teamlead leitest du eines unserer crossfunktionalen Data Teams. Dieses beinhaltet BI Analysten, Data Engineers und Data Scientisten, die unsere Software Engineering Teams bei der Entwicklung von kundenzentrierten Produkten im Onlineshop unterstützen. Unser Ziel ist es, durch Nutzung unserer Daten klare Entscheidungen zu fällen und eine hohe Automatisierung zu erreichen. Du selbst arbeitest ebenfalls hands-on in einer der Disziplinen mit und bist dadurch Vorbild und spielst eine Schlüsselrolle in der Pflege einer positiven und produktiven Arbeitsatmosphäre. Wir suchen einen Leader mit hohem Verantwortungsbewusstsein, hervorragenden Kommunikationsfähigkeiten und einem Flair für Menschen. Deine Aufgaben Förderung und Begleitung der Mitarbeitenden auf ihrem individuellen Entwicklungsweg. Enge Zusammenarbeit mit dem Team, dem Product Owner, Stakeholdern und den Software Engineering Teams. Operativer Beitrag in Data Engineering, Analytics oder Data Science je nach fachlichem Schwerpunkt. Dein Führungsflair und deine deine Moderationsskills tragen zu einer motivierenden Arbeitsatmosphäre bei. Förderung der bereichsübergreifenden Zusammenarbeit im Data Bereich und Sicherstellung klar definierter Rollen und Schnittstellen. Deine Fähigkeiten Mindestens 2 Jahre Führungserfahrung und 4 Jahre Erfahrung im Bereich Data Engineering, Analytics oder Data Science. Gutes technisches Verständnis, beherrschen von SQL, Python und eine ausgeprägte Affinität für Datenvisualisierungen. Leichtigkeit in der Übernahme von Verantwortung und ein klares Verständnis darüber, was es bedeutet, hochverfügbare Lösungen in der Produktion zu betreiben. Gute Deutschkenntnisse (mindestens B2) und gute Englischkenntnisse. Hohe Empathie und Fähigkeit, Zugang zu verschiedenen Charakteren zu finden. Authentisch positive Ausstrahlung mit natürlicher Motivationskraft und Facilitation in Meetings und Konflikten. Warum startest du bei uns? Kultur ist alles: Unsere Werte – kooperativ, innovativ, piratisch, eigenverantwortlich und ambitioniert – bilden die Grundlage unserer Reise. Mutig und unkonventionell: Dein Mut und dein innovativer Geist werden hier geschätzt. Wir stellen konventionelle Weisheiten in Frage und begrüssen diejenigen, die es wagen, anders zu denken. Unkompliziert: Einfachheit ist unser Kern. Wir vermeiden das Unnötige und konzentrieren uns auf das, was wirklich zählt – deine Entwicklung, unsere gemeinsamen Erfolge und das Meistern von Herausforderungen. Flexibilität und Freiheit: Wir glauben, dass Innovation und Kreativität in einem Umfeld gedeihen, in dem Flexibilität und Freiheit gelebt werden können. Wir bieten Home-Office-Optionen, bis zu 8 Wochen Workation, und jede Position ist in einem 80-100% Pensum möglich. Schnelles Wachstum: Bei uns ist Wachstum eine kontinuierliche Reise. Damit auch du wachsen kannst erhältst du von uns pro Jahr 2000 EDU-Punkte für deine Weiterentwicklung. Weitere Vorteile: Profitiere von unseren Mitarbeitenden-Konditionen in unserem Onlineshop, 25 Tagen Ferien, Galaxus Mobile zum Vorteilspreis und vielem mehr. Wir arbeiten im Team für den Erfolg. Bei Galaxus fördern wir Talente, indem wir uns mit Menschen aus unterschiedlichen Hintergründen zusammentun, um das beste Team zu bilden. Wir stehen für eine gleichberechtigte Behandlung und Chancen für alle, unabhängig von ethnischer oder nationaler Herkunft, Religion, sexueller Orientierung, Familienstand, Geschlecht, Geschlechtsidentität, Alter, Behinderung oder jedem anderen Status. Vielfalt ist unser Treibstoff für Innovation und eine Kultur der Offenheit und Zusammenarbeit.",ch.linkedin.com/jobs/view/teamlead-data-science-analytics-w-m-d-at-digitec-galaxus-ag-4280122930
Research Associate – Hematology,LHH,"Zug, Zug, Switzerland",LinkedIn,https://ch.linkedin.com/jobs/view/research-associate-%E2%80%93-hematology-at-lhh-4267335583?position=18&pageNum=0&refId=mWqTXtJ1KSz07xw86WKJJg%3D%3D&trackingId=Z%2BUfVxwmH%2BJnkiIm6lRWiA%3D%3D,Not specified,2025-08-10 09:48:02.565914,2025-08-06,,ch.linkedin.com/jobs/view/research-associate-%E2%80%93-hematology-at-lhh-4267335583
Senior ML Engineer – NLP & LLMs,kaiko.ai,"Zurich, Zurich, Switzerland",LinkedIn,https://ch.linkedin.com/jobs/view/senior-ml-engineer-%E2%80%93-nlp-llms-at-kaiko-ai-4281359098?position=23&pageNum=0&refId=mWqTXtJ1KSz07xw86WKJJg%3D%3D&trackingId=vwrW5NU9cLlyDCXJ5SWzvg%3D%3D,Not specified,2025-08-10 09:48:02.566552,2025-08-07,,ch.linkedin.com/jobs/view/senior-ml-engineer-%E2%80%93-nlp-llms-at-kaiko-ai-4281359098
Machine Learning Engineer (FullStack ML Development),UTHEREAL.ai,"Zurich, Zurich, Switzerland",LinkedIn,https://ch.linkedin.com/jobs/view/machine-learning-engineer-fullstack-ml-development-at-uthereal-ai-4277328144?position=24&pageNum=0&refId=mWqTXtJ1KSz07xw86WKJJg%3D%3D&trackingId=1ue%2FvYC8HfwxwGJLdZasSg%3D%3D,Not specified,2025-08-10 09:48:02.566676,2025-08-03,,ch.linkedin.com/jobs/view/machine-learning-engineer-fullstack-ml-development-at-uthereal-ai-4277328144
Dashboard & BI specialist 80% - 100% (f/m/d),Julius Baer,"Zurich, Zurich, Switzerland",LinkedIn,https://ch.linkedin.com/jobs/view/dashboard-bi-specialist-80%25-100%25-f-m-d-at-julius-baer-4279652952?position=26&pageNum=0&refId=mWqTXtJ1KSz07xw86WKJJg%3D%3D&trackingId=1QFUOW7uw6jVRpnLv38pdw%3D%3D,Not specified,2025-08-10 09:48:02.566933,2025-08-04,,ch.linkedin.com/jobs/view/dashboard-bi-specialist-80%25-100%25-f-m-d-at-julius-baer-4279652952
AI Research Engineer (Agentic Modeling),UTHEREAL.ai,"Zurich, Zurich, Switzerland",LinkedIn,https://ch.linkedin.com/jobs/view/ai-research-engineer-agentic-modeling-at-uthereal-ai-4277323467?position=27&pageNum=0&refId=mWqTXtJ1KSz07xw86WKJJg%3D%3D&trackingId=FECF0Hfcj5kkw4RkB2SwEQ%3D%3D,Not specified,2025-08-10 09:48:02.567079,2025-08-03,,ch.linkedin.com/jobs/view/ai-research-engineer-agentic-modeling-at-uthereal-ai-4277323467
Senior ML Performance Engineer – Profiling & Distributed Training,kaiko.ai,"Zurich, Zurich, Switzerland",LinkedIn,https://ch.linkedin.com/jobs/view/senior-ml-performance-engineer-%E2%80%93-profiling-distributed-training-at-kaiko-ai-4281358192?position=28&pageNum=0&refId=mWqTXtJ1KSz07xw86WKJJg%3D%3D&trackingId=DLBOsQ3EyinWPqvTzQAXuQ%3D%3D,Not specified,2025-08-10 09:48:02.567208,2025-08-07,,ch.linkedin.com/jobs/view/senior-ml-performance-engineer-%E2%80%93-profiling-distributed-training-at-kaiko-ai-4281358192
AI Research Engineer (RAG),UTHEREAL.ai,"Zurich, Zurich, Switzerland",LinkedIn,https://ch.linkedin.com/jobs/view/ai-research-engineer-rag-at-uthereal-ai-4277326058?position=29&pageNum=0&refId=mWqTXtJ1KSz07xw86WKJJg%3D%3D&trackingId=ffCi7zatT%2BNWJ32XaQkehA%3D%3D,Not specified,2025-08-10 09:48:02.567331,2025-08-03,,ch.linkedin.com/jobs/view/ai-research-engineer-rag-at-uthereal-ai-4277326058
Data Engineer (a),Gi Group,"Risch, Zug, Switzerland",LinkedIn,https://ch.linkedin.com/jobs/view/data-engineer-a-at-gi-group-4279450369?position=30&pageNum=0&refId=mWqTXtJ1KSz07xw86WKJJg%3D%3D&trackingId=lAZItb5q%2B%2FV7lX1DEV9GiA%3D%3D,Not specified,2025-08-10 09:48:02.567464,2025-08-07,,ch.linkedin.com/jobs/view/data-engineer-a-at-gi-group-4279450369
Palantir Specialist,ALTEN,"Zurich, Switzerland",LinkedIn,https://ch.linkedin.com/jobs/view/palantir-specialist-at-alten-4278211252?position=31&pageNum=0&refId=mWqTXtJ1KSz07xw86WKJJg%3D%3D&trackingId=VuxqIWKVSamhRTgN3pQeZA%3D%3D,Not specified,2025-08-10 09:48:02.567587,2025-08-05,,ch.linkedin.com/jobs/view/palantir-specialist-at-alten-4278211252
Real Estate ESG Reporting Analyst,ABB,"Baden, Aargau, Switzerland",LinkedIn,https://ch.linkedin.com/jobs/view/real-estate-esg-reporting-analyst-at-abb-4282929010?position=37&pageNum=0&refId=mWqTXtJ1KSz07xw86WKJJg%3D%3D&trackingId=BdbzmFjvDA4fLtHRurZ6kQ%3D%3D,Not specified,2025-08-10 09:48:02.568287,2025-08-10,,ch.linkedin.com/jobs/view/real-estate-esg-reporting-analyst-at-abb-4282929010
Sustainability Data Engineer,Barry Callebaut Group,"Zurich, Zurich, Switzerland",LinkedIn,https://ch.linkedin.com/jobs/view/sustainability-data-engineer-at-barry-callebaut-group-4267902806?position=39&pageNum=0&refId=mWqTXtJ1KSz07xw86WKJJg%3D%3D&trackingId=d7q2XmjynLgj9ySRlYLimw%3D%3D,Not specified,2025-08-10 09:48:02.568616,2025-08-07,,ch.linkedin.com/jobs/view/sustainability-data-engineer-at-barry-callebaut-group-4267902806
"Software Engineer, Data Infrastructure & Acquisition - Zurich, Switzerland",Speechify,"Zurich, Zurich, Switzerland",LinkedIn,https://ch.linkedin.com/jobs/view/software-engineer-data-infrastructure-acquisition-zurich-switzerland-at-speechify-4281922706?position=40&pageNum=0&refId=mWqTXtJ1KSz07xw86WKJJg%3D%3D&trackingId=TgpTa48ef9ED2naXyOf2CA%3D%3D,Not specified,2025-08-10 09:48:02.568754,2025-08-07,,ch.linkedin.com/jobs/view/software-engineer-data-infrastructure-acquisition-zurich-switzerland-at-speechify-4281922706
Teamlead BI Consulting Analytics Switzerland,HICO Group AG,"Zurich, Zurich, Switzerland",LinkedIn,https://ch.linkedin.com/jobs/view/teamlead-bi-consulting-analytics-switzerland-at-hico-group-ag-4281490617?position=41&pageNum=0&refId=mWqTXtJ1KSz07xw86WKJJg%3D%3D&trackingId=%2F%2BnYoO%2BkDmUuxAxqXNIGfA%3D%3D,Not specified,2025-08-10 09:48:02.568879,2025-08-07,,ch.linkedin.com/jobs/view/teamlead-bi-consulting-analytics-switzerland-at-hico-group-ag-4281490617
Business Intelligence & Data Specialist 100% (m/w/d),MediaMarkt Switzerland,"Dietikon / Im Berg, Zurich, Switzerland",LinkedIn,https://ch.linkedin.com/jobs/view/business-intelligence-data-specialist-100%25-m-w-d-at-mediamarkt-switzerland-4277702406?position=42&pageNum=0&refId=mWqTXtJ1KSz07xw86WKJJg%3D%3D&trackingId=JKUKFmzvDsW9uKbEBJFCng%3D%3D,Not specified,2025-08-10 09:48:02.568999,2025-08-04,,ch.linkedin.com/jobs/view/business-intelligence-data-specialist-100%25-m-w-d-at-mediamarkt-switzerland-4277702406
Senior Data ML Engineer,kaiko.ai,"Zurich, Switzerland",LinkedIn,https://ch.linkedin.com/jobs/view/senior-data-ml-engineer-at-kaiko-ai-4281304272?position=44&pageNum=0&refId=mWqTXtJ1KSz07xw86WKJJg%3D%3D&trackingId=8Bg7eI0KtZUq5hxHSAIPJw%3D%3D,Not specified,2025-08-10 09:48:02.569233,2025-08-07,,ch.linkedin.com/jobs/view/senior-data-ml-engineer-at-kaiko-ai-4281304272
Consultant - Forensic Technology and eDiscovery - EY,Jobs via eFinancialCareers,"Zurich, Zurich, Switzerland",LinkedIn,https://ch.linkedin.com/jobs/view/consultant-forensic-technology-and-ediscovery-ey-at-jobs-via-efinancialcareers-4259467085?position=45&pageNum=0&refId=mWqTXtJ1KSz07xw86WKJJg%3D%3D&trackingId=6Cuj4U6xCTPez89vZt3unQ%3D%3D,Not specified,2025-08-10 09:48:02.569355,2025-08-07,,ch.linkedin.com/jobs/view/consultant-forensic-technology-and-ediscovery-ey-at-jobs-via-efinancialcareers-4259467085
HPC and AI Software Architect,NVIDIA,"Zurich, Zurich, Switzerland",LinkedIn,https://ch.linkedin.com/jobs/view/hpc-and-ai-software-architect-at-nvidia-4279988760?position=47&pageNum=0&refId=mWqTXtJ1KSz07xw86WKJJg%3D%3D&trackingId=Q%2BHtmxdx2hRzdZvUVWgU2Q%3D%3D,Not specified,2025-08-10 09:48:02.569596,2025-08-05,,ch.linkedin.com/jobs/view/hpc-and-ai-software-architect-at-nvidia-4279988760
Senior ML Performance Engineer – Profiling & Distributed Training,kaiko.ai,"Zurich, Switzerland",LinkedIn,https://ch.linkedin.com/jobs/view/senior-ml-performance-engineer-%E2%80%93-profiling-distributed-training-at-kaiko-ai-4280062966?position=49&pageNum=0&refId=mWqTXtJ1KSz07xw86WKJJg%3D%3D&trackingId=KOs%2B149PRFQT8ye1C4TXAg%3D%3D,Not specified,2025-08-10 09:48:02.569834,2025-08-05,,ch.linkedin.com/jobs/view/senior-ml-performance-engineer-%E2%80%93-profiling-distributed-training-at-kaiko-ai-4280062966
Software Engineer (a),akenza.io,"Zurich, Zurich, Switzerland",LinkedIn,https://ch.linkedin.com/jobs/view/software-engineer-a-at-akenza-io-4277364279?position=51&pageNum=0&refId=mWqTXtJ1KSz07xw86WKJJg%3D%3D&trackingId=FVSxCIOL%2F%2BcewTSjlbmAkQ%3D%3D,Not specified,2025-08-10 09:48:02.570080,2025-08-04,,ch.linkedin.com/jobs/view/software-engineer-a-at-akenza-io-4277364279
Data Engineer,Swisslinx,"Zug, Zug, Switzerland",LinkedIn,https://ch.linkedin.com/jobs/view/data-engineer-at-swisslinx-4281363200?position=53&pageNum=0&refId=mWqTXtJ1KSz07xw86WKJJg%3D%3D&trackingId=nOu9MZ7QiI0677R%2BRaAAQA%3D%3D,Not specified,2025-08-10 09:48:02.570325,2025-08-07,,ch.linkedin.com/jobs/view/data-engineer-at-swisslinx-4281363200
Data & AI Lakehouse Engineer 80-100% m/w/d,Victorinox,"Schwyz, Switzerland",LinkedIn,https://ch.linkedin.com/jobs/view/data-ai-lakehouse-engineer-80-100%25-m-w-d-at-victorinox-4279443262?position=57&pageNum=0&refId=mWqTXtJ1KSz07xw86WKJJg%3D%3D&trackingId=AxR9SjWCchV0Yh9By3ryZQ%3D%3D,Not specified,2025-08-10 09:48:02.570803,2025-08-07,,ch.linkedin.com/jobs/view/data-ai-lakehouse-engineer-80-100%25-m-w-d-at-victorinox-4279443262
Senior Data Engineer (m/f/d),Hays,"Risch-Rotkreuz, Zug, Switzerland",LinkedIn,https://ch.linkedin.com/jobs/view/senior-data-engineer-m-f-d-at-hays-4280940731?position=60&pageNum=0&refId=mWqTXtJ1KSz07xw86WKJJg%3D%3D&trackingId=5%2Bdal6cZNjABlBLIZ1NQww%3D%3D,Not specified,2025-08-10 09:48:02.571156,2025-08-06,,ch.linkedin.com/jobs/view/senior-data-engineer-m-f-d-at-hays-4280940731
In-house Senior Data Science Consultant GenAI/Agentic AI - Germany / Remote Options,MAM Gruppe,"Essen, North Rhine-Westphalia, Germany",LinkedIn,https://de.linkedin.com/jobs/view/in-house-senior-data-science-consultant-genai-agentic-ai-germany-remote-options-at-mam-gruppe-4280311138?position=23&pageNum=0&refId=gs2PBeYPL8TW3DYghOBNwQ%3D%3D&trackingId=Lq0PLAHR%2BR%2Fo9D2RqytjgQ%3D%3D,Not specified,2025-08-10 09:48:43.432355,2025-08-05,"In-house Senior Data Science Consultant GenAI/Agentic AI - Germany / Remote Options Location: Essen Enterprise client (multi billion global player) Our client is seeking an In-house Senior Data Science Consultant with focus GenAI & Agentic AI to lead the design and deployment of cutting-edge GenAI & Agentic AI solutions that scale across international business units. This role blends technical execution with strategic impact, enabling innovation across cross-functional teams. Key Responsibilities: Partner with project leads, data experts, and stakeholders to define use cases and deliver scalable GenAI and Agentic AI solutions. Own end-to-end project delivery—from scoping and planning to implementation and rollout. Communicate insights clearly to both technical and non-technical audiences. Mentor teams, promote knowledge sharing, and help build a strong internal community for GenAI & Agentic AI. Drive innovation by exploring new technologies and influencing solution design. Requirements: Project experience (1-2 years) in GenAI and/or Agentic AI solutions. 4-7 years’ experience in the field of data science. Experience in consulting or in-house consulting. Excellent communication skills tailored to diverse audiences. Strategic mindset with a strong understanding of aligning tech with business goals. Fluent in German and English.",de.linkedin.com/jobs/view/in-house-senior-data-science-consultant-genai-agentic-ai-germany-remote-options-at-mam-gruppe-4280311138
AI Engineer (m/w/d),Goodman Masson Deutschland,"Essen, North Rhine-Westphalia, Germany",LinkedIn,https://de.linkedin.com/jobs/view/ai-engineer-m-w-d-at-goodman-masson-deutschland-4282118760?position=31&pageNum=0&refId=gs2PBeYPL8TW3DYghOBNwQ%3D%3D&trackingId=8p6RAjktw%2BfJmbxWKXsKMA%3D%3D,Not specified,2025-08-10 09:48:43.433359,2025-08-08,"Data Scientist (m/w/d) Unser Kunde aus Essen, ein internatioanl tätiges Unternehmen, ist aktuell auf der Suche nach einem Data Scientist (m/w/d) in unbefristeter Festanstellung und in der Direktvermittlung. Ihre Aufgaben Leitung der Data Science Projekte in einem abteilungsübergreifenden Team Eigenverantwortliche Entwicklung von Modellen für Analyse und Prognose Ableitung konkreter Handlungsempfehlungen und Visualisierung der Ergebnisse Konzeption innovativer Lösungen unter Anwendung moderner Methoden aus Statistik, Machine Learning und mathematischer Optimierung Erfolgreiche Kommunikation von Ergebnissen Ihr Profil Abgeschlossenes Studium in (Wirtschafts-)Informatik, Statistik, (Wirtschafts-) Mathematik, Wirtschaftswissenschaften oder ähnlicher Berufsausbildung Mehrjährige Erfahrung im Bereich Machine Learning in verschiedenen Anwendungen Fundierte Kenntnisse in Pythonin Bezug auf RAG und LLM Erfahrung im Umgang mit PostgreSQL Kentnisse in der Azure Cloud Sehr gute Deutsch- und Englischkenntnisse Diese Benefits erwarten Sie 60% Homeoffice Unbefristete Festanstellung Moderner Tech-Stack Flexible Arbeitszeiten Gestaltungsspielraum Entwicklungsangebote Wir suchen genau Sie? Dann bewerben Sie sich jetzt unter Angaben der Referenznummer LB- 141287 sowie Ihren Gehaltsvorstellungen und des frühestmöglichen Eintrittstermins per E-Mail mit aussagekräftigen Bewerbungsunterlagen. Ihr Ansprechpartner für diese Position ist: Herr Lean Bayertz (lean.bayertz@goodmanmasson.de) Desired Skills and Experience python, Machine Learning, Deep learning, Azure, FAST API, RAG, LLM, PostgreSQL",de.linkedin.com/jobs/view/ai-engineer-m-w-d-at-goodman-masson-deutschland-4282118760
Senior Machine Learning / AI Engineer (all genders),adesso SE,"Essen, North Rhine-Westphalia, Germany",LinkedIn,https://de.linkedin.com/jobs/view/senior-machine-learning-ai-engineer-all-genders-at-adesso-se-3733038770?position=50&pageNum=0&refId=gs2PBeYPL8TW3DYghOBNwQ%3D%3D&trackingId=PrdDxUCOcIhROxFq2tRpqA%3D%3D,Not specified,2025-08-10 09:48:43.435702,2025-08-06,"Wir gehören zu den Top-Adressen in der IT-Welt und fokussieren uns auf die Optimierung der Kerngeschäfts­prozesse unserer Kunden. Durch den smarten Einsatz maßgeschneiderter IT-Lösungen unterstützen wir unsere Kunden dabei, das Beste aus ihrem Business und aktuellen Technologien herauszuholen. Unseren Erfolg aber erreichen wir nur durch eins: die Menschen bei adesso! Sie bringen Ideen, fachliches Know how und Technologien zusammen. Gemeinsam programmieren wir (deine) Zukunft bei adesso. DEINE ROLLE Konzeption und Implementierung: Du konzipierst und implementierst innovative AI-Lösungen für unterschiedliche Branchen mit starkem Fokus auf Cloud-Infrastrukturen. Optimierung und Automatisierung: Du unterstützt uns bei der Optimierung und Automatisierung bestehender AI-Lösungen und sorgst damit für eine kontinuierliche Verbesserung der AI-Produkte unserer Kunden. ML-Modelle und Beratung: Du automatisierst Trainings- und Release-Prozesse von ML-Modellen und berätst unsere Kunden bei der Auswahl und Implementierung moderner AI-Plattformen und -Frameworks. AI Use Cases und Geschäftsmodelle: Du unterstützt uns und unsere Kunden bei der Identifizierung und Umsetzung von innovativen AI Use Cases sowie bei der Entwicklung von neuen datengetriebenen Geschäftsmodellen. Teamarbeit und Weiterentwicklung: Du arbeitest gerne gemeinsam im Team beständig an der Weiterentwicklung unserer AI-Lösungen und bist dabei technologisch stets auf dem neuesten Stand. DEIN PROFIL Akademischer Hintergrund: Erfolgreich abgeschlossenes Studium in der Fachrichtung Informatik, Wirtschaftsinformatik oder ein vergleichbares Studium mit relevantem Bezug Berufserfahrung: Mindestens zwei Jahre einschlägige Berufserfahrung mit ausgeprägtem ML-Hintergrund und Erfahrung in der Erstellung, Bereitstellung und Pflege von ML-Modellen in der Produktion Technische Fähigkeiten: Fortgeschrittene Kenntnisse in Python und den gängigen Machine Learning-Bibliotheken sowie Erfahrungen mit MLOps-Tools wie MLflow, KubeFlow o.ä. Zusatzkenntnisse: Von Vorteil sind Erfahrungen im Umgang mit großen Datenmengen sowie im Einsatz von Infrastructure as Code (Terraform, ARM). Teamfähigkeit und Innovationsfreude: Spaß an der Arbeit in einem agilen Team, ""Out of the box""-Denken und hohes Interesse daran, sich mit neuen Themen auseinanderzusetzen Sprachkenntnisse: Sehr gute Deutsch- und gute Englischkenntnisse Unser Versprechen: Du wirst dich bei uns wohlfühlen! Kollegial, familiär und auf Augenhöhe – wir leben Austausch, Teamgeist und einen respektvollen Umgang miteinander. Diversität und verschiedene Blickwinkel werden bei uns genauso geschätzt wie du als Mensch. Das und viel mehr steht für unser ganz besonderes Wir-Gefühl. Für das es sogar ein Wort gibt: adessi. Unsere Kultur und das Zusammenarbeiten sind geprägt von gegenseitiger Wertschätzung, Anerkennung und Unterstützung. Das verbindet uns hierarchieübergreifend – auch im Home-Office. So belegen wir zum wiederholten Mal den 1. Platz beim Wettbewerb „Deutschlands Beste Arbeitgeber in der ITK“!. Unser umfangreiches Trainingsangebot und ein transparentes Laufbahnstufenmodell für alle sorgen dafür, dass deine Entwicklung bei uns nicht stillsteht. Denn gemeinsam zu wachsen und Chancengeber zu sein, das ist programmiert in unserer DNA.",de.linkedin.com/jobs/view/senior-machine-learning-ai-engineer-all-genders-at-adesso-se-3733038770
(Strategy) Consultant - Data & Analytics Portfolio  (m/w/d),ALDI DX,"Mülheim an der Ruhr, North Rhine-Westphalia, Germany",LinkedIn,https://de.linkedin.com/jobs/view/strategy-consultant-data-analytics-portfolio-m-w-d-at-aldi-dx-4280229072?position=55&pageNum=0&refId=gs2PBeYPL8TW3DYghOBNwQ%3D%3D&trackingId=A3e8gsWBWCouppveFDnTtg%3D%3D,Not specified,2025-08-10 09:48:43.436285,2025-08-08,"Infotext Bei ALDI DX entwickeln wir innovative digitale Produkte und Dienstleistungen für unsere Mitarbeiter:innen und Kund:innen in elf ALDI SÜD Ländern und über 7.300 ALDI SÜD Filialen weltweit. Wir schaffen digitalen Mehrwert, um hervorragende Qualität zum niedrigsten Preis zu bieten. Geleitet werden wir dabei von den drei Kernwerten der Unternehmensgruppe ALDI SÜD – „Einfachheit“, „Verlässlichkeit“ und „Verantwortung“. Daneben stehen ebenso unser Team und unsere Performance im Zentrum unseres Handelns. Deine Aufgaben Wofür du dein Bestes gibst. Beratung der Geschäftsführung in strategischen und operativen Fragestellungen, Ermittlung von Handlungsbedarfen und Erstellung entsprechender Entscheidungsvorlagen Eigenständige Durchführung datengetriebener Analysen von Projekten, Ressourcen und Risiken zur Erarbeitung einer fundierten strategischen Planung Unterstützung im Zusammenhang mit der Steuerung der Finanz- und Ressourcenplanung Optimierung bestehender Prozesse und kontinuierliche Verbesserung der Ablauf- und Aufbauorganisation von der Konzeption bis zur Umsetzung Enge Zusammenarbeit mit internationalen Fachbereichen und externen Partnern sowie Sicherstellung einer effektiven Kommunikation und Zusammenarbeit Vorbereitung und Moderation von Meetings und Workshops Dein Profil Was du mitbringen solltest. Abgeschlossenes Masterstudium mit überdurchschnittlichen Leistungen sowie erste Praxiserfahrungen in einer Top-Managementberatung oder in der Strategieabteilung eines größeren Unternehmens Ausgeprägtes strukturiertes und analytisches Denkvermögen sowie Freude am Lösen komplexer Herausforderungen Proaktive Herangehensweise, hervorragende Organisationskompetenz und die Fähigkeit, Aufgaben selbstständig anzugehen und zu Ende zu führen Ausgezeichnete Kommunikationsfähigkeiten, sicheres Auftreten im Austausch mit der Geschäftsführungsebene und hervorragende Sprachkenntnisse in Wort und Schrift in der deutschen und englischen Sprache Freude an der Arbeit in interdisziplinären Teams in einem globalen Umfeld und ausgeprägte Teamfähigkeit Sicherer Umgang mit Microsoft-Anwendungen, insbesondere PowerPoint und Excel; Erfahrungen mit Power BI, Tableau oder ähnlichen Tools sind von Vorteil Deine Benefits Wie wir deinen Einsatz wertschätzen. Mobiles Arbeiten an bis zu drei Tagen in der Woche innerhalb Deutschlands State-of-the-art-Technologien Attraktive Vergütung sowie Urlaubs- und Weihnachtsgeld Zukunftsorientierte Schulungen und Weiterbildung Modulares Onboarding und Buddy Gesundheitsangebote Dein Tech Stack Womit du unter anderem arbeitest. M365 SAP Tableau Power BI Service Now Viele weitere jobabhängig",de.linkedin.com/jobs/view/strategy-consultant-data-analytics-portfolio-m-w-d-at-aldi-dx-4280229072
(Senior) Data Analyst (m/w/d),TieTalent,"Neuss, North Rhine-Westphalia, Germany",LinkedIn,https://de.linkedin.com/jobs/view/senior-data-analyst-m-w-d-at-tietalent-4280904082?position=57&pageNum=0&refId=gs2PBeYPL8TW3DYghOBNwQ%3D%3D&trackingId=wc%2FSuW8fq%2F6MOOddYedn2w%3D%3D,Not specified,2025-08-10 09:48:43.436521,2025-08-06,"About Als erfolgreiche Captive Bank für Finanzierungslösungen gehören wir zum bedeutenden Renault Konzern. Wir sind die Triebfeder zur Unterstützung des mobilen Wandels hin zu neuen Mobilitätslösungen, Elektrofahrzeugen, etc. Wir verstehen uns nicht als “typische Bank”: Bei uns findest Du den lockeren Dresscode eines dynamischen Unternehmens. Wir sind entschieden auf dem Weg zu einer agilen Organisation, die darauf wartet Deine Ideen und Deine Kraft zur Mitgestaltung einzusetzen. Die von unseren Kunden geschätzte Innovationskraft und Flexibilität ist uns auch intern sehr wichtig. Wir haben ein Umfeld geschaffen, das von Gestaltungsfreude und großer Mitarbeiterwertschätzung geprägt ist. Für unsere Direktion Finanzen suchen wir zum nächstmöglichen Zeitpunkt eine/n (Senior) Data Analyst (m/w/d) Definition und Abstimmung von Datenanforderungen in enger Zusammenarbeit mit den Fachbereichen zur Sicherstellung einer zielgerichteten Datennutzung. Zusammenführung, Analyse und Aufbereitung komplexer Daten aus unterschiedlichen Quellen in aussagekräftige Reports – inklusive handlungsrelevanter Kommentierungen zur Unterstützung strategischer Entscheidungen. Mitarbeit in Projekten mit Schwerpunkt auf der Einführung und kontinuierlichen Optimierung von Reportingprozessen und Datenflüssen. Aktive Mitwirkung an Themen der Data Governance sowie an Maßnahmen zur Sicherung und Steigerung der Datenqualität. Fachliche Ansprechfunktion für verantwortete Themenbereiche sowie Durchführung von Schulungen für Business Analyst:innen zur Förderung datengetriebener Kompetenzen im Unternehmen Studium der Betriebswirtschaftslehre, der Wirtschaftsinformatik oder eines vergleichbaren Studiengangs Erfahrung in der Koordination und Umsetzung datengetriebener Projekte im Reporting-Umfeld Hohe Zahlenaffinität, sicherer Umgang mit großen Datenvolumen sowie mit ad-hoc-Anfragen Fundierte Kenntnisse in MS Excel, Kenntnisse in BI4 und Alteryx von Vorteil Strukturierte, lösungsorientierte Arbeitsweise mit hoher Eigenverantwortung und der Kompetenz, unter Termindruck souverän und erfolgreich zu arbeiten Umsetzungsstärke, gepaart mit einer Orientierung an Kundenanforderungen und -bedürfnissen Ausgeprägte Teamfähigkeit, verbunden mit der Bereitschaft zum aktiven Wissenstransfer Klare, adressatengerechte Kommunikation sowie verhandlungssichere Deutsch- und Englischkenntnisse teamorientierte Unternehmenskultur mit hoher Gestaltungsfreiheit flexible Arbeitszeiten und Remote-Working-Anteil Inhouse Schulungsacademy mit einer Vielzahl an fachlichen Trainings und Softskill-Schulungen moderne Büroausstattung Fahrzeugleasingprogramm & Jobrad Leasing Arbeitgeberfinanzierte betriebliche Altersvorsorgung Arbeiten im internationalen Kontext TITL1_DE Nice-to-have skills Alteryx Neuss, North Rhine-Westphalia, Germany Work experience Data Analyst Business Analyst Business Intelligence Languages German",de.linkedin.com/jobs/view/senior-data-analyst-m-w-d-at-tietalent-4280904082
Betriebswirt als HR Data Analyst - Personalplanung / Jahresplanung (m/w/d),TieTalent,"Grevenbroich, North Rhine-Westphalia, Germany",LinkedIn,https://de.linkedin.com/jobs/view/betriebswirt-als-hr-data-analyst-personalplanung-jahresplanung-m-w-d-at-tietalent-4282657545?position=59&pageNum=0&refId=gs2PBeYPL8TW3DYghOBNwQ%3D%3D&trackingId=%2FWvKBIheZwFANaFHeA%2FT0w%3D%3D,Not specified,2025-08-10 09:48:43.436753,2025-08-09,,de.linkedin.com/jobs/view/betriebswirt-als-hr-data-analyst-personalplanung-jahresplanung-m-w-d-at-tietalent-4282657545
AI Engineer Fokus Large Language Models (w/m/d),PwC Deutschland,Greater Dusseldorf Area,LinkedIn,https://de.linkedin.com/jobs/view/ai-engineer-fokus-large-language-models-w-m-d-at-pwc-deutschland-4280859752?position=60&pageNum=0&refId=gs2PBeYPL8TW3DYghOBNwQ%3D%3D&trackingId=AhpRyggeaI3zAE3n0vJnvQ%3D%3D,Not specified,2025-08-10 09:48:43.436871,2025-08-06,,de.linkedin.com/jobs/view/ai-engineer-fokus-large-language-models-w-m-d-at-pwc-deutschland-4280859752
Fullstack Entwickler:in - Digital Banking (d/m/w),Lexware,"Freiburg, Baden-Württemberg, Germany",LinkedIn,https://de.linkedin.com/jobs/view/fullstack-entwickler-in-digital-banking-d-m-w-at-lexware-4281684976?position=2&pageNum=0&refId=j6E70S8NlsBDUMsZXrUZkw%3D%3D&trackingId=g4QytJ7IsEEGj9aQVgKSeA%3D%3D,Not specified,2025-08-10 09:49:24.880785,2025-08-08,"Wir halten unseren Kund:innen den Rücken frei, indem wir eine Banklösung schaffen, die sich optimal in die Buchhaltungswelt von Lexware Office integriert. Dadurch wird die Buchhaltung unserer Kund:innen quasi zum Selbstläufer. Hilf uns dabei, die Services unseres jungen Teilproduktes so zu skalieren, dass sie der Verarbeitung großer Mengen an Finanz- und Buchhaltungsdaten gewachsen sind. Wir kennen noch nicht alle Antworten und müssen über viele kleine Experimente lernen, wie wir dieses Ziel bestmöglich für unsere Kund:innen erreichen. Dazu brauchen wir dich zum nächstmöglichen Zeitpunkt! Unterstütze uns als Full-Stack Entwickler:in - Digital Banking. Bei uns in Freiburg im Breisgau, einer der sonnigsten Städte Deutschlands. Unser Büro bietet die ideale Umgebung für Zusammenarbeit und kreativen Austausch. Wir legen Wert auf direkte Kommunikation vor Ort, schätzen aber auch die Vorteile des Arbeitens von zu Hause. Das passende Gleichgewicht findest du gemeinsam mit uns. Das Erwartet Dich In einem interdisziplinären Team mit Rollen aus den Bereichen Softwareentwicklung, User Experience, Data Science, agilem Coaching & Product Ownership treibst du kontinuierlich die Entwicklung des Lexware Geschäftskontos in einer cloud-basierten Webanwendung voran Für uns stehen die Bedürfnisse unserer Kund:innen im täglichen Fokus. In iterativen Schritten testen wir in Ende-zu-Ende Verantwortung kontinuierliche Verbesserungen am Produkt, um diese mit unseren Kund:innen zu validieren Wir halten stets Ausschau nach den neuesten Entwicklungen im Bereich BaaS, um unseren Kund:innen eine nahtlose Integration von Bank und Buchhaltung zu bieten, sodass diese begeistert sind Gemeinsam im Team entscheiden wir, welche Tools wir einsetzen und welche Themen wir wie umsetzen. Hierfür sind wir im kontinuierlichen Dialog und immer offen für neue Ansätze & Experimente Das Bringst Du Mit Du hast schon einige Jahre Erfahrung als Full-Stack -Entwickler:in und Lust darauf, moderne Banking-Software zu bauen, die unsere Kund:innen wirklich begeistert Das Arbeiten in Microservice-Architekturen und die technischen Herausforderungen der Kommunikation zwischen Microservices bist du gewohnt Im Frontend fühlst du dich mit React, TypeScript und Material UI zu Hause Im Backend bringst du Know-how in Spring Boot und relationalen Datenbanken mit – am besten mit PostgreSQL Auch in der AWS-Welt (z. B. EC2, S3, RDS, Lambda) bewegst du dich sicher Clean Code, Test Driven Development und agile Methoden sind für dich Teil eines guten Entwicklungsprozesses – nicht nur Theorie Und in Meetings auf Deutsch kannst du problemlos mitdiskutieren Wir setzen auf Team-Recruiting - Die Bewerbungsgespräche führt unser Team selbst. Wir freuen uns darauf, dich kennen zu lernen. Emily setzt gerne die Brille unserer Kund:innen auf und verwendet ihre Energie dafür, dass das Banking in Lexware Office im Zusammenhang mit der Buchhaltung zum Kinderspiel wird. Ihren Ausgleich für diese herausfordernde Aufgabe findet sie bei langen Spaziergängen mit ihrem Hund Andreas hat schon mit vielen verschiedenen Technologie Stacks Softwareprodukte gebaut und entwickelt gerne skalierbare Lösungen, die im Team verstanden und gepflegt werden. Für den Ausgleich fährt er am liebsten mit Freund:innen MTB Touren durch den Schwarzwald Anke ist Full-Stack-Entwicklerin mit einer Vorliebe für das Frontend. Sie liebt es, komplexe Anwendungen nicht nur funktional, sondern auch ansprechend und benutzerfreundlich zu realisieren. In ihrer Freizeit gibt sie ihrer Nichte Klavierunterricht und findet sportlichen Ausgleich in Form von Joggen, Radfahren oder Pamela Reif Workouts Maik kümmert sich darum, zu jeder Stimmung und Gefühlslage das passende Meme oder GIF zu finden. Als Fullstack-Entwickler jagd er nicht nur unermüdlich den Sprintzielen sondern auch seinem Duolingo-Streak hinterher Felix liebt es, an stabilen und gut durchdachten Lösungen für unsere Banking-Plattform zu arbeiten – besonders dann, wenn technische Herausforderungen eine kreative Architektur erfordern. Den perfekten Ausgleich findet er auf dem Fahrrad oder beim Reisen mit seinem Bulli durch Europa – immer auf der Suche nach abgelegenen Surfspots. Wenn er nicht gerade auf dem Wasser ist, baut und repariert er gerne Surfbretter selbst Lydia kümmert sich als Scrum Master um sämtliche Belange der erfolgreichen, teamübergreifenden Zusammenarbeit und kontinuierlichen Verbesserung. Nach Feierabend ist sie am liebsten mit ihrem Fahrrad unterwegs oder beschäftigt sich mit ihrer wachsenden Zimmerpflanzen- Familie Job ID: REF75K Karrierelevel: Professionals",de.linkedin.com/jobs/view/fullstack-entwickler-in-digital-banking-d-m-w-at-lexware-4281684976
Scrum Master & Organisationsentwickler:in (d/m/w),Lexware,"Freiburg, Baden-Württemberg, Germany",LinkedIn,https://de.linkedin.com/jobs/view/scrum-master-organisationsentwickler-in-d-m-w-at-lexware-4279611451?position=4&pageNum=0&refId=j6E70S8NlsBDUMsZXrUZkw%3D%3D&trackingId=60uxgX%2Be9bamKclwCKhlhg%3D%3D,Not specified,2025-08-10 09:49:24.881072,2025-08-04,"“Ich helfe mit, Unternehmertum in Deutschland zu erleichtern!” - Wer kann das schon von seinem Beruf sagen? Was traumhaft klingt, wird für Dich wahr! Steige ein als Scrum Master & Organisationsentwickler:in (d/m/w) für unsere neue Organisationseinheit “AI-Solutions” – so bald wie möglich, bei uns in Freiburg im Breisgau , einer der sonnigsten Städte Deutschlands. Unterstütze das bestehende Lexware Team “GenAI” sowie bis zu zwei neue Teams mit deiner langjährigen Expertise und Leidenschaft für agile Prinzipien dabei, eigenverantwortlich, kundenzentriert und ergebnisorientiert zu arbeiten: Damit wir es schon bald immer mehr der 3,8 Mio. Kleinst- und Kleinunternehmer:innen in Deutschland ermöglichen, mit Hilfe künstlicher Intelligenz heute die richtigen Entscheidungen zu treffen, um auch morgen erfolgreich zu sein. Unser Büro ist der ideale Ort für Zusammenarbeit und kreativen Austausch. Deshalb treffen wir uns regelmäßig – mindestens einmal pro Woche – vor Ort. Und weil’s bei uns manchmal schnell gehen muss, solltest du auch spontan ins Büro kommen können, wenn es drauf ankommt. Gleichzeitig wissen wir, dass fokussiertes Arbeiten oft besser von zu Hause gelingt – das richtige Gleichgewicht findest du gemeinsam mit dem Team. Das Erwartet Dich Du leistest einen aktiven Beitrag dabei, eine neue, unabhängige Organisationseinheit mit hohem Impact und direkter Kundennähe aufzubauen und wirst dabei Teil einer Kultur, in der Verantwortung, Vertrauen und Wirkung zählen Du moderierst und schaffst den Rahmen für Team Termine (z.B. Scrum-Zeremonien) und teamübergreifende Workshops – mit klarer Struktur, Ergebnisfokus und Beteiligung aller, die einen Beitrag leisten können. Dabei hast du ein wachsames Auge darauf, dass wir unsere Kern-Prinzipien leben - auf Team- sowie Organisations-Ebene Gestaltungsfreiheit im “Wie” du unser Team im Prozess der Zusammenarbeit begleitest. Da du das Einmaleins agiler Frameworks wie Scrum im Schlaf beherrschst, meisterst du den Spagat aus reiner Lehre und pragmatischem Vorgehen Du förderst ein Team-Mindset, das künstliche Intelligenz (AI) nicht als Tool, sondern als Denkweise versteht: „Live and breathe AI“ heißt, dass wir uns ständig fragen, wie KI unsere Arbeit, unsere Zusammenarbeit und den Kundennutzen verbessert Das Bringst Du Mit Ein abgeschlossenes Wirtschafts (-Psychologie) Studium oder eine vergleichbare Qualifikation z.B. als systemische:r Berater:in. Idealerweise hast du als Prozess-Facilitator bereits mehrere Teams und/oder Organisationen in der Entwicklung begleitet und dabei Erfahrung in einem Multi-Team Kontext gesammelt Starke Moderations-, Coaching- und Kommunikationsskills – Du förderst echte Teamentwicklung, keine Showformate. Idealerweise Erfahrung in der Begleitung von Produkt Neuentwicklungen, Methoden wie z.B. Lean Startup oder Design Thinking sind dir kein Fremdwort Du fühlst Dich in dynamischen, schnelllebigen Umfeldern wohl und kannst auch bei häufigen Wechseln von Anforderungen die Orientierung behalten – sowohl für Dich als auch für Dein Team Du hast Interesse an KI und technologischer Innovation – nicht unbedingt als Expert:in, aber als neugierige:r Begleiter:in, der/die gemeinsam mit dem Team neue Möglichkeiten auslotet und reflektiert, wie KI unsere eigene Arbeitsweise und die unserer Kund:innen sinnvoll unterstützen kann Unsere Teamsprache ist Deutsch, daher sind sehr gute Deutschkenntnisse (mind. C2) ein Muss Wir setzen auf Team-Recruiting - Die Bewerbungsgespräche führt unser Team selbst. Wir freuen uns darauf, dich kennen zu lernen. Birgit, Max, Thorsten - Als Trio haben wir stets den Markt im Blick und sorgen für ein gutes Zusammenspiel von Produktvision, Vermarktung und technischer Integratio Thomas, Camilo, Bastian und Ralf - Das vielseitige Quartett der Softwareentwicklung und Data Science. Wir überwinden die technologischen Hindernisse mit innovativen Lösungen und sorgen für wirklich begeisterte Kund:innen Lydia – Schlagkräftige Teams sind das Fundament einer funktionierenden Organisation. Als Scrum Master unterstützt sie den stabilen und nachhaltigen Aufbau. Nach Feierabend erkundet sie gerne mit meinem Gravel Bike die Umgebung von Freiburg Job ID: REF40K Karrierelevel: Professionals",de.linkedin.com/jobs/view/scrum-master-organisationsentwickler-in-d-m-w-at-lexware-4279611451
(Senior) Principle Statistical Advisor - HTA and Market Access,Boehringer Ingelheim,"Biberach, Baden-Württemberg, Germany",LinkedIn,https://de.linkedin.com/jobs/view/senior-principle-statistical-advisor-hta-and-market-access-at-boehringer-ingelheim-4279617733?position=7&pageNum=0&refId=j6E70S8NlsBDUMsZXrUZkw%3D%3D&trackingId=qmSQ%2FFFvPk7HWNgg2qZOXA%3D%3D,Not specified,2025-08-10 09:49:24.881536,2025-08-04,"The Position Biostatistics and Data Sciences (BDS) is a global organization with more than 500 employees within the Human Pharma Business Unit. Working in close collaboration with other functions at Boehringer Ingelheim and external vendors we combine methodological and technical data science skills with business and scientific expertise to drive smart, timely and confident decision making at every stage of drug development, approval, and access. On our journey to transform BDS into a modern data science organization our intent is to create a learning organization in which people develop and deploy leading-edge data science approaches and technologies to actively plan, generate and evaluate evidence that shapes informed decision-making along the value chain. Join our function Therapeutic Area and Methodology (TAM) Statistics and become part of our global methodology group. Drive user-centric innovations to foster holistic evidence implementation and their accessibility to our business by providing consultancy and solutions to our clinical development teams. Tasks & Responsibilities In your new role, you will closely collaborate with other statisticians and provide statistical-methodological expertise on multiple of the following topics: integration of external data into clinical development and HTA reports, e.g. via usage of Bayesian borrowing and external control complex evidence synthesis including Bayesian network meta-analysis patient-focused drug development including clinical endpoint development and psychometric validation of instruments clinical trial design that enables RCT generalizability to real world populations and settings, for example, pragmatic trial and flexible augmented clinical trial for improved evidence generation (FACTIVE) target trial emulation, causal inference and real world evidence methodology Advanced statistical methods will be evaluated by you to foster holistic evidence generation, with a focus on prototyping and developing ready-to-use toolkits. Additionally, you will take the lead in driving their implementation Contributing to the large-scale implementation of these innovative toolkits will be one of your key responsibilities Pragmatic solutions will be offered by you to our clinical development teams, enabling holistic evidence generation that addresses the needs of various stakeholders, including internal decision-making, regulatory requirements, market access, and medical affairs The application of complex statistical concepts will be presented and quantitatively illustrated by you to stakeholders such as management, external partners, and regulatory agencies Moreover, statistical-methodological trainings will be delivered by you to both statisticians and non-statisticians.Additionally, you will mentor and guide other colleagues. You will define and supervise the technical and scientific work of interns and students and contribute to their professional journey Additional Tasks For Senior Principal TAM Statistician As Senior Principal TAM Statistician you will identify upcoming trends and requirements in the areas mentioned above You will initiate collaborations with other colleagues Planning or supporting the organization of respective trainings and mentoring sessions will fall under your responsibilities Internal and/or external working groups will be led by you, ensuring effective coordination and progress Requirements Master of Science (MSc) or Doctoral Degree (PhD) from an accredited institution, in Statistics or Mathematics or related field (Psychology, Data Science, Finance, etc.) Several years of experience as a statistician or data scientist in an area relevant for the specific role Advanced understanding of clinical development Demonstrated, hand-on experience in providing consultation to clinical development teams or planning and conducting experimental designs A proven track record in successfully developing, extending, implementing, and providing training on complex and innovative statistical methodologies and concepts Advanced scientific background in at least one of the topics mentioned above Proficiency in statistical software languages (preferably R) to implement statistical concepts Good interpersonal and communication skills with a willingness to both: challenge and be challenged Demonstrated ability to work effectively with and in global teams Fluency in written and spoken English Additional Requirements For Senior Principal TAM Statistician Long term years of experience as a statistician or data scientist in an area relevant for the specific role Extensive understanding of clinical development In-depth knowledge in more than two of the topics mentioned above Experience in leading a team Ready to contact us? If you have any questions about the job posting or process - please contact our HR Direct Team, Tel: +49 (0) 6132 77-3330 or via mail: hr.de@boehringer-ingelheim.com Recruitment process: Step 1: Online application - The job posting is presumably online until September 1st, 2025. We reserve the right to take the posting offline beforehand. Step 2: Virtual meeting in the period of mid-August until mid-September. Step 3: On-site interviews in the period of mid-September until mid-October. Our Company Why Boehringer Ingelheim? With us, you can develop your own path in a company with a culture that knows our differences are our strengths \u2013 and break new ground in the drive to make millions of lives better. Here, your development is our priority. Supporting you to build a career as part of a workplace that is independent, authentic and bold, while tackling challenging work in a respectful and friendly environment where everyone is valued and welcomed. Alongside, you have access to programs and groups that ensure your health and wellbeing are looked after \u2013 as we make major investments to drive global accessibility to healthcare. By being part of a team that is constantly innovating, you'll be helping to transform lives for generations. Want to learn more? Visit https://www.boehringer-ingelheim.com",de.linkedin.com/jobs/view/senior-principle-statistical-advisor-hta-and-market-access-at-boehringer-ingelheim-4279617733
(Senior) Consultant Data Science - AI and Data (w/m/d),EY,"Nuremberg, Bavaria, Germany",LinkedIn,https://de.linkedin.com/jobs/view/senior-consultant-data-science-ai-and-data-w-m-d-at-ey-4237455122?position=4&pageNum=0&refId=dUJUMPz%2FM9fROY8RM6LYdg%3D%3D&trackingId=hpxo9OPlms7ORRi%2FthGK4w%3D%3D,Not specified,2025-08-10 09:50:00.515533,2025-08-03,"Are you ready to shape your future with confidence? Gemeinsam die Welt jeden Tag ein bisschen besser machen. Für diesen Anspruch setzen wir bei EY alles in Bewegung und gehen als Team „all in“. Schließlich haben wir ein klares Ziel vor Augen: nachhaltigen Wert und Wachstum zu schaffen – für unsere Mandant:innen, Mitarbeitenden und die gesamte Gesellschaft. Unser globales Netzwerk aus rund 400.000 Mitarbeitenden weltweit bietet dir alle Möglichkeiten zu wachsen, dich zu entwickeln, dich zu spezialisieren sowie deine Stärken und Interessen beruflich zu verfolgen. Wir glauben daran, dass der richtige Karriereweg so individuell ist wie du. Deine Aufgaben Als Teil unseres multidisziplinären AI-and-Data-Teams bringst du dein technologisches Wissen ein, um aktuelle Fragestellungen für unsere Mandant:innen verschiedenster Branchen mithilfe Künstlicher Intelligenz zu lösen. In unserem Team wirst du vielfältige Aufgaben übernehmen, darunter: Du berätst unsere Mandant:innen von der Ideation, über die Konzeption und Entwicklung bis zu der Produktivsetzung und dem Monitoring von KI-Projekten. Du strukturierst und planst gemeinsam mit unseren Mandant:innen KI-Anwendungsfälle, die einen Mehrwert generieren. Du entwickelst, trainierst und optimierst Machine-Learning-Modelle insbesondere in Python. Du stellst die Einhaltung regulatorischer und ethischer Standards sowie der internen Qualitätsanforderungen unserer Mandant:innen bei der Implementierung von KI-Lösungen sicher und entwickelst diese weiter. Du bereitest technische Anforderungen und Ergebnisse auf und kommunizierst sie gegenüber fachlichen Ansprechpartnern und dem Management. Dein Skillset Du hast dein technisches, naturwissenschaftliches, mathematisches oder vergleichbares Studium erfolgreich abgeschlossen. Du konntest bereits erste Erfahrungen in der Entwicklung von Machine-Learning-Modellen, insbesondere mit Python unter Verwendung gängiger Libraries (beispielsweise NumPy, pandas, scikit-learn, TensorFlow oder PyTorch) sammeln und besitzt ein breites Wissensspektrum im Bereich Data Science, welches du lösungsorientiert einsetzen kannst. Du verfügst über Expertise in der Entwicklung, Qualitätssicherung und Operationalisierung von Anwendungsfällen mit (generativen) Large-Language-Modellen, Transformer-Architekturen und kommunizierst sicher auf Deutsch und Englisch (mindestens C1-Niveau). Dein Mindset Agil: Du bist der Meinung, dass eine flexible Denkweise genauso wichtig für den Erfolg ist wie Wissen und Fähigkeiten. Neugierig: Du bist ambitioniert und engagiert. Wir suchen Menschen, die in Chancen und nicht in Herausforderungen denken und durch gezielte Fragen bessere Lösungen finden. Teamorientiert: Du schätzt vielfältige Perspektiven und arbeitest gerne im Team. Wir suchen Menschen, die gemeinsam mit uns etwas erreichen und ein vertrauensvolles Arbeitsumfeld schaffen wollen. Deine Benefits Bei EY arbeitest du in leistungsstarken, interdisziplinären Teams mit innovativen Technologien. In einem flexiblen und inklusiven Arbeitsumfeld unterstützen wir dich in deinen unterschiedlichen Lebenssituationen. Inspirierende Kolleg:innen sowie Trainings- und Entwicklungsmöglichkeiten on- und off-the-Job, helfen dir dabei, über dich hinauszuwachsen und die Fähigkeiten weiterzuentwickeln, die du zukünftig brauchst. Eine steile Lernkurve ist dir garantiert. Mehr über unsere Benefits. Bewirb dich noch heute! Mehr Informationen zum Bewerbungsprozess bei EY findest du auf unserer Karriereseite. Was andere über uns sagen, findest du auf kununu und Glassdoor. Bei EY leben wir Vielfalt und begrüßen alle Bewerbungen. Sag uns gerne frühzeitig Bescheid, wenn wir dich hinsichtlich eines barrierefreien Bewerbungsprozesses unterstützen können. Du hast noch Fragen? Unser Recruitment Center beantwortet diese gerne unter +49 6196 996 10005.",de.linkedin.com/jobs/view/senior-consultant-data-science-ai-and-data-w-m-d-at-ey-4237455122
Mitarbeiter Data Analytics (m/w/d) in Nürnberg,Deloitte,"Nuremberg, Bavaria, Germany",LinkedIn,https://de.linkedin.com/jobs/view/mitarbeiter-data-analytics-m-w-d-in-n%C3%BCrnberg-at-deloitte-4280729571?position=5&pageNum=0&refId=dUJUMPz%2FM9fROY8RM6LYdg%3D%3D&trackingId=MFnxpX6flQl8Vy%2FrBa%2F4Iw%3D%3D,Not specified,2025-08-10 09:50:00.515677,2025-08-06,"Du machst den Unterschied. Ob im Business Audit & Assurance, Tax & Legal, Consulting oder Advisory. Wir bei Deloitte unterstützen unsere weltweiten Mandanten dabei, sich kontinuierlich weiterzuentwickeln und zu wachsen. Entdecke ein vielfältiges Arbeitsumfeld, das ständig in Bewegung ist und immer um ein Zentrum kreist: dich und dein Know-how. What impact will you make? Du willst im Bereich Audit & Assurance dazu beitragen, das Vertrauen unserer Mandanten und anderer Stakeholder in unsere Arbeit zu stärken? Bring dein Fachwissen ein und leiste deinen Beitrag, um die Qualität unserer Dienstleistungen erstklassig zu halten und unsere Services stetig weiterzuentwickeln. Sichere unseren gemeinsamen Erfolg und mach mit uns den Unterschied: als Mitarbeiter Data Analytics (m/w/d). Standorte: Berlin , Dresden , Düsseldorf , Frankfurt (Main) , Hamburg , Hannover , Köln , Leipzig , Magdeburg , Mannheim , München , Nürnberg und Stuttgart . Dein Impact: Als Mitarbeiter Data Analytics (m/w/d) gestaltest du mit datengetriebenen Lösungen die Zukunft der Qualitätssicherung im Audit – und trägst durch innovative Analysen und Modelle zur Weiterentwicklung unseres Qualitäts- und Risikomanagements bei. Analytics: Du erstellst und entwickelst nachhaltige, wertschöpfende Analysen, Prognosen und Modelle im Bereich Audit Quality Analytics. Support: Bei der Weiterentwicklung von Prognosemodellen und Tools unterstützt du dein Team. Gestaltungsräume: Du entwickelst neue Lösungen auf der Basis von Big Data-Plattformen, Visualisierungen oder künstlicher Intelligenz. Reporting: Die Bereitstellung von (PowerBI) Reports für relevante Stakeholder zählt ebenfalls zu deinen Aufgaben. Dein Skillset: Abschluss eines Hochschulstudiums mit dem Schwerpunkt (Wirtschafts-)Mathematik, Wirtschaftsinformatik, Wirtschaftsingenieurwesen, Statistik, Wirtschaftswissenschaften IT Skills im Bereich Data Analytics MS Office-Kenntnisse im umfassenden Maß Sehr gutes Deutsch und Englisch in Wort und Schrift sowie ausgeprägte analytische und kommunikative Fähigkeiten Deine Chance: Spannende Aufgaben in einem innovativen Umfeld mit hochmotivierten Kolleg:innen, die sich schon jetzt auf deine Impulse freuen Gute Rahmenbedingungen mit attraktivem Gehalt und zahlreichen Zusatzleistungen, z. B. Firmen-Smartphone zur privaten Nutzung, Fahrradleasing und Corporate Benefits Work-Life-Balance durch Mobile Working & Teilzeit, EU Remote Working, Sabbaticals, Mitarbeiter:innen-Events, Well-being Angebote wie z. B. Gesundheitstage, Kooperationen mit Fitness-Anbietern und den Familienservice, der dich bei privaten Herausforderungen unterstützt Exzellente Weiterbildung an der Deloitte University, in On- und Offline-Seminaren und im Rahmen der Berufsqualifikation Vielfältige Gestaltungsspielräume und aktive Förderung einer inklusiven Unternehmenskultur – u. a. durch unsere Diversity & Inclusion Mitarbeiter:innen-Netzwerke Bist du bereit? Mach mit uns den Unterschied! Unser Recruiting-Team freut sich auf deine Bewerbungsunterlagen (CV sowie Abitur-, Hochschul- und Arbeitszeugnisse) über unser Online-Formular. Ein Anschreiben und ein Bewerbungsfoto sind bei uns nicht erforderlich. Gleiche Chancen für alle: Wir freuen uns über Bewerbungen von Menschen, die so vielfältig sind wie wir – unabhängig von Alter, Behinderung, ethnischer Herkunft und Nationalität, Geschlecht, Religion, sexueller Orientierung oder sozialer Herkunft. Noch Fragen? Alle Infos zu unserem Bewerbungsprozess findest du in unseren Bewerbungs-FAQs . Job-ID: 48798",de.linkedin.com/jobs/view/mitarbeiter-data-analytics-m-w-d-in-n%C3%BCrnberg-at-deloitte-4280729571
Senior Artificial Intelligence Specialist (all genders),adesso SE,"Nuremberg, Bavaria, Germany",LinkedIn,https://de.linkedin.com/jobs/view/senior-artificial-intelligence-specialist-all-genders-at-adesso-se-3961465504?position=7&pageNum=0&refId=dUJUMPz%2FM9fROY8RM6LYdg%3D%3D&trackingId=5RhnCQDF5dDU34cGIAPz8g%3D%3D,Not specified,2025-08-10 09:50:00.515937,2025-08-04,"Wir gehören zu den Top-Adressen in der IT-Welt und fokussieren uns auf die Optimierung der Kerngeschäfts­prozesse unserer Kunden. Durch den smarten Einsatz maßgeschneiderter IT-Lösungen unterstützen wir unsere Kunden dabei, das Beste aus ihrem Business und aktuellen Technologien herauszuholen. Unseren Erfolg aber erreichen wir nur durch eins: die Menschen bei adesso! Sie bringen Ideen, fachliches Know how und Technologien zusammen. Gemeinsam programmieren wir (deine) Zukunft bei adesso. DEINE ROLLE Branchenübergreifende Beratung: Du berätst unsere Kunden branchenübergreifend bezüglich datengetriebener Lösungen mit einem Fokus auf künstliche Intelligenz. Projektbetreuung: Du betreust die Umsetzung von KI-Projekten ganzheitlich, beginnend bei der Use Case Definition, über die Entwicklung, bis hin zur Operationalisierung. Projekteinsatz: Du übernimmst je nach Seniorität die Rolle eines Product Owners, Requirements Engineers oder Entwicklers in Projekten. Themenentwicklung: Du unterstützt aktiv bei der Entwicklung neuer Themen. DEIN PROFIL Fundiertes Wissen: Erfolgreich abgeschlossenes Studium in den Fachrichtungen Informatik, Data Science, (Computer-)Linguistik, Kognitionswissenschaft oder ein vergleichbarer Studiengang. Eine Promotion ist von Vorteil, aber keine Voraussetzung . Programmierkenntnisse: Gute Kenntnisse in Python oder R, inklusive Entwicklung in der Cloud (z.B. AWS, Azure) Berufserfahrung: Mindestens zwei Jahre Berufserfahrung in einer vergleichbaren Position, inklusive agiler Projekt- bzw. Produktentwicklung Kommunikationsfähigkeiten: Teamgeist mit sehr guten Kommunikations-, Management- und Präsentationsfähigkeiten Leidenschaft: Begeisterung für Beratung, künstliche Intelligenz und die Entwicklung innovativer Produkte Sprachkenntnisse: Fließend in Deutsch und Englisch, weitere Sprachen sind von Vorteil Unser Versprechen: Du wirst dich bei uns wohlfühlen! Kollegial, familiär und auf Augenhöhe – wir leben Austausch, Teamgeist und einen respektvollen Umgang miteinander. Diversität und verschiedene Blickwinkel werden bei uns genauso geschätzt wie du als Mensch. Das und viel mehr steht für unser ganz besonderes Wir-Gefühl. Für das es sogar ein Wort gibt: adessi. Unsere Kultur und das Zusammenarbeiten sind geprägt von gegenseitiger Wertschätzung, Anerkennung und Unterstützung. Das verbindet uns hierarchieübergreifend – auch im Home-Office. So belegen wir zum wiederholten Mal den 1. Platz beim Wettbewerb „Deutschlands Beste Arbeitgeber in der ITK“!. Unser umfangreiches Trainingsangebot und ein transparentes Laufbahnstufenmodell für alle sorgen dafür, dass deine Entwicklung bei uns nicht stillsteht. Denn gemeinsam zu wachsen und Chancengeber zu sein, das ist programmiert in unserer DNA.",de.linkedin.com/jobs/view/senior-artificial-intelligence-specialist-all-genders-at-adesso-se-3961465504
GIS Solution Engineer (m/w/d),BWI GmbH,"Nuremberg, Bavaria, Germany",LinkedIn,https://de.linkedin.com/jobs/view/gis-solution-engineer-m-w-d-at-bwi-gmbh-4279659732?position=9&pageNum=0&refId=dUJUMPz%2FM9fROY8RM6LYdg%3D%3D&trackingId=yENVAzQ%2B6QpQJW5mYBGSYw%3D%3D,Not specified,2025-08-10 09:50:00.516207,2025-08-04,"Sorgen Sie gemeinsam mit uns für die digitale Zukunftsfähigkeit der Bundeswehr. Als primärer Digitalisierungspartner der Bundeswehr erbringen wir stabile, sichere und effiziente IT-Services im In- und Ausland, vom Grundbetrieb bis in den einsatznahen Bereich und tragen so zur kontinuierlichen Erhöhung der Führungs- und Einsatzfähigkeit der Bundeswehr bei. Mit über 7.700 Kolleg*innen betreiben und modernisieren wir eine der größten und komplexesten IT-Infrastrukturen in Deutschland. Wir suchen verantwortungsvolle IT-Spezialist*innen, die die Bundeswehr-IT aus Überzeugung in herausfordernden Digitalisierungsvorhaben weiterentwickeln und so einen Beitrag zur Sicherheit Deutschlands leisten wollen. Die Abteilung Software Data Analytics realisiert datenzentrierte Projekte im Kunden- und Eigenbetrieb. Sie testet neuste Erkenntnisse aus KI und Data Science und setzt krisenrelevante Enterprise-Lösungen für tausende Nutzer um, abdeckend das gesamte Spektrum moderner datengetriebener Systeme. Der Fokus liegt auf Data Science, KI & Machine Learning, deren Architekturen sowie Full-Stack Softwareentwicklung. Ihre Aufgaben: Konzeption, Entwicklung und Implementierung von GIS-basierten Anwendungen zur Lösung kundenspezifischer Anforderungen Management, Analyse und Visualisierung heterogener Geodatenbestände im Rahmen einer umfassenden Geodateninfrastruktur (GDI) Automatisierung komplexer Geodatenprozesse durch Programmierung, insbesondere mit Python und relevanten Bibliotheken (z. B. GeoPandas, Rasterio, Shapely) Administration und Konfiguration der ArcGIS Enterprise Produktpalette Fachliche Unterstützung von Softwareentwicklungsteams bei der Integration von Geo-Funktionalitäten in bestehende und neue Produktestreiche mit Open Source GIS Komponenten Technologisches Monitoring und Bewertung neuer Entwicklungen in den Bereichen GIS, Fernerkundung und GDI Erstellung technischer Dokumentationen zur Sicherstellung von Wissenstransfer und Nachvollziehbarkeit Ihr Profil: Abgeschlossenes Studium im MINT-Bereich mit Schwerpunkt Geoinformatik, Umweltinformatik, Geoökologie oder vergleichbare Qualifikation mit starkem Geodaten- und IT-Bezug Mehrjährige praktische Erfahrung mit GIS-Software (z. B. MapLibre, ESRI, FME) und räumlichen Datenbanken (z. B. PostgreSQL/PostGIS) Fundierte Kenntnisse in der Konzeption und dem Aufbau von Geodateninfrastrukturen mit ArcGIS Enterprise und Open Source Software Ausgeprägte Kenntnisse in der Open Source WebGIS und MobileGIS Entwicklung Hohes Maß an Lernbereitschaft sowie Interesse an technologischen Weiterentwicklungen im GIS-Umfeld Eine sehr gute Kommunikationsfähigkeit in deutscher Sprache und Teamarbeit, besonders an Schnittstellen zu nicht-technischen Bereichen sowie im interdisziplinären Kontext, sind wichtig. Wir bieten: Durch abwechslungsreiche und gesellschaftlich relevante Aufgaben gewährleisten wir den reibungslosen IT-Betrieb und die Digitalisierung der Bundeswehr Die BWI bietet eine marktgerechte Vergütung, einen sicheren Arbeitsplatz sowie eine prämierte und arbeitgeberfinanzierte betriebliche Altersvorsorge Sie starten grundsätzlich mit 30 Tagen Jahresurlaub mit Option auf individuelle Anpassungen Über unsere Benefit-App stehen Ihnen ein monatliches Guthaben und Steuervergünstigungen auf Tickets für den ÖPNV zur Verfügung Wir ermöglichen Ihnen Flexibilität, um Beruf und Privatleben in Einklang zu bringen, etwa durch mobiles Arbeiten oder Vertrauensarbeitszeit und dem langfristigen Aufbau eines Wertguthabenkontos für z.B. ein Sabbatical Neben der Möglichkeit ein Jobrad zu leasen, profitieren Sie von zahlreichen Angeboten aus den Bereichen Sport und Ernährung",de.linkedin.com/jobs/view/gis-solution-engineer-m-w-d-at-bwi-gmbh-4279659732
Sports Data Consultant (all genders),adesso SE,"Nuremberg, Bavaria, Germany",LinkedIn,https://de.linkedin.com/jobs/view/sports-data-consultant-all-genders-at-adesso-se-4151470880?position=10&pageNum=0&refId=dUJUMPz%2FM9fROY8RM6LYdg%3D%3D&trackingId=qjPcXxB%2Bsk1ipMsuCVbm8g%3D%3D,Not specified,2025-08-10 09:50:00.516338,2025-08-08,"Wir gehören zu den Top-Adressen in der IT-Welt und fokussieren uns auf die Optimierung der Kerngeschäfts­prozesse unserer Kunden. Durch den smarten Einsatz maßgeschneiderter IT-Lösungen unterstützen wir unsere Kunden dabei, das Beste aus ihrem Business und aktuellen Technologien herauszuholen. Unseren Erfolg aber erreichen wir nur durch eins: die Menschen bei adesso! Sie bringen Ideen, fachliches Know how und Technologien zusammen. Gemeinsam programmieren wir (deine) Zukunft bei adesso. DEINE ROLLE Schnittstelle gestalten: Du verstehst Kundenanforderungen, koordinierst mit der Softwareentwicklung und führst Sport-Performance-Projekte bis zum Abschluss. Lösungen realisieren: Gemeinsam mit deinem Team entwickelst du cloudbasierte Sportdatenplattformen und intuitive Daten-Frontends. Sportorganisationen beraten: Du hilfst Vereinen und Verbänden, maßgeschneiderte IT-Infrastrukturen, Datenstrategien und Visualisierungen zu entwickeln. Datenprozesse optimieren: Du analysierst, integrierst und dokumentierst Daten- und Schnittstellenprozesse für eine reibungslose Nutzung. KPIs entwickeln: Idealerweise schaffst du neue Kennzahlen mit statistischen Modellen und Machine Learning für Trainer, Analysten und Fans. Projekte steuern: Du behältst Zeit, Budget und Qualität im Blick und stimmst Änderungen direkt mit dem Account Management ab. DEIN PROFIL Abschluss: Ein Studium oder eine Ausbildung im Bereich Business Intelligence, Data Science, IT oder Betriebswirtschaft bildet deine Basis für diese Rolle. Erfahrung: Du bringst eine mindestens 3-jährige Erfahrung im Software-Projektmanagement und Data Consulting Expertise aus der Sportbranche mit. Datenkompetenz: Du besitzt ausgeprägte Fähigkeiten in der Analyse, Prozessierung, Interpretation und/oder Visualisierung von spiel- und spielerbezogenen Daten. Cloud-Dienste: Du bist vertraut mit Cloud-Diensten (AWS, Azure, Google etc.), Business Intelligence und/oder Datenvisualisierungstools (Tableau, Fabric / PowerBI, Qlik etc.). Programmierkenntnisse: Du entwickelst und optimierst Datenpipelines mit Python und SQL. Sprachkenntnisse: Deine sehr guten Deutsch- und guten Englischkenntnisse ermöglichen dir eine sichere Kommunikation. Unser Versprechen: Du wirst dich bei uns wohlfühlen! Kollegial, familiär und auf Augenhöhe – wir leben Austausch, Teamgeist und einen respektvollen Umgang miteinander. Diversität und verschiedene Blickwinkel werden bei uns genauso geschätzt wie du als Mensch. Das und viel mehr steht für unser ganz besonderes Wir-Gefühl. Für das es sogar ein Wort gibt: adessi. Unsere Kultur und das Zusammenarbeiten sind geprägt von gegenseitiger Wertschätzung, Anerkennung und Unterstützung. Das verbindet uns hierarchieübergreifend – auch im Home-Office. So belegen wir zum wiederholten Mal den 1. Platz beim Wettbewerb „Deutschlands Beste Arbeitgeber in der ITK“!. Unser umfangreiches Trainingsangebot und ein transparentes Laufbahnstufenmodell für alle sorgen dafür, dass deine Entwicklung bei uns nicht stillsteht. Denn gemeinsam zu wachsen und Chancengeber zu sein, das ist programmiert in unserer DNA.",de.linkedin.com/jobs/view/sports-data-consultant-all-genders-at-adesso-se-4151470880
Senior Consultant Data/Cloud Analytics / Regulatory (m/w/d) in Nürnberg,Deloitte,"Nuremberg, Bavaria, Germany",LinkedIn,https://de.linkedin.com/jobs/view/senior-consultant-data-cloud-analytics-regulatory-m-w-d-in-n%C3%BCrnberg-at-deloitte-4243057755?position=16&pageNum=0&refId=dUJUMPz%2FM9fROY8RM6LYdg%3D%3D&trackingId=jBAAP0mjLHxGgOtewOt6ig%3D%3D,Not specified,2025-08-10 09:50:00.517123,2025-08-05,,de.linkedin.com/jobs/view/senior-consultant-data-cloud-analytics-regulatory-m-w-d-in-n%C3%BCrnberg-at-deloitte-4243057755
Linux Kernel Engineer - Ubuntu,Canonical,"Nuremberg, Bavaria, Germany",LinkedIn,https://de.linkedin.com/jobs/view/linux-kernel-engineer-ubuntu-at-canonical-4281969344?position=17&pageNum=0&refId=dUJUMPz%2FM9fROY8RM6LYdg%3D%3D&trackingId=cXuh2ZTYbLfMzWqUzMleNQ%3D%3D,Not specified,2025-08-10 09:50:00.517251,2025-08-08,,de.linkedin.com/jobs/view/linux-kernel-engineer-ubuntu-at-canonical-4281969344
Consultant Strategie- und Managementberatung Fokus Data & AI (m/w/d) in Nürnberg,Deloitte,"Nuremberg, Bavaria, Germany",LinkedIn,https://de.linkedin.com/jobs/view/consultant-strategie-und-managementberatung-fokus-data-ai-m-w-d-in-n%C3%BCrnberg-at-deloitte-4243061749?position=18&pageNum=0&refId=dUJUMPz%2FM9fROY8RM6LYdg%3D%3D&trackingId=Hxkkyd72Mdfy5Uasqd37YQ%3D%3D,Not specified,2025-08-10 09:50:00.517380,2025-08-05,,de.linkedin.com/jobs/view/consultant-strategie-und-managementberatung-fokus-data-ai-m-w-d-in-n%C3%BCrnberg-at-deloitte-4243061749
Microsoft SQL-Server Consultant,Instaffo,"Nuremberg, Bavaria, Germany",LinkedIn,https://de.linkedin.com/jobs/view/microsoft-sql-server-consultant-at-instaffo-4280946472?position=20&pageNum=0&refId=dUJUMPz%2FM9fROY8RM6LYdg%3D%3D&trackingId=MY21QLrcitwpZysNtoZVBw%3D%3D,Not specified,2025-08-10 09:50:00.517641,2025-08-06,,de.linkedin.com/jobs/view/microsoft-sql-server-consultant-at-instaffo-4280946472
Software Maintenance Engineer,Canonical,"Nuremberg, Bavaria, Germany",LinkedIn,https://de.linkedin.com/jobs/view/software-maintenance-engineer-at-canonical-4280704951?position=21&pageNum=0&refId=dUJUMPz%2FM9fROY8RM6LYdg%3D%3D&trackingId=%2BvrZ9rglNNByz3HRiTncxg%3D%3D,Not specified,2025-08-10 09:50:00.517766,2025-08-06,,de.linkedin.com/jobs/view/software-maintenance-engineer-at-canonical-4280704951
Senior Consultant Strategie- und Managementberatung Fokus Data & AI (m/w/d) in Nürnberg,Deloitte,"Nuremberg, Bavaria, Germany",LinkedIn,https://de.linkedin.com/jobs/view/senior-consultant-strategie-und-managementberatung-fokus-data-ai-m-w-d-in-n%C3%BCrnberg-at-deloitte-4243061729?position=22&pageNum=0&refId=dUJUMPz%2FM9fROY8RM6LYdg%3D%3D&trackingId=B9etMk7fxwYJyjmQQgRJAQ%3D%3D,Not specified,2025-08-10 09:50:00.517893,2025-08-06,,de.linkedin.com/jobs/view/senior-consultant-strategie-und-managementberatung-fokus-data-ai-m-w-d-in-n%C3%BCrnberg-at-deloitte-4243061729
Administrator MS SharePoint (mwd),TieTalent,"Nuremberg, Bavaria, Germany",LinkedIn,https://de.linkedin.com/jobs/view/administrator-ms-sharepoint-mwd-at-tietalent-4280776024?position=24&pageNum=0&refId=dUJUMPz%2FM9fROY8RM6LYdg%3D%3D&trackingId=6KokU7dEkIuv27U1qhf4Vw%3D%3D,Not specified,2025-08-10 09:50:00.518149,2025-08-06,,de.linkedin.com/jobs/view/administrator-ms-sharepoint-mwd-at-tietalent-4280776024
HR Generalist - EMEA,Canonical,"Nuremberg, Bavaria, Germany",LinkedIn,https://de.linkedin.com/jobs/view/hr-generalist-emea-at-canonical-4279529577?position=25&pageNum=0&refId=dUJUMPz%2FM9fROY8RM6LYdg%3D%3D&trackingId=7UD1LYlxmWZmsPfg00NFJA%3D%3D,Not specified,2025-08-10 09:50:00.518276,2025-08-04,,de.linkedin.com/jobs/view/hr-generalist-emea-at-canonical-4279529577
Senior DevOps Engineer (m/w/d),BWI GmbH,"Nuremberg, Bavaria, Germany",LinkedIn,https://de.linkedin.com/jobs/view/senior-devops-engineer-m-w-d-at-bwi-gmbh-4280962289?position=26&pageNum=0&refId=dUJUMPz%2FM9fROY8RM6LYdg%3D%3D&trackingId=nWF3Sa%2FquOQ01G8vlZojVA%3D%3D,Not specified,2025-08-10 09:50:00.518404,2025-08-06,,de.linkedin.com/jobs/view/senior-devops-engineer-m-w-d-at-bwi-gmbh-4280962289
Microsoft SharePoint Consultant (mwd),TieTalent,"Nuremberg, Bavaria, Germany",LinkedIn,https://de.linkedin.com/jobs/view/microsoft-sharepoint-consultant-mwd-at-tietalent-4280183645?position=27&pageNum=0&refId=dUJUMPz%2FM9fROY8RM6LYdg%3D%3D&trackingId=ZYzVx6sWl8aIFvqPNYWegQ%3D%3D,Not specified,2025-08-10 09:50:00.518531,2025-08-05,,de.linkedin.com/jobs/view/microsoft-sharepoint-consultant-mwd-at-tietalent-4280183645
Senior DevOps Engineer - Krisenvorsorge­informationssystem Bund (m/w/d),BWI GmbH,"Nuremberg, Bavaria, Germany",LinkedIn,https://de.linkedin.com/jobs/view/senior-devops-engineer-krisenvorsorge%C2%ADinformationssystem-bund-m-w-d-at-bwi-gmbh-4280421610?position=28&pageNum=0&refId=dUJUMPz%2FM9fROY8RM6LYdg%3D%3D&trackingId=JyLOZEi73ny2Hw5X4wOgDA%3D%3D,Not specified,2025-08-10 09:50:00.518661,2025-08-05,,de.linkedin.com/jobs/view/senior-devops-engineer-krisenvorsorge%C2%ADinformationssystem-bund-m-w-d-at-bwi-gmbh-4280421610
Consultant Corporate Governance (m/w/d) in Nürnberg,Deloitte,"Nuremberg, Bavaria, Germany",LinkedIn,https://de.linkedin.com/jobs/view/consultant-corporate-governance-m-w-d-in-n%C3%BCrnberg-at-deloitte-4243059589?position=29&pageNum=0&refId=dUJUMPz%2FM9fROY8RM6LYdg%3D%3D&trackingId=lfyflLHO8A7a%2FvRO7pvieQ%3D%3D,Not specified,2025-08-10 09:50:00.518792,2025-08-05,,de.linkedin.com/jobs/view/consultant-corporate-governance-m-w-d-in-n%C3%BCrnberg-at-deloitte-4243059589
"Microsoft SharePoint Consultant | M365, Collaboration, Dokumentenmanagement | 80% HO (mwd)",Vesterling AG,"Nuremberg, Bavaria, Germany",LinkedIn,https://de.linkedin.com/jobs/view/microsoft-sharepoint-consultant-m365-collaboration-dokumentenmanagement-80%25-ho-mwd-at-vesterling-ag-3825375978?position=33&pageNum=0&refId=dUJUMPz%2FM9fROY8RM6LYdg%3D%3D&trackingId=j80F6v%2FDaUwll%2F2G%2BZ%2Fy8w%3D%3D,Not specified,2025-08-10 09:50:00.519297,2025-08-03,,de.linkedin.com/jobs/view/microsoft-sharepoint-consultant-m365-collaboration-dokumentenmanagement-80%25-ho-mwd-at-vesterling-ag-3825375978
"Microsoft SharePoint Administrator | SharePoint Farmen, Enterprise, M365 | bis 80% Home-Office (mwd)",Vesterling AG,"Nuremberg, Bavaria, Germany",LinkedIn,https://de.linkedin.com/jobs/view/microsoft-sharepoint-administrator-sharepoint-farmen-enterprise-m365-bis-80%25-home-office-mwd-at-vesterling-ag-3825378186?position=34&pageNum=0&refId=dUJUMPz%2FM9fROY8RM6LYdg%3D%3D&trackingId=FPCY9JzQw1QRyvg2ftiwug%3D%3D,Not specified,2025-08-10 09:50:00.519424,2025-08-04,,de.linkedin.com/jobs/view/microsoft-sharepoint-administrator-sharepoint-farmen-enterprise-m365-bis-80%25-home-office-mwd-at-vesterling-ag-3825378186
Mitarbeiterin (m/w/d) im Assetmanagement,TieTalent,"Augsburg, Bavaria, Germany",LinkedIn,https://de.linkedin.com/jobs/view/mitarbeiterin-m-w-d-im-assetmanagement-at-tietalent-4281989187?position=2&pageNum=0&refId=4XJ7%2FBp0Np2Pkh8tTo2Ldg%3D%3D&trackingId=Rrb8akqh0G0QGuhziZDwpA%3D%3D,Not specified,2025-08-10 09:50:40.460326,2025-08-08,"About Als größter regionaler Erdgasverteilnetzbetreiber in Schwaben und in Teilen Oberbayerns ist schwaben netz der kompetenter und zuverlässige Partner für Energienetze. Wir transportieren jährlich in unserem Erdgasnetz rund 12 Mrd. Kilowattstunden Erdgas (inkl. Biomethan) sicher und umweltfreundlich und stärken unsere Heimat als Wirtschaftsstandort. Im Zuge der Energiewende werden auch grüne Gase wie z.B. Biomethan oder Wasserstoff sowie die nachhaltige Weiterentwicklung der Wärmeversorgung unserer Kunden in den nächsten Jahren eine immer größere Rolle in unserem Netzgebiet spielen. Erstellung und Pflege eines digitalen Netzmodells als zentrale Grundlage für Analysen und Planungsprozesse Aufbau und Weiterentwicklung strukturierter, effizienter Datenmodelle zur Sicherung einer konsistenten Datenbasis Durchführung statistischer Auswertungen zur Unterstützung fundierter Entscheidungen Verantwortung für das Management von Geobasisdaten sowie Sicherstellung von Qualität, Aktualität und Verfügbarkeit Abgeschlossenes Studium der Geoinformatik, Geographie oder eines vergleichbaren Studiengangs bzw. einer fachverwandten Ausbildung Berufserfahrung in Zusammenhang mit GIS-Systemen von Vorteil. Sicherer Umgang mit Geodatenbanken (z. B. Oracle Spatial, PostGIS) Praxiserfahrung in der Analyse und Auswertung mit GIS-Tools wie QGIS Programmierkenntnisse in Python, idealerweise unter Nutzung von Jupyter Notebooks und Pandas Ausgeprägtes analytisches Denkvermögen und systematische Herangehensweise Hohe Teamorientierung und kooperative Arbeitsweise Team- und Abteilungsevents Weihnachtsgeld und erfolgsabhängige Vergütung Betriebsrestaurant bzw. Verpflegungspauschale Fitnesszuschuss Flexible Arbeitszeiten Energiezuschuss Fahrtkostenteilerstattung TITL1_DE Nice-to-have skills GIS Pandas Python QGIS Augsburg, Bavaria, Germany Work experience Data Analyst System Engineer Languages German",de.linkedin.com/jobs/view/mitarbeiterin-m-w-d-im-assetmanagement-at-tietalent-4281989187
Senior Artificial Intelligence Specialist (all genders),adesso SE,"Augsburg, Bavaria, Germany",LinkedIn,https://de.linkedin.com/jobs/view/senior-artificial-intelligence-specialist-all-genders-at-adesso-se-3733041142?position=3&pageNum=0&refId=4XJ7%2FBp0Np2Pkh8tTo2Ldg%3D%3D&trackingId=PiNm5wMbxaw9bhyZwJwiFA%3D%3D,Not specified,2025-08-10 09:50:40.460490,2025-08-04,"Wir gehören zu den Top-Adressen in der IT-Welt und fokussieren uns auf die Optimierung der Kerngeschäfts­prozesse unserer Kunden. Durch den smarten Einsatz maßgeschneiderter IT-Lösungen unterstützen wir unsere Kunden dabei, das Beste aus ihrem Business und aktuellen Technologien herauszuholen. Unseren Erfolg aber erreichen wir nur durch eins: die Menschen bei adesso! Sie bringen Ideen, fachliches Know how und Technologien zusammen. Gemeinsam programmieren wir (deine) Zukunft bei adesso. DEINE ROLLE Branchenübergreifende Beratung: Du berätst unsere Kunden branchenübergreifend bezüglich datengetriebener Lösungen mit einem Fokus auf künstliche Intelligenz. Projektbetreuung: Du betreust die Umsetzung von KI-Projekten ganzheitlich, beginnend bei der Use Case Definition, über die Entwicklung, bis hin zur Operationalisierung. Projekteinsatz: Du übernimmst je nach Seniorität die Rolle eines Product Owners, Requirements Engineers oder Entwicklers in Projekten. Themenentwicklung: Du unterstützt aktiv bei der Entwicklung neuer Themen. DEIN PROFIL Fundiertes Wissen: Erfolgreich abgeschlossenes Studium in den Fachrichtungen Informatik, Data Science, (Computer-)Linguistik, Kognitionswissenschaft oder ein vergleichbarer Studiengang. Eine Promotion ist von Vorteil, aber keine Voraussetzung . Programmierkenntnisse: Gute Kenntnisse in Python oder R, inklusive Entwicklung in der Cloud (z.B. AWS, Azure) Berufserfahrung: Mindestens zwei Jahre Berufserfahrung in einer vergleichbaren Position, inklusive agiler Projekt- bzw. Produktentwicklung Kommunikationsfähigkeiten: Teamgeist mit sehr guten Kommunikations-, Management- und Präsentationsfähigkeiten Leidenschaft: Begeisterung für Beratung, künstliche Intelligenz und die Entwicklung innovativer Produkte Sprachkenntnisse: Fließend in Deutsch und Englisch, weitere Sprachen sind von Vorteil Unser Versprechen: Du wirst dich bei uns wohlfühlen! Kollegial, familiär und auf Augenhöhe – wir leben Austausch, Teamgeist und einen respektvollen Umgang miteinander. Diversität und verschiedene Blickwinkel werden bei uns genauso geschätzt wie du als Mensch. Das und viel mehr steht für unser ganz besonderes Wir-Gefühl. Für das es sogar ein Wort gibt: adessi. Unsere Kultur und das Zusammenarbeiten sind geprägt von gegenseitiger Wertschätzung, Anerkennung und Unterstützung. Das verbindet uns hierarchieübergreifend – auch im Home-Office. So belegen wir zum wiederholten Mal den 1. Platz beim Wettbewerb „Deutschlands Beste Arbeitgeber in der ITK“!. Unser umfangreiches Trainingsangebot und ein transparentes Laufbahnstufenmodell für alle sorgen dafür, dass deine Entwicklung bei uns nicht stillsteht. Denn gemeinsam zu wachsen und Chancengeber zu sein, das ist programmiert in unserer DNA.",de.linkedin.com/jobs/view/senior-artificial-intelligence-specialist-all-genders-at-adesso-se-3733041142
(Junior) Digital Produktmanager (m/w/d) Mietwagen,CHECK24 Vergleichsportal GmbH,"Augsburg, Bavaria, Germany",LinkedIn,https://de.linkedin.com/jobs/view/junior-digital-produktmanager-m-w-d-mietwagen-at-check24-vergleichsportal-gmbh-3966886339?position=5&pageNum=0&refId=4XJ7%2FBp0Np2Pkh8tTo2Ldg%3D%3D&trackingId=R4TlOEOby1GFVbSZBhzhhg%3D%3D,Not specified,2025-08-10 09:50:40.460836,2025-08-07,"Über diesen Job CHECK24 ist das Vergleichsportal: Wir sind Marktführer und dynamisches Startup in einem. In agilen Teams treffen wir schnelle Entscheidungen und leben flache Hierarchien. Durch den gezielten Einsatz modernster Tools und Technologien sowie State-of-the-Art-Methoden der KI treiben wir datengetriebene Innovationen voran - immer mit Blick auf den Mehrwert für unsere Kunden. So arbeiten wir täglich in mehr als 50 Produkten daran, die User Experience unserer über 20 Millionen Kunden kontinuierlich zu verbessern. Der CHECK24 Mietwagenvergleich ist Marktführer und Testsieger bei Stiftung Warentest. Im HELIO in Augsburg arbeitet unser Produktmanagement-Team täglich mit viel Leidenschaft daran, den Vergleich für unsere Kunden noch besser und übersichtlicher sowie den Kontakt zu unserem Service einfacher und schneller zu gestalten. Von der Idee bis zum Release vergehen manchmal nur Stunden. Wir geben uns nie mit dem Status Quo zufrieden, sind innovativ und suchen stetig nach neuen Wegen, um unsere Kunden zu begeistern. Du bist auf der Suche nach der nächsten Herausforderung für Dich und Deine Karriere? Kick-starte Deine Karriere und erlebe die Dynamik des E-Commerce mit agilen Prozessen, kurzen Entscheidungswegen und einer steilen Entwicklungskurve in einem großartigen Team. Zur Umsetzung unserer ambitionierten Wachstumsziele suchen wir Dich als (Junior) Digital Produktmanager (m/w/d) bei der CHECK24 Vergleichsportal Mietwagen GmbH. Wir freuen uns auf Deine Bewerbung! Was Du mitbringst Ausbildung: Überdurchschnittlich abgeschlossenes Studium, idealerweise mit wirtschaftlichem / technisch-mathematischem Hintergrund (BWL, Global Business Management, Medien und Kommunikationswissenschaft, Wirtschaftsinformatik, -ingenieurwesen, -mathematik o.ä.) Smarte Lösungsfindung: Schnelle Auffassungsgabe, um komplexe Zusammenhänge zu durchdringen und Hands-on-Mentalität, um schnell pragmatische Lösungen zu finden und umzusetzen Analytisches und strategisches Denken: Analytische und strukturierte sowie selbstständige Arbeitsweise, um daten- und faktenbasiert unsere Prozesse kontinuierlich zu verbessern und Handlungsempfehlungen zu generieren Digital Mindset: Hohe IT- und Internet-Affinität, großes Interesse am E-Commerce und digitalen Trends. Technisches Verständnis bzw. der Wille, sich in technische Themen einzuarbeiten, um mit der IT auf Augenhöhe fachlich argumentieren zu können Neugier auf AI / LLM Tools: Sicherer Umgang mit MS Office (insb. Excel) und Jira sowie Neugier und Erfahrung im Einsatz von AI-/LLM-gestützten Tools (z. B. Figma, Lovable, ChatGPT, Gemini, CursorAI) Gespür für UX / UI: Gutes Auge für Design und eine gute User Experience, um unsere Apps ansprechend und leicht verständlich zu gestalten Drive und Kommunikation: Sehr gute kommunikative Fähigkeiten und Teamfähigkeit, um im dynamischen Umfeld die schnelle und konstruktive Abstimmung mit verschiedensten Stakeholdern sicherzustellen und schnell messbare Ergebnisse zu erzielen Sprachkenntnisse: Verhandlungssichere Deutsch- und Englischkenntnisse in Wort und Schrift Zu Deinen Aufgaben zählen Im Team arbeiten: Du bist von Tag eins aktiv in unser Produktmanagement-Team eingebunden und arbeitest eng mit der IT, der Geschäftsführung und CHECK24-weiten Experten z.B. für UX, UI und Data Science zusammen Verantwortung übernehmen: Du verantwortest die kontinuierliche Weiterentwicklung der UX/UI unseres Mietwagenvergleichs in Bezug auf Benutzerfreundlichkeit, Funktionalität und Conversion-Optimierung. Dabei spielen neuste Technologien wie Generative AI (z.B. ChatGPT) eine große Rolle Produkt verbessern: Du beobachtest und analysierst aktiv den Wettbewerb, das Marktgeschehen sowie technologische Trends wie AI, um neue Produktfeatures und -verbesserungen zu identifizieren Ideen verwirklichen: Du konzeptionierst neue Features, erstellst ansprechende Designs und durchdenkst damit zusammenhängende Backend-Prozesse, um unsere Buchungsstrecke via Desktop, Mobile, Tablet oder App entlang der gesamten Customer Journey noch hilfreicher für unsere Kunden zu machen Echte Innovationen umsetzen: Du setzt Generative AI ein, um bahnbrechende neue Features für unsere Kunden zu entwickeln und optimierst gleichzeitig Deine tägliche Arbeit durch konsequenten Einsatz von AI-basierten Tools (z. B. Figma, Lovable, ChatGPT) Agile Projekte managen: Du übernimmst das Projektmanagement von der Priorisierung und Konzeption über die Steuerung der IT-Teams bis hin zur Umsetzung und Testing neuer Features und Verbesserungen und stellst somit einen zügigen Go-Live sicher Qualität messen und sicherstellen: Du kümmerst Dich um das manuelle Testing und die Automatisierung von Tests für neue Features, um deren einwandfreie Funktionalität für unsere Kunden sicherzustellen. Dabei analysiert Du kontinuierlich Tracking-Kennzahlen, wertest A/B-Tests aus und leitest aus den wichtigsten Erfolgsmetriken konkrete Handlungsempfehlungen ab Was wir Dir bieten Du kommst leicht zu uns: Zentraler Standort direkt am Augsburger Hauptbahnhof im HELIO (mit Einkaufsmöglichkeiten, Fitness und Kino direkt im Gebäude). Unser helles und modernes Büro bietet Raum für Kreativität, Arbeiten im Freien und Spaß beim Kicker oder Tischtennis. Dank kostenlosem Deutschlandticket, bezuschusstem Fahrrad-/eBike-Leasing und kostenlosen Fahrradstellplätzen kommst Du klimaneutral und günstig ins Büro Bei uns bist Du flexibel: Flexible Arbeitszeiten, mehr als 30 Tage Urlaub bei sehr guter Leistung und die Option auf zusätzlichen unbezahlten Urlaub, Sabbaticals und Workation im Ausland Persönlicher Austausch und Teamspirit bringen Dich voran: Wir pflegen unsere Office Kultur mit persönlichem Austausch, enger Zusammenarbeit und großartigem Teamzusammenhalt. Freitags besteht die Möglichkeit für „Home Office“ (mobiles Arbeiten). Wir sind weit mehr als nur Kollegen – überzeug Dich selbst von unserem CHECKito Spirit Wir schätzen Deinen Einsatz: Unbefristete Verträge und eine attraktive Vergütung mit jährlichen Prämien für besondere Erfolge. Gutscheine für zahlreiche CHECK24 Produkte, bezuschusste betriebliche Altersvorsorge und viele weitere Benefits (z.B. EGYM Wellpass, Rückenschule, kostenlose Sportangebote, Teambudgets für Events) gibt es obendrauf Deine Ideen sind uns wichtig und werden schnell umgesetzt: Eigenverantwortliches und agiles Arbeiten unter Einbringung eigener Ideen. Kurze Entscheidungswege und Releasezyklen sind für uns selbstverständlich Wir bringen Dich voran: Individuelle Förderung Deiner Karriere durch interne und externe Fortbildungen, regelmäßige Feedbackgespräche und persönliches Coaching sowie ein persönliches Budget für Fortbildungen. Durch unser starkes und nachhaltiges Wachstum bieten wir Perspektiven in der Fach- und Führungslaufbahn Wir statten Dich aus: Einen leistungsstarken Laptop, zwei zusätzliche Bildschirme oder auf Wunsch einen Curved Monitor bekommst Du direkt am ersten Arbeitstag. Du wünschst Dir individuelles Equipment wie eine ergonomische Maus, Noise-Cancelling-Kopfhörer oder einen höhenverstellbaren Schreibtisch? Kein Problem! Bei uns kannst Du Dich wohlfühlen: Kostenlose Getränke gibt es gekühlt in jedem Büro. Kaffee, Kakao, Müsli und frisches Obst sind regional und bio. Kostenloses Mittagessen gibt es 5x pro Woche für das gesamte Team Wir sind auch neben der Arbeit ein super Team: Bei uns herrscht ein kollegiales und freundschaftliches Miteinander. Bei Biergarten- und Plärrerbesuchen, Office Partys und legendären Sommer- und Weihnachtsfeiern feiern wir gemeinsam unsere Erfolge. Zudem bieten wir zahlreiche Teamevents und gemeinsame Sportrunden wie Fußball, Bouldern oder Yoga an https://www.youtube.com/embed/9FE5bsi3LjI",de.linkedin.com/jobs/view/junior-digital-produktmanager-m-w-d-mietwagen-at-check24-vergleichsportal-gmbh-3966886339
Abschlussarbeit zur Konzeption und Umsetzung KI-gestützten Analysen von Produktionsdaten (m/w/d),Everllence,"Augsburg, Bavaria, Germany",LinkedIn,https://de.linkedin.com/jobs/view/abschlussarbeit-zur-konzeption-und-umsetzung-ki-gest%C3%BCtzten-analysen-von-produktionsdaten-m-w-d-at-everllence-4280304055?position=6&pageNum=0&refId=4XJ7%2FBp0Np2Pkh8tTo2Ldg%3D%3D&trackingId=uXdCh0%2BhD41qsMFP4px69A%3D%3D,Not specified,2025-08-10 09:50:40.460997,2025-08-05,"Abschlussarbeit zur Konzeption und Umsetzung KI-gestützten Analysen von Produktionsdaten (m/w/d) Job-ID: 12873 Tätigkeitsbeginn: ab sofort Standort: Augsburg, DE, 86153 Land: DE Das sollten Sie über uns wissen Everllence ebnet den Weg in eine klimaneutrale Weltwirtschaft. Ob Industrieproduktion, Energie- oder maritime Wirtschaft: Wir denken ganzheitlich und packen schon heute die Herausforderungen von morgen an – für eine nachhaltige Wertschöpfung unserer Kunden. In unserem Technologieportfolio steckt die Erfahrung aus über 250 Jahren Ingenieurstradition. Everllence hat seinen Hauptsitz in Deutschland und beschäftigt rund 15.000 Mitarbeiter an mehr als 120 Standorten weltweit. Unsere Kunden profitieren außerdem vom globalen Service-Center-Netzwerk unserer After-Sales Marke, Everllence PrimeServ. Folgende Aufgaben können wir Ihnen anbieten Analyse aktueller Trends und Entwicklungen im Bereich künstliche Intelligenz und Datenanalyse, um neue Ansätze für die Verarbeitung von Produktionsdaten zu identifizieren Eigenständige Konzeption von Lösungen und Strategien zur Analyse von Produktionsdaten unter Einsatz moderner KI-Methoden Praktische Umsetzung von entwickelten Konzepten durch innovative Algorithmen und Cloud-Technologien Integration KI-basierter Algorithmen zur Steigerung der Datenqualität, Prozessoptimierung und frühzeitigen Fehlererkennung entlang der gesamten Wertschöpfungskette Formulierung praxisnaher Handlungsempfehlungen zur standortübergreifenden Implementierung von KI-gestützten Analyseverfahren in der Produktion Mit diesen Qualifikationen helfen Sie uns weiter Studium der (Wirtschafts-)Informatik, Data Science, Ingenieurwissenschaften oder einer vergleichbaren Fachrichtung Erste Erfahrungen im Bereich künstliche Intelligenz und maschinelles Lernen von Vorteil Kenntnisse in der Anwendung von Cloud-Technologien und modernen Analysetools wünschenswert Eigenständige, strukturierte Arbeitsweise sowie hohe Motivation für innovative Aufgabenstellungen werden erwartet Teamgeist, Kommunikationsstärke und analytisches Denkvermögen sind von großem Vorteil Unsere Benefits Für Sie Kantine, Essenszulage, Barrierefreiheit, betriebliches Gesundheitsmanagement, Betriebsarzt, Fitnessraum, Parkplatz, gute Verkehrsanbindung, Mitarbeiterrabatte, Studentennetzwerk, Frauennetzwerk Gut zu wissen Bei Fragen können Sie sich gerne per E-Mail an Ihren Recruiter, Laura Schmid, wenden. E-Mail: LAURA.SCHMID@EVERLLENCE.COM Bitte bewerben Sie sich nur über den Button ""Jetzt bewerben"". Bewerbungen via Email können leider nicht berücksichtigt werden. Hier sind Sie beruflich zuhause Am Hauptsitz von Everllence in Augsburg wurde einst der Dieselmotor erfunden, mit dem Rudolf Diesel der Dampfmaschine den Kampf ansagte. Heute ist die Bewältigung der Herausforderungen in den Bereichen Marine, Energie und Industrie zu unserer Hauptaufgabe geworden – nicht nur für den Erfolg unserer Kunden, sondern auch für den Erhalt unserer Umwelt. Jeden Tag arbeiten rund 5.000 Mitarbeitende an unserem Standort in der schönen Renaissancestadt Augsburg an einer besseren Zukunft: Von kleinen Effizienzsteigerungen bei einzelnen Komponenten, wie zum Beispiel Dual-Fuel-Motoren, Abgasnachbehandlungssystemen oder Softwarelösungen bis hin zu großen Innovationen auf Systemebene. Auch Sie können uns dabei unterstützen. Bei uns sind Sie richtig, wenn Sie etwas bewegen möchten. Das ist uns wichtig Integrität und Compliance sind wesentliche Elemente unserer Unternehmenskultur. Zudem fördern wir Vielfalt und Chancengleichheit und freuen uns über vielfältige Online-Bewerbungen. Klicken Sie einfach auf „Jetzt bewerben“ und starten mit uns durch. Bewerbungen von Menschen mit Behinderung sind ausdrücklich erwünscht. Hinweis: Soweit Begriffe im generischen Maskulin wie z.B. Ingenieur, Kaufmann, Techniker verwendet werden, sind alle Geschlechter (m/w/d) gleichermaßen gemeint.",de.linkedin.com/jobs/view/abschlussarbeit-zur-konzeption-und-umsetzung-ki-gest%C3%BCtzten-analysen-von-produktionsdaten-m-w-d-at-everllence-4280304055
Senior Data Engineer (m/f/d) - Remote,Xentral ERP Software,"Augsburg, Bavaria, Germany",LinkedIn,https://de.linkedin.com/jobs/view/senior-data-engineer-m-f-d-remote-at-xentral-erp-software-4280551291?position=7&pageNum=0&refId=4XJ7%2FBp0Np2Pkh8tTo2Ldg%3D%3D&trackingId=PVf3RMo9ExRkYLBut0Q%2Fag%3D%3D,Not specified,2025-08-10 09:50:40.461148,2025-08-06,"Make difficult decisions easier — for us and our customers. At xentral, we use data to empower smarter decisions across the company. Our existing analytics team is responsible for building and maintaining the infrastructure needed to support internal departments with reliable, actionable insights. We're now looking for an experienced Senior Data Engineer to strengthen our efforts and take our infrastructure, automation, and analytics capabilities to the next level. Your Impact As a Senior Data Engineer, you will play a key role in maintaining and evolving our cloud-based BI infrastructure. You'll collaborate closely with Data Scientists and internal teams to build scalable data pipelines, enable ML-driven automation, and support AI-based tools — all while ensuring data quality, reliability, and governance. Your Tasks You manage, optimize, and expand our BI infrastructure in the AWS cloud You design and maintain batch and streaming data pipelines using Apache Airflow and Spark You ensure data governance and implement automated data/code quality tests You collaborate with Data Scientists to operationalize AI/ML models and build infrastructure to support their deployment You develop internal tools and pipelines for automation use cases, e.g., AI bots for customer support and ML-driven solutions for Finance and CPS teams You analyze data using SQL and Python to support internal stakeholders with actionable insights You use and maintain structured and unstructured data from a wide range of sources You help bridge the gap between data engineering and data science — focusing on enabling data use, not building models yourself Your profile You have a degree in Computer Science, Engineering, or a related technical field — an advanced degree is a plus You bring 5+ years of hands-on experience with Python in a production environment You have solid experience working with Apache Airflow for orchestration and Apache Spark for distributed data processing You know your way around the AWS ecosystem and have managed cloud-based data infrastructure You are confident working with SQL and have a strong interest in data analysis You’re experienced with both relational and NoSQL databases and can handle structured as well as unstructured data You enjoy collaborating across teams and take pride in building tools and pipelines that empower others You’re fluent in English; German skills are a plus You’re structured, autonomous, and proactive — you take ownership and drive things forward We offer Flexible Work Environment: Enjoy remote work options across Europe or from our office-hubs in Augsburg, Amsterdam, Berlin, Munich, and Lohne (Oldenburg), along with flexible working hours. Competitive Compensation & Comprehensive Benefits: Attractive salary packages and a generous leave policy that includes 28 annual leave days, special leave days, and nursing care days. Our comprehensive benefits package also provides a monthly voucher to choose from a variety of providers, including Urban Sports Club, grocery stores, entertainment, and lifestyle options. Additionally, we equip all employees with state-of-the-art home office equipment and offer a 50% subsidy on private pension plans for permanent employees in Germany. Professional Growth & Development: Benefit from a significant budget dedicated to learning and personal development, supporting your career growth and continuous learning. Inclusive & Engaging Culture: Participate in virtual and in-person company events and in our yearly culture connect days, fostering a collaborative and vibrant company culture with minimal hierarchies and respectful communication. Diverse & International Team: Work alongside a multicultural and international team across 17 different work locations within Europe and 32 nationalities, embracing diversity and a global perspective. Mental Health & Well-being: Access comprehensive, evidence-based mental health care with 24/7 counseling, therapy placement, on-site support, and legal and financial guidance to help you thrive at work and in life. You have what it takes? Then apply now with your CV or LinkedIn profile. We look forward to your application! About Us We are an established tech startup with major tech investors Sequoia Capital and Visionaries Club on our side. We are aiming at defining a new SaaS category and empower entrepreneurs and e-commerce vendors to automate their resource planning and focus on the things that matters most to them: their business. We grow all over Europe, join us fully remote or in one of our hubs in Augsburg, Amsterdam, Berlin, Munich and Lohne (Oldenburg). You decide!",de.linkedin.com/jobs/view/senior-data-engineer-m-f-d-remote-at-xentral-erp-software-4280551291
Sports Data Consultant (all genders),adesso SE,"Augsburg, Bavaria, Germany",LinkedIn,https://de.linkedin.com/jobs/view/sports-data-consultant-all-genders-at-adesso-se-4151468973?position=8&pageNum=0&refId=4XJ7%2FBp0Np2Pkh8tTo2Ldg%3D%3D&trackingId=7yY9RhK1aav%2BCK33fhVOgw%3D%3D,Not specified,2025-08-10 09:50:40.461305,2025-08-06,,de.linkedin.com/jobs/view/sports-data-consultant-all-genders-at-adesso-se-4151468973
Senior Consultant Microsoft OpenAI (all genders),adesso SE,"Augsburg, Bavaria, Germany",LinkedIn,https://de.linkedin.com/jobs/view/senior-consultant-microsoft-openai-all-genders-at-adesso-se-3970411605?position=9&pageNum=0&refId=4XJ7%2FBp0Np2Pkh8tTo2Ldg%3D%3D&trackingId=hhGrCT0PDtRpXAfW4DIVYw%3D%3D,Not specified,2025-08-10 09:50:40.461460,2025-08-08,,de.linkedin.com/jobs/view/senior-consultant-microsoft-openai-all-genders-at-adesso-se-3970411605
Enterprise / Solution Architect (m/w/d),dentsu,"Augsburg, Bavaria, Germany",LinkedIn,https://de.linkedin.com/jobs/view/enterprise-solution-architect-m-w-d-at-dentsu-4227353194?position=11&pageNum=0&refId=4XJ7%2FBp0Np2Pkh8tTo2Ldg%3D%3D&trackingId=UT4ZF%2FhZhikN4QXQEsJ3Ag%3D%3D,Not specified,2025-08-10 09:50:40.461775,2025-08-08,,de.linkedin.com/jobs/view/enterprise-solution-architect-m-w-d-at-dentsu-4227353194
Abschlussarbeit - Business Process Management (m/w/d),Everllence,"Augsburg, Bavaria, Germany",LinkedIn,https://de.linkedin.com/jobs/view/abschlussarbeit-business-process-management-m-w-d-at-everllence-4281545787?position=12&pageNum=0&refId=4XJ7%2FBp0Np2Pkh8tTo2Ldg%3D%3D&trackingId=YQvz8JbXcP%2FgWpaMOot4ag%3D%3D,Not specified,2025-08-10 09:50:40.461949,2025-08-08,,de.linkedin.com/jobs/view/abschlussarbeit-business-process-management-m-w-d-at-everllence-4281545787
Solution Architect – Order to Cash (O2C) & Procure to Pay (P2P) (m/f/d),REPA Deutschland,"Bergkirchen, Bavaria, Germany",LinkedIn,https://de.linkedin.com/jobs/view/solution-architect-%E2%80%93-order-to-cash-o2c-procure-to-pay-p2p-m-f-d-at-repa-deutschland-4281676155?position=14&pageNum=0&refId=4XJ7%2FBp0Np2Pkh8tTo2Ldg%3D%3D&trackingId=PDmFlXPddFUgoi%2BsmKIqfg%3D%3D,Not specified,2025-08-10 09:50:40.462266,2025-08-07,,de.linkedin.com/jobs/view/solution-architect-%E2%80%93-order-to-cash-o2c-procure-to-pay-p2p-m-f-d-at-repa-deutschland-4281676155
Consultant BPM / Prozessmanagement (all genders),adesso SE,"Augsburg, Bavaria, Germany",LinkedIn,https://de.linkedin.com/jobs/view/consultant-bpm-prozessmanagement-all-genders-at-adesso-se-3733044261?position=15&pageNum=0&refId=4XJ7%2FBp0Np2Pkh8tTo2Ldg%3D%3D&trackingId=nPEkd0g5eqhMDpkHB8TGUQ%3D%3D,Not specified,2025-08-10 09:50:40.462423,2025-08-08,,de.linkedin.com/jobs/view/consultant-bpm-prozessmanagement-all-genders-at-adesso-se-3733044261
Technology Expert (f/m/d) Artificial Intelligence,Siemens,"Erlangen, Bavaria, Germany",LinkedIn,https://de.linkedin.com/jobs/view/technology-expert-f-m-d-artificial-intelligence-at-siemens-4281810190?position=5&pageNum=0&refId=WlyzunH3bmIoOK2gXlj5KA%3D%3D&trackingId=ATGdKRcl9xz1Ib6H8ZT%2BfQ%3D%3D,Not specified,2025-08-10 09:51:21.103844,2025-08-08,"Are you passionate about machine learning, deep learning, large language models, and computer vision? Join our team and play the key role in our global innovation process for applications of artificial intelligence. What We Offer You 2 to 3 days of mobile working per week, up to 30 days of workation in selected countries Attractive remuneration package Development opportunities for both personal and professional growth An environment where everyone can bring their whole self to work and feel a sense of belonging 30 leave days and a variety of flexible working models that allow time off for yourself and your family Share matching programs to become a shareholder of Siemens AG Broad range of wellbeing offerings Appealing Siemens pension benefits Location-dependent childcare services to combine family and career Barrier-free locations Since each of over 300,000 employees feels that other benefits are particularly important, and we cannot list our entire benefit portfolio here, you can find more information here. The individual benefits are subject to regulatory, contractual, or corporate conditions. You’ll make an impact by You are responsible for the global innovation process for applications of artificial intelligence. You work within a global network in cooperation with the product management, development, and company core technologies teams. In your role as an AI coach, you follow current technological and economic trends and consider the requirements of customers' and competitors' business models in the relevant market segments. You participate in selected external standardization committees and institutes, especially about regulations around AI. You work with interdisciplinary team, independently drive AI initiatives and carry out innovation projects with customers and external partners. You collaborate with external partners, vendors, and research institutions to stay ahead in AI technology and applications. Your defining qualities You have expert knowledge and hands-on experience with machine learning, deep learning, large language models, and computer vision. You have many years of experience on AI engagements and projects, and act as a thought leader in AI, contributing to industry knowledge sharing through publications, speaking engagements, and community involvement. You have validated expertise in designing and optimizing ML pipelines and data architecture to ensure efficient data flow and model deployment. You have practical experience with common AI frameworks such as TensorFlow or PyTorch, and proficiency with cloud platforms such as Azure, AWS, or Google Cloud. You have a master's degree in computer science, mathematics, electrical engineering, or physics. Very good German and English skills complete your profile. You are much more than your qualifications, and we believe in the potential of every single candidate. We look forward to getting to know you! Your individual personality and perspective are important to us. We create a working environment that reflects the diversity of the society and support you in your personal and professional development. Let’s get to know your authentic personality and create a better future together with us. As an equal-opportunity employer we are happy to consider applications from individuals with disabilities. About Us At Smart Infrastructure Electrification & Automation, our mission is to develop innovative and sustainable solutions that save energy and reduce the carbon footprint of buildings, infrastructure, and industries. We enable the transition to a sustainable energy system, while ensuring a reliable and affordable energy supply. That's why we are committed to creating a greener future and transforming the way we live and work. www.siemens.de/careers – if you would like to find out more about jobs & careers at Siemens. FAQ  – if you need further information on the application process.",de.linkedin.com/jobs/view/technology-expert-f-m-d-artificial-intelligence-at-siemens-4281810190
"Senior Softwareentwickler (m/w/d) - Data Science, AI & LLMs in der Cloud",codemanufaktur GmbH,"Erlangen, Bavaria, Germany",LinkedIn,https://de.linkedin.com/jobs/view/senior-softwareentwickler-m-w-d-data-science-ai-llms-in-der-cloud-at-codemanufaktur-gmbh-4278236992?position=10&pageNum=0&refId=WlyzunH3bmIoOK2gXlj5KA%3D%3D&trackingId=AXdo%2F9bWDXtV3LuT9TyC1g%3D%3D,Not specified,2025-08-10 09:51:21.104456,2025-08-05,"Wir sind ein expandierendes Softwareunternehmen, das auf die Entwicklung komplexer Individualsoftware und Data Science spezialisiert ist. Um unserem Wachstum gerecht zu werden, suchen wir Verstärkung für unser Team in Erlangen. Als Senior Softwareentwickler mit den Schwerpunkten Data Science, AI & LLMs in der Cloud arbeitest du eng mit unseren Kunden zusammen, um gemeinsam mit deinem Team Lösungen für Kundenanforderungen und Produktideen umzusetzen. Aufgaben Konzipierung und Entwicklung von KI-Lösungen in abwechslungsreichen Kundenprojekten Nutzung verschiedener Sprachmodellen in der Cloud (AWS, Azure) Konzeptionierung und Umsetzung von LLM-basierten Lösungen Mitarbeit bei der Ausarbeitung der Kundenanforderungen (User Stories, Architektur) Mentoring von Nachwuchsmitarbeitern Qualifikation Ausgebildeter Informatiker (m/w/d) (Fachinformatiker* Anwendungsentwicklung, abgeschlossenes Studium der Informatik, Natur- oder Ingenieurwissenschaften) oder langjährige Erfahrung in der Softwareentwicklung Langjährige Erfahrung im Bereich Data Science Erfahrung im Einsatz von LLMs in Cloud-Umgebungen (Kubernetes, AWS, Azure) Erfahrungen in agilen Methoden (Scrum) und der Atlassian Toolchain Erfahrungen in der Konzeptionierung und Umsetzung von cloudbasierten Softwareprojekten (z. B. Kubernetes, AWS, Azure) Den Wunsch, Verantwortung im und für das Team zu übernehmen Lernbereitschaft, Neugier und Teamgeist Exzellente Deutsch- und gute Englischkenntnisse in Wort und Schrift Benefits Sorgfältige Einarbeitung durch ein motiviertes Team Vertrauensarbeitszeit und flexible Arbeitszeiten Flexible Homeoffice-Regelungen 33 Tage Jahresurlaub Gezielte fachliche und persönliche Weiterbildungsmöglichkeiten Ein eigenes Firmenfahrrad, Deutschlandticket oder Parkplatz Sehr gute Anbindung an den öffentlichen Nahverkehr Familienfreundliche Unternehmenskultur Zuschuss zum Premium-Fitnessstudio Freie Getränke, Barista Kaffee, Eis, Obst uvm. Bewirb dich jetzt! Schicke uns deine vollständigen Unterlagen (Anschreiben, Lebenslauf, Zeugnisse) über das Bewerbungsformular oder per E-Mail. Wir melden uns so schnell wie möglich bei dir. Bei Fragen zur Stelle oder Bewerbung steht dir Julia Kern unter +49 9131 972 93 90 zur Verfügung.",de.linkedin.com/jobs/view/senior-softwareentwickler-m-w-d-data-science-ai-llms-in-der-cloud-at-codemanufaktur-gmbh-4278236992
PhD on the atomic-scale characterization of 2D materials using scanning probe microscopy,FAU Erlangen-Nürnberg,"Erlangen, Bavaria, Germany",LinkedIn,https://de.linkedin.com/jobs/view/phd-on-the-atomic-scale-characterization-of-2d-materials-using-scanning-probe-microscopy-at-fau-erlangen-n%C3%BCrnberg-4282033302?position=20&pageNum=0&refId=WlyzunH3bmIoOK2gXlj5KA%3D%3D&trackingId=sBUlfe3ny8ZS3psDBV5ajA%3D%3D,Not specified,2025-08-10 09:51:21.105640,2025-08-09,,de.linkedin.com/jobs/view/phd-on-the-atomic-scale-characterization-of-2d-materials-using-scanning-probe-microscopy-at-fau-erlangen-n%C3%BCrnberg-4282033302
Senior Softwareentwickler (m/w/d) - Java EE & Datenbanken,codemanufaktur GmbH,"Erlangen, Bavaria, Germany",LinkedIn,https://de.linkedin.com/jobs/view/senior-softwareentwickler-m-w-d-java-ee-datenbanken-at-codemanufaktur-gmbh-4278245073?position=22&pageNum=0&refId=WlyzunH3bmIoOK2gXlj5KA%3D%3D&trackingId=lKK7fGZIIvmGNoeghB%2Fxpw%3D%3D,Not specified,2025-08-10 09:51:21.105877,2025-08-05,,de.linkedin.com/jobs/view/senior-softwareentwickler-m-w-d-java-ee-datenbanken-at-codemanufaktur-gmbh-4278245073
IT Infrastructure Expert (f/m/d) for Machine Learning / MR,Siemens Healthineers,"Erlangen, Bavaria, Germany",LinkedIn,https://de.linkedin.com/jobs/view/it-infrastructure-expert-f-m-d-for-machine-learning-mr-at-siemens-healthineers-4261127497?position=26&pageNum=0&refId=WlyzunH3bmIoOK2gXlj5KA%3D%3D&trackingId=a74%2FVryDkEC1tONuXyN0Og%3D%3D,Not specified,2025-08-10 09:51:21.106361,2025-08-06,,de.linkedin.com/jobs/view/it-infrastructure-expert-f-m-d-for-machine-learning-mr-at-siemens-healthineers-4261127497
Senior Solution Architect for Identity / Entra ID (Azure AD) (f/m/d),Siemens,"Erlangen, Bavaria, Germany",LinkedIn,https://de.linkedin.com/jobs/view/senior-solution-architect-for-identity-entra-id-azure-ad-f-m-d-at-siemens-4282051305?position=29&pageNum=0&refId=WlyzunH3bmIoOK2gXlj5KA%3D%3D&trackingId=vAZ%2BIGMEAf%2BJE79wtV10jA%3D%3D,Not specified,2025-08-10 09:51:21.106722,2025-08-09,,de.linkedin.com/jobs/view/senior-solution-architect-for-identity-entra-id-azure-ad-f-m-d-at-siemens-4282051305
Cybersecurity Supplier Assessor (f/m/d) with German,Siemens Energy,"Erlangen, Bavaria, Germany",LinkedIn,https://de.linkedin.com/jobs/view/cybersecurity-supplier-assessor-f-m-d-with-german-at-siemens-energy-4242936517?position=37&pageNum=0&refId=WlyzunH3bmIoOK2gXlj5KA%3D%3D&trackingId=eL32Hn%2BP18fvvurwLmFgHA%3D%3D,Not specified,2025-08-10 09:51:21.107662,2025-08-09,,de.linkedin.com/jobs/view/cybersecurity-supplier-assessor-f-m-d-with-german-at-siemens-energy-4242936517
Business Administration (B.A.) mit vertiefter Praxis 2026,Siemens,"Erlangen, Bavaria, Germany",LinkedIn,https://de.linkedin.com/jobs/view/business-administration-b-a-mit-vertiefter-praxis-2026-at-siemens-4268625986?position=47&pageNum=0&refId=WlyzunH3bmIoOK2gXlj5KA%3D%3D&trackingId=T8na%2F3rslvvdnEyloHJlFQ%3D%3D,Not specified,2025-08-10 09:51:21.108854,2025-08-08,,de.linkedin.com/jobs/view/business-administration-b-a-mit-vertiefter-praxis-2026-at-siemens-4268625986
Machine Learning Engineer (m/w/d),TieTalent,"Burgdorf, Lower Saxony, Germany",LinkedIn,https://de.linkedin.com/jobs/view/machine-learning-engineer-m-w-d-at-tietalent-4280760963?position=3&pageNum=0&refId=xDyhVo0BpAP5KkE%2FS50pLA%3D%3D&trackingId=C7412QxyJGxYPVKfP2vEVg%3D%3D,Not specified,2025-08-10 09:52:03.224689,2025-08-06,"About Als der Experte für die Entwicklung innovativer IT-Lösungen auf dem Sektor der Gesetzlichen Unfallversicherung stehen wir ganz weit oben, mit dem was wir machen: Wir bringen unsere Kunden auf die Überholspur in puncto digitalem Wandel und stärken so ihre Innovationskraft. Wie wir das machen? Ganz einfach! Mit beispielloser Fullservice-IT für mehr als 10.000 Anwender deutschlandweit und mit einem Team von mehr als 650 Beschäftigten. Für diese Aufgaben suchen wir dich am Stand­ort Hannover und München als Machine Learning Engineer (m/w/d) Als Machine Learning Engineer (m/w/d) entwickelst und betreibst du mit deinem Team produktive Applikationen im Sinne von DevOps für unsere große Branchenlösung für die gesetzliche Unfallversicherung. Zusammen mit dem Team setzt du Prozesse zur robusten ML-Modellerstellung in produktionsfähige Automatismen um. Du sorgst zusammen mit den Data-Scientists im Team für den Aufbau, die Pflege und das Monitoring von Services. Du unterstützt die Integration der Modelle in die fachlichen Anwendungen unserer Branchenlösung. In Eigeninitiative verbesserst du technologische Stacks und Lösungen. Als Machine Learning Engineer (m/w/d) hilfst du, neue Anwendungsfelder für KI-basierte Lösungen zu identifizieren und zu erproben. Wir freuen uns auf Dich als Hochschulabsolvent oder berufserfahrenen Mitarbeiter mit einschlägigen Kenntnissen als Machine Learning Engineer. Du hast tiefe Kenntnisse in der Softwareentwicklung mit Python, sowie dem Betrieb von Anwendungen in Kubernetes, Docker und Kubeflow (Dev-Ops, ML-Ops). Du verfügst über Erfahrung in der Nutzung von Large Language Models (LLMs) in KI-Services. Du besitzt Kenntnisse in der Konzeption, Entwicklung und dem Betrieb von Retrieval-Augmented-Generation-Systemen (RAG). Idealerweise hast Du solide Kenntnisse in Clean Code, Testing, Softwaredesign und Architektur. Du verfügst über Praxiserfahrung in der Erstellung robuster Machine Learning Pipelines, idealerweise mit Kubeflow. Du hast Freude an der Zusammenarbeit im agilen Entwicklungsteam in einem attraktiven Arbeitsumfeld sowie an der Weiterbildung im Bereich neuer Technologien. Sehr gute Deutschkenntnisse (C1) runden dein Profil ab. Attraktive Vergütung: Eine wettbewerbsfähige Vergütung, ergänzt durch eine arbeitgeberfinanzierte betriebliche Altersvorsorge, bei der wir 2 bis 4 % deines Bruttogehalts beisteuern. Motiviertes Team und offene Unternehmenskultur: Ein freundliches Arbeitsumfeld, das von Zusammenarbeit lebt, und eine offene Kultur, die neue Ideen willkommen heißt und Innovationen begrüßt. Flexible Arbeitsgestaltung: Die Möglichkeit, mobil zu arbeiten sowie deine Arbeitszeiten deinen individuellen Bedürfnissen anzupassen. Umfassendes Onboarding: Ein Onboarding durch erfahrene Paten (m/w/d), damit du zu den Aufgaben und unsere Kultur schnell Zugang findest. Vielfältige Weiterbildungsmöglichkeiten: Weiterbildungsangebote, darunter unser Talent Management Programm und spezielle Führungskräftetrainings. Gesundheitsförderung: Online-Sportkurse und die Möglichkeit, ein JobRad zu leasen – für deine Gesundheit und Mobilität. TITL1_DE Nice-to-have skills Architecture Clean Code DevOps Docker Kubernetes Python Software Design Hanover, Lower Saxony, Germany Work experience Machine Learning Languages German",de.linkedin.com/jobs/view/machine-learning-engineer-m-w-d-at-tietalent-4280760963
Research Software Engineer für Ontologien und Wissensgraphen (m/w/d),Leibniz Association,"Hannover, Lower Saxony, Germany",LinkedIn,https://de.linkedin.com/jobs/view/research-software-engineer-f%C3%BCr-ontologien-und-wissensgraphen-m-w-d-at-leibniz-association-4279644038?position=5&pageNum=0&refId=xDyhVo0BpAP5KkE%2FS50pLA%3D%3D&trackingId=zqh59Bt2DK4YVFmz9V3o3w%3D%3D,Not specified,2025-08-10 09:52:03.224942,2025-08-04,"01.08.2025 Research Software Engineer für Ontologien und Wissensgraphen (m/w/d) Technische Informationsbibliothek (TIB), Hannover Als Deutsche Zentrale Fachbibliothek für Technik und Naturwissenschaften sichern wir mit unseren zukunftsweisenden Dienstleistungen die infrastrukturellen Voraussetzungen einer qualitativ hochwertigen Informations- und Literaturversorgung für Forschung in Wissenschaft und Industrie. Mit dem Open Research Knowledge Graph (ORKG) arbeiten wir daran, den Austausch und die Nutzung wissenschaftlicher Erkenntnisse im digitalen Zeitalter zu revolutionieren. Die Technische Informationsbibliothek (TIB), Programmbereich D, Open Research Knowledge Graph sucht für das Team Kuratierung & Community Building zum nächstmöglichen Zeitpunkt einen Research Software Engineer für Ontologien und Wissensgraphen (m/w/d) Die Stelle ist bis zum 30.04.2028 befristet. Die regelmäßige Wochenarbeitszeit beträgt 39,80 Stunden (Vollzeit). Der Arbeitsplatz ist grundsätzlich für Teilzeitbeschäftigung geeignet. Die Eingruppierung erfolgt in die Entgeltgruppe 13 TV-L. Ihre Aufgaben Sie übernehmen eine zentrale Rolle im Team Kuratierung & Community Building und wirken aktiv im vom Bundesministerium für Forschung, Technologie und Raumfahrt (BMFTR) geförderten Projekt DIPONI („Digitale Transformation in der Polymerverarbeitung: Interoperabilität und Lösungen des maschinellen Lernens zur Prozessoptimierung und Nachhaltigkeitssteigerung im industriellen Umfeld“) mit. Gesucht Wird Eine Engagierte Persönlichkeit Mit Ausgeprägter Expertise In Der Softwareentwicklung. Ziel Ist Der Aufbau Innovativer Forschungsdaten- Und Informationsmanagementsysteme Auf Basis Semantischer Technologien, Insbesondere Durch Entwicklung und Anwendung ontologiegestützter Datenmodelle (Ontology Engineering), Implementierung und Pflege OWL-basierter Wissensgraphen, Mitgestaltung strategischer Forschungs- und Technologieziele der TIB sowie des Joint Labs mit der Leibniz Universität Hannover. Sie leisten damit einen aktiven Beitrag zur digitalen Transformation in der Forschung und zur nachhaltigen Weiterentwicklung datengetriebener Technologien in der Industrie. Ihr Profil Sie Verfügen Über Ein Abgeschlossenes Wissenschaftliches Hochschulstudium (Masterabschluss, Universitätsdiplom Oder Gleichwertig) In Einem Einschlägigen Studiengang Wie Informatik, Informationswissenschaft, Mathematik Oder Einem Verwandten Fachgebiet. Sie Sind In Der Lage, Theoretische Konzepte Mit Praktischer Anwendung Zu Verbinden Und Bringen Fundierte Kenntnisse In Einem Oder Mehreren Der Folgenden Bereiche Mit Semantische Technologien, Linked Data, OWL-basierte Wissensgraphen und Ontologie-Engineering Datenmanagement, -integration und -analyse Software-Engineering und moderne Anwendungsentwicklung Darüber Hinaus Setzen Wir Folgende Qualifikationen Voraus Sehr gute Englischkenntnisse in Wort und Schrift Umfassende praktische Erfahrung im Umgang mit GitHub und gängigen Entwicklungs-Workflows Ausgezeichnete Kenntnisse in modernen Programmiersprachen, insbesondere in Python Erwartet Werden Außerdem Nachgewiesene Kompetenzen in der Softwareentwicklung und die Fähigkeit, über reine Forschungsprototypen hinaus ausgereifte Softwarekomponenten zu entwickeln Umfassende Erfahrung mit Datenmanagement-Technologien, insbesondere mit semantischem Datenmanagement unter Einbeziehung von Ontologien und OWL-basierten Wissensgraphen Erfahrung und Interesse an der Arbeit in Forschungsteams Zusammenarbeit mit anderen Forschungsgruppen im Rahmen von Verbundforschungsprojekten Wünschenswerte Qualifikationen Kenntnisse in den Bereichen Mensch-Computer-Interaktion und Datenvisualisierung Grundkenntnisse in den Bereichen Ingenieur- und Materialwissenschaften Eine abgeschlossene Promotion ist von Vorteil, aber keine Voraussetzung Wir bieten Unser Ziel ist es, die Bereitstellung und Nutzung von Forschungsdaten und -informationen immer wieder neu zu überdenken und zu innovieren. In der Forschungs- und Entwicklungsabteilung der TIB haben Sie die Möglichkeit, Ihre wissenschaftliche Weiterqualifizierung und Forschungskarriere in einem dynamischen und exzellenten Forschungsumfeld voranzutreiben. Wir bieten ein intellektuell inspirierendes Umfeld mit unternehmerischer Denkweise, eingebettet in eine führende technische Universität und eines der größten Informationszentren der Leibniz-Gemeinschaft. Mit dem Forschungszentrum L3S der Leibniz Universität Hannover, eines der weltweit führenden Forschungsinstitute im Bereich Web & Data Science, besteht dabei im Rahmen des Leibniz Joint Lab Data Science & Open Knowledge eine enge Kooperation. Nicht zuletzt legen wir Wert auf ein offenes und kreatives Arbeitsklima, in dem es Spaß macht zu arbeiten. Darüber hinaus bieten wir Einen gemeinwohlorientierten Arbeitsplatz im öffentlichen Dienst auf der Grundlage des Tarifvertrags für den öffentlichen Dienst der Länder (TV-L) mit einer Vergütung nach der Entgeltgruppe 13 TV-L. Eine Sonderzahlung zum Jahresende sowie 30 Tage Urlaub im Jahr bei einer Fünf-Tage-Woche. Zusätzliche freie Tage an Heiligabend (24.12.) und Silvester (31.12.). Einen flexiblen Arbeitsplatz in Zeit und Raum mit Angeboten zur Vereinbarkeit von Beruf und Familie wie u. a. mobiles Arbeiten und flexiblen Arbeitszeitmodellen (Gleitzeit). Einen modernen Arbeitsplatz in zentraler Lage von Hannover mit einem kollegialen, attraktiven und vielseitigen Arbeitsumfeld. Einen Arbeitgeber mit breit gefächertem Fort- und Weiterbildungsangebot, einer betrieblichen Gesundheitsförderung und Altersvorsorge für den öffentlichen Dienst (VBL). Beschäftigtenrabatt in den Mensen des Studentenwerks Hannover sowie Möglichkeit zur Nutzung der vielseitigen Angebote des Hochschulsports Hannover. Eigenverantwortliche und zukunftsorientierte Tätigkeiten, die Abwechslung bieten und Raum für persönliche Entwicklung lassen. Interessent:innen können sich bei Herrn Dr. Lars Vogt (Lars.Vogt(at)tib.eu), Leitung des Teams Kuratierung & Community Building, näher über das Arbeitsgebiet informieren. Wir freuen uns auf Ihre Bewerbung. Um Ihre Bewerbung einzureichen, klicken Sie bitte hier. Bewerbungen in Papierform sind ebenfalls gleichrangig möglich. Für diesen Fall senden Sie Ihre vollständigen Bewerbungsunterlagen bitte unter Angabe der Ausschreibungsnummer 40/2025 bis zum 31.08.2025 an die Technische Informationsbibliothek (TIB) Personalservice Herrn Daniel Eilers Welfengarten 1 B 30167 Hannover oder als PDF-Datei an bewerbung(at)tib.eu. Bei einer Bewerbung in digitalisierter Form bitten wir um Übersendung einer einzigen PDF-Datei mit einer Größe von maximal 10 MB. Wir laden Sie ein, Ihrer Bewerbung eine Angabe Ihrer jährlichen Gehaltsvorstellung beizufügen. Wer wir sind Die TIB ist eine Stiftung öffentlichen Rechts des Landes Niedersachsen. Mit rund 600 Beschäftigten und einem Etat von circa 50 Millionen Euro ist sie eine der größten Informationsinfrastruktureinrichtungen in Deutschland. Die TIB sorgt für optimale Arbeitsbedingungen und baut Maßnahmen zur Vereinbarkeit von Beruf und Familie kontinuierlich aus. Sie will die berufliche Gleichberechtigung von Frauen und Männern besonders fördern und fordert deshalb qualifizierte Frauen nachdrücklich auf, sich zu bewerben. Bewerbungen von Menschen mit Schwerbehinderung werden bei gleicher Qualifikation bevorzugt berücksichtigt. Chancengleichheit ist einer unserer zentralen Organisationswerte. Deshalb begrüßen wir Bewerbungen unabhängig von Nationalität, ethnischer und sozialer Herkunft, geschlechtlicher Identität, geschlechtlichem Ausdruck und/oder geschlechtlichem Merkmal, Religion und Weltanschauung, Alter sowie sexueller Orientierung und Identität. Bitte geben Sie im Betreff Ihrer Bewerbung an, über welche Stellenbörse Sie auf unser Angebot aufmerksam geworden sind. Wir weisen darauf hin, dass Bewerbungsunterlagen grundsätzlich nicht zurückgesandt werden. Weitere Informationen finden Sie unter: www.tib.eu",de.linkedin.com/jobs/view/research-software-engineer-f%C3%BCr-ontologien-und-wissensgraphen-m-w-d-at-leibniz-association-4279644038
Consultant Data Science Credit Risk (m/w/d) in Hannover,Deloitte,"Hannover, Lower Saxony, Germany",LinkedIn,https://de.linkedin.com/jobs/view/consultant-data-science-credit-risk-m-w-d-in-hannover-at-deloitte-4243063587?position=6&pageNum=0&refId=xDyhVo0BpAP5KkE%2FS50pLA%3D%3D&trackingId=aHvnzKmcHErbHS3zsXH4uA%3D%3D,Not specified,2025-08-10 09:52:03.225069,2025-08-06,"Du machst den Unterschied. Ob im Business Audit & Assurance, Tax & Legal, Consulting oder Advisory. Wir bei Deloitte unterstützen unsere weltweiten Mandanten dabei, sich kontinuierlich weiterzuentwickeln und zu wachsen. Entdecke ein vielfältiges Arbeitsumfeld, das ständig in Bewegung ist und immer um ein Zentrum kreist: dich und dein Know-how. What impact will you make? Du willst im Bereich Strategy, Risk & Transactions - Advisory - Financial Risk Finanzdienstleistern helfen, Risiken besser zu managen? Unser Team unterstützt umfassend in allen Phasen des Geschäftsprozesses und kombiniert gezielte Erfahrung, tiefes technisches Wissen, führendes Branchen Know-how und ein umfangreiches Verständnis von regulatorischen Anforderungen. Sichere unseren gemeinsamen Erfolg und mach mit uns den Unterschied: als Consultant Data Science Credit Risk (m/w/d). Standorte: Düsseldorf, Berlin, Frankfurt (Main), Hamburg, Hannover, Köln, München und Stuttgart. Dein Impact: Als Consultant Data Science Credit Risk (m/w/d) entwickelst du für Finanzdienstleister Lösungsansätze zur Bewältigung aktueller Herausforderungen im Kreditrisikomanagement - und trägst mit deiner Beratung zur Ausgestaltung von Geschäftsprozessen bei. Hands-on-Einstieg: Du bringst deine Studienerfahrung in die Entwicklung und Implementierung von Kreditrisikomodellen (Rating-Modelle, Kreditportfoliomodelle, Frühwarnsysteme etc.) ein und baust so tiefgehendes Fachwissen auf. Aufgabenvielfalt: Zusätzlich beschäftigst du dich mit der Validierung und Prüfung von Kreditrisikomodellen sowie mit Machine Learning, Text Mining etc. im Kontext von Kreditprozessen und - Weiterentwicklung: Du unterbreitest neue Ideen die Prozesse deiner Kunden zu optimieren und unsere Tools weiterzuentwickeln. Wachstum: Dein Team unterstützt du engagiert bei der Identifikation neuer Geschäftsfelder, der Akquise neuer Mandanten und der Angebotserstellung. Innovation: Im Rahmen deiner Tätigkeit bringst du eigene Ideen ein, um Kunden noch besser zu beraten und wirkst bei der Entwicklung neuer Produkte bis zur Marktreife mit. Dein Skillset: Abschluss in Wirtschaftswissenschaften, (Wirtschafts-) Informatik, (Wirtschafts-) Ingenieurwesen, (Wirtschafts-) Mathematik oder vergleichbar Idealerweise erste Erfahrungen und ein gutes Verständnis des Bankwesens in den Bereichen Aufsichtsrecht, Risikomanagement und Kreditprozesse Gute Statistikkenntnisse, lineare/logistische Regression oder Machine-Learning-Modelle in der Risikoparameterschätzung (PD, LGD, CCF) zur Anwendung von Basel II bis IV oder IFRS 9 Ausgeprägte IT-Affinität und erste Kenntnisse in Skript- oder Programmiersprachen (z. B. Python, R, SAS) und relationalen Datenbanksystemen (SQL) Hohes Engagement, Teamgeist, schnelle Auffassungsgabe und Freude an anspruchsvollen Projekten Reisebereitschaft sowie Spaß an der Kommunikation und Präsentation für anspruchsvolle Zielgruppen auf Deutsch und Englisch (sehr gut in Wort und Schrift) Deine Chance: Spannende Aufgaben in einem innovativen Umfeld mit hochmotivierten Kolleg:innen, die sich schon jetzt auf deine Impulse freuen Gute Rahmenbedingungen mit attraktivem Gehalt und zahlreichen Zusatzleistungen, z. B. Firmen-Smartphone zur privaten Nutzung, Fahrradleasing und Corporate Benefits Work-Life-Balance durch Mobile Working & Teilzeit, EU Remote Working, Sabbaticals, Mitarbeiter:innen-Events, Well-being Angebote wie z. B. Gesundheitstage, Kooperationen mit Fitness-Anbietern und den Familienservice, der dich bei privaten Herausforderungen unterstützt Exzellente Weiterbildung an der Deloitte University, in On- und Offline-Seminaren und im Rahmen der Berufsqualifikation Vielfältige Gestaltungsräume und aktive Förderung einer inklusiven Unternehmenskultur - u. a. durch unsere Diversity & Inclusion Mitarbeiter:innen-Netzwerke Bist du bereit? Mach mit uns den Unterschied! Unser Recruiting-Team freut sich auf deine Bewerbungsunterlagen (CV sowie Abitur-, Hochschul- und Arbeitszeugnisse) über unser Online-Formular. Ein Anschreiben und ein Bewerbungsfoto sind bei uns nicht erforderlich. Gleiche Chancen für alle: Wir freuen uns über Bewerbungen von Menschen, die so vielfältig sind wie wir – unabhängig von Alter, Behinderung, ethnischer Herkunft und Nationalität, Geschlecht, Religion, sexueller Orientierung oder sozialer Herkunft. Noch Fragen? Alle Infos zu unserem Bewerbungsprozess findest du in unseren Bewerbungs-FAQs . Job-ID: 49059",de.linkedin.com/jobs/view/consultant-data-science-credit-risk-m-w-d-in-hannover-at-deloitte-4243063587
Wirtschaftsinformatiker:in als Projektleiter:in in Data Analytics & Aufbau,enercity,"Hannover, Lower Saxony, Germany",LinkedIn,https://de.linkedin.com/jobs/view/wirtschaftsinformatiker-in-als-projektleiter-in-in-data-analytics-aufbau-at-enercity-4281656084?position=7&pageNum=0&refId=xDyhVo0BpAP5KkE%2FS50pLA%3D%3D&trackingId=X4hXaMbtvAjQUO1uhYOEig%3D%3D,Not specified,2025-08-10 09:52:03.225195,2025-08-07,"Aufgaben Als Prozessmanager:in und Projektleiter:in Digitalisierung im Einkauf initiierst, begleitest, steuerst, prüfst und standardisierst du Digitalisierungsprojekte und übernimmst bei Bedarf die Leitung. Du planst im Rahmen dieser Tätigkeiten die Aufgaben, Termine, Meilensteine, Kosten und Ressourcen. An der Schnittstelle zur IT und Digitalisierung agierst du als Business-Partner:in, bestimmst bei der Auswahl von Einkaufstools mit und übernimmst deren systemische Betreuung. Du entwickelst Data Analytics und ein ganzheitliches Reporting für den Einkauf weiter und definierst sowie analysierst fortlaufend relevante Kennzahlen. Deine Aufgaben werden durch die Teilprojektleitung für den Einkauf bei unternehmensweiten Projekten abgerundet. Anforderungen Du bringst ein abgeschlossenes Hochschulstudium, vorzugsweise in Wirtschaftsinformatik, Wirtschaftsingenieurwesen, Betriebswirtschaftslehre oder einer vergleichbaren Fachrichtung mit. Du hast bereits Berufs- und Projektmanagementerfahrung im Einkauf gesammelt, idealerweise in der operativen Durchführung von Projekten und in der Digitalisierung. Zudem verfügst du über Erfahrung in Data Analytics und im Aufbau eines Kennzahlensystems sowie im regelmäßigen Reporting. Des Weiteren besitzt du Zusatzqualifikationen in den Themen Organisationsentwicklung, Projektmanagement, agile Arbeitsmethoden oder Change-Management. Eine innovative Denkweise und IT-Affinität in Bezug auf die Neueinführung und Restrukturierung von Prozessen, eine ausgeprägte Kommunikations- und Moderationsfähigkeit über Hierarchieebenen und Organisationsbereiche sowie Teamfähigkeit zeichnen deine Persönlichkeit aus. Du gehst den Dingen gerne auf den Grund und verfügst über eine lösungsorientierte Arbeitsweise sowie einen pragmatischen Ansatz. Gute Englischkenntnisse in Wort und Schrift runden dein Profil ab. Das Sahnehäubchen – Diese Vorteile Bieten Wir Dir Teamwork statt HierarchiedenkenFür uns zählt der Erfolg des Teams, deshalb unterstützen wir uns gegenseitig. Klassische Hierarchien gibt es bei uns nicht: Anstatt dir im Nacken zu sitzen, halten dir unsere Führungskräfte lieber den Rücken frei. Viel Freiraum für eigene IdeenBei uns findest du jede Menge Freiraum für selbstständiges Arbeiten. Wir freuen uns auf deine Ideen – deinen Willen, Prozesse, Produkte und Lösungen aktiv mitzugestalten, schätzen wir sehr. Fort- & Weiterbildung: Potenzialentfaltung vom ersten Tag anDass du deine Potenziale frei entfalten kannst, ist uns sehr wichtig - und das schon ab dem ersten Arbeitstag. Du profitierst nicht nur von einer umfassenden Einarbeitung, sondern auch von auf dich zugeschnittenen Weiterbildungsmaßnahmen. Gesundheit bei enercityDeine Gesundheit liegt uns besonders am Herzen, deshalb sind unsere Arbeitsplätze nach neusten ergonomischen Anforderungen gestaltet. Dazu ist der betriebsärztliche Dienst bei Fragen zu Gesundheitsthemen und Prävention immer für dich da. Alles für deine Work-Life-BalanceVon flexiblen Arbeitszeiten über mobiles Arbeiten bis hin zur enercity Kinderkrippe und Unterstützung bei der Pflege von Angehörigen: Wir geben unser Bestes, damit du Privatleben und Beruf bestmöglich unter einen Hut bekommst. Attraktive BezahlungWir orientieren uns als Unternehmen häufig an der Start-Up Denke, aber nicht, wenn es um deine Vergütung geht. Neben einem attraktiven und sicheren Gehalt profitierst du beispielsweise von Sonderzahlungen oder betrieblicher Altersvorsorge. Onboarding: Für den bestmöglichen Start ins ArbeitslebenAm ersten Arbeitstag erwartet dich ein ausgestatteter Arbeitsplatz und ein Pate, der dich beim Ankommen unterstützt. Mit deinem Team erfährst du in der ersten Woche, was es mit unseren Networking-Meetings auf sich hat. enercity Gym und BetriebssportIm enerGym kannst du Bewegung und Entspannung in deinen Arbeitstag integrieren. Falls du weitere Sportarten für deinen Ausgleich im Alltag suchst, dann bist du bei unserer Betriebssportgemeinschaft genau richtig! Unser betriebsärztlicher Dienst ist immer für dich daNimm an unserem Präventionsprogramm oder unseren Gesundheitstagen teil, lass dich vom Team des betriebsärztlichen Dienstes durchchecken oder kontaktiere unsere Expert:innen für sämtliche Gesundheitsthemen. Mobiles ArbeitenWo es möglich ist, erleichtern wir dir durch mobiles Arbeiten die Vereinbarkeit von Beruf und Privatleben. Ob im Café oder zu Hause – du hast die Wahl! enercity KinderkrippeJährlich ermöglichen wir zwölf Kindern von Mitarbeitenden einen Betreuungsplatz bei uns. Mit der Initiative „Haus der kleinen Forscher“ werden die Kleinen an Musik und die englische Sprache herangeführt. Beste VerkehrsanbindungGerne bezuschussen wir dein Ticket für die Verkehrsbetriebe Hannover. Auch für dein E-Auto gibt es jede Menge Lademöglichkeiten auf unserem Parkplatz. Jobs, die wirklich was verändernGemeinsam bewegen wir Hannover und leisten einen bedeutenden Beitrag für die Zukunft unserer Gesellschaft: Wir sorgen dafür, dass erneuerbare Energien unsere Welt lebenswerter machen.",de.linkedin.com/jobs/view/wirtschaftsinformatiker-in-als-projektleiter-in-in-data-analytics-aufbau-at-enercity-4281656084
"Software Engineer, Data Infrastructure & Acquisition - Hanover, Germany",Speechify,"Hannover, Lower Saxony, Germany",LinkedIn,https://de.linkedin.com/jobs/view/software-engineer-data-infrastructure-acquisition-hanover-germany-at-speechify-4282118972?position=9&pageNum=0&refId=xDyhVo0BpAP5KkE%2FS50pLA%3D%3D&trackingId=stV2zs4Hj4QCE1Ds8SydYQ%3D%3D,Not specified,2025-08-10 09:52:03.225450,2025-08-08,"PLEASE APPLY THROUGH THIS LINK: https://job-boards.greenhouse.io/speechify/jobs/5615709004 DO NOT APPLY BELOW The mission of Speechify is to make sure that reading is never a barrier to learning. Over 50 million people use Speechify's text-to-speech products to turn whatever they're reading – PDFs, books, Google Docs, news articles, websites – into audio, so they can read faster, read more, and remember more. Speechify's text-to-speech reading products include its iOS app, Android App, Mac App, Chrome Extension, and Web App. Google recently named Speechify the Chrome Extension of the Year and Apple named Speechify its 2025 Design Award winner for Inclusivity. Today, nearly 200 people around the globe work on Speechify in a 100% distributed setting – Speechify has no office. These include frontend and backend engineers, AI research scientists, and others from Amazon, Microsoft, and Google, leading PhD programs like Stanford, high growth startups like Stripe, Vercel, Bolt, and many founders of their own companies. Overview The responsibilities of our Platform team include building and maintaining all backend services, including, but not limited to, payments, analytics, subscriptions, new products, text to speech, and external APIs. This is a key role and ideal for someone who thinks strategically, enjoys fast-paced environments, is passionate about making product decisions, and has experience building great user experiences that delight users. We are a flat organization that allows anyone to become a leader by showing excellent technical skills and delivering results consistently and fast. Work ethic, solid communication skills, and obsession with winning are paramount. Our interview process involves several technical interviews and we aim to complete them within 1 week. Overview We're looking to hire for our Data side of our AI team at Speechify. This role is responsible for all aspects of data collection to support our model training operations. We are able to build high-quality datasets at petabyte-scale and low cost through a tight integration of infrastructure, engineering, and research work. We are looking for a skilled Software Engineer to join us. What You'll Do Be scrappy to find new sources of audio data and bring it into our ingestion pipeline Operate and extend the cloud infrastructure for our ingestion pipeline, currently running on GCP and managed with Terraform. Collaborate closely with our Scientists to shift the cost/throughput/quality frontier, delivering richer data at bigger scale and lower cost to power our next-generation models. Collaborate with others on the AI Team and Speechify Leadership to craft the AI Team's dataset roadmap to power Speechify's next-generation consumer and enterprise products. An Ideal Candidate Should Have BS/MS/PhD in Computer Science or a related field. 5+ years of industry experience in software development. Proficiency with bash/Python scripting in Linux environments Proficiency in Docker and Infrastructure-as-Code concepts and professional experience with at least one major Cloud Provider (we use GCP) Experience with web crawlers, large-scale data processing workflows is a plus Ability to handle multiple tasks and adapt to changing priorities. Strong communication skills, both written and verbal. What we offer A fast-growing environment where you can help shape the company and product. An entrepreneurial-minded team that supports risk, intuition, and hustle. A hands-off management approach so you can focus and do your best work. An opportunity to make a big impact in a transformative industry. Competitive salaries, a friendly and laid-back atmosphere, and a commitment to building a great asynchronous culture. Opportunity to work on a life-changing product that millions of people use. Build products that directly impact and support people with learning differences like dyslexia, ADD, low vision, concussions, autism, and more. Work in one of the fastest-growing sectors of tech, the intersection of artificial intelligence and audio. What We Offer A dynamic environment where your contributions shape the company and its products. A team that values innovation, intuition, and drive. Autonomy, fostering focus and creativity. The opportunity to have a significant impact in a revolutionary industry. Competitive compensation, a welcoming atmosphere, and a commitment to an exceptional asynchronous work culture. The privilege of working on a product that changes lives, particularly for those with learning differences like dyslexia, ADD, and more. An active role at the intersection of artificial intelligence and audio – a rapidly evolving tech domain. Think you're a good fit for this job? Tell us more about yourself and why you're interested in the role when you apply. And don't forget to include links to your portfolio and LinkedIn. Not looking but know someone who would make a great fit? Refer them! Speechify is committed to a diverse and inclusive workplace. Speechify does not discriminate on the basis of race, national origin, gender, gender identity, sexual orientation, protected veteran status, disability, age, or other legally protected status.",de.linkedin.com/jobs/view/software-engineer-data-infrastructure-acquisition-hanover-germany-at-speechify-4282118972
Data Architect,Arxada,"Hannover, Lower Saxony, Germany",LinkedIn,https://de.linkedin.com/jobs/view/data-architect-at-arxada-4281666728?position=13&pageNum=0&refId=xDyhVo0BpAP5KkE%2FS50pLA%3D%3D&trackingId=qZ5AXm99lqTPRDtcIXlYgw%3D%3D,Not specified,2025-08-10 09:52:03.225967,2025-08-07,,de.linkedin.com/jobs/view/data-architect-at-arxada-4281666728
HR Controller (m/w/d) mit Schwerpunkt Data Science,Dirk Rossmann GmbH,"Burgwedel, Lower Saxony, Germany",LinkedIn,https://de.linkedin.com/jobs/view/hr-controller-m-w-d-mit-schwerpunkt-data-science-at-dirk-rossmann-gmbh-4281671806?position=15&pageNum=0&refId=xDyhVo0BpAP5KkE%2FS50pLA%3D%3D&trackingId=xzQwbQaXLr38Zx4ZeCy14Q%3D%3D,Not specified,2025-08-10 09:52:03.226222,2025-08-07,,de.linkedin.com/jobs/view/hr-controller-m-w-d-mit-schwerpunkt-data-science-at-dirk-rossmann-gmbh-4281671806
Research Software Engineer Ontologien und Wissensgraphen (m/w/d),TIB – Leibniz-Informationszentrum Technik und Naturwissenschaften und Universitätsbibliothek,"Hannover, Lower Saxony, Germany",LinkedIn,https://de.linkedin.com/jobs/view/research-software-engineer-ontologien-und-wissensgraphen-m-w-d-at-tib-%E2%80%93-leibniz-informationszentrum-technik-und-naturwissenschaften-und-universit%C3%A4tsbibliothek-4279585735?position=16&pageNum=0&refId=xDyhVo0BpAP5KkE%2FS50pLA%3D%3D&trackingId=GyorzbRC6%2BXmlopMeUaTBQ%3D%3D,Not specified,2025-08-10 09:52:03.226345,2025-08-04,,de.linkedin.com/jobs/view/research-software-engineer-ontologien-und-wissensgraphen-m-w-d-at-tib-%E2%80%93-leibniz-informationszentrum-technik-und-naturwissenschaften-und-universit%C3%A4tsbibliothek-4279585735
AI Engineer Fokus Large Language Models (w/m/d),PwC Deutschland,"Hannover, Lower Saxony, Germany",LinkedIn,https://de.linkedin.com/jobs/view/ai-engineer-fokus-large-language-models-w-m-d-at-pwc-deutschland-4280865052?position=17&pageNum=0&refId=xDyhVo0BpAP5KkE%2FS50pLA%3D%3D&trackingId=TfeD2KSCUYKMTsv5IIyKsQ%3D%3D,Not specified,2025-08-10 09:52:03.226472,2025-08-06,,de.linkedin.com/jobs/view/ai-engineer-fokus-large-language-models-w-m-d-at-pwc-deutschland-4280865052
Sachbearbeiter:in Data Analyst (m/w/d),TieTalent,"Langenhagen, Lower Saxony, Germany",LinkedIn,https://de.linkedin.com/jobs/view/sachbearbeiter-in-data-analyst-m-w-d-at-tietalent-4280161131?position=18&pageNum=0&refId=xDyhVo0BpAP5KkE%2FS50pLA%3D%3D&trackingId=zb4%2Bdiv8dN%2F20%2BF5wKeGJw%3D%3D,Not specified,2025-08-10 09:52:03.226604,2025-08-05,,de.linkedin.com/jobs/view/sachbearbeiter-in-data-analyst-m-w-d-at-tietalent-4280161131
Informatiker:in als HR Data Governance Spezialist:in Projektmanagement,TieTalent,"Burgdorf, Lower Saxony, Germany",LinkedIn,https://de.linkedin.com/jobs/view/informatiker-in-als-hr-data-governance-spezialist-in-projektmanagement-at-tietalent-4281473765?position=20&pageNum=0&refId=xDyhVo0BpAP5KkE%2FS50pLA%3D%3D&trackingId=jkQ5TeOjkGAD0JSmDe%2BShA%3D%3D,Not specified,2025-08-10 09:52:03.226855,2025-08-07,,de.linkedin.com/jobs/view/informatiker-in-als-hr-data-governance-spezialist-in-projektmanagement-at-tietalent-4281473765
Sports Data Consultant (all genders),adesso SE,"Hannover, Lower Saxony, Germany",LinkedIn,https://de.linkedin.com/jobs/view/sports-data-consultant-all-genders-at-adesso-se-4151470877?position=21&pageNum=0&refId=xDyhVo0BpAP5KkE%2FS50pLA%3D%3D&trackingId=bBN8WdMt7Ftb%2B2LBHGAsqQ%3D%3D,Not specified,2025-08-10 09:52:03.226982,2025-08-07,,de.linkedin.com/jobs/view/sports-data-consultant-all-genders-at-adesso-se-4151470877
"Underwriter:in Lateinamerikanischer Markt, 2685",Hannover Re,"Hannover, Lower Saxony, Germany",LinkedIn,https://de.linkedin.com/jobs/view/underwriter-in-lateinamerikanischer-markt-2685-at-hannover-re-4281851063?position=25&pageNum=0&refId=xDyhVo0BpAP5KkE%2FS50pLA%3D%3D&trackingId=4dkburgpGkw917E%2FS%2Bjs9w%3D%3D,Not specified,2025-08-10 09:52:03.227501,2025-08-08,,de.linkedin.com/jobs/view/underwriter-in-lateinamerikanischer-markt-2685-at-hannover-re-4281851063
Projektkoordinator:in / Assistent:in (m/w/d),TieTalent,"Burgdorf, Lower Saxony, Germany",LinkedIn,https://de.linkedin.com/jobs/view/projektkoordinator-in-assistent-in-m-w-d-at-tietalent-4279543072?position=27&pageNum=0&refId=xDyhVo0BpAP5KkE%2FS50pLA%3D%3D&trackingId=%2B%2BV66r5M5EUw%2B%2BLh9ovvpA%3D%3D,Not specified,2025-08-10 09:52:03.227754,2025-08-04,,de.linkedin.com/jobs/view/projektkoordinator-in-assistent-in-m-w-d-at-tietalent-4279543072
Senior Consultant Microsoft OpenAI (all genders),adesso SE,"Hannover, Lower Saxony, Germany",LinkedIn,https://de.linkedin.com/jobs/view/senior-consultant-microsoft-openai-all-genders-at-adesso-se-3736258266?position=28&pageNum=0&refId=xDyhVo0BpAP5KkE%2FS50pLA%3D%3D&trackingId=PFQptvij49pXBdji%2BrJzvg%3D%3D,Not specified,2025-08-10 09:52:03.227879,2025-08-07,,de.linkedin.com/jobs/view/senior-consultant-microsoft-openai-all-genders-at-adesso-se-3736258266
"Underwriter Latin American Market, 2685",Hannover Re,"Hannover, Lower Saxony, Germany",LinkedIn,https://de.linkedin.com/jobs/view/underwriter-latin-american-market-2685-at-hannover-re-4281848509?position=29&pageNum=0&refId=xDyhVo0BpAP5KkE%2FS50pLA%3D%3D&trackingId=GQFkipcr3oOtWXnL%2FK%2BsIQ%3D%3D,Not specified,2025-08-10 09:52:03.228012,2025-08-08,,de.linkedin.com/jobs/view/underwriter-latin-american-market-2685-at-hannover-re-4281848509
Three Tenure-Track Professoriate Positions in Geography,Teacher of Arts (High school) Philosophy of the Arts (HKU),"Mellendorf, Lower Saxony, Germany",LinkedIn,https://de.linkedin.com/jobs/view/three-tenure-track-professoriate-positions-in-geography-at-teacher-of-arts-high-school-philosophy-of-the-arts-hku-4281391011?position=30&pageNum=0&refId=xDyhVo0BpAP5KkE%2FS50pLA%3D%3D&trackingId=eBjxwicXytHCjU2i2aADXA%3D%3D,Not specified,2025-08-10 09:52:03.228138,2025-08-07,,de.linkedin.com/jobs/view/three-tenure-track-professoriate-positions-in-geography-at-teacher-of-arts-high-school-philosophy-of-the-arts-hku-4281391011
Consultant Strategie- und Managementberatung Fokus Data & AI (m/w/d) in Hannover,Deloitte,"Hannover, Lower Saxony, Germany",LinkedIn,https://de.linkedin.com/jobs/view/consultant-strategie-und-managementberatung-fokus-data-ai-m-w-d-in-hannover-at-deloitte-4243063371?position=31&pageNum=0&refId=xDyhVo0BpAP5KkE%2FS50pLA%3D%3D&trackingId=leHFyf46B0MuRr%2BDFGqdyQ%3D%3D,Not specified,2025-08-10 09:52:03.228264,2025-08-07,,de.linkedin.com/jobs/view/consultant-strategie-und-managementberatung-fokus-data-ai-m-w-d-in-hannover-at-deloitte-4243063371
Senior Consultant Strategie- und Managementberatung Fokus Data & AI (m/w/d) in Hannover,Deloitte,"Hannover, Lower Saxony, Germany",LinkedIn,https://de.linkedin.com/jobs/view/senior-consultant-strategie-und-managementberatung-fokus-data-ai-m-w-d-in-hannover-at-deloitte-4243063387?position=34&pageNum=0&refId=xDyhVo0BpAP5KkE%2FS50pLA%3D%3D&trackingId=EDJid8fq%2By9EpqPrUzsTNw%3D%3D,Not specified,2025-08-10 09:52:03.228645,2025-08-06,,de.linkedin.com/jobs/view/senior-consultant-strategie-und-managementberatung-fokus-data-ai-m-w-d-in-hannover-at-deloitte-4243063387
Consultant Corporate Governance (m/w/d) in Hannover,Deloitte,"Hannover, Lower Saxony, Germany",LinkedIn,https://de.linkedin.com/jobs/view/consultant-corporate-governance-m-w-d-in-hannover-at-deloitte-4243062225?position=35&pageNum=0&refId=xDyhVo0BpAP5KkE%2FS50pLA%3D%3D&trackingId=VvF%2FprwAciuBqWdRLWKf5Q%3D%3D,Not specified,2025-08-10 09:52:03.228770,2025-08-06,,de.linkedin.com/jobs/view/consultant-corporate-governance-m-w-d-in-hannover-at-deloitte-4243062225
Consultant Financial Risk Management (m/w/d) in Hannover,Deloitte,"Hannover, Lower Saxony, Germany",LinkedIn,https://de.linkedin.com/jobs/view/consultant-financial-risk-management-m-w-d-in-hannover-at-deloitte-4243057980?position=38&pageNum=0&refId=xDyhVo0BpAP5KkE%2FS50pLA%3D%3D&trackingId=l%2BNFDnIhgkYdTiriX6dpvQ%3D%3D,Not specified,2025-08-10 09:52:03.229146,2025-08-07,,de.linkedin.com/jobs/view/consultant-financial-risk-management-m-w-d-in-hannover-at-deloitte-4243057980
Praktikant Wirtschaftsprüfung im Bereich Banken - Assurance (Financial Services) (w/m/d),EY,"Hannover, Lower Saxony, Germany",LinkedIn,https://de.linkedin.com/jobs/view/praktikant-wirtschaftspr%C3%BCfung-im-bereich-banken-assurance-financial-services-w-m-d-at-ey-3973478249?position=39&pageNum=0&refId=xDyhVo0BpAP5KkE%2FS50pLA%3D%3D&trackingId=Gq1ktC7EiL1FMZPaMwS7Bw%3D%3D,Not specified,2025-08-10 09:52:03.229272,2025-08-09,,de.linkedin.com/jobs/view/praktikant-wirtschaftspr%C3%BCfung-im-bereich-banken-assurance-financial-services-w-m-d-at-ey-3973478249
