title,company,location,source,url,salary,scraped_at,posted_at,description,job_id
Data Science Consultant (m/w/d),INVENSITY,"Stuttgart, Baden-Württemberg, Germany",LinkedIn,https://de.linkedin.com/jobs/view/data-science-consultant-m-w-d-at-invensity-4340453696?position=1&pageNum=0&refId=7yD2cLD6YT0TDOY%2F3hvQsw%3D%3D&trackingId=l0ydjvOoPE%2FEr7FI2Ks7Pw%3D%3D,Not specified,2025-11-13 17:10:15.198781,2025-11-13,,de.linkedin.com/jobs/view/data-science-consultant-m-w-d-at-invensity-4340453696
Doktorand - Informatik (m/w/d)- Fraunhofer-Institut für Arbeitswirtschaft und Organisation IAO,Fraunhofer Institute for Industrial Engineering IAO,"Stuttgart, Baden-Württemberg, Germany",LinkedIn,https://de.linkedin.com/jobs/view/doktorand-informatik-m-w-d-fraunhofer-institut-f%C3%BCr-arbeitswirtschaft-und-organisation-iao-at-fraunhofer-institute-for-industrial-engineering-iao-4335805907?position=3&pageNum=0&refId=7yD2cLD6YT0TDOY%2F3hvQsw%3D%3D&trackingId=Rwd1jr6dys%2FG3uxPV9dF0g%3D%3D,Not specified,2025-11-13 17:10:15.199068,2025-11-12,,de.linkedin.com/jobs/view/doktorand-informatik-m-w-d-fraunhofer-institut-f%C3%BCr-arbeitswirtschaft-und-organisation-iao-at-fraunhofer-institute-for-industrial-engineering-iao-4335805907
Doktorand - Künstliche Intelligenz (m/w/d)- Fraunhofer-Institut für Arbeitswirtschaft und Organisation IAO,Fraunhofer Institute for Industrial Engineering IAO,"Stuttgart, Baden-Württemberg, Germany",LinkedIn,https://de.linkedin.com/jobs/view/doktorand-k%C3%BCnstliche-intelligenz-m-w-d-fraunhofer-institut-f%C3%BCr-arbeitswirtschaft-und-organisation-iao-at-fraunhofer-institute-for-industrial-engineering-iao-4335755993?position=4&pageNum=0&refId=7yD2cLD6YT0TDOY%2F3hvQsw%3D%3D&trackingId=F7QxTswH7wbsT6eZs5ettA%3D%3D,Not specified,2025-11-13 17:10:15.199189,2025-11-12,,de.linkedin.com/jobs/view/doktorand-k%C3%BCnstliche-intelligenz-m-w-d-fraunhofer-institut-f%C3%BCr-arbeitswirtschaft-und-organisation-iao-at-fraunhofer-institute-for-industrial-engineering-iao-4335755993
Senior AI & Data Scientist (m/f/d),Trelleborg Group,"Stuttgart, Baden-Württemberg, Germany",LinkedIn,https://de.linkedin.com/jobs/view/senior-ai-data-scientist-m-f-d-at-trelleborg-group-4335635380?position=5&pageNum=0&refId=7yD2cLD6YT0TDOY%2F3hvQsw%3D%3D&trackingId=cj18cP1CieKXWBhtVpgoPA%3D%3D,Not specified,2025-11-13 17:10:15.199313,2025-11-12,,de.linkedin.com/jobs/view/senior-ai-data-scientist-m-f-d-at-trelleborg-group-4335635380
Fullstack TypeScript AI-Engineer (m/w/d),Studicon,"Stuttgart, Baden-Württemberg, Germany",LinkedIn,https://de.linkedin.com/jobs/view/fullstack-typescript-ai-engineer-m-w-d-at-studicon-4336000970?position=9&pageNum=0&refId=7yD2cLD6YT0TDOY%2F3hvQsw%3D%3D&trackingId=uXinKIBWgaxZp36tUY17CA%3D%3D,Not specified,2025-11-13 17:10:15.199790,2025-11-13,,de.linkedin.com/jobs/view/fullstack-typescript-ai-engineer-m-w-d-at-studicon-4336000970
Software Developer - FullStack w/m/d,Computacenter,Stuttgart Region,LinkedIn,https://de.linkedin.com/jobs/view/software-developer-fullstack-w-m-d-at-computacenter-4030757298?position=10&pageNum=0&refId=7yD2cLD6YT0TDOY%2F3hvQsw%3D%3D&trackingId=BGDNpVNkLo49ONcx%2FFRJ%2Bw%3D%3D,Not specified,2025-11-13 17:10:15.199910,2025-11-13,,de.linkedin.com/jobs/view/software-developer-fullstack-w-m-d-at-computacenter-4030757298
Fullstack AI Architect (m/w/d),Studicon,"Stuttgart, Baden-Württemberg, Germany",LinkedIn,https://de.linkedin.com/jobs/view/fullstack-ai-architect-m-w-d-at-studicon-4335930957?position=12&pageNum=0&refId=7yD2cLD6YT0TDOY%2F3hvQsw%3D%3D&trackingId=%2FMxaPzZDhewE8HZud9DYMQ%3D%3D,Not specified,2025-11-13 17:10:15.200144,2025-11-13,,de.linkedin.com/jobs/view/fullstack-ai-architect-m-w-d-at-studicon-4335930957
フルスタックエンジニア,Beff,"Stuttgart, Baden-Württemberg, Germany",LinkedIn,https://de.linkedin.com/jobs/view/%E3%83%95%E3%83%AB%E3%82%B9%E3%82%BF%E3%83%83%E3%82%AF%E3%82%A8%E3%83%B3%E3%82%B8%E3%83%8B%E3%82%A2-at-beff-4340282903?position=15&pageNum=0&refId=7yD2cLD6YT0TDOY%2F3hvQsw%3D%3D&trackingId=FObdIMcCAjftveuV8%2FZTjA%3D%3D,Not specified,2025-11-13 17:10:15.200488,2025-11-13,,de.linkedin.com/jobs/view/%E3%83%95%E3%83%AB%E3%82%B9%E3%82%BF%E3%83%83%E3%82%AF%E3%82%A8%E3%83%B3%E3%82%B8%E3%83%8B%E3%82%A2-at-beff-4340282903
Masterand (m/w/d) Diagnosedatenintegration in modernen Fahrzeugdiagnosesystemen,Porsche AG,"Weissach, Baden-Württemberg, Germany",LinkedIn,https://de.linkedin.com/jobs/view/masterand-m-w-d-diagnosedatenintegration-in-modernen-fahrzeugdiagnosesystemen-at-porsche-ag-4315926955?position=16&pageNum=0&refId=7yD2cLD6YT0TDOY%2F3hvQsw%3D%3D&trackingId=AOG2dFm5I5pfFMgj5gEWUA%3D%3D,Not specified,2025-11-13 17:10:15.200604,2025-11-13,,de.linkedin.com/jobs/view/masterand-m-w-d-diagnosedatenintegration-in-modernen-fahrzeugdiagnosesystemen-at-porsche-ag-4315926955
"Senior/Staff Machine Learning Engineer - Bidding (Bangkok based, relocation provided)",Agoda,"Stuttgart, Baden-Württemberg, Germany",LinkedIn,https://de.linkedin.com/jobs/view/senior-staff-machine-learning-engineer-bidding-bangkok-based-relocation-provided-at-agoda-4308199245?position=17&pageNum=0&refId=7yD2cLD6YT0TDOY%2F3hvQsw%3D%3D&trackingId=ldd4D335GY9Cdqla%2FS9ilw%3D%3D,Not specified,2025-11-13 17:10:15.200721,2025-11-12,,de.linkedin.com/jobs/view/senior-staff-machine-learning-engineer-bidding-bangkok-based-relocation-provided-at-agoda-4308199245
Senior Applikationsingenieur / Programmierer / Automation / Steuerungstechnik Schwerpunkt TwinCat3) (m/w/d),IMT Services,"Waiblingen, Baden-Württemberg, Germany",LinkedIn,https://de.linkedin.com/jobs/view/senior-applikationsingenieur-programmierer-automation-steuerungstechnik-schwerpunkt-twincat3-m-w-d-at-imt-services-4340281747?position=18&pageNum=0&refId=7yD2cLD6YT0TDOY%2F3hvQsw%3D%3D&trackingId=jqjWi1zL8JkX0zxsjOWm8A%3D%3D,Not specified,2025-11-13 17:10:15.200837,2025-11-12,,de.linkedin.com/jobs/view/senior-applikationsingenieur-programmierer-automation-steuerungstechnik-schwerpunkt-twincat3-m-w-d-at-imt-services-4340281747
MCU 软件工程师,ASENSING,Stuttgart Region,LinkedIn,https://de.linkedin.com/jobs/view/mcu-%E8%BD%AF%E4%BB%B6%E5%B7%A5%E7%A8%8B%E5%B8%88-at-asensing-4340284992?position=19&pageNum=0&refId=7yD2cLD6YT0TDOY%2F3hvQsw%3D%3D&trackingId=OAxvNk3iPXhpHGtu5NqW5w%3D%3D,Not specified,2025-11-13 17:10:15.200954,2025-11-13,,de.linkedin.com/jobs/view/mcu-%E8%BD%AF%E4%BB%B6%E5%B7%A5%E7%A8%8B%E5%B8%88-at-asensing-4340284992
"Senior / Staff MLOps Engineer (Bangkok based, relocation provided)",Agoda,"Stuttgart, Baden-Württemberg, Germany",LinkedIn,https://de.linkedin.com/jobs/view/senior-staff-mlops-engineer-bangkok-based-relocation-provided-at-agoda-4335941139?position=23&pageNum=0&refId=7yD2cLD6YT0TDOY%2F3hvQsw%3D%3D&trackingId=bEyiJyNziC%2Fs6X0cBU%2FLaw%3D%3D,Not specified,2025-11-13 17:10:15.201419,2025-11-13,,de.linkedin.com/jobs/view/senior-staff-mlops-engineer-bangkok-based-relocation-provided-at-agoda-4335941139
Requirements Engineer Platform (all genders),adesso insurance solutions GmbH,"Stuttgart, Baden-Württemberg, Germany",LinkedIn,https://de.linkedin.com/jobs/view/requirements-engineer-platform-all-genders-at-adesso-insurance-solutions-gmbh-4307654451?position=25&pageNum=0&refId=7yD2cLD6YT0TDOY%2F3hvQsw%3D%3D&trackingId=mFiBxjZWx6KwMt2jWWuRLg%3D%3D,Not specified,2025-11-13 17:10:15.201652,2025-11-13,,de.linkedin.com/jobs/view/requirements-engineer-platform-all-genders-at-adesso-insurance-solutions-gmbh-4307654451
Backend-Softwareentwickler (m/w/d),MySpa Group,"Stuttgart, Baden-Württemberg, Germany",LinkedIn,https://de.linkedin.com/jobs/view/backend-softwareentwickler-m-w-d-at-myspa-group-4340524534?position=27&pageNum=0&refId=7yD2cLD6YT0TDOY%2F3hvQsw%3D%3D&trackingId=6PFTddWTIIUQlO7hPM9ERw%3D%3D,Not specified,2025-11-13 17:10:15.201882,2025-11-13,,de.linkedin.com/jobs/view/backend-softwareentwickler-m-w-d-at-myspa-group-4340524534
Senior Full Stack Engineer,Instaffo,"Stuttgart, Baden-Württemberg, Germany",LinkedIn,https://de.linkedin.com/jobs/view/senior-full-stack-engineer-at-instaffo-4335755847?position=28&pageNum=0&refId=7yD2cLD6YT0TDOY%2F3hvQsw%3D%3D&trackingId=Gz2w8SoGm18nKxxG2CZFNw%3D%3D,Not specified,2025-11-13 17:10:15.201998,2025-11-12,,de.linkedin.com/jobs/view/senior-full-stack-engineer-at-instaffo-4335755847
Cloud-Entwickler,Ratbacher GmbH,"Stuttgart, Baden-Württemberg, Germany",LinkedIn,https://de.linkedin.com/jobs/view/cloud-entwickler-at-ratbacher-gmbh-4336030569?position=30&pageNum=0&refId=7yD2cLD6YT0TDOY%2F3hvQsw%3D%3D&trackingId=WKmwn0vSJGMxSxouCLNVfA%3D%3D,Not specified,2025-11-13 17:10:15.202231,2025-11-13,,de.linkedin.com/jobs/view/cloud-entwickler-at-ratbacher-gmbh-4336030569
Compiler Engineer,Quantum Machines,"Stuttgart, Baden-Württemberg, Germany",LinkedIn,https://de.linkedin.com/jobs/view/compiler-engineer-at-quantum-machines-4288904290?position=34&pageNum=0&refId=7yD2cLD6YT0TDOY%2F3hvQsw%3D%3D&trackingId=0gF4Wou03ALcmFwEQxZfog%3D%3D,Not specified,2025-11-13 17:10:15.202689,2025-11-13,,de.linkedin.com/jobs/view/compiler-engineer-at-quantum-machines-4288904290
Middleware Engineer,Applied Intuition,"Stuttgart, Baden-Württemberg, Germany",LinkedIn,https://de.linkedin.com/jobs/view/middleware-engineer-at-applied-intuition-4317784308?position=35&pageNum=0&refId=7yD2cLD6YT0TDOY%2F3hvQsw%3D%3D&trackingId=mqwjOMOYQKZNN43cuPNgmg%3D%3D,Not specified,2025-11-13 17:10:15.202804,2025-11-13,,de.linkedin.com/jobs/view/middleware-engineer-at-applied-intuition-4317784308
Hard-/Softwareentwickler für Embedded Systeme (m/w/d),SOMMER Antriebs- und Funktechnik GmbH,"Kirchheim unter Teck, Baden-Württemberg, Germany",LinkedIn,https://de.linkedin.com/jobs/view/hard-softwareentwickler-f%C3%BCr-embedded-systeme-m-w-d-at-sommer-antriebs-und-funktechnik-gmbh-4335689122?position=39&pageNum=0&refId=7yD2cLD6YT0TDOY%2F3hvQsw%3D%3D&trackingId=M%2Fi8Ide29To5CfMW3z0kpw%3D%3D,Not specified,2025-11-13 17:10:15.203267,2025-11-13,,de.linkedin.com/jobs/view/hard-softwareentwickler-f%C3%BCr-embedded-systeme-m-w-d-at-sommer-antriebs-und-funktechnik-gmbh-4335689122
Senior Java Engineer,Quantum Machines,"Stuttgart, Baden-Württemberg, Germany",LinkedIn,https://de.linkedin.com/jobs/view/senior-java-engineer-at-quantum-machines-4288374674?position=40&pageNum=0&refId=7yD2cLD6YT0TDOY%2F3hvQsw%3D%3D&trackingId=cNjWRmboUcPk5vlGQJnydA%3D%3D,Not specified,2025-11-13 17:10:15.203378,2025-11-13,,de.linkedin.com/jobs/view/senior-java-engineer-at-quantum-machines-4288374674
Teamleiter Softwareentwicklung (m/w/d) - Hays,Jobs via eFinancialCareers,"Tübingen, Baden-Württemberg, Germany",LinkedIn,https://de.linkedin.com/jobs/view/teamleiter-softwareentwicklung-m-w-d-hays-at-jobs-via-efinancialcareers-4333364836?position=43&pageNum=0&refId=7yD2cLD6YT0TDOY%2F3hvQsw%3D%3D&trackingId=DAHA89amY31hvVgiRZnaHg%3D%3D,Not specified,2025-11-13 17:10:15.203729,2025-11-13,,de.linkedin.com/jobs/view/teamleiter-softwareentwicklung-m-w-d-hays-at-jobs-via-efinancialcareers-4333364836
(Senior) Azure Cloud Engineer (all genders),Zühlke Group,"Stuttgart, Baden-Württemberg, Germany",LinkedIn,https://de.linkedin.com/jobs/view/senior-azure-cloud-engineer-all-genders-at-z%C3%BChlke-group-4288018954?position=44&pageNum=0&refId=7yD2cLD6YT0TDOY%2F3hvQsw%3D%3D&trackingId=zchm%2F8k%2Fc82nxf5H80lX3Q%3D%3D,Not specified,2025-11-13 17:10:15.203845,2025-11-13,,de.linkedin.com/jobs/view/senior-azure-cloud-engineer-all-genders-at-z%C3%BChlke-group-4288018954
Senior Data Scientist,Zeta Global,"Berlin, Berlin, Germany",LinkedIn,https://de.linkedin.com/jobs/view/senior-data-scientist-at-zeta-global-4307685687?position=1&pageNum=0&refId=qBvjUEgOqu7Oy51c%2BLaqvQ%3D%3D&trackingId=ls8I6ao%2BAgClO%2Bvj5Ro1Ng%3D%3D,Not specified,2025-11-13 17:10:18.195695,2025-11-13,,de.linkedin.com/jobs/view/senior-data-scientist-at-zeta-global-4307685687
Data Scientist (f/m/d),Nia Health GmbH,"Berlin, Berlin, Germany",LinkedIn,https://de.linkedin.com/jobs/view/data-scientist-f-m-d-at-nia-health-gmbh-4340224656?position=2&pageNum=0&refId=qBvjUEgOqu7Oy51c%2BLaqvQ%3D%3D&trackingId=5XZX2Vpqsa7brI36oZ7IxQ%3D%3D,Not specified,2025-11-13 17:10:18.195843,2025-11-13,,de.linkedin.com/jobs/view/data-scientist-f-m-d-at-nia-health-gmbh-4340224656
Machine Learning Engineer (m/f/d),Flatiron Health,Berlin Metropolitan Area,LinkedIn,https://de.linkedin.com/jobs/view/machine-learning-engineer-m-f-d-at-flatiron-health-4277227448?position=3&pageNum=0&refId=qBvjUEgOqu7Oy51c%2BLaqvQ%3D%3D&trackingId=76nxI%2BKXmwlWllpaR5hOrw%3D%3D,Not specified,2025-11-13 17:10:18.195974,2025-11-13,,de.linkedin.com/jobs/view/machine-learning-engineer-m-f-d-at-flatiron-health-4277227448
Machine Learning Engineer,DKB | Deutsche Kreditbank AG,"Berlin, Berlin, Germany",LinkedIn,https://de.linkedin.com/jobs/view/machine-learning-engineer-at-dkb-deutsche-kreditbank-ag-4312315149?position=4&pageNum=0&refId=qBvjUEgOqu7Oy51c%2BLaqvQ%3D%3D&trackingId=hTqbOYHm19sx42vxGDzfqA%3D%3D,Not specified,2025-11-13 17:10:18.196098,2025-11-12,,de.linkedin.com/jobs/view/machine-learning-engineer-at-dkb-deutsche-kreditbank-ag-4312315149
RESEARCH AND DEVELOPMENT ENGINEER,ROBOVIS,"Berlin, Berlin, Germany",LinkedIn,https://de.linkedin.com/jobs/view/research-and-development-engineer-at-robovis-4340492759?position=6&pageNum=0&refId=qBvjUEgOqu7Oy51c%2BLaqvQ%3D%3D&trackingId=4PupBEcxaHDJVT8kESz%2Bjg%3D%3D,Not specified,2025-11-13 17:10:18.196352,2025-11-13,,de.linkedin.com/jobs/view/research-and-development-engineer-at-robovis-4340492759
Machine Learning Research Engineer - Search - Berlin,Perplexity,"Berlin, Berlin, Germany",LinkedIn,https://de.linkedin.com/jobs/view/machine-learning-research-engineer-search-berlin-at-perplexity-4322243478?position=7&pageNum=0&refId=qBvjUEgOqu7Oy51c%2BLaqvQ%3D%3D&trackingId=iGkBZyseXwDrELK5a%2Buxjw%3D%3D,Not specified,2025-11-13 17:10:18.196473,2025-11-12,,de.linkedin.com/jobs/view/machine-learning-research-engineer-search-berlin-at-perplexity-4322243478
AI Engineer (m/w/d),ista,"Berlin, Berlin, Germany",LinkedIn,https://de.linkedin.com/jobs/view/ai-engineer-m-w-d-at-ista-4340503180?position=8&pageNum=0&refId=qBvjUEgOqu7Oy51c%2BLaqvQ%3D%3D&trackingId=SJh2BeUoYoTnGmGYvKIJ6A%3D%3D,Not specified,2025-11-13 17:10:18.196595,2025-11-13,,de.linkedin.com/jobs/view/ai-engineer-m-w-d-at-ista-4340503180
Staff Data Scientist,HelloFresh,"Berlin, Berlin, Germany",LinkedIn,https://de.linkedin.com/jobs/view/staff-data-scientist-at-hellofresh-4335658789?position=9&pageNum=0&refId=qBvjUEgOqu7Oy51c%2BLaqvQ%3D%3D&trackingId=AOrgNr0%2FIPZJYe7C8X3M3Q%3D%3D,Not specified,2025-11-13 17:10:18.196721,2025-11-13,,de.linkedin.com/jobs/view/staff-data-scientist-at-hellofresh-4335658789
"Solution Engineer (m/f/d) Berlin, Hamburg, Munich",1KOMMA5°,"Berlin, Berlin, Germany",LinkedIn,https://de.linkedin.com/jobs/view/solution-engineer-m-f-d-berlin-hamburg-munich-at-1komma5%C2%B0-4340460993?position=12&pageNum=0&refId=qBvjUEgOqu7Oy51c%2BLaqvQ%3D%3D&trackingId=gXgWSSe5l%2FeOxlDeDVbovQ%3D%3D,Not specified,2025-11-13 17:10:18.197105,2025-11-12,,de.linkedin.com/jobs/view/solution-engineer-m-f-d-berlin-hamburg-munich-at-1komma5%C2%B0-4340460993
Senior MLOps Engineer,Intapp,"Berlin, Berlin, Germany",LinkedIn,https://de.linkedin.com/jobs/view/senior-mlops-engineer-at-intapp-4322173636?position=17&pageNum=0&refId=qBvjUEgOqu7Oy51c%2BLaqvQ%3D%3D&trackingId=YVyGfgPHKAjU%2FwiQWEYn7w%3D%3D,Not specified,2025-11-13 17:10:18.197731,2025-11-12,,de.linkedin.com/jobs/view/senior-mlops-engineer-at-intapp-4322173636
"Senior Engineer (Java/Kotlin) Vendor Growth, Orders Success",Delivery Hero,"Berlin, Berlin, Germany",LinkedIn,https://de.linkedin.com/jobs/view/senior-engineer-java-kotlin-vendor-growth-orders-success-at-delivery-hero-4288197275?position=18&pageNum=0&refId=qBvjUEgOqu7Oy51c%2BLaqvQ%3D%3D&trackingId=gQaTMKbhN3Jkl6pzBpURHA%3D%3D,Not specified,2025-11-13 17:10:18.197856,2025-11-13,,de.linkedin.com/jobs/view/senior-engineer-java-kotlin-vendor-growth-orders-success-at-delivery-hero-4288197275
Senior Python Engineer & Tech Lead (m/w/d),SIDES,"Berlin, Berlin, Germany",LinkedIn,https://de.linkedin.com/jobs/view/senior-python-engineer-tech-lead-m-w-d-at-sides-4340524206?position=20&pageNum=0&refId=qBvjUEgOqu7Oy51c%2BLaqvQ%3D%3D&trackingId=Lj048ajdZM1uRE7xol3dBw%3D%3D,Not specified,2025-11-13 17:10:18.198108,2025-11-13,,de.linkedin.com/jobs/view/senior-python-engineer-tech-lead-m-w-d-at-sides-4340524206
AI Engineer Copilot Studio (Low Code) (w/m/d),KPMG IT Service GmbH,"Berlin, Berlin, Germany",LinkedIn,https://de.linkedin.com/jobs/view/ai-engineer-copilot-studio-low-code-w-m-d-at-kpmg-it-service-gmbh-4303723360?position=22&pageNum=0&refId=qBvjUEgOqu7Oy51c%2BLaqvQ%3D%3D&trackingId=jY73w8%2Fq4GXHKVnj5Rahqw%3D%3D,Not specified,2025-11-13 17:10:18.198354,2025-11-13,,de.linkedin.com/jobs/view/ai-engineer-copilot-studio-low-code-w-m-d-at-kpmg-it-service-gmbh-4303723360
Machine Learning Engineer Stellendetails | DKB Das kann Bank,DKB | Deutsche Kreditbank AG,"Berlin, Berlin, Germany",LinkedIn,https://de.linkedin.com/jobs/view/machine-learning-engineer-stellendetails-dkb-das-kann-bank-at-dkb-deutsche-kreditbank-ag-4335737165?position=23&pageNum=0&refId=qBvjUEgOqu7Oy51c%2BLaqvQ%3D%3D&trackingId=Y7hZhYk1SX%2BlFTzNQroU0g%3D%3D,Not specified,2025-11-13 17:10:18.198480,2025-11-12,,de.linkedin.com/jobs/view/machine-learning-engineer-stellendetails-dkb-das-kann-bank-at-dkb-deutsche-kreditbank-ag-4335737165
"Full Stack Engineer, Platform Team",Optibus,"Berlin, Germany",LinkedIn,https://de.linkedin.com/jobs/view/full-stack-engineer-platform-team-at-optibus-4340294112?position=26&pageNum=0&refId=qBvjUEgOqu7Oy51c%2BLaqvQ%3D%3D&trackingId=cvzw7JMIl6OnEH6DHwjqCw%3D%3D,Not specified,2025-11-13 17:10:18.198846,2025-11-13,,de.linkedin.com/jobs/view/full-stack-engineer-platform-team-at-optibus-4340294112
Staff Engineer - Berlin (x/f/m),Doctolib,"Berlin, Germany",LinkedIn,https://de.linkedin.com/jobs/view/staff-engineer-berlin-x-f-m-at-doctolib-4335981417?position=28&pageNum=0&refId=qBvjUEgOqu7Oy51c%2BLaqvQ%3D%3D&trackingId=sr0WDlfo0c0f7J4OfRivFg%3D%3D,Not specified,2025-11-13 17:10:18.199098,2025-11-13,,de.linkedin.com/jobs/view/staff-engineer-berlin-x-f-m-at-doctolib-4335981417
React Native Developer (m/w/d) - Mobile App Development,Elithair,"Berlin, Berlin, Germany",LinkedIn,https://de.linkedin.com/jobs/view/react-native-developer-m-w-d-mobile-app-development-at-elithair-4335952378?position=31&pageNum=0&refId=qBvjUEgOqu7Oy51c%2BLaqvQ%3D%3D&trackingId=VOFdOvrMNJj22%2F6PqL3jdw%3D%3D,Not specified,2025-11-13 17:10:18.199472,2025-11-13,,de.linkedin.com/jobs/view/react-native-developer-m-w-d-mobile-app-development-at-elithair-4335952378
Fullstack Entwickler (m/w/d),STAYERY.,"Berlin, Berlin, Germany",LinkedIn,https://de.linkedin.com/jobs/view/fullstack-entwickler-m-w-d-at-stayery-4335932547?position=32&pageNum=0&refId=qBvjUEgOqu7Oy51c%2BLaqvQ%3D%3D&trackingId=slKG6Fu1e%2FLIwQhD8vVY%2Bw%3D%3D,Not specified,2025-11-13 17:10:18.199597,2025-11-13,,de.linkedin.com/jobs/view/fullstack-entwickler-m-w-d-at-stayery-4335932547
Senior Machine Learning Scientist for GenAI Stellendetails | DKB Das kann Bank,DKB | Deutsche Kreditbank AG,"Berlin, Berlin, Germany",LinkedIn,https://de.linkedin.com/jobs/view/senior-machine-learning-scientist-for-genai-stellendetails-dkb-das-kann-bank-at-dkb-deutsche-kreditbank-ag-4335816983?position=33&pageNum=0&refId=qBvjUEgOqu7Oy51c%2BLaqvQ%3D%3D&trackingId=PYCbCcYm556xtLerOrNGaA%3D%3D,Not specified,2025-11-13 17:10:18.199722,2025-11-12,,de.linkedin.com/jobs/view/senior-machine-learning-scientist-for-genai-stellendetails-dkb-das-kann-bank-at-dkb-deutsche-kreditbank-ag-4335816983
Software Developer - FullStack w/m/d,Computacenter,Berlin Metropolitan Area,LinkedIn,https://de.linkedin.com/jobs/view/software-developer-fullstack-w-m-d-at-computacenter-4030756303?position=39&pageNum=0&refId=qBvjUEgOqu7Oy51c%2BLaqvQ%3D%3D&trackingId=HYZEUQOulHjMBc0maVQW4Q%3D%3D,Not specified,2025-11-13 17:10:18.200466,2025-11-13,,de.linkedin.com/jobs/view/software-developer-fullstack-w-m-d-at-computacenter-4030756303
Frontend Entwickler (mwd),Optimyze Consulting,"Berlin, Germany",LinkedIn,https://de.linkedin.com/jobs/view/frontend-entwickler-mwd-at-optimyze-consulting-4335881571?position=40&pageNum=0&refId=qBvjUEgOqu7Oy51c%2BLaqvQ%3D%3D&trackingId=O0xduKV%2BwRpCSX2F6G05sg%3D%3D,Not specified,2025-11-13 17:10:18.200585,2025-11-13,,de.linkedin.com/jobs/view/frontend-entwickler-mwd-at-optimyze-consulting-4335881571
Software Entwickler C/C ++ (m/w/d) für paralleles Programmieren in der digitalen Holographie,AKmira optronics GmbH,"Potsdam, Brandenburg, Germany",LinkedIn,https://de.linkedin.com/jobs/view/software-entwickler-c-c-%2B%2B-m-w-d-f%C3%BCr-paralleles-programmieren-in-der-digitalen-holographie-at-akmira-optronics-gmbh-4322165855?position=43&pageNum=0&refId=qBvjUEgOqu7Oy51c%2BLaqvQ%3D%3D&trackingId=bE8RULyMot6hcQEnrj%2BX1w%3D%3D,Not specified,2025-11-13 17:10:18.200963,2025-11-13,,de.linkedin.com/jobs/view/software-entwickler-c-c-%2B%2B-m-w-d-f%C3%BCr-paralleles-programmieren-in-der-digitalen-holographie-at-akmira-optronics-gmbh-4322165855
AI Engineer (LLMs + Knowledge Graphs) (m/f/d),Pinnipedia Technologies,"Berlin, Berlin, Germany",LinkedIn,https://de.linkedin.com/jobs/view/ai-engineer-llms-%2B-knowledge-graphs-m-f-d-at-pinnipedia-technologies-4322115801?position=46&pageNum=0&refId=qBvjUEgOqu7Oy51c%2BLaqvQ%3D%3D&trackingId=0lS29lIL8RCB%2FEJD%2FkFdmA%3D%3D,Not specified,2025-11-13 17:10:18.201311,2025-11-13,,de.linkedin.com/jobs/view/ai-engineer-llms-%2B-knowledge-graphs-m-f-d-at-pinnipedia-technologies-4322115801
"Senior Backend Engineer (AI Feature Builder), Europe",Storyblok,"Berlin, Germany",LinkedIn,https://de.linkedin.com/jobs/view/senior-backend-engineer-ai-feature-builder-europe-at-storyblok-4298762873?position=47&pageNum=0&refId=qBvjUEgOqu7Oy51c%2BLaqvQ%3D%3D&trackingId=OvUI%2FoJ7iLxZCWlcvbr0nA%3D%3D,Not specified,2025-11-13 17:10:18.201423,2025-11-13,,de.linkedin.com/jobs/view/senior-backend-engineer-ai-feature-builder-europe-at-storyblok-4298762873
Senior/Staff Data Analyst - People Analytics,Delivery Hero,"Berlin, Berlin, Germany",LinkedIn,https://de.linkedin.com/jobs/view/senior-staff-data-analyst-people-analytics-at-delivery-hero-4317471125?position=49&pageNum=0&refId=qBvjUEgOqu7Oy51c%2BLaqvQ%3D%3D&trackingId=8WGvVZkL%2BJ1OS38HXzrlzw%3D%3D,Not specified,2025-11-13 17:10:18.201656,2025-11-13,,de.linkedin.com/jobs/view/senior-staff-data-analyst-people-analytics-at-delivery-hero-4317471125
Backend Engineer,Alfa AI,"Berlin, Berlin, Germany",LinkedIn,https://de.linkedin.com/jobs/view/backend-engineer-at-alfa-ai-4322258046?position=52&pageNum=0&refId=qBvjUEgOqu7Oy51c%2BLaqvQ%3D%3D&trackingId=CxXafqAzVAY%2BCPGLdaHC%2Bg%3D%3D,Not specified,2025-11-13 17:10:18.201997,2025-11-13,,de.linkedin.com/jobs/view/backend-engineer-at-alfa-ai-4322258046
"Senior Mobile-Entwickler (m/w/d), German-Speaking",Muxon,"Berlin, Germany",LinkedIn,https://de.linkedin.com/jobs/view/senior-mobile-entwickler-m-w-d-german-speaking-at-muxon-4322023197?position=53&pageNum=0&refId=qBvjUEgOqu7Oy51c%2BLaqvQ%3D%3D&trackingId=Ll5UcM%2Fo9GMuHThwSi02Dg%3D%3D,Not specified,2025-11-13 17:10:18.202109,2025-11-13,,de.linkedin.com/jobs/view/senior-mobile-entwickler-m-w-d-german-speaking-at-muxon-4322023197
GitOps Engineer (f/m/d),ezeep,"Berlin, Berlin, Germany",LinkedIn,https://de.linkedin.com/jobs/view/gitops-engineer-f-m-d-at-ezeep-4335824417?position=54&pageNum=0&refId=qBvjUEgOqu7Oy51c%2BLaqvQ%3D%3D&trackingId=xx5R%2BvdXGxGArQlcqUASZw%3D%3D,Not specified,2025-11-13 17:10:18.202225,2025-11-12,,de.linkedin.com/jobs/view/gitops-engineer-f-m-d-at-ezeep-4335824417
Clout Platform Engineer,DKB | Deutsche Kreditbank AG,"Berlin, Berlin, Germany",LinkedIn,https://de.linkedin.com/jobs/view/clout-platform-engineer-at-dkb-deutsche-kreditbank-ag-4316346602?position=56&pageNum=0&refId=qBvjUEgOqu7Oy51c%2BLaqvQ%3D%3D&trackingId=01ipblj9v4JUUiSs4KZv7Q%3D%3D,Not specified,2025-11-13 17:10:18.202457,2025-11-12,,de.linkedin.com/jobs/view/clout-platform-engineer-at-dkb-deutsche-kreditbank-ag-4316346602
(Senior) Analytical Engineer (m/w/d),ENERTRAG,"Berlin, Berlin, Germany",LinkedIn,https://de.linkedin.com/jobs/view/senior-analytical-engineer-m-w-d-at-enertrag-4340413693?position=58&pageNum=0&refId=qBvjUEgOqu7Oy51c%2BLaqvQ%3D%3D&trackingId=VtCo1ZpW0UVJpNjYhqC%2FcA%3D%3D,Not specified,2025-11-13 17:10:18.202691,2025-11-13,,de.linkedin.com/jobs/view/senior-analytical-engineer-m-w-d-at-enertrag-4340413693
Junior Data Scientist (w/m/d),SWK Bank,"Mainz, Rhineland-Palatinate, Germany",LinkedIn,https://de.linkedin.com/jobs/view/junior-data-scientist-w-m-d-at-swk-bank-4340522866?position=1&pageNum=0&refId=C%2BwWjPIW%2Bh8dNq5Yom2UGw%3D%3D&trackingId=398e%2BMdBLIlgROhrg4%2FLaA%3D%3D,Not specified,2025-11-13 17:10:21.086967,2025-11-13,,de.linkedin.com/jobs/view/junior-data-scientist-w-m-d-at-swk-bank-4340522866
Machine Learning Engineer,Hellowork Consultants,Frankfurt Rhine-Main Metropolitan Area,LinkedIn,https://de.linkedin.com/jobs/view/machine-learning-engineer-at-hellowork-consultants-4340464057?position=2&pageNum=0&refId=C%2BwWjPIW%2Bh8dNq5Yom2UGw%3D%3D&trackingId=3Klr8F4YQlT914L3FVB54A%3D%3D,Not specified,2025-11-13 17:10:21.087087,2025-11-13,,de.linkedin.com/jobs/view/machine-learning-engineer-at-hellowork-consultants-4340464057
Machine Learning Perception Engineer,Hellowork Consultants,"Frankfurt, Hesse, Germany",LinkedIn,https://de.linkedin.com/jobs/view/machine-learning-perception-engineer-at-hellowork-consultants-4340493593?position=3&pageNum=0&refId=C%2BwWjPIW%2Bh8dNq5Yom2UGw%3D%3D&trackingId=PXxVGIXZkULxr1AUbsF1Dw%3D%3D,Not specified,2025-11-13 17:10:21.087189,2025-11-13,,de.linkedin.com/jobs/view/machine-learning-perception-engineer-at-hellowork-consultants-4340493593
Consultant Data Science (w/m/d) Fokus NLP,statworx,"Frankfurt am Main, Hesse, Germany",LinkedIn,https://de.linkedin.com/jobs/view/consultant-data-science-w-m-d-fokus-nlp-at-statworx-4212137659?position=4&pageNum=0&refId=C%2BwWjPIW%2Bh8dNq5Yom2UGw%3D%3D&trackingId=WfDyT9KLVXaEH1ztTRjE%2BA%3D%3D,Not specified,2025-11-13 17:10:21.087294,2025-11-13,,de.linkedin.com/jobs/view/consultant-data-science-w-m-d-fokus-nlp-at-statworx-4212137659
Expert Machine Learning Perception Engineer,Hellowork Consultants,"Frankfurt, Hesse, Germany",LinkedIn,https://de.linkedin.com/jobs/view/expert-machine-learning-perception-engineer%C2%A0-at-hellowork-consultants-4340203762?position=5&pageNum=0&refId=C%2BwWjPIW%2Bh8dNq5Yom2UGw%3D%3D&trackingId=E5tXN7Ahb%2FVlv1UX7e8afg%3D%3D,Not specified,2025-11-13 17:10:21.087393,2025-11-13,,de.linkedin.com/jobs/view/expert-machine-learning-perception-engineer%C2%A0-at-hellowork-consultants-4340203762
Expert Machine Learning Perception Engineer,"Q1 Technologies, Inc.","Frankfurt, Hesse, Germany",LinkedIn,https://de.linkedin.com/jobs/view/expert-machine-learning-perception-engineer-at-q1-technologies-inc-4340200846?position=6&pageNum=0&refId=C%2BwWjPIW%2Bh8dNq5Yom2UGw%3D%3D&trackingId=8EEsV1NaESQbdJIAYB%2Bg7Q%3D%3D,Not specified,2025-11-13 17:10:21.087518,2025-11-12,,de.linkedin.com/jobs/view/expert-machine-learning-perception-engineer-at-q1-technologies-inc-4340200846
Expert Data Science (m/w/d),DPD Deutschland,"Aschaffenburg, Bavaria, Germany",LinkedIn,https://de.linkedin.com/jobs/view/expert-data-science-m-w-d-at-dpd-deutschland-4335715672?position=7&pageNum=0&refId=C%2BwWjPIW%2Bh8dNq5Yom2UGw%3D%3D&trackingId=sEd0%2BMlKHyMGxaI%2FA%2FpNTw%3D%3D,Not specified,2025-11-13 17:10:21.087617,2025-11-12,,de.linkedin.com/jobs/view/expert-data-science-m-w-d-at-dpd-deutschland-4335715672
Python Developer (w/m/d),J.P. Sauer & Sohn Maschinenbau GmbH,"Wiesbaden, Hesse, Germany",LinkedIn,https://de.linkedin.com/jobs/view/python-developer-w-m-d-at-j-p-sauer-sohn-maschinenbau-gmbh-4335717545?position=8&pageNum=0&refId=C%2BwWjPIW%2Bh8dNq5Yom2UGw%3D%3D&trackingId=vGS8BWHYNxiUyqowwZhrxA%3D%3D,Not specified,2025-11-13 17:10:21.087713,2025-11-12,,de.linkedin.com/jobs/view/python-developer-w-m-d-at-j-p-sauer-sohn-maschinenbau-gmbh-4335717545
AI Engineer im Bereich Data Science & AI (m/w/d) (German fluent),Zurich Insurance,"Frankfurt am Main, Hesse, Germany",LinkedIn,https://de.linkedin.com/jobs/view/ai-engineer-im-bereich-data-science-ai-m-w-d-german-fluent-at-zurich-insurance-4317776489?position=9&pageNum=0&refId=C%2BwWjPIW%2Bh8dNq5Yom2UGw%3D%3D&trackingId=DFryWyOVzYlITB00O2C4dA%3D%3D,Not specified,2025-11-13 17:10:21.087811,2025-11-13,,de.linkedin.com/jobs/view/ai-engineer-im-bereich-data-science-ai-m-w-d-german-fluent-at-zurich-insurance-4317776489
Werkstudierende m/w/d im Bereich Kapitalmärkte als Data Scientist Frankfurt in 2026,DZ BANK AG,"Frankfurt am Main, Hesse, Germany",LinkedIn,https://de.linkedin.com/jobs/view/werkstudierende-m-w-d-im-bereich-kapitalm%C3%A4rkte-als-data-scientist-frankfurt-in-2026-at-dz-bank-ag-4331109557?position=13&pageNum=0&refId=C%2BwWjPIW%2Bh8dNq5Yom2UGw%3D%3D&trackingId=KgSZ3B%2FxkuXAN1CWscM5PA%3D%3D,Not specified,2025-11-13 17:10:21.088201,2025-11-12,,de.linkedin.com/jobs/view/werkstudierende-m-w-d-im-bereich-kapitalm%C3%A4rkte-als-data-scientist-frankfurt-in-2026-at-dz-bank-ag-4331109557
Junior Java Entwickler (Frankfurt),Zero to One Search | Recruitment Agency,"Frankfurt am Main, Hesse, Germany",LinkedIn,https://de.linkedin.com/jobs/view/junior-java-entwickler-frankfurt-at-zero-to-one-search-recruitment-agency-4340235117?position=16&pageNum=0&refId=C%2BwWjPIW%2Bh8dNq5Yom2UGw%3D%3D&trackingId=igubo20ngFu9rn9XkdlI9w%3D%3D,Not specified,2025-11-13 17:10:21.088490,2025-11-13,,de.linkedin.com/jobs/view/junior-java-entwickler-frankfurt-at-zero-to-one-search-recruitment-agency-4340235117
Frontend Software Developer (m/w/d),EL.CON. International,"Frankfurt am Main, Hesse, Germany",LinkedIn,https://de.linkedin.com/jobs/view/frontend-software-developer-m-w-d-at-el-con-international-4334688402?position=17&pageNum=0&refId=C%2BwWjPIW%2Bh8dNq5Yom2UGw%3D%3D&trackingId=j3al6fJr3bv%2FmMuUfV9KHQ%3D%3D,Not specified,2025-11-13 17:10:21.088583,2025-11-12,,de.linkedin.com/jobs/view/frontend-software-developer-m-w-d-at-el-con-international-4334688402
Software Developer - FullStack w/m/d,Computacenter,"Frankfurt am Main, Hesse, Germany",LinkedIn,https://de.linkedin.com/jobs/view/software-developer-fullstack-w-m-d-at-computacenter-4030757301?position=18&pageNum=0&refId=C%2BwWjPIW%2Bh8dNq5Yom2UGw%3D%3D&trackingId=MwtliQyPh0ZLZF1NPM9cMg%3D%3D,Not specified,2025-11-13 17:10:21.088680,2025-11-13,,de.linkedin.com/jobs/view/software-developer-fullstack-w-m-d-at-computacenter-4030757301
Software Developer Process Automation (m/w/d) - BU2,Live Reply DE,"Frankfurt, Hesse, Germany",LinkedIn,https://de.linkedin.com/jobs/view/software-developer-process-automation-m-w-d-bu2-at-live-reply-de-4340503589?position=19&pageNum=0&refId=C%2BwWjPIW%2Bh8dNq5Yom2UGw%3D%3D&trackingId=ImO2mZdiBao3JoqidGyDLw%3D%3D,Not specified,2025-11-13 17:10:21.088779,2025-11-13,,de.linkedin.com/jobs/view/software-developer-process-automation-m-w-d-bu2-at-live-reply-de-4340503589
"Python Developer (m/w/d) - Linux, PostgreSQL / API",GULP – experts united,"Frankfurt, Hesse, Germany",LinkedIn,https://de.linkedin.com/jobs/view/python-developer-m-w-d-linux-postgresql-api-at-gulp-%E2%80%93-experts-united-4335636105?position=20&pageNum=0&refId=C%2BwWjPIW%2Bh8dNq5Yom2UGw%3D%3D&trackingId=b%2F2bisnoSYNjTFkwaXMUoA%3D%3D,Not specified,2025-11-13 17:10:21.088878,2025-11-12,,de.linkedin.com/jobs/view/python-developer-m-w-d-linux-postgresql-api-at-gulp-%E2%80%93-experts-united-4335636105
SPS-Programmierer:in (m/w/d),WEBER GmbH,"Rödermark, Hesse, Germany",LinkedIn,https://de.linkedin.com/jobs/view/sps-programmierer-in-m-w-d-at-weber-gmbh-4335951269?position=22&pageNum=0&refId=C%2BwWjPIW%2Bh8dNq5Yom2UGw%3D%3D&trackingId=oP%2FU0ytTV2uxSJWaXFzYXw%3D%3D,Not specified,2025-11-13 17:10:21.089075,2025-11-13,,de.linkedin.com/jobs/view/sps-programmierer-in-m-w-d-at-weber-gmbh-4335951269
Senior Fullstack Developer (m/w/d) - Generative AI & Cloud Solutions,GRAYOAK,"Frankfurt, Hesse, Germany",LinkedIn,https://de.linkedin.com/jobs/view/senior-fullstack-developer-m-w-d-generative-ai-cloud-solutions-at-grayoak-4340513111?position=24&pageNum=0&refId=C%2BwWjPIW%2Bh8dNq5Yom2UGw%3D%3D&trackingId=oiGKDszljd3vxqFYtA3LtQ%3D%3D,Not specified,2025-11-13 17:10:21.089271,2025-11-13,,de.linkedin.com/jobs/view/senior-fullstack-developer-m-w-d-generative-ai-cloud-solutions-at-grayoak-4340513111
Cloud Engineer (m/w/d),ORDIX AG,"Wiesbaden, Hesse, Germany",LinkedIn,https://de.linkedin.com/jobs/view/cloud-engineer-m-w-d-at-ordix-ag-4336010054?position=26&pageNum=0&refId=C%2BwWjPIW%2Bh8dNq5Yom2UGw%3D%3D&trackingId=%2BFIJ6T%2BxYq%2BsLr5XSRbHwA%3D%3D,Not specified,2025-11-13 17:10:21.089470,2025-11-13,,de.linkedin.com/jobs/view/cloud-engineer-m-w-d-at-ordix-ag-4336010054
Expert Motion Planning Engineer,Hellowork Consultants,"Frankfurt, Hesse, Germany",LinkedIn,https://de.linkedin.com/jobs/view/expert-motion-planning-engineer-at-hellowork-consultants-4340413696?position=29&pageNum=0&refId=C%2BwWjPIW%2Bh8dNq5Yom2UGw%3D%3D&trackingId=NEl5OkAkWRe%2Bl5h4Ps8LlQ%3D%3D,Not specified,2025-11-13 17:10:21.089760,2025-11-13,,de.linkedin.com/jobs/view/expert-motion-planning-engineer-at-hellowork-consultants-4340413696
Motion Planning Engineer,Hellowork Consultants,Frankfurt Rhine-Main Metropolitan Area,LinkedIn,https://de.linkedin.com/jobs/view/motion-planning-engineer-at-hellowork-consultants-4340204475?position=30&pageNum=0&refId=C%2BwWjPIW%2Bh8dNq5Yom2UGw%3D%3D&trackingId=B02eEuS3OvfM0nNZlph1Zw%3D%3D,Not specified,2025-11-13 17:10:21.089859,2025-11-13,,de.linkedin.com/jobs/view/motion-planning-engineer-at-hellowork-consultants-4340204475
Planning Engineer,Hellowork Consultants,Frankfurt Rhine-Main Metropolitan Area,LinkedIn,https://de.linkedin.com/jobs/view/planning-engineer-at-hellowork-consultants-4340483898?position=32&pageNum=0&refId=C%2BwWjPIW%2Bh8dNq5Yom2UGw%3D%3D&trackingId=BFsVok149PKsw%2BdrNS1kfg%3D%3D,Not specified,2025-11-13 17:10:21.090054,2025-11-13,,de.linkedin.com/jobs/view/planning-engineer-at-hellowork-consultants-4340483898
Junior IT Consultant / Software Developer (m/w/d) - (BU2),Live Reply DE,"Frankfurt, Hesse, Germany",LinkedIn,https://de.linkedin.com/jobs/view/junior-it-consultant-software-developer-m-w-d-bu2-at-live-reply-de-4340452134?position=33&pageNum=0&refId=C%2BwWjPIW%2Bh8dNq5Yom2UGw%3D%3D&trackingId=XM7RizcNUKfklEQimnNigQ%3D%3D,Not specified,2025-11-13 17:10:21.090147,2025-11-13,,de.linkedin.com/jobs/view/junior-it-consultant-software-developer-m-w-d-bu2-at-live-reply-de-4340452134
"Senior / Staff MLOps Engineer (Bangkok based, relocation provided)",Agoda,"Frankfurt, Hesse, Germany",LinkedIn,https://de.linkedin.com/jobs/view/senior-staff-mlops-engineer-bangkok-based-relocation-provided-at-agoda-4335901233?position=34&pageNum=0&refId=C%2BwWjPIW%2Bh8dNq5Yom2UGw%3D%3D&trackingId=d60oAFnTT3D9wnb5KyL3Wg%3D%3D,Not specified,2025-11-13 17:10:21.090243,2025-11-13,,de.linkedin.com/jobs/view/senior-staff-mlops-engineer-bangkok-based-relocation-provided-at-agoda-4335901233
CQ Documentation Engineer,QCS Staffing,"Frankfurt am Main, Hesse, Germany",LinkedIn,https://de.linkedin.com/jobs/view/cq-documentation-engineer-at-qcs-staffing-4340453522?position=35&pageNum=0&refId=C%2BwWjPIW%2Bh8dNq5Yom2UGw%3D%3D&trackingId=sAmwKxVHfiXHvqjPWJ8AZw%3D%3D,Not specified,2025-11-13 17:10:21.090339,2025-11-13,,de.linkedin.com/jobs/view/cq-documentation-engineer-at-qcs-staffing-4340453522
Research Analyst - GERMAN speaking - (m-w-d),Brandwatch,"Frankfurt, Hesse, Germany",LinkedIn,https://de.linkedin.com/jobs/view/research-analyst-german-speaking-m-w-d-at-brandwatch-4335656104?position=36&pageNum=0&refId=C%2BwWjPIW%2Bh8dNq5Yom2UGw%3D%3D&trackingId=hWKNxw7z2mqHuF1eGbJEAA%3D%3D,Not specified,2025-11-13 17:10:21.090435,2025-11-12,,de.linkedin.com/jobs/view/research-analyst-german-speaking-m-w-d-at-brandwatch-4335656104
Fullstack Developer (m/w/d) - Webshops,Michael Page,"Frankfurt am Main, Hesse, Germany",LinkedIn,https://de.linkedin.com/jobs/view/fullstack-developer-m-w-d-webshops-at-michael-page-4340283184?position=37&pageNum=0&refId=C%2BwWjPIW%2Bh8dNq5Yom2UGw%3D%3D&trackingId=m5JohvnPRKADFfzPKCqdAQ%3D%3D,Not specified,2025-11-13 17:10:21.090533,2025-11-13,,de.linkedin.com/jobs/view/fullstack-developer-m-w-d-webshops-at-michael-page-4340283184
(Senior) Developer Process Automation ServiceNow (m/w/d) - BU2,Live Reply DE,"Frankfurt, Hesse, Germany",LinkedIn,https://de.linkedin.com/jobs/view/senior-developer-process-automation-servicenow-m-w-d-bu2-at-live-reply-de-4340433886?position=38&pageNum=0&refId=C%2BwWjPIW%2Bh8dNq5Yom2UGw%3D%3D&trackingId=v0RG0d4P4iUHbE8F%2Bcwwuw%3D%3D,Not specified,2025-11-13 17:10:21.090630,2025-11-13,,de.linkedin.com/jobs/view/senior-developer-process-automation-servicenow-m-w-d-bu2-at-live-reply-de-4340433886
"Solution Engineer (Bahntechnik, Funktionale Sicherheit, Cloud) (m/w/d)",GULP – experts united,"Frankfurt, Hesse, Germany",LinkedIn,https://de.linkedin.com/jobs/view/solution-engineer-bahntechnik-funktionale-sicherheit-cloud-m-w-d-at-gulp-%E2%80%93-experts-united-4335815833?position=40&pageNum=0&refId=C%2BwWjPIW%2Bh8dNq5Yom2UGw%3D%3D&trackingId=aR%2F5%2B0oh9%2BEmltLW%2FC%2BwOw%3D%3D,Not specified,2025-11-13 17:10:21.090827,2025-11-12,,de.linkedin.com/jobs/view/solution-engineer-bahntechnik-funktionale-sicherheit-cloud-m-w-d-at-gulp-%E2%80%93-experts-united-4335815833
Software-Entwickler,Finanz Informatik,"Frankfurt, Hesse, Germany",LinkedIn,https://de.linkedin.com/jobs/view/software-entwickler-at-finanz-informatik-4297883870?position=41&pageNum=0&refId=C%2BwWjPIW%2Bh8dNq5Yom2UGw%3D%3D&trackingId=IvEF2eCMX5qQj8v8mzaMsA%3D%3D,Not specified,2025-11-13 17:10:21.090924,2025-11-13,,de.linkedin.com/jobs/view/software-entwickler-at-finanz-informatik-4297883870
Research Analyst - GERMAN speaking - (m-w-d),Cision,"Frankfurt, Hesse, Germany",LinkedIn,https://de.linkedin.com/jobs/view/research-analyst-german-speaking-m-w-d-at-cision-4335765741?position=42&pageNum=0&refId=C%2BwWjPIW%2Bh8dNq5Yom2UGw%3D%3D&trackingId=xNQ%2BMWpKNHIytv4at2yDKg%3D%3D,Not specified,2025-11-13 17:10:21.091021,2025-11-12,,de.linkedin.com/jobs/view/research-analyst-german-speaking-m-w-d-at-cision-4335765741
Research Analyst - GERMAN speaking - (m-w-d),PRIME Research Brazil,"Frankfurt, Hesse, Germany",LinkedIn,https://de.linkedin.com/jobs/view/research-analyst-german-speaking-m-w-d-at-prime-research-brazil-4322132604?position=43&pageNum=0&refId=C%2BwWjPIW%2Bh8dNq5Yom2UGw%3D%3D&trackingId=iz9N4k12gmE5HWHTcZCQ2Q%3D%3D,Not specified,2025-11-13 17:10:21.091118,2025-11-12,,de.linkedin.com/jobs/view/research-analyst-german-speaking-m-w-d-at-prime-research-brazil-4322132604
Requirements Engineer Platform (all genders),adesso insurance solutions GmbH,"Frankfurt, Hesse, Germany",LinkedIn,https://de.linkedin.com/jobs/view/requirements-engineer-platform-all-genders-at-adesso-insurance-solutions-gmbh-4307652697?position=44&pageNum=0&refId=C%2BwWjPIW%2Bh8dNq5Yom2UGw%3D%3D&trackingId=r6RFMpIyFomIxrPmlPp5AQ%3D%3D,Not specified,2025-11-13 17:10:21.091216,2025-11-13,,de.linkedin.com/jobs/view/requirements-engineer-platform-all-genders-at-adesso-insurance-solutions-gmbh-4307652697
Senior Platform Engineer (all genders),OPITZ CONSULTING Deutschland GmbH,"Bad Homburg, Hesse, Germany",LinkedIn,https://de.linkedin.com/jobs/view/senior-platform-engineer-all-genders-at-opitz-consulting-deutschland-gmbh-4322168796?position=46&pageNum=0&refId=C%2BwWjPIW%2Bh8dNq5Yom2UGw%3D%3D&trackingId=Fk3SxHRvvHTfhLbD6rke8A%3D%3D,Not specified,2025-11-13 17:10:21.091410,2025-11-13,,de.linkedin.com/jobs/view/senior-platform-engineer-all-genders-at-opitz-consulting-deutschland-gmbh-4322168796
Softwareentwickler (m/w/d) Avionik-Displays,Schmitt Engineering,"Frankfurt am Main, Hesse, Germany",LinkedIn,https://de.linkedin.com/jobs/view/softwareentwickler-m-w-d-avionik-displays-at-schmitt-engineering-4335595385?position=47&pageNum=0&refId=C%2BwWjPIW%2Bh8dNq5Yom2UGw%3D%3D&trackingId=TmJ1TrGxX2E7kOkqxjieKQ%3D%3D,Not specified,2025-11-13 17:10:21.091506,2025-11-12,,de.linkedin.com/jobs/view/softwareentwickler-m-w-d-avionik-displays-at-schmitt-engineering-4335595385
"Plattform Engineer (Kotlin, Go, Kubernetes), Januar, remote & FFM (m/w/d)",emagine,"Frankfurt am Main, Hesse, Germany",LinkedIn,https://de.linkedin.com/jobs/view/plattform-engineer-kotlin-go-kubernetes-januar-remote-ffm-m-w-d-at-emagine-4321885551?position=50&pageNum=0&refId=C%2BwWjPIW%2Bh8dNq5Yom2UGw%3D%3D&trackingId=H%2BadxGo5C9pR1TD2rNxqtw%3D%3D,Not specified,2025-11-13 17:10:21.091796,2025-11-13,,de.linkedin.com/jobs/view/plattform-engineer-kotlin-go-kubernetes-januar-remote-ffm-m-w-d-at-emagine-4321885551
"Developer (Funktionale Sicherheit, Leit- und Sicherungstechnik Bahn, FPGA-API etc.) (m/w/d)",GULP – experts united,"Frankfurt, Hesse, Germany",LinkedIn,https://de.linkedin.com/jobs/view/developer-funktionale-sicherheit-leit-und-sicherungstechnik-bahn-fpga-api-etc-m-w-d-at-gulp-%E2%80%93-experts-united-4335902364?position=51&pageNum=0&refId=C%2BwWjPIW%2Bh8dNq5Yom2UGw%3D%3D&trackingId=kMHh93y64KxA4ghORedobA%3D%3D,Not specified,2025-11-13 17:10:21.091893,2025-11-13,,de.linkedin.com/jobs/view/developer-funktionale-sicherheit-leit-und-sicherungstechnik-bahn-fpga-api-etc-m-w-d-at-gulp-%E2%80%93-experts-united-4335902364
Senior Java Backend Engineer (all genders),InnoApps,"Frankfurt, Hesse, Germany",LinkedIn,https://de.linkedin.com/jobs/view/senior-java-backend-engineer-all-genders-at-innoapps-4340243992?position=53&pageNum=0&refId=C%2BwWjPIW%2Bh8dNq5Yom2UGw%3D%3D&trackingId=5mprF6FCSYsfvCud0ebXkw%3D%3D,Not specified,2025-11-13 17:10:21.092089,2025-11-13,,de.linkedin.com/jobs/view/senior-java-backend-engineer-all-genders-at-innoapps-4340243992
Integration Engineer | Lobster_data (m/w/d),MHK Group AG,"Frankfurt am Main, Hesse, Germany",LinkedIn,https://de.linkedin.com/jobs/view/integration-engineer-lobster-data-m-w-d-at-mhk-group-ag-4315766223?position=54&pageNum=0&refId=C%2BwWjPIW%2Bh8dNq5Yom2UGw%3D%3D&trackingId=7XiKbv0WCWAo5ozBNJgHFw%3D%3D,Not specified,2025-11-13 17:10:21.092186,2025-11-13,,de.linkedin.com/jobs/view/integration-engineer-lobster-data-m-w-d-at-mhk-group-ag-4315766223
Senior Java Fullstack-Developer (m/w/d),DG Nexolution,"Wiesbaden, Hesse, Germany",LinkedIn,https://de.linkedin.com/jobs/view/senior-java-fullstack-developer-m-w-d-at-dg-nexolution-4340503009?position=55&pageNum=0&refId=C%2BwWjPIW%2Bh8dNq5Yom2UGw%3D%3D&trackingId=lp14TVjCZ7TC%2FYmpo68kzg%3D%3D,Not specified,2025-11-13 17:10:21.092284,2025-11-13,,de.linkedin.com/jobs/view/senior-java-fullstack-developer-m-w-d-at-dg-nexolution-4340503009
Senior Entwickler Java/Fullstack (m/w/d),DG Nexolution,"Wiesbaden, Hesse, Germany",LinkedIn,https://de.linkedin.com/jobs/view/senior-entwickler-java-fullstack-m-w-d-at-dg-nexolution-4340221250?position=56&pageNum=0&refId=C%2BwWjPIW%2Bh8dNq5Yom2UGw%3D%3D&trackingId=e1bMbvnvNdbK%2F%2FL2NJwyZw%3D%3D,Not specified,2025-11-13 17:10:21.092380,2025-11-12,,de.linkedin.com/jobs/view/senior-entwickler-java-fullstack-m-w-d-at-dg-nexolution-4340221250
Senior Java Developer (m/w/d),ORDIX AG,"Wiesbaden, Hesse, Germany",LinkedIn,https://de.linkedin.com/jobs/view/senior-java-developer-m-w-d-at-ordix-ag-4335970183?position=57&pageNum=0&refId=C%2BwWjPIW%2Bh8dNq5Yom2UGw%3D%3D&trackingId=NQX8vNu3AmN%2FTrpvEatGdg%3D%3D,Not specified,2025-11-13 17:10:21.092477,2025-11-13,,de.linkedin.com/jobs/view/senior-java-developer-m-w-d-at-ordix-ag-4335970183
Developer Salesforce Commerce (all genders),adesso SE,"Frankfurt, Hesse, Germany",LinkedIn,https://de.linkedin.com/jobs/view/developer-salesforce-commerce-all-genders-at-adesso-se-3733039557?position=58&pageNum=0&refId=C%2BwWjPIW%2Bh8dNq5Yom2UGw%3D%3D&trackingId=wVGuy7OFjZt476YECOn5XQ%3D%3D,Not specified,2025-11-13 17:10:21.092574,2025-11-13,,de.linkedin.com/jobs/view/developer-salesforce-commerce-all-genders-at-adesso-se-3733039557
EMEA Data Scientist - Düsseldorf,Boston Scientific,Greater Dusseldorf Area,LinkedIn,https://de.linkedin.com/jobs/view/emea-data-scientist-d%C3%BCsseldorf-at-boston-scientific-4335737112?position=1&pageNum=0&refId=i0%2BBj%2BcFCP9%2FVDrkdlC82Q%3D%3D&trackingId=xdEgxIwosuj9%2F4EdZUJn%2BQ%3D%3D,Not specified,2025-11-13 17:10:24.012616,2025-11-12,,de.linkedin.com/jobs/view/emea-data-scientist-d%C3%BCsseldorf-at-boston-scientific-4335737112
Python-Entwickler:in (AWS / MLOps) (m/w/d),BlueOak Advertising GmbH,Cologne Bonn Region,LinkedIn,https://de.linkedin.com/jobs/view/python-entwickler-in-aws-mlops-m-w-d-at-blueoak-advertising-gmbh-4322186185?position=2&pageNum=0&refId=i0%2BBj%2BcFCP9%2FVDrkdlC82Q%3D%3D&trackingId=eJmFDJCXArO9N5cZt%2BlDdw%3D%3D,Not specified,2025-11-13 17:10:24.012760,2025-11-13,,de.linkedin.com/jobs/view/python-entwickler-in-aws-mlops-m-w-d-at-blueoak-advertising-gmbh-4322186185
AI Engineer im Bereich Data Science & AI (m/w/d) (German fluent),Zurich Insurance,"Cologne, North Rhine-Westphalia, Germany",LinkedIn,https://de.linkedin.com/jobs/view/ai-engineer-im-bereich-data-science-ai-m-w-d-german-fluent-at-zurich-insurance-4317775588?position=4&pageNum=0&refId=i0%2BBj%2BcFCP9%2FVDrkdlC82Q%3D%3D&trackingId=vuI7w7d1KiOBfbb7sQ%2Bt3Q%3D%3D,Not specified,2025-11-13 17:10:24.013020,2025-11-13,,de.linkedin.com/jobs/view/ai-engineer-im-bereich-data-science-ai-m-w-d-german-fluent-at-zurich-insurance-4317775588
Junior Frontend (React.js) Developer (Cologne),Zero to One Search | Recruitment Agency,"Cologne, North Rhine-Westphalia, Germany",LinkedIn,https://de.linkedin.com/jobs/view/junior-frontend-react-js-developer-cologne-at-zero-to-one-search-recruitment-agency-4340454797?position=5&pageNum=0&refId=i0%2BBj%2BcFCP9%2FVDrkdlC82Q%3D%3D&trackingId=E5z%2BwXMnU5vdDhxBuj2KFA%3D%3D,Not specified,2025-11-13 17:10:24.013148,2025-11-13,,de.linkedin.com/jobs/view/junior-frontend-react-js-developer-cologne-at-zero-to-one-search-recruitment-agency-4340454797
"AI Evaluation Engineer, Device Intelligence (m/f/d)",Danaher Corporation,Greater Dusseldorf Area,LinkedIn,https://de.linkedin.com/jobs/view/ai-evaluation-engineer-device-intelligence-m-f-d-at-danaher-corporation-4315963690?position=6&pageNum=0&refId=i0%2BBj%2BcFCP9%2FVDrkdlC82Q%3D%3D&trackingId=CA7PL1BlE8BWEj8O9KY8Ww%3D%3D,Not specified,2025-11-13 17:10:24.013276,2025-11-13,,de.linkedin.com/jobs/view/ai-evaluation-engineer-device-intelligence-m-f-d-at-danaher-corporation-4315963690
AI Enablement analyst - Düsseldorf,Boston Scientific,Greater Dusseldorf Area,LinkedIn,https://de.linkedin.com/jobs/view/ai-enablement-analyst-d%C3%BCsseldorf-at-boston-scientific-4335697007?position=7&pageNum=0&refId=i0%2BBj%2BcFCP9%2FVDrkdlC82Q%3D%3D&trackingId=2p93lFGHH2mGjDeiC4UxcQ%3D%3D,Not specified,2025-11-13 17:10:24.013402,2025-11-12,,de.linkedin.com/jobs/view/ai-enablement-analyst-d%C3%BCsseldorf-at-boston-scientific-4335697007
"Senior AI Engineer, Device Intelligence (m/f/d)",Danaher Corporation,Greater Dusseldorf Area,LinkedIn,https://de.linkedin.com/jobs/view/senior-ai-engineer-device-intelligence-m-f-d-at-danaher-corporation-4315981457?position=8&pageNum=0&refId=i0%2BBj%2BcFCP9%2FVDrkdlC82Q%3D%3D&trackingId=vzuPAt%2Bmkf5SPsLEltgYZw%3D%3D,Not specified,2025-11-13 17:10:24.013526,2025-11-13,,de.linkedin.com/jobs/view/senior-ai-engineer-device-intelligence-m-f-d-at-danaher-corporation-4315981457
Cloud Engineer (All Genders),Optimyze Consulting,Cologne Bonn Region,LinkedIn,https://de.linkedin.com/jobs/view/cloud-engineer-all-genders-at-optimyze-consulting-4335933032?position=11&pageNum=0&refId=i0%2BBj%2BcFCP9%2FVDrkdlC82Q%3D%3D&trackingId=1JBl2i%2FMuQVllWO1wXxnUg%3D%3D,Not specified,2025-11-13 17:10:24.013908,2025-11-13,,de.linkedin.com/jobs/view/cloud-engineer-all-genders-at-optimyze-consulting-4335933032
Senior Data Science & Solutions Consultant (m/w/d),twomynds,"Bonn, North Rhine-Westphalia, Germany",LinkedIn,https://de.linkedin.com/jobs/view/senior-data-science-solutions-consultant-m-w-d-at-twomynds-4340483243?position=12&pageNum=0&refId=i0%2BBj%2BcFCP9%2FVDrkdlC82Q%3D%3D&trackingId=hrom6wS0IcBJkjASwgk%2Fxg%3D%3D,Not specified,2025-11-13 17:10:24.014033,2025-11-13,,de.linkedin.com/jobs/view/senior-data-science-solutions-consultant-m-w-d-at-twomynds-4340483243
"Frontend Software Developer (TypeScript/React, f/m/d)",ONIQ,"Cologne, North Rhine-Westphalia, Germany",LinkedIn,https://de.linkedin.com/jobs/view/frontend-software-developer-typescript-react-f-m-d-at-oniq-4340294124?position=15&pageNum=0&refId=i0%2BBj%2BcFCP9%2FVDrkdlC82Q%3D%3D&trackingId=vh0uzk2LT74wwJS2KHuiNw%3D%3D,Not specified,2025-11-13 17:10:24.014403,2025-11-13,,de.linkedin.com/jobs/view/frontend-software-developer-typescript-react-f-m-d-at-oniq-4340294124
Senior Go Developer (Dusseldorf),Zero to One Search | Recruitment Agency,"Düsseldorf, North Rhine-Westphalia, Germany",LinkedIn,https://de.linkedin.com/jobs/view/senior-go-developer-dusseldorf-at-zero-to-one-search-recruitment-agency-4340235104?position=16&pageNum=0&refId=i0%2BBj%2BcFCP9%2FVDrkdlC82Q%3D%3D&trackingId=7JyYRbpt8Xwvw0BZvc%2BX%2Fw%3D%3D,Not specified,2025-11-13 17:10:24.014528,2025-11-13,,de.linkedin.com/jobs/view/senior-go-developer-dusseldorf-at-zero-to-one-search-recruitment-agency-4340235104
Cloud Engineer (m/w/d),ORDIX AG,"Cologne, North Rhine-Westphalia, Germany",LinkedIn,https://de.linkedin.com/jobs/view/cloud-engineer-m-w-d-at-ordix-ag-4335840440?position=19&pageNum=0&refId=i0%2BBj%2BcFCP9%2FVDrkdlC82Q%3D%3D&trackingId=1IamQ3%2FMElGW9owxl9XIIQ%3D%3D,Not specified,2025-11-13 17:10:24.014889,2025-11-13,,de.linkedin.com/jobs/view/cloud-engineer-m-w-d-at-ordix-ag-4335840440
Junior-Webentwickler:in,SymBio.,Cologne Bonn Region,LinkedIn,https://de.linkedin.com/jobs/view/junior-webentwickler-in-at-symbio-4322181759?position=20&pageNum=0&refId=i0%2BBj%2BcFCP9%2FVDrkdlC82Q%3D%3D&trackingId=2XaAB5kmQk3d5F9EVmge1g%3D%3D,Not specified,2025-11-13 17:10:24.015005,2025-11-12,,de.linkedin.com/jobs/view/junior-webentwickler-in-at-symbio-4322181759
(Junior) Data Engineer (m/w/d),CGI,"Düsseldorf, North Rhine-Westphalia, Germany",LinkedIn,https://de.linkedin.com/jobs/view/junior-data-engineer-m-w-d-at-cgi-4335776006?position=27&pageNum=0&refId=i0%2BBj%2BcFCP9%2FVDrkdlC82Q%3D%3D&trackingId=T0F5Vk10cnqHdPYmRyQD5w%3D%3D,Not specified,2025-11-13 17:10:24.015816,2025-11-12,,de.linkedin.com/jobs/view/junior-data-engineer-m-w-d-at-cgi-4335776006
(Senior) AI Solution Developer German Fluent (m/w/d),Zurich Insurance,"Cologne, North Rhine-Westphalia, Germany",LinkedIn,https://de.linkedin.com/jobs/view/senior-ai-solution-developer-german-fluent-m-w-d-at-zurich-insurance-4307396817?position=28&pageNum=0&refId=i0%2BBj%2BcFCP9%2FVDrkdlC82Q%3D%3D&trackingId=cctvzqgN9USoZjmrDoEt6g%3D%3D,Not specified,2025-11-13 17:10:24.015934,2025-11-13,,de.linkedin.com/jobs/view/senior-ai-solution-developer-german-fluent-m-w-d-at-zurich-insurance-4307396817
(Senior) Go-Entwickler/in (m/w/d),Snabble,"Bonn, North Rhine-Westphalia, Germany",LinkedIn,https://de.linkedin.com/jobs/view/senior-go-entwickler-in-m-w-d-at-snabble-4336050136?position=30&pageNum=0&refId=i0%2BBj%2BcFCP9%2FVDrkdlC82Q%3D%3D&trackingId=BI71tt41iBgWq181orvnXA%3D%3D,Not specified,2025-11-13 17:10:24.016170,2025-11-13,,de.linkedin.com/jobs/view/senior-go-entwickler-in-m-w-d-at-snabble-4336050136
Cloud Engineer,Cheveo GmbH,"Bonn, North Rhine-Westphalia, Germany",LinkedIn,https://de.linkedin.com/jobs/view/cloud-engineer-at-cheveo-gmbh-4340434727?position=31&pageNum=0&refId=i0%2BBj%2BcFCP9%2FVDrkdlC82Q%3D%3D&trackingId=3MENqNkGKscpIIElPYIjNg%3D%3D,Not specified,2025-11-13 17:10:24.016286,2025-11-13,,de.linkedin.com/jobs/view/cloud-engineer-at-cheveo-gmbh-4340434727
Softwareentwickler/Software Developer Web/App (m/w/d),Hottgenroth Gruppe,"Cologne, North Rhine-Westphalia, Germany",LinkedIn,https://de.linkedin.com/jobs/view/softwareentwickler-software-developer-web-app-m-w-d-at-hottgenroth-gruppe-4152268736?position=33&pageNum=0&refId=i0%2BBj%2BcFCP9%2FVDrkdlC82Q%3D%3D&trackingId=6K7btvGNMiFFGPsAl%2B2PmQ%3D%3D,Not specified,2025-11-13 17:10:24.016519,2025-11-13,,de.linkedin.com/jobs/view/softwareentwickler-software-developer-web-app-m-w-d-at-hottgenroth-gruppe-4152268736
"Senior / Staff MLOps Engineer (Bangkok based, relocation provided)",Agoda,"Cologne, North Rhine-Westphalia, Germany",LinkedIn,https://de.linkedin.com/jobs/view/senior-staff-mlops-engineer-bangkok-based-relocation-provided-at-agoda-4335861344?position=34&pageNum=0&refId=i0%2BBj%2BcFCP9%2FVDrkdlC82Q%3D%3D&trackingId=L57hzZKbYVhvRt%2FbI%2FJ0Tg%3D%3D,Not specified,2025-11-13 17:10:24.016634,2025-11-13,,de.linkedin.com/jobs/view/senior-staff-mlops-engineer-bangkok-based-relocation-provided-at-agoda-4335861344
Requirements Engineer Platform (all genders),adesso insurance solutions GmbH,"Bonn, North Rhine-Westphalia, Germany",LinkedIn,https://de.linkedin.com/jobs/view/requirements-engineer-platform-all-genders-at-adesso-insurance-solutions-gmbh-4307654450?position=39&pageNum=0&refId=i0%2BBj%2BcFCP9%2FVDrkdlC82Q%3D%3D&trackingId=NpjiFm3xEcbiu8QBxAq3AA%3D%3D,Not specified,2025-11-13 17:10:24.017220,2025-11-13,,de.linkedin.com/jobs/view/requirements-engineer-platform-all-genders-at-adesso-insurance-solutions-gmbh-4307654450
Senior GenAI Engineer,Jobs via eFinancialCareers,"Düsseldorf, North Rhine-Westphalia, Germany",LinkedIn,https://de.linkedin.com/jobs/view/senior-genai-engineer-at-jobs-via-efinancialcareers-4335665472?position=41&pageNum=0&refId=i0%2BBj%2BcFCP9%2FVDrkdlC82Q%3D%3D&trackingId=WmcxF51z0IYYyMYAPyzDFA%3D%3D,Not specified,2025-11-13 17:10:24.017451,2025-11-12,,de.linkedin.com/jobs/view/senior-genai-engineer-at-jobs-via-efinancialcareers-4335665472
Full Stack Engineer - Google Cloud (all genders),adesso SE,"Bonn, North Rhine-Westphalia, Germany",LinkedIn,https://de.linkedin.com/jobs/view/full-stack-engineer-google-cloud-all-genders-at-adesso-se-3733042216?position=42&pageNum=0&refId=i0%2BBj%2BcFCP9%2FVDrkdlC82Q%3D%3D&trackingId=tEFQ5Qe6eEc6JmZicrAm%2BA%3D%3D,Not specified,2025-11-13 17:10:24.017567,2025-11-13,,de.linkedin.com/jobs/view/full-stack-engineer-google-cloud-all-genders-at-adesso-se-3733042216
Requirements Engineer Platform (all genders),adesso insurance solutions GmbH,"Düsseldorf, North Rhine-Westphalia, Germany",LinkedIn,https://de.linkedin.com/jobs/view/requirements-engineer-platform-all-genders-at-adesso-insurance-solutions-gmbh-4307647747?position=44&pageNum=0&refId=i0%2BBj%2BcFCP9%2FVDrkdlC82Q%3D%3D&trackingId=x5%2BEM0RrpVPOeq2tvSkxIg%3D%3D,Not specified,2025-11-13 17:10:24.017799,2025-11-13,,de.linkedin.com/jobs/view/requirements-engineer-platform-all-genders-at-adesso-insurance-solutions-gmbh-4307647747
Requirements Engineer Platform (all genders),adesso insurance solutions GmbH,"Cologne, North Rhine-Westphalia, Germany",LinkedIn,https://de.linkedin.com/jobs/view/requirements-engineer-platform-all-genders-at-adesso-insurance-solutions-gmbh-4307654449?position=45&pageNum=0&refId=i0%2BBj%2BcFCP9%2FVDrkdlC82Q%3D%3D&trackingId=RJp%2FjdBbewIF2ctjEiykLQ%3D%3D,Not specified,2025-11-13 17:10:24.017916,2025-11-13,,de.linkedin.com/jobs/view/requirements-engineer-platform-all-genders-at-adesso-insurance-solutions-gmbh-4307654449
"Senior Analyst - BCG Vantage - (Gen)AI, Agentic AI & Digital Transformation",Boston Consulting Group (BCG),"Düsseldorf, North Rhine-Westphalia, Germany",LinkedIn,https://de.linkedin.com/jobs/view/senior-analyst-bcg-vantage-gen-ai-agentic-ai-digital-transformation-at-boston-consulting-group-bcg-4322152913?position=46&pageNum=0&refId=i0%2BBj%2BcFCP9%2FVDrkdlC82Q%3D%3D&trackingId=XNCIIq5uVXrhrIL%2BlU76mg%3D%3D,Not specified,2025-11-13 17:10:24.018032,2025-11-12,,de.linkedin.com/jobs/view/senior-analyst-bcg-vantage-gen-ai-agentic-ai-digital-transformation-at-boston-consulting-group-bcg-4322152913
Fullstack Softwareentwickler:in smart FLOW/Inputmanagement,HDI Group,"Cologne, North Rhine-Westphalia, Germany",LinkedIn,https://de.linkedin.com/jobs/view/fullstack-softwareentwickler-in-smart-flow-inputmanagement-at-hdi-group-4335665844?position=48&pageNum=0&refId=i0%2BBj%2BcFCP9%2FVDrkdlC82Q%3D%3D&trackingId=XEHNarSHIcdHXqVJ7l7ptg%3D%3D,Not specified,2025-11-13 17:10:24.018268,2025-11-12,,de.linkedin.com/jobs/view/fullstack-softwareentwickler-in-smart-flow-inputmanagement-at-hdi-group-4335665844
Senior MES Engineer,AG Solution Group,"Cologne, North Rhine-Westphalia, Germany",LinkedIn,https://de.linkedin.com/jobs/view/senior-mes-engineer-at-ag-solution-group-4340461184?position=49&pageNum=0&refId=i0%2BBj%2BcFCP9%2FVDrkdlC82Q%3D%3D&trackingId=o3vrUISeQiTfx581mQC%2FYQ%3D%3D,Not specified,2025-11-13 17:10:24.018384,2025-11-12,,de.linkedin.com/jobs/view/senior-mes-engineer-at-ag-solution-group-4340461184
Fullstack Softwareentwickler:in smart FLOW/Inputmanagement,HDI Group,"Hilden, North Rhine-Westphalia, Germany",LinkedIn,https://de.linkedin.com/jobs/view/fullstack-softwareentwickler-in-smart-flow-inputmanagement-at-hdi-group-4335785627?position=50&pageNum=0&refId=i0%2BBj%2BcFCP9%2FVDrkdlC82Q%3D%3D&trackingId=yvJxtZnHjn9PvH2gwj%2BqWQ%3D%3D,Not specified,2025-11-13 17:10:24.018500,2025-11-12,,de.linkedin.com/jobs/view/fullstack-softwareentwickler-in-smart-flow-inputmanagement-at-hdi-group-4335785627
Fullstack Softwareentwickler:in smart FLOW/Inputmanagement,HDI Group,"Cologne, North Rhine-Westphalia, Germany",LinkedIn,https://de.linkedin.com/jobs/view/fullstack-softwareentwickler-in-smart-flow-inputmanagement-at-hdi-group-4335645844?position=51&pageNum=0&refId=i0%2BBj%2BcFCP9%2FVDrkdlC82Q%3D%3D&trackingId=V9MDwBYlb442acfJ%2F5vOjA%3D%3D,Not specified,2025-11-13 17:10:24.018617,2025-11-12,,de.linkedin.com/jobs/view/fullstack-softwareentwickler-in-smart-flow-inputmanagement-at-hdi-group-4335645844
Senior Backend Engineer,SumUp,"Cologne, North Rhine-Westphalia, Germany",LinkedIn,https://de.linkedin.com/jobs/view/senior-backend-engineer-at-sumup-4340441006?position=52&pageNum=0&refId=i0%2BBj%2BcFCP9%2FVDrkdlC82Q%3D%3D&trackingId=flBtHtQ15m8S%2F80sOIq4VA%3D%3D,Not specified,2025-11-13 17:10:24.018740,2025-11-12,,de.linkedin.com/jobs/view/senior-backend-engineer-at-sumup-4340441006
Fullstack Softwareentwickler:in smart FLOW/Inputmanagement,HDI Group,"Hilden, North Rhine-Westphalia, Germany",LinkedIn,https://de.linkedin.com/jobs/view/fullstack-softwareentwickler-in-smart-flow-inputmanagement-at-hdi-group-4335625895?position=53&pageNum=0&refId=i0%2BBj%2BcFCP9%2FVDrkdlC82Q%3D%3D&trackingId=GXz2nZygjLmuF9xhn2Fjxg%3D%3D,Not specified,2025-11-13 17:10:24.018855,2025-11-12,,de.linkedin.com/jobs/view/fullstack-softwareentwickler-in-smart-flow-inputmanagement-at-hdi-group-4335625895
Senior React Native Developer (all genders),adesso SE,"Cologne, North Rhine-Westphalia, Germany",LinkedIn,https://de.linkedin.com/jobs/view/senior-react-native-developer-all-genders-at-adesso-se-4263150772?position=55&pageNum=0&refId=i0%2BBj%2BcFCP9%2FVDrkdlC82Q%3D%3D&trackingId=3SloOqSBXq60s5bGyPKMtg%3D%3D,Not specified,2025-11-13 17:10:24.019089,2025-11-13,,de.linkedin.com/jobs/view/senior-react-native-developer-all-genders-at-adesso-se-4263150772
Technical Data Analyst (m/w/d),Toyota Kreditbank/ Toyota Financial Services Germany,"Cologne, North Rhine-Westphalia, Germany",LinkedIn,https://de.linkedin.com/jobs/view/technical-data-analyst-m-w-d-at-toyota-kreditbank-toyota-financial-services-germany-4307675071?position=56&pageNum=0&refId=i0%2BBj%2BcFCP9%2FVDrkdlC82Q%3D%3D&trackingId=Qdi5FexppWwP4sPtIqwhaQ%3D%3D,Not specified,2025-11-13 17:10:24.019201,2025-11-13,,de.linkedin.com/jobs/view/technical-data-analyst-m-w-d-at-toyota-kreditbank-toyota-financial-services-germany-4307675071
Senior Java Developer (m/w/d),ORDIX AG,"Cologne, North Rhine-Westphalia, Germany",LinkedIn,https://de.linkedin.com/jobs/view/senior-java-developer-m-w-d-at-ordix-ag-4335990123?position=58&pageNum=0&refId=i0%2BBj%2BcFCP9%2FVDrkdlC82Q%3D%3D&trackingId=oyhJIGGde6rK3akOVVf5iA%3D%3D,Not specified,2025-11-13 17:10:24.019445,2025-11-13,,de.linkedin.com/jobs/view/senior-java-developer-m-w-d-at-ordix-ag-4335990123
Senior Data and Analytics Engineer,SumUp,"Cologne, North Rhine-Westphalia, Germany",LinkedIn,https://de.linkedin.com/jobs/view/senior-data-and-analytics-engineer-at-sumup-4340271135?position=59&pageNum=0&refId=i0%2BBj%2BcFCP9%2FVDrkdlC82Q%3D%3D&trackingId=%2FredLaMz96P1D8qni4sMYw%3D%3D,Not specified,2025-11-13 17:10:24.019561,2025-11-12,,de.linkedin.com/jobs/view/senior-data-and-analytics-engineer-at-sumup-4340271135
Fullstack Java Softwareentwickler:in,HDI Group,"Cologne, North Rhine-Westphalia, Germany",LinkedIn,https://de.linkedin.com/jobs/view/fullstack-java-softwareentwickler-in-at-hdi-group-4318560080?position=60&pageNum=0&refId=i0%2BBj%2BcFCP9%2FVDrkdlC82Q%3D%3D&trackingId=QHwLB2nnRNmEEyHsIl0%2Bdw%3D%3D,Not specified,2025-11-13 17:10:24.019677,2025-11-13,,de.linkedin.com/jobs/view/fullstack-java-softwareentwickler-in-at-hdi-group-4318560080
Cloud Platform Engineer (d/m/w),Airbus Defence and Space,"Ulm, Baden-Württemberg, Germany",LinkedIn,https://de.linkedin.com/jobs/view/cloud-platform-engineer-d-m-w-at-airbus-defence-and-space-4315964499?position=1&pageNum=0&refId=wniMCfFkYKFLolu9rOYaXg%3D%3D&trackingId=PYeOTmK8ir7JEQEd0JK5BA%3D%3D,Not specified,2025-11-13 17:10:26.932932,2025-11-13,,de.linkedin.com/jobs/view/cloud-platform-engineer-d-m-w-at-airbus-defence-and-space-4315964499
Testingenieur (m/w/d),Konzept Informationssysteme,"Ulm, Baden-Württemberg, Germany",LinkedIn,https://de.linkedin.com/jobs/view/testingenieur-m-w-d-at-konzept-informationssysteme-4335605058?position=2&pageNum=0&refId=wniMCfFkYKFLolu9rOYaXg%3D%3D&trackingId=YSfSQxiXocXBwnEU%2Bknb6w%3D%3D,Not specified,2025-11-13 17:10:26.933124,2025-11-12,,de.linkedin.com/jobs/view/testingenieur-m-w-d-at-konzept-informationssysteme-4335605058
Software Architekt für Multi Sensor Daten Fusion (w/m/d),HENSOLDT,"Ulm, Baden-Württemberg, Germany",LinkedIn,https://de.linkedin.com/jobs/view/software-architekt-f%C3%BCr-multi-sensor-daten-fusion-w-m-d-at-hensoldt-4338191388?position=4&pageNum=0&refId=wniMCfFkYKFLolu9rOYaXg%3D%3D&trackingId=Xs4u8QPxDRRVjsDrT3Jjog%3D%3D,Not specified,2025-11-13 17:10:26.933441,2025-11-13,,de.linkedin.com/jobs/view/software-architekt-f%C3%BCr-multi-sensor-daten-fusion-w-m-d-at-hensoldt-4338191388
Softwareentwickler,Instaffo,"Ulm, Baden-Württemberg, Germany",LinkedIn,https://de.linkedin.com/jobs/view/softwareentwickler-at-instaffo-4202669788?position=5&pageNum=0&refId=wniMCfFkYKFLolu9rOYaXg%3D%3D&trackingId=7thBQ2aVtzYtFMhFx%2B887Q%3D%3D,Not specified,2025-11-13 17:10:26.933598,2025-11-13,,de.linkedin.com/jobs/view/softwareentwickler-at-instaffo-4202669788
Lead Data Engineer (m/w/d),Rentschler Biopharma,"Laupheim, Baden-Württemberg, Germany",LinkedIn,https://de.linkedin.com/jobs/view/lead-data-engineer-m-w-d-at-rentschler-biopharma-4308976283?position=6&pageNum=0&refId=wniMCfFkYKFLolu9rOYaXg%3D%3D&trackingId=IxwAumuFA0qtkAkdLePHTg%3D%3D,Not specified,2025-11-13 17:10:26.933756,2025-11-13,,de.linkedin.com/jobs/view/lead-data-engineer-m-w-d-at-rentschler-biopharma-4308976283
Senior IT-Consultant / Engineer Dataiku (all genders),adesso SE,"Ulm, Baden-Württemberg, Germany",LinkedIn,https://de.linkedin.com/jobs/view/senior-it-consultant-engineer-dataiku-all-genders-at-adesso-se-3939447826?position=10&pageNum=0&refId=wniMCfFkYKFLolu9rOYaXg%3D%3D&trackingId=x5ccJMHdUY2wv%2Bbz8GS2eQ%3D%3D,Not specified,2025-11-13 17:10:26.934377,2025-11-13,,de.linkedin.com/jobs/view/senior-it-consultant-engineer-dataiku-all-genders-at-adesso-se-3939447826
Software-Engineer 80–100 %,Abraxas Informatik AG,"St Gallen, St Gallen, Switzerland",LinkedIn,https://ch.linkedin.com/jobs/view/software-engineer-80%E2%80%93100-%25-at-abraxas-informatik-ag-4318521455?position=2&pageNum=0&refId=a19w3hoyhIYi4RDi%2Bs6NFw%3D%3D&trackingId=dU994EnO9w9E0KahddPlFg%3D%3D,Not specified,2025-11-13 17:10:29.603976,2025-11-13,,ch.linkedin.com/jobs/view/software-engineer-80%E2%80%93100-%25-at-abraxas-informatik-ag-4318521455
Stellenangebot: Karriere in der Implementierung,VELITUM AG,"Zuzwil, St Gallen, Switzerland",LinkedIn,https://ch.linkedin.com/jobs/view/stellenangebot-karriere-in-der-implementierung-at-velitum-ag-4340451771?position=3&pageNum=0&refId=a19w3hoyhIYi4RDi%2Bs6NFw%3D%3D&trackingId=6q9VUAb9d%2B8tvXxCZCCOuA%3D%3D,Not specified,2025-11-13 17:10:29.604138,2025-11-13,,ch.linkedin.com/jobs/view/stellenangebot-karriere-in-der-implementierung-at-velitum-ag-4340451771
Software-Funktionsentwickler/Integrator für Sonderantriebe (m/w/d),Rolls-Royce Power Systems AG,"Friedrichshafen, Baden-Württemberg, Germany",LinkedIn,https://de.linkedin.com/jobs/view/software-funktionsentwickler-integrator-f%C3%BCr-sonderantriebe-m-w-d-at-rolls-royce-power-systems-ag-4335767476?position=4&pageNum=0&refId=a19w3hoyhIYi4RDi%2Bs6NFw%3D%3D&trackingId=lvMps2d9Cblz9o142qDpAQ%3D%3D,Not specified,2025-11-13 17:10:29.604295,2025-11-12,,de.linkedin.com/jobs/view/software-funktionsentwickler-integrator-f%C3%BCr-sonderantriebe-m-w-d-at-rolls-royce-power-systems-ag-4335767476
Software- & Firmware-Entwickler:in (m/w/d),SPINNAX GmbH,"Bodman-Ludwigshafen, Baden-Württemberg, Germany",LinkedIn,https://de.linkedin.com/jobs/view/software-firmware-entwickler-in-m-w-d-at-spinnax-gmbh-4060149846?position=5&pageNum=0&refId=a19w3hoyhIYi4RDi%2Bs6NFw%3D%3D&trackingId=RBLAnVUGaX5dgMxH8bqA2g%3D%3D,Not specified,2025-11-13 17:10:29.604449,2025-11-13,,de.linkedin.com/jobs/view/software-firmware-entwickler-in-m-w-d-at-spinnax-gmbh-4060149846
Project Engineer - CI/CD for Applied Data Science in Maintenance Technologies – Frauenfeld,Stadler,"Frauenfeld, Thurgau, Switzerland",LinkedIn,https://ch.linkedin.com/jobs/view/project-engineer-ci-cd-for-applied-data-science-in-maintenance-technologies-%E2%80%93-frauenfeld-at-stadler-4322152817?position=6&pageNum=0&refId=a19w3hoyhIYi4RDi%2Bs6NFw%3D%3D&trackingId=QNl7f%2Frb0WO1%2FmnWH7%2F91g%3D%3D,Not specified,2025-11-13 17:10:29.604610,2025-11-12,,ch.linkedin.com/jobs/view/project-engineer-ci-cd-for-applied-data-science-in-maintenance-technologies-%E2%80%93-frauenfeld-at-stadler-4322152817
SPS-Programmierer (m/w/d),Rocken®,"St Gallen, St Gallen, Switzerland",LinkedIn,https://ch.linkedin.com/jobs/view/sps-programmierer-m-w-d-at-rocken%C2%AE-4322073781?position=7&pageNum=0&refId=a19w3hoyhIYi4RDi%2Bs6NFw%3D%3D&trackingId=16qRJbnnIAUDEIbYGRGw8A%3D%3D,Not specified,2025-11-13 17:10:29.604771,2025-11-13,,ch.linkedin.com/jobs/view/sps-programmierer-m-w-d-at-rocken%C2%AE-4322073781
Software Architect:in 80–100 %,Abraxas Informatik AG,"Sankt Gallen, St Gallen, Switzerland",LinkedIn,https://ch.linkedin.com/jobs/view/software-architect-in-80%E2%80%93100-%25-at-abraxas-informatik-ag-4335842419?position=8&pageNum=0&refId=a19w3hoyhIYi4RDi%2Bs6NFw%3D%3D&trackingId=kFiESYM8IraeklDsUOYo%2Fg%3D%3D,Not specified,2025-11-13 17:10:29.604926,2025-11-13,,ch.linkedin.com/jobs/view/software-architect-in-80%E2%80%93100-%25-at-abraxas-informatik-ag-4335842419
Technischer Trainer / Software-Entwickler(m/w/d),Körber Supply Chain,"Markdorf, Baden-Württemberg, Germany",LinkedIn,https://de.linkedin.com/jobs/view/technischer-trainer-software-entwickler-m-w-d-at-k%C3%B6rber-supply-chain-4237785646?position=9&pageNum=0&refId=a19w3hoyhIYi4RDi%2Bs6NFw%3D%3D&trackingId=qqAYDYC7ZfwSvf57%2FtWCOA%3D%3D,Not specified,2025-11-13 17:10:29.605080,2025-11-13,,de.linkedin.com/jobs/view/technischer-trainer-software-entwickler-m-w-d-at-k%C3%B6rber-supply-chain-4237785646
Fachinformatiker - Anwendungsentwicklung (m/w/d),ditegra GmbH,"Radolfzell, Baden-Württemberg, Germany",LinkedIn,https://de.linkedin.com/jobs/view/fachinformatiker-anwendungsentwicklung-m-w-d-at-ditegra-gmbh-4340273916?position=12&pageNum=0&refId=a19w3hoyhIYi4RDi%2Bs6NFw%3D%3D&trackingId=r1WOulufNC6SNccSpvHT1g%3D%3D,Not specified,2025-11-13 17:10:29.605538,2025-11-13,,de.linkedin.com/jobs/view/fachinformatiker-anwendungsentwicklung-m-w-d-at-ditegra-gmbh-4340273916
Data & Analytics Lead (m/w/d) - 100%,Ifolor Group,"Kreuzlingen, Thurgau, Switzerland",LinkedIn,https://ch.linkedin.com/jobs/view/data-analytics-lead-m-w-d-100%25-at-ifolor-group-4322142793?position=13&pageNum=0&refId=a19w3hoyhIYi4RDi%2Bs6NFw%3D%3D&trackingId=%2FPl8ilwb%2BDEAOaaETnKD2A%3D%3D,Not specified,2025-11-13 17:10:29.605724,2025-11-12,,ch.linkedin.com/jobs/view/data-analytics-lead-m-w-d-100%25-at-ifolor-group-4322142793
Softwareentwickler (a),Baumer Group,"Weingarten, Baden-Württemberg, Germany",LinkedIn,https://de.linkedin.com/jobs/view/softwareentwickler-a-at-baumer-group-4322244286?position=14&pageNum=0&refId=a19w3hoyhIYi4RDi%2Bs6NFw%3D%3D&trackingId=n3d%2Bi5cj1FIGHv7ZOU1Q2w%3D%3D,Not specified,2025-11-13 17:10:29.605883,2025-11-13,,de.linkedin.com/jobs/view/softwareentwickler-a-at-baumer-group-4322244286
Data Engineer (all genders),adesso Schweiz AG,"St Gallen, St Gallen, Switzerland",LinkedIn,https://ch.linkedin.com/jobs/view/data-engineer-all-genders-at-adesso-schweiz-ag-4335715138?position=16&pageNum=0&refId=a19w3hoyhIYi4RDi%2Bs6NFw%3D%3D&trackingId=nDe7%2FXXKiTvDS6HoxO1ykw%3D%3D,Not specified,2025-11-13 17:10:29.606193,2025-11-12,,ch.linkedin.com/jobs/view/data-engineer-all-genders-at-adesso-schweiz-ag-4335715138
Business Requirements Analyst,addexpert GmbH,Sankt Gallen Metropolitan Area,LinkedIn,https://ch.linkedin.com/jobs/view/business-requirements-analyst-at-addexpert-gmbh-4340221972?position=18&pageNum=0&refId=a19w3hoyhIYi4RDi%2Bs6NFw%3D%3D&trackingId=zFpmPj33pbg%2BJPDdk6KwZA%3D%3D,Not specified,2025-11-13 17:10:29.606507,2025-11-12,,ch.linkedin.com/jobs/view/business-requirements-analyst-at-addexpert-gmbh-4340221972
"Research Engineer / Research Scientist, Pre-training",Anthropic,"Zurich, Zurich, Switzerland",LinkedIn,https://ch.linkedin.com/jobs/view/research-engineer-research-scientist-pre-training-at-anthropic-4322081958?position=2&pageNum=0&refId=YI%2FpCnRnjryML69O5EpSHQ%3D%3D&trackingId=HDaxAxoBty%2FVlr%2FCXTnFHQ%3D%3D,Not specified,2025-11-13 17:10:32.541602,2025-11-12,,ch.linkedin.com/jobs/view/research-engineer-research-scientist-pre-training-at-anthropic-4322081958
AI Transformation Engineer (w/m/d) 100%,Luware,"Zurich, Zurich, Switzerland",LinkedIn,https://ch.linkedin.com/jobs/view/ai-transformation-engineer-w-m-d-100%25-at-luware-4335962067?position=5&pageNum=0&refId=YI%2FpCnRnjryML69O5EpSHQ%3D%3D&trackingId=cM4%2BB9CMsQtP3z2J%2Bc18uA%3D%3D,Not specified,2025-11-13 17:10:32.541982,2025-11-13,,ch.linkedin.com/jobs/view/ai-transformation-engineer-w-m-d-100%25-at-luware-4335962067
GenAI Engineer,DeepRec.ai,"Zurich, Switzerland",LinkedIn,https://ch.linkedin.com/jobs/view/genai-engineer-at-deeprec-ai-4335634702?position=8&pageNum=0&refId=YI%2FpCnRnjryML69O5EpSHQ%3D%3D&trackingId=XhwUKPXqiIpz08gTnoR7ag%3D%3D,Not specified,2025-11-13 17:10:32.542361,2025-11-12,,ch.linkedin.com/jobs/view/genai-engineer-at-deeprec-ai-4335634702
Staff Software Specialist - AI/ML - Monetisation,Meta,"Zurich, Zurich, Switzerland",LinkedIn,https://ch.linkedin.com/jobs/view/staff-software-specialist-ai-ml-monetisation-at-meta-4316222668?position=9&pageNum=0&refId=YI%2FpCnRnjryML69O5EpSHQ%3D%3D&trackingId=XFDxvzv08x001oqqLvW%2F%2FA%3D%3D,Not specified,2025-11-13 17:10:32.542483,2025-11-13,,ch.linkedin.com/jobs/view/staff-software-specialist-ai-ml-monetisation-at-meta-4316222668
Software-Engineer 80–100 %,Abraxas Informatik AG,"Zürich-Flughafen, Zurich, Switzerland",LinkedIn,https://ch.linkedin.com/jobs/view/software-engineer-80%E2%80%93100-%25-at-abraxas-informatik-ag-4336061936?position=11&pageNum=0&refId=YI%2FpCnRnjryML69O5EpSHQ%3D%3D&trackingId=9HzSfQ1clGCXWevHWfYYXQ%3D%3D,Not specified,2025-11-13 17:10:32.542719,2025-11-13,,ch.linkedin.com/jobs/view/software-engineer-80%E2%80%93100-%25-at-abraxas-informatik-ag-4336061936
DeFi Trading Engineer,GSR,"Zug, Zug, Switzerland",LinkedIn,https://ch.linkedin.com/jobs/view/defi-trading-engineer-at-gsr-4309030631?position=14&pageNum=0&refId=YI%2FpCnRnjryML69O5EpSHQ%3D%3D&trackingId=dtkH0u0vDHq16JS0jrTGtA%3D%3D,Not specified,2025-11-13 17:10:32.543060,2025-11-13,,ch.linkedin.com/jobs/view/defi-trading-engineer-at-gsr-4309030631
Backend Engineer Go (f/m/d) | 100% | Hybrid working model | Zurich Switzerland,SMG Swiss Marketplace Group,"Zurich, Switzerland",LinkedIn,https://ch.linkedin.com/jobs/view/backend-engineer-go-f-m-d-100%25-hybrid-working-model-zurich-switzerland-at-smg-swiss-marketplace-group-4322208613?position=17&pageNum=0&refId=YI%2FpCnRnjryML69O5EpSHQ%3D%3D&trackingId=w9ddac466bx%2B6Eoju%2FNcgw%3D%3D,Not specified,2025-11-13 17:10:32.543418,2025-11-13,,ch.linkedin.com/jobs/view/backend-engineer-go-f-m-d-100%25-hybrid-working-model-zurich-switzerland-at-smg-swiss-marketplace-group-4322208613
Cloud Engineer 80–100 %,Abraxas Informatik AG,"Zürich-Flughafen, Zurich, Switzerland",LinkedIn,https://ch.linkedin.com/jobs/view/cloud-engineer-80%E2%80%93100-%25-at-abraxas-informatik-ag-4335902452?position=23&pageNum=0&refId=YI%2FpCnRnjryML69O5EpSHQ%3D%3D&trackingId=egZuflHAlN7alEFr7SpzVA%3D%3D,Not specified,2025-11-13 17:10:32.544104,2025-11-13,,ch.linkedin.com/jobs/view/cloud-engineer-80%E2%80%93100-%25-at-abraxas-informatik-ag-4335902452
Full Stack Development (German-speaking),ipt Innovation Process Technology,"Zurich, Switzerland",LinkedIn,https://ch.linkedin.com/jobs/view/full-stack-development-german-speaking-at-ipt-innovation-process-technology-4340403800?position=24&pageNum=0&refId=YI%2FpCnRnjryML69O5EpSHQ%3D%3D&trackingId=qFKk0eBBmaxehdc2pcI1nQ%3D%3D,Not specified,2025-11-13 17:10:32.544219,2025-11-13,,ch.linkedin.com/jobs/view/full-stack-development-german-speaking-at-ipt-innovation-process-technology-4340403800
"Senior/Staff Machine Learning Engineer - Bidding (Bangkok based, relocation provided)",Agoda,"Zurich, Zurich, Switzerland",LinkedIn,https://ch.linkedin.com/jobs/view/senior-staff-machine-learning-engineer-bidding-bangkok-based-relocation-provided-at-agoda-4308403147?position=25&pageNum=0&refId=YI%2FpCnRnjryML69O5EpSHQ%3D%3D&trackingId=xRuOr1w%2FLlGoKagdfeqw2w%3D%3D,Not specified,2025-11-13 17:10:32.544334,2025-11-13,,ch.linkedin.com/jobs/view/senior-staff-machine-learning-engineer-bidding-bangkok-based-relocation-provided-at-agoda-4308403147
Service Now Developer (m/w/d) - Hays,Jobs via eFinancialCareers,"Lucerne, Lucerne, Switzerland",LinkedIn,https://ch.linkedin.com/jobs/view/service-now-developer-m-w-d-hays-at-jobs-via-efinancialcareers-4335695243?position=27&pageNum=0&refId=YI%2FpCnRnjryML69O5EpSHQ%3D%3D&trackingId=mvTDMF%2BIIoyUvbuxytLBWA%3D%3D,Not specified,2025-11-13 17:10:32.544570,2025-11-12,,ch.linkedin.com/jobs/view/service-now-developer-m-w-d-hays-at-jobs-via-efinancialcareers-4335695243
FullStack Engineer - Commerce Platform,On,"Zurich, Zurich, Switzerland",LinkedIn,https://ch.linkedin.com/jobs/view/fullstack-engineer-commerce-platform-at-on-4283510825?position=29&pageNum=0&refId=YI%2FpCnRnjryML69O5EpSHQ%3D%3D&trackingId=vDOII%2B31roZZrTwWjzMnyg%3D%3D,Not specified,2025-11-13 17:10:32.544799,2025-11-13,,ch.linkedin.com/jobs/view/fullstack-engineer-commerce-platform-at-on-4283510825
"Senior / Staff MLOps Engineer (Bangkok based, relocation provided)",Agoda,"Zurich, Zurich, Switzerland",LinkedIn,https://ch.linkedin.com/jobs/view/senior-staff-mlops-engineer-bangkok-based-relocation-provided-at-agoda-4335831596?position=30&pageNum=0&refId=YI%2FpCnRnjryML69O5EpSHQ%3D%3D&trackingId=iysR%2F2DfGPlnaNSM1TZEeQ%3D%3D,Not specified,2025-11-13 17:10:32.544916,2025-11-13,,ch.linkedin.com/jobs/view/senior-staff-mlops-engineer-bangkok-based-relocation-provided-at-agoda-4335831596
Cloud Platform Engineer 80%-100% (f/m/d),Julius Baer,"Zurich, Zurich, Switzerland",LinkedIn,https://ch.linkedin.com/jobs/view/cloud-platform-engineer-80%25-100%25-f-m-d-at-julius-baer-4297526788?position=32&pageNum=0&refId=YI%2FpCnRnjryML69O5EpSHQ%3D%3D&trackingId=%2BVWSw1TM0Mybrt7iI19cgA%3D%3D,Not specified,2025-11-13 17:10:32.545144,2025-11-13,,ch.linkedin.com/jobs/view/cloud-platform-engineer-80%25-100%25-f-m-d-at-julius-baer-4297526788
Member of Technical Staff (Backend & Infrastructure),Jua,"Zurich, Zurich, Switzerland",LinkedIn,https://ch.linkedin.com/jobs/view/member-of-technical-staff-backend-infrastructure-at-jua-4335718665?position=35&pageNum=0&refId=YI%2FpCnRnjryML69O5EpSHQ%3D%3D&trackingId=o3btlv2NR0Oh1hknp5fcRA%3D%3D,Not specified,2025-11-13 17:10:32.545492,2025-11-13,,ch.linkedin.com/jobs/view/member-of-technical-staff-backend-infrastructure-at-jua-4335718665
Step In NET Advance,Swisscom,"Zurich, Switzerland",LinkedIn,https://ch.linkedin.com/jobs/view/step-in-net-advance-at-swisscom-4322128857?position=40&pageNum=0&refId=YI%2FpCnRnjryML69O5EpSHQ%3D%3D&trackingId=YMh7yUbeQD0heMX4hkUsAw%3D%3D,Not specified,2025-11-13 17:10:32.546091,2025-11-13,,ch.linkedin.com/jobs/view/step-in-net-advance-at-swisscom-4322128857
SPS-Programmierer (m/w/d),Rocken®,"Zug, Zug, Switzerland",LinkedIn,https://ch.linkedin.com/jobs/view/sps-programmierer-m-w-d-at-rocken%C2%AE-4322083823?position=41&pageNum=0&refId=YI%2FpCnRnjryML69O5EpSHQ%3D%3D&trackingId=eo05bnZkMpQjzxPNr%2FeRSg%3D%3D,Not specified,2025-11-13 17:10:32.546206,2025-11-13,,ch.linkedin.com/jobs/view/sps-programmierer-m-w-d-at-rocken%C2%AE-4322083823
SPS-Programmierer (m/w/d),Rocken®,"Zug, Zug, Switzerland",LinkedIn,https://ch.linkedin.com/jobs/view/sps-programmierer-m-w-d-at-rocken%C2%AE-4322053839?position=42&pageNum=0&refId=YI%2FpCnRnjryML69O5EpSHQ%3D%3D&trackingId=HEGsI0ugf6H%2Bn9zQEg1dVw%3D%3D,Not specified,2025-11-13 17:10:32.546322,2025-11-13,,ch.linkedin.com/jobs/view/sps-programmierer-m-w-d-at-rocken%C2%AE-4322053839
Progress 4GL OpenEdge Engineer,Luxoft,"Zurich, Switzerland",LinkedIn,https://ch.linkedin.com/jobs/view/progress-4gl-openedge-engineer-at-luxoft-4336062404?position=43&pageNum=0&refId=YI%2FpCnRnjryML69O5EpSHQ%3D%3D&trackingId=GhAv6ccY2%2BVuwvVeCN1luQ%3D%3D,Not specified,2025-11-13 17:10:32.546441,2025-11-13,,ch.linkedin.com/jobs/view/progress-4gl-openedge-engineer-at-luxoft-4336062404
Data Engineer (f/m/d),Swiss Life Asset Managers,"Zurich, Zurich, Switzerland",LinkedIn,https://ch.linkedin.com/jobs/view/data-engineer-f-m-d-at-swiss-life-asset-managers-4337323217?position=45&pageNum=0&refId=YI%2FpCnRnjryML69O5EpSHQ%3D%3D&trackingId=Enmx3gu6yi0ayhxYXnRowQ%3D%3D,Not specified,2025-11-13 17:10:32.546669,2025-11-13,,ch.linkedin.com/jobs/view/data-engineer-f-m-d-at-swiss-life-asset-managers-4337323217
SPS-Programmierer (m/w/d),Rocken®,"Lucerne, Lucerne, Switzerland",LinkedIn,https://ch.linkedin.com/jobs/view/sps-programmierer-m-w-d-at-rocken%C2%AE-4322083827?position=47&pageNum=0&refId=YI%2FpCnRnjryML69O5EpSHQ%3D%3D&trackingId=X3DKNLMyoL3WVDbg5AgeLw%3D%3D,Not specified,2025-11-13 17:10:32.546896,2025-11-13,,ch.linkedin.com/jobs/view/sps-programmierer-m-w-d-at-rocken%C2%AE-4322083827
SPS Programmierer/in (m/w/d),Rocken®,"Zurich, Zurich, Switzerland",LinkedIn,https://ch.linkedin.com/jobs/view/sps-programmierer-in-m-w-d-at-rocken%C2%AE-4322173620?position=48&pageNum=0&refId=YI%2FpCnRnjryML69O5EpSHQ%3D%3D&trackingId=uv%2F9p87nAjtWZN1D%2Fvflhw%3D%3D,Not specified,2025-11-13 17:10:32.547012,2025-11-13,,ch.linkedin.com/jobs/view/sps-programmierer-in-m-w-d-at-rocken%C2%AE-4322173620
SPS Programmierer (m/w/d),Rocken®,"Zurich, Zurich, Switzerland",LinkedIn,https://ch.linkedin.com/jobs/view/sps-programmierer-m-w-d-at-rocken%C2%AE-4322083818?position=49&pageNum=0&refId=YI%2FpCnRnjryML69O5EpSHQ%3D%3D&trackingId=RrwNgbWjw0HkcF3f3070yg%3D%3D,Not specified,2025-11-13 17:10:32.547128,2025-11-13,,ch.linkedin.com/jobs/view/sps-programmierer-m-w-d-at-rocken%C2%AE-4322083818
Quantitative Developer - Crypto (C++),Qube Research & Technologies,"Zurich, Switzerland",LinkedIn,https://ch.linkedin.com/jobs/view/quantitative-developer-crypto-c%2B%2B-at-qube-research-technologies-4282167134?position=50&pageNum=0&refId=YI%2FpCnRnjryML69O5EpSHQ%3D%3D&trackingId=w7uGddklnVaQUJIBVaonRw%3D%3D,Not specified,2025-11-13 17:10:32.547238,2025-11-13,,ch.linkedin.com/jobs/view/quantitative-developer-crypto-c%2B%2B-at-qube-research-technologies-4282167134
Senior Azure Engineering (German-speaking),ipt Innovation Process Technology,"Zurich, Switzerland",LinkedIn,https://ch.linkedin.com/jobs/view/senior-azure-engineering-german-speaking-at-ipt-innovation-process-technology-4340204043?position=51&pageNum=0&refId=YI%2FpCnRnjryML69O5EpSHQ%3D%3D&trackingId=PdL4NnlvBF6ca7PJ%2BirGOw%3D%3D,Not specified,2025-11-13 17:10:32.547353,2025-11-13,,ch.linkedin.com/jobs/view/senior-azure-engineering-german-speaking-at-ipt-innovation-process-technology-4340204043
Developpeur Fullstack,Sword Group,"Schwyz, Switzerland",LinkedIn,https://ch.linkedin.com/jobs/view/developpeur-fullstack-at-sword-group-4335842675?position=52&pageNum=0&refId=YI%2FpCnRnjryML69O5EpSHQ%3D%3D&trackingId=VIUaXcJkndzybgKkK%2FADkg%3D%3D,Not specified,2025-11-13 17:10:32.547492,2025-11-13,,ch.linkedin.com/jobs/view/developpeur-fullstack-at-sword-group-4335842675
SPS Programmierer/in (m/w/d),Rocken®,"Lucerne, Lucerne, Switzerland",LinkedIn,https://ch.linkedin.com/jobs/view/sps-programmierer-in-m-w-d-at-rocken%C2%AE-4322024067?position=53&pageNum=0&refId=YI%2FpCnRnjryML69O5EpSHQ%3D%3D&trackingId=2TcRDwPwlq5tfAOXilK%2F7Q%3D%3D,Not specified,2025-11-13 17:10:32.547608,2025-11-13,,ch.linkedin.com/jobs/view/sps-programmierer-in-m-w-d-at-rocken%C2%AE-4322024067
SPS/PLC Programmierer Automatisierungstechnik (m/w/d),Rocken®,"Aargau, Switzerland",LinkedIn,https://ch.linkedin.com/jobs/view/sps-plc-programmierer-automatisierungstechnik-m-w-d-at-rocken%C2%AE-4322123608?position=54&pageNum=0&refId=YI%2FpCnRnjryML69O5EpSHQ%3D%3D&trackingId=qiGh4neLOgfPWVJ9wtHQbQ%3D%3D,Not specified,2025-11-13 17:10:32.547724,2025-11-13,,ch.linkedin.com/jobs/view/sps-plc-programmierer-automatisierungstechnik-m-w-d-at-rocken%C2%AE-4322123608
Electronics & Embedded Software Development Engineer,Hexagon Manufacturing Intelligence,"Unterentfelden, Aargau, Switzerland",LinkedIn,https://ch.linkedin.com/jobs/view/electronics-embedded-software-development-engineer-at-hexagon-manufacturing-intelligence-4337337781?position=55&pageNum=0&refId=YI%2FpCnRnjryML69O5EpSHQ%3D%3D&trackingId=CDn1S%2FOzefmtuRqWXfJBuA%3D%3D,Not specified,2025-11-13 17:10:32.547874,2025-11-13,,ch.linkedin.com/jobs/view/electronics-embedded-software-development-engineer-at-hexagon-manufacturing-intelligence-4337337781
Datenanalyst (m/w/d),Rocken®,"Zurich, Zurich, Switzerland",LinkedIn,https://ch.linkedin.com/jobs/view/datenanalyst-m-w-d-at-rocken%C2%AE-4322082280?position=56&pageNum=0&refId=YI%2FpCnRnjryML69O5EpSHQ%3D%3D&trackingId=7oqzQWaGwrnNmhJVWQkVLw%3D%3D,Not specified,2025-11-13 17:10:32.547991,2025-11-12,,ch.linkedin.com/jobs/view/datenanalyst-m-w-d-at-rocken%C2%AE-4322082280
Projektleiter in Automation / SPS-Programmierung 80-100%,ABS Personalberatung AG,"Horgen, Zurich, Switzerland",LinkedIn,https://ch.linkedin.com/jobs/view/projektleiter-in-automation-sps-programmierung-80-100%25-at-abs-personalberatung-ag-4336020519?position=58&pageNum=0&refId=YI%2FpCnRnjryML69O5EpSHQ%3D%3D&trackingId=YfdbL6d%2F3o9AOS7NsyFvSA%3D%3D,Not specified,2025-11-13 17:10:32.548223,2025-11-13,,ch.linkedin.com/jobs/view/projektleiter-in-automation-sps-programmierung-80-100%25-at-abs-personalberatung-ag-4336020519
.NET C# Blazor Entwickler*in bei Allix GmbH,Allix GmbH,"Othmarsingen, Aargau, Switzerland",LinkedIn,https://ch.linkedin.com/jobs/view/net-c%23-blazor-entwickler-in-bei-allix-gmbh-at-allix-gmbh-4335871051?position=59&pageNum=0&refId=YI%2FpCnRnjryML69O5EpSHQ%3D%3D&trackingId=GtpcJHIR5wLeefJLQUIwuw%3D%3D,Not specified,2025-11-13 17:10:32.548339,2025-11-13,,ch.linkedin.com/jobs/view/net-c%23-blazor-entwickler-in-bei-allix-gmbh-at-allix-gmbh-4335871051
Testautomation Expert (w/m/d),Capgemini,"Ratingen, North Rhine-Westphalia, Germany",LinkedIn,https://de.linkedin.com/jobs/view/testautomation-expert-w-m-d-at-capgemini-4335609283?position=9&pageNum=0&refId=orgo4f0hcbxl%2FDCqr2qy7g%3D%3D&trackingId=4cUuYAIhgQPKiE9oRdbgww%3D%3D,Not specified,2025-11-13 17:10:35.508221,2025-11-13,,de.linkedin.com/jobs/view/testautomation-expert-w-m-d-at-capgemini-4335609283
QA-Developer (m/w/d),Schleupen SE,"Moers, North Rhine-Westphalia, Germany",LinkedIn,https://de.linkedin.com/jobs/view/qa-developer-m-w-d-at-schleupen-se-4315968348?position=24&pageNum=0&refId=orgo4f0hcbxl%2FDCqr2qy7g%3D%3D&trackingId=xFOMbzfsT9qO%2B89I8ksxXQ%3D%3D,Not specified,2025-11-13 17:10:35.510025,2025-11-13,,de.linkedin.com/jobs/view/qa-developer-m-w-d-at-schleupen-se-4315968348
PLM Data Professional (m/w/d) - Large Gas Turbines,iSK GmbH Personaldienstleistungen,"Mülheim an der Ruhr, North Rhine-Westphalia, Germany",LinkedIn,https://de.linkedin.com/jobs/view/plm-data-professional-m-w-d-large-gas-turbines-at-isk-gmbh-personaldienstleistungen-4340533470?position=27&pageNum=0&refId=orgo4f0hcbxl%2FDCqr2qy7g%3D%3D&trackingId=4gFui4sV9L%2FFygghAK%2B0hA%3D%3D,Not specified,2025-11-13 17:10:35.510376,2025-11-13,,de.linkedin.com/jobs/view/plm-data-professional-m-w-d-large-gas-turbines-at-isk-gmbh-personaldienstleistungen-4340533470
Requirements Engineer Platform (all genders),adesso insurance solutions GmbH,"Essen, North Rhine-Westphalia, Germany",LinkedIn,https://de.linkedin.com/jobs/view/requirements-engineer-platform-all-genders-at-adesso-insurance-solutions-gmbh-4307642812?position=37&pageNum=0&refId=orgo4f0hcbxl%2FDCqr2qy7g%3D%3D&trackingId=%2BoOslygxr1XhyNo%2FUW0Vlw%3D%3D,Not specified,2025-11-13 17:10:35.511574,2025-11-13,,de.linkedin.com/jobs/view/requirements-engineer-platform-all-genders-at-adesso-insurance-solutions-gmbh-4307642812
Senior Data Engineer (m/f/d),Redcare Pharmacy,"Cologne, North Rhine-Westphalia, Germany",LinkedIn,https://de.linkedin.com/jobs/view/senior-data-engineer-m-f-d-at-redcare-pharmacy-4307995403?position=53&pageNum=0&refId=orgo4f0hcbxl%2FDCqr2qy7g%3D%3D&trackingId=d5WGd2u4SIwi3wATHoIxWg%3D%3D,Not specified,2025-11-13 17:10:35.513470,2025-11-13,,de.linkedin.com/jobs/view/senior-data-engineer-m-f-d-at-redcare-pharmacy-4307995403
(Senior) Cloud Engineer (w/m/d),Capgemini,"Ratingen, North Rhine-Westphalia, Germany",LinkedIn,https://de.linkedin.com/jobs/view/senior-cloud-engineer-w-m-d-at-capgemini-4335629379?position=54&pageNum=0&refId=orgo4f0hcbxl%2FDCqr2qy7g%3D%3D&trackingId=o135v8vqsjmsrVNtxskayg%3D%3D,Not specified,2025-11-13 17:10:35.513593,2025-11-13,,de.linkedin.com/jobs/view/senior-cloud-engineer-w-m-d-at-capgemini-4335629379
ServiceNow Entwickler (m/w/d),F.S. Fehrer Automotive GmbH,"Mönchengladbach, North Rhine-Westphalia, Germany",LinkedIn,https://de.linkedin.com/jobs/view/servicenow-entwickler-m-w-d-at-f-s-fehrer-automotive-gmbh-4335922548?position=57&pageNum=0&refId=orgo4f0hcbxl%2FDCqr2qy7g%3D%3D&trackingId=3h%2FuTvj30auP985X0Fw4Fw%3D%3D,Not specified,2025-11-13 17:10:35.513936,2025-11-13,,de.linkedin.com/jobs/view/servicenow-entwickler-m-w-d-at-f-s-fehrer-automotive-gmbh-4335922548
Fullstack Java Softwareentwickler:in,HDI Group,"Cologne, North Rhine-Westphalia, Germany",LinkedIn,https://de.linkedin.com/jobs/view/fullstack-java-softwareentwickler-in-at-hdi-group-4318553458?position=59&pageNum=0&refId=orgo4f0hcbxl%2FDCqr2qy7g%3D%3D&trackingId=PAdoBNmbeNCLHbM%2FqUvQcQ%3D%3D,Not specified,2025-11-13 17:10:35.514165,2025-11-13,,de.linkedin.com/jobs/view/fullstack-java-softwareentwickler-in-at-hdi-group-4318553458
Spezialist*in (m/w/d) für Anwendungsserver mit dem Schwerpunkt Cloudarchitektur,Stadt Köln,"Cologne, North Rhine-Westphalia, Germany",LinkedIn,https://de.linkedin.com/jobs/view/spezialist-in-m-w-d-f%C3%BCr-anwendungsserver-mit-dem-schwerpunkt-cloudarchitektur-at-stadt-k%C3%B6ln-4322078229?position=60&pageNum=0&refId=orgo4f0hcbxl%2FDCqr2qy7g%3D%3D&trackingId=xMPeVqclGPBoRPoRkTilTg%3D%3D,Not specified,2025-11-13 17:10:35.514282,2025-11-13,,de.linkedin.com/jobs/view/spezialist-in-m-w-d-f%C3%BCr-anwendungsserver-mit-dem-schwerpunkt-cloudarchitektur-at-stadt-k%C3%B6ln-4322078229
"Full Stack Entwickler React, Java, Spring Boot",Instaffo,"Freiburg, Baden-Württemberg, Germany",LinkedIn,https://de.linkedin.com/jobs/view/full-stack-entwickler-react-java-spring-boot-at-instaffo-4335705718?position=1&pageNum=0&refId=Cx2im%2BpXue181w4v149JFg%3D%3D&trackingId=yuDCd7Myi%2BFLQu4SDnkx%2FQ%3D%3D,Not specified,2025-11-13 17:10:38.120616,2025-11-12,,de.linkedin.com/jobs/view/full-stack-entwickler-react-java-spring-boot-at-instaffo-4335705718
Senior Softwareentwickler:in C# (d/m/w) - Lexware Produkte Personal,Lexware,"Freiburg, Baden-Württemberg, Germany",LinkedIn,https://de.linkedin.com/jobs/view/senior-softwareentwickler-in-c%23-d-m-w-lexware-produkte-personal-at-lexware-4295065700?position=4&pageNum=0&refId=Cx2im%2BpXue181w4v149JFg%3D%3D&trackingId=PkK8qgaSE%2BA2sIVuYkqMiA%3D%3D,Not specified,2025-11-13 17:10:38.121276,2025-11-13,,de.linkedin.com/jobs/view/senior-softwareentwickler-in-c%23-d-m-w-lexware-produkte-personal-at-lexware-4295065700
Senior ML/Research Engineer,OWKIN,"Neumarkt in der Oberpfalz, Bavaria, Germany",LinkedIn,https://de.linkedin.com/jobs/view/senior-ml-research-engineer-at-owkin-4335871036?position=1&pageNum=0&refId=RT%2Fh2RENIbXNVnoSS4PChg%3D%3D&trackingId=%2BN3IlQ0wPGIoKNC6zAiozw%3D%3D,Not specified,2025-11-13 17:10:40.796384,2025-11-13,,de.linkedin.com/jobs/view/senior-ml-research-engineer-at-owkin-4335871036
Software Developer - FullStack w/m/d,Computacenter,Greater Nuremberg Metropolitan Area,LinkedIn,https://de.linkedin.com/jobs/view/software-developer-fullstack-w-m-d-at-computacenter-4030758015?position=2&pageNum=0&refId=RT%2Fh2RENIbXNVnoSS4PChg%3D%3D&trackingId=lkcbQlFA%2BJQwAXzBrd3KKQ%3D%3D,Not specified,2025-11-13 17:10:40.796601,2025-11-13,,de.linkedin.com/jobs/view/software-developer-fullstack-w-m-d-at-computacenter-4030758015
Software Developer MES / IIoT (all genders),adesso SE,"Nuremberg, Bavaria, Germany",LinkedIn,https://de.linkedin.com/jobs/view/software-developer-mes-iiot-all-genders-at-adesso-se-3961463739?position=3&pageNum=0&refId=RT%2Fh2RENIbXNVnoSS4PChg%3D%3D&trackingId=W8q5Gs2sFnRt0WmhTxHWzw%3D%3D,Not specified,2025-11-13 17:10:40.796787,2025-11-13,,de.linkedin.com/jobs/view/software-developer-mes-iiot-all-genders-at-adesso-se-3961463739
Requirements Engineer Platform (all genders),adesso insurance solutions GmbH,"Nuremberg, Bavaria, Germany",LinkedIn,https://de.linkedin.com/jobs/view/requirements-engineer-platform-all-genders-at-adesso-insurance-solutions-gmbh-4307636945?position=6&pageNum=0&refId=RT%2Fh2RENIbXNVnoSS4PChg%3D%3D&trackingId=NYrI8LLSBcNbP3afEFyjNw%3D%3D,Not specified,2025-11-13 17:10:40.797329,2025-11-13,,de.linkedin.com/jobs/view/requirements-engineer-platform-all-genders-at-adesso-insurance-solutions-gmbh-4307636945
Fullstack-Entwickler Online-Services (m/w/d),top itservices AG,"Nuremberg, Bavaria, Germany",LinkedIn,https://de.linkedin.com/jobs/view/fullstack-entwickler-online-services-m-w-d-at-top-itservices-ag-4335826481?position=9&pageNum=0&refId=RT%2Fh2RENIbXNVnoSS4PChg%3D%3D&trackingId=q02Wri0oV5Tnk5Li80koeA%3D%3D,Not specified,2025-11-13 17:10:40.797861,2025-11-12,,de.linkedin.com/jobs/view/fullstack-entwickler-online-services-m-w-d-at-top-itservices-ag-4335826481
Auszubildende zum Fachinformatiker (w/m/d) – Anwendungsentwicklung (Nürnberg),IT-Systemhaus der Bundesagentur für Arbeit,"Nuremberg, Bavaria, Germany",LinkedIn,https://de.linkedin.com/jobs/view/auszubildende-zum-fachinformatiker-w-m-d-%E2%80%93-anwendungsentwicklung-n%C3%BCrnberg-at-it-systemhaus-der-bundesagentur-f%C3%BCr-arbeit-4340273417?position=10&pageNum=0&refId=RT%2Fh2RENIbXNVnoSS4PChg%3D%3D&trackingId=oPxSiP03QJ8RrbKIGxumyQ%3D%3D,Not specified,2025-11-13 17:10:40.798046,2025-11-13,,de.linkedin.com/jobs/view/auszubildende-zum-fachinformatiker-w-m-d-%E2%80%93-anwendungsentwicklung-n%C3%BCrnberg-at-it-systemhaus-der-bundesagentur-f%C3%BCr-arbeit-4340273417
Senior Java Developer Online-Services Fullstack (m/w/d),emagine,"Nuremberg, Bavaria, Germany",LinkedIn,https://de.linkedin.com/jobs/view/senior-java-developer-online-services-fullstack-m-w-d-at-emagine-4322102872?position=16&pageNum=0&refId=RT%2Fh2RENIbXNVnoSS4PChg%3D%3D&trackingId=DpNM66G8nfkgMHCDiU%2BfEQ%3D%3D,Not specified,2025-11-13 17:10:40.799153,2025-11-12,,de.linkedin.com/jobs/view/senior-java-developer-online-services-fullstack-m-w-d-at-emagine-4322102872
Softwareentwickler Storage (m/w/d),Hetzner,"Nuremberg, Bavaria, Germany",LinkedIn,https://de.linkedin.com/jobs/view/softwareentwickler-storage-m-w-d-at-hetzner-4335882989?position=18&pageNum=0&refId=RT%2Fh2RENIbXNVnoSS4PChg%3D%3D&trackingId=1s42Yk71roMIm7wSRGmnkA%3D%3D,Not specified,2025-11-13 17:10:40.799505,2025-11-13,,de.linkedin.com/jobs/view/softwareentwickler-storage-m-w-d-at-hetzner-4335882989
Senior IT-Consultant / Engineer Dataiku (all genders),adesso SE,"Nuremberg, Bavaria, Germany",LinkedIn,https://de.linkedin.com/jobs/view/senior-it-consultant-engineer-dataiku-all-genders-at-adesso-se-3944010068?position=21&pageNum=0&refId=RT%2Fh2RENIbXNVnoSS4PChg%3D%3D&trackingId=%2BbMF%2F8zkjgt8zxnuO6L%2FvQ%3D%3D,Not specified,2025-11-13 17:10:40.800075,2025-11-13,,de.linkedin.com/jobs/view/senior-it-consultant-engineer-dataiku-all-genders-at-adesso-se-3944010068
Junior Frontend Software Developer (m/w/d),SYNCPILOT Group,"Augsburg, Bavaria, Germany",LinkedIn,https://de.linkedin.com/jobs/view/junior-frontend-software-developer-m-w-d-at-syncpilot-group-4318557304?position=1&pageNum=0&refId=B58iSRGopRM2QvgNaQdS%2FA%3D%3D&trackingId=whMmQsbubk1pQD2UGtxHgA%3D%3D,Not specified,2025-11-13 17:10:43.489002,2025-11-13,,de.linkedin.com/jobs/view/junior-frontend-software-developer-m-w-d-at-syncpilot-group-4318557304
Development Engineer (w/m/d),MBDA Deutschland,"Schrobenhausen, Bavaria, Germany",LinkedIn,https://de.linkedin.com/jobs/view/development-engineer-w-m-d-at-mbda-deutschland-4336012016?position=2&pageNum=0&refId=B58iSRGopRM2QvgNaQdS%2FA%3D%3D&trackingId=v2OtQyRcLd0uKKUlcH%2F4Jg%3D%3D,Not specified,2025-11-13 17:10:43.489247,2025-11-13,,de.linkedin.com/jobs/view/development-engineer-w-m-d-at-mbda-deutschland-4336012016
Abschlussarbeit: Deep Learning Framework Evaluation for AI Combustion Modeling,Everllence,"Augsburg, Bavaria, Germany",LinkedIn,https://de.linkedin.com/jobs/view/abschlussarbeit-deep-learning-framework-evaluation-for-ai-combustion-modeling-at-everllence-4307663557?position=3&pageNum=0&refId=B58iSRGopRM2QvgNaQdS%2FA%3D%3D&trackingId=BFhaT%2FjfJJizWblp7qC79A%3D%3D,Not specified,2025-11-13 17:10:43.489430,2025-11-13,,de.linkedin.com/jobs/view/abschlussarbeit-deep-learning-framework-evaluation-for-ai-combustion-modeling-at-everllence-4307663557
Abschlussarbeit - Entwicklung & Evaluierung einer AR-Navigations-App für iOS im Werksgelände,Everllence,"Augsburg, Bavaria, Germany",LinkedIn,https://de.linkedin.com/jobs/view/abschlussarbeit-entwicklung-evaluierung-einer-ar-navigations-app-f%C3%BCr-ios-im-werksgel%C3%A4nde-at-everllence-4322163175?position=8&pageNum=0&refId=B58iSRGopRM2QvgNaQdS%2FA%3D%3D&trackingId=0hdGzniCAt3AuBtFdoU1HA%3D%3D,Not specified,2025-11-13 17:10:43.490328,2025-11-12,,de.linkedin.com/jobs/view/abschlussarbeit-entwicklung-evaluierung-einer-ar-navigations-app-f%C3%BCr-ios-im-werksgel%C3%A4nde-at-everllence-4322163175
Verification AI Expert (m/w/d),BSH Home Appliances Group,"Dillingen an der Donau, Bavaria, Germany",LinkedIn,https://de.linkedin.com/jobs/view/verification-ai-expert-m-w-d-at-bsh-home-appliances-group-4322156612?position=9&pageNum=0&refId=B58iSRGopRM2QvgNaQdS%2FA%3D%3D&trackingId=g%2FELbXyTly%2BUzpN9yNz1QQ%3D%3D,Not specified,2025-11-13 17:10:43.490505,2025-11-13,,de.linkedin.com/jobs/view/verification-ai-expert-m-w-d-at-bsh-home-appliances-group-4322156612
Senior Systems Engineer (w/m/d),MBDA Deutschland,"Schrobenhausen, Bavaria, Germany",LinkedIn,https://de.linkedin.com/jobs/view/senior-systems-engineer-w-m-d-at-mbda-deutschland-4335942317?position=11&pageNum=0&refId=B58iSRGopRM2QvgNaQdS%2FA%3D%3D&trackingId=l%2BZ4BRdVM9IFyH98NuIyXA%3D%3D,Not specified,2025-11-13 17:10:43.490859,2025-11-13,,de.linkedin.com/jobs/view/senior-systems-engineer-w-m-d-at-mbda-deutschland-4335942317
Senior Software Developer (Angular) (m/f/d) - Augsburg or Bucharest,IGEL Technology,"Augsburg, Bavaria, Germany",LinkedIn,https://de.linkedin.com/jobs/view/senior-software-developer-angular-m-f-d-augsburg-or-bucharest-at-igel-technology-4319381796?position=12&pageNum=0&refId=B58iSRGopRM2QvgNaQdS%2FA%3D%3D&trackingId=DqmjXWLQ9knAippspaqK7g%3D%3D,Not specified,2025-11-13 17:10:43.491030,2025-11-13,,de.linkedin.com/jobs/view/senior-software-developer-angular-m-f-d-augsburg-or-bucharest-at-igel-technology-4319381796
Junior Machine Learning Engineer,Autodesk,"Parsberg, Bavaria, Germany",LinkedIn,https://de.linkedin.com/jobs/view/junior-machine-learning-engineer-at-autodesk-4307660542?position=1&pageNum=0&refId=idPcQqd5FtmWYrBpz2vjiw%3D%3D&trackingId=QtMeXjF90KuKkF2Qi9N0uw%3D%3D,Not specified,2025-11-13 17:10:46.255283,2025-11-13,,de.linkedin.com/jobs/view/junior-machine-learning-engineer-at-autodesk-4307660542
Cloud Engineer (m/w/d),ORDIX AG,"Nuremberg, Bavaria, Germany",LinkedIn,https://de.linkedin.com/jobs/view/cloud-engineer-m-w-d-at-ordix-ag-4335920377?position=8&pageNum=0&refId=idPcQqd5FtmWYrBpz2vjiw%3D%3D&trackingId=O2PNxgnSLOpGdnbvyFHBsA%3D%3D,Not specified,2025-11-13 17:10:46.256574,2025-11-13,,de.linkedin.com/jobs/view/cloud-engineer-m-w-d-at-ordix-ag-4335920377
Senior Java Developer (m/w/d),ORDIX AG,"Nuremberg, Bavaria, Germany",LinkedIn,https://de.linkedin.com/jobs/view/senior-java-developer-m-w-d-at-ordix-ag-4335829994?position=20&pageNum=0&refId=idPcQqd5FtmWYrBpz2vjiw%3D%3D&trackingId=u6jlwgmamDThu%2ByAC8Kv6w%3D%3D,Not specified,2025-11-13 17:10:46.258421,2025-11-13,,de.linkedin.com/jobs/view/senior-java-developer-m-w-d-at-ordix-ag-4335829994
BI-Consultant (m/w/d),Allgeier Inovar GmbH,"Nuremberg, Bavaria, Germany",LinkedIn,https://de.linkedin.com/jobs/view/bi-consultant-m-w-d-at-allgeier-inovar-gmbh-4340210747?position=22&pageNum=0&refId=idPcQqd5FtmWYrBpz2vjiw%3D%3D&trackingId=XsYsUttaYWXuUPhyMc6GuQ%3D%3D,Not specified,2025-11-13 17:10:46.258727,2025-11-12,,de.linkedin.com/jobs/view/bi-consultant-m-w-d-at-allgeier-inovar-gmbh-4340210747
Software Developer - FullStack w/m/d,Computacenter,Hannover-Braunschweig-Göttingen-Wolfsburg Region,LinkedIn,https://de.linkedin.com/jobs/view/software-developer-fullstack-w-m-d-at-computacenter-4030752702?position=2&pageNum=0&refId=QVxy94%2FPs5GbuhEZQ07aVA%3D%3D&trackingId=8YAagUSX4sU3mqyDYN6jUA%3D%3D,Not specified,2025-11-13 17:10:48.956836,2025-11-13,,de.linkedin.com/jobs/view/software-developer-fullstack-w-m-d-at-computacenter-4030752702
Softwareentwickler Steuerungs- und Leitsysteme für Maschinen / C# .NET (m/w/d),Maurer Electronics,"Hannover, Lower Saxony, Germany",LinkedIn,https://de.linkedin.com/jobs/view/softwareentwickler-steuerungs-und-leitsysteme-f%C3%BCr-maschinen-c%23-net-m-w-d-at-maurer-electronics-4317846056?position=5&pageNum=0&refId=QVxy94%2FPs5GbuhEZQ07aVA%3D%3D&trackingId=3W4gmmja7Bi1KsJaWAjD%2Bg%3D%3D,Not specified,2025-11-13 17:10:48.957157,2025-11-13,,de.linkedin.com/jobs/view/softwareentwickler-steuerungs-und-leitsysteme-f%C3%BCr-maschinen-c%23-net-m-w-d-at-maurer-electronics-4317846056
ServiceNow Developer (m/f/d),Moch.IT | ServiceNow Partner,"Hannover, Lower Saxony, Germany",LinkedIn,https://de.linkedin.com/jobs/view/servicenow-developer-m-f-d-at-moch-it-servicenow-partner-4340532949?position=6&pageNum=0&refId=QVxy94%2FPs5GbuhEZQ07aVA%3D%3D&trackingId=pfGaQrgYjvfRyIVHhp7ogQ%3D%3D,Not specified,2025-11-13 17:10:48.957272,2025-11-13,,de.linkedin.com/jobs/view/servicenow-developer-m-f-d-at-moch-it-servicenow-partner-4340532949
Softwareentwickler - Low Code (m/w/d)- enercity NETZ GmbH,enercity,"Hannover, Lower Saxony, Germany",LinkedIn,https://de.linkedin.com/jobs/view/softwareentwickler-low-code-m-w-d-enercity-netz-gmbh-at-enercity-4335646090?position=7&pageNum=0&refId=QVxy94%2FPs5GbuhEZQ07aVA%3D%3D&trackingId=9Z77s67YHWMUIdsYtIpwug%3D%3D,Not specified,2025-11-13 17:10:48.957459,2025-11-12,,de.linkedin.com/jobs/view/softwareentwickler-low-code-m-w-d-enercity-netz-gmbh-at-enercity-4335646090
Software Developer ServiceNow (all genders),adesso SE,"Hannover, Lower Saxony, Germany",LinkedIn,https://de.linkedin.com/jobs/view/software-developer-servicenow-all-genders-at-adesso-se-4103375208?position=8&pageNum=0&refId=QVxy94%2FPs5GbuhEZQ07aVA%3D%3D&trackingId=awxz7sXxSo5orIGh%2B57eUw%3D%3D,Not specified,2025-11-13 17:10:48.957602,2025-11-13,,de.linkedin.com/jobs/view/software-developer-servicenow-all-genders-at-adesso-se-4103375208
Wirtschaftsinformatiker/-in - Vollzeit (m/w/d),Bahmann Coaching GmbH,"Hannover, Lower Saxony, Germany",LinkedIn,https://de.linkedin.com/jobs/view/wirtschaftsinformatiker-in-vollzeit-m-w-d-at-bahmann-coaching-gmbh-4340415064?position=9&pageNum=0&refId=QVxy94%2FPs5GbuhEZQ07aVA%3D%3D&trackingId=%2B8aMfy0e4JgKuDi7yz9SRw%3D%3D,Not specified,2025-11-13 17:10:48.957699,2025-11-13,,de.linkedin.com/jobs/view/wirtschaftsinformatiker-in-vollzeit-m-w-d-at-bahmann-coaching-gmbh-4340415064
"Service Now Entwickler ( Discovery, Dantenmodell, ITOM ) (m/w/d)",GULP – experts united,"Hannover, Lower Saxony, Germany",LinkedIn,https://de.linkedin.com/jobs/view/service-now-entwickler-discovery-dantenmodell-itom-m-w-d-at-gulp-%E2%80%93-experts-united-4335932158?position=11&pageNum=0&refId=QVxy94%2FPs5GbuhEZQ07aVA%3D%3D&trackingId=UjEtYO3P2TPX3cdtQszCaA%3D%3D,Not specified,2025-11-13 17:10:48.957928,2025-11-13,,de.linkedin.com/jobs/view/service-now-entwickler-discovery-dantenmodell-itom-m-w-d-at-gulp-%E2%80%93-experts-united-4335932158
MuleSoft Developer (all genders),adesso SE,"Hannover, Lower Saxony, Germany",LinkedIn,https://de.linkedin.com/jobs/view/mulesoft-developer-all-genders-at-adesso-se-3759734769?position=12&pageNum=0&refId=QVxy94%2FPs5GbuhEZQ07aVA%3D%3D&trackingId=Lk82S00iUqfnfxxieCV1uQ%3D%3D,Not specified,2025-11-13 17:10:48.958026,2025-11-13,,de.linkedin.com/jobs/view/mulesoft-developer-all-genders-at-adesso-se-3759734769
Entwickler(in) für Embedded Software in C und C++ (m/w/d),KES Keschwari Electronic Systems GmbH & Co. KG,"Barsinghausen, Lower Saxony, Germany",LinkedIn,https://de.linkedin.com/jobs/view/entwickler-in-f%C3%BCr-embedded-software-in-c-und-c%2B%2B-m-w-d-at-kes-keschwari-electronic-systems-gmbh-co-kg-4340483173?position=13&pageNum=0&refId=QVxy94%2FPs5GbuhEZQ07aVA%3D%3D&trackingId=thlcst1%2BCknxSz0Eu3LKGg%3D%3D,Not specified,2025-11-13 17:10:48.958124,2025-11-13,,de.linkedin.com/jobs/view/entwickler-in-f%C3%BCr-embedded-software-in-c-und-c%2B%2B-m-w-d-at-kes-keschwari-electronic-systems-gmbh-co-kg-4340483173
Fullstack Softwareentwickler:in smart FLOW/Inputmanagement,HDI Group,"Hannover, Lower Saxony, Germany",LinkedIn,https://de.linkedin.com/jobs/view/fullstack-softwareentwickler-in-smart-flow-inputmanagement-at-hdi-group-4335775659?position=14&pageNum=0&refId=QVxy94%2FPs5GbuhEZQ07aVA%3D%3D&trackingId=CwQpLmQDQ40hGdT3r8oBlw%3D%3D,Not specified,2025-11-13 17:10:48.958215,2025-11-12,,de.linkedin.com/jobs/view/fullstack-softwareentwickler-in-smart-flow-inputmanagement-at-hdi-group-4335775659
Fullstack Softwareentwickler:in smart FLOW/Inputmanagement,HDI Group,"Hannover, Lower Saxony, Germany",LinkedIn,https://de.linkedin.com/jobs/view/fullstack-softwareentwickler-in-smart-flow-inputmanagement-at-hdi-group-4335785629?position=15&pageNum=0&refId=QVxy94%2FPs5GbuhEZQ07aVA%3D%3D&trackingId=bWBLeuR0CXX03TxHgSFyqw%3D%3D,Not specified,2025-11-13 17:10:48.958328,2025-11-12,,de.linkedin.com/jobs/view/fullstack-softwareentwickler-in-smart-flow-inputmanagement-at-hdi-group-4335785629
Senior React Native Developer (all genders),adesso SE,"Hannover, Lower Saxony, Germany",LinkedIn,https://de.linkedin.com/jobs/view/senior-react-native-developer-all-genders-at-adesso-se-4263151782?position=16&pageNum=0&refId=QVxy94%2FPs5GbuhEZQ07aVA%3D%3D&trackingId=PAQytTpKa3P%2BhKrCNpS0Dw%3D%3D,Not specified,2025-11-13 17:10:48.958426,2025-11-13,,de.linkedin.com/jobs/view/senior-react-native-developer-all-genders-at-adesso-se-4263151782
Software Architect Azure AI (all genders),adesso SE,"Hannover, Lower Saxony, Germany",LinkedIn,https://de.linkedin.com/jobs/view/software-architect-azure-ai-all-genders-at-adesso-se-4188872121?position=17&pageNum=0&refId=QVxy94%2FPs5GbuhEZQ07aVA%3D%3D&trackingId=CupvWUi%2FushUAhf5HCRQaw%3D%3D,Not specified,2025-11-13 17:10:48.958526,2025-11-13,,de.linkedin.com/jobs/view/software-architect-azure-ai-all-genders-at-adesso-se-4188872121
Software Architect (m/w/d),M&M Software GmbH,"Hannover, Lower Saxony, Germany",LinkedIn,https://de.linkedin.com/jobs/view/software-architect-m-w-d-at-m-m-software-gmbh-4335903005?position=18&pageNum=0&refId=QVxy94%2FPs5GbuhEZQ07aVA%3D%3D&trackingId=NX9fhjWLF0pOGnvZceAPPQ%3D%3D,Not specified,2025-11-13 17:10:48.958620,2025-11-13,,de.linkedin.com/jobs/view/software-architect-m-w-d-at-m-m-software-gmbh-4335903005
Senior DevSecOps Engineer (w/m/d),E.ON Digital Technology,"Hannover, Lower Saxony, Germany",LinkedIn,https://de.linkedin.com/jobs/view/senior-devsecops-engineer-w-m-d-at-e-on-digital-technology-4340463787?position=20&pageNum=0&refId=QVxy94%2FPs5GbuhEZQ07aVA%3D%3D&trackingId=OBMHD28ryRGvuVKSrxxtGQ%3D%3D,Not specified,2025-11-13 17:10:48.958809,2025-11-13,,de.linkedin.com/jobs/view/senior-devsecops-engineer-w-m-d-at-e-on-digital-technology-4340463787
Lead Cloud Platform Engineer (m/w/d),Dirk Rossmann GmbH,"Burgwedel, Lower Saxony, Germany",LinkedIn,https://de.linkedin.com/jobs/view/lead-cloud-platform-engineer-m-w-d-at-dirk-rossmann-gmbh-4308975840?position=21&pageNum=0&refId=QVxy94%2FPs5GbuhEZQ07aVA%3D%3D&trackingId=ttZgEcUOejvod%2B41LtNlXw%3D%3D,Not specified,2025-11-13 17:10:48.958901,2025-11-13,,de.linkedin.com/jobs/view/lead-cloud-platform-engineer-m-w-d-at-dirk-rossmann-gmbh-4308975840
Abteilungsleiter (m/w/d) Business Intelligence,Michael Page,"Hannover, Lower Saxony, Germany",LinkedIn,https://de.linkedin.com/jobs/view/abteilungsleiter-m-w-d-business-intelligence-at-michael-page-4340512834?position=25&pageNum=0&refId=QVxy94%2FPs5GbuhEZQ07aVA%3D%3D&trackingId=eWzNbQxyDZYjGPVxCOMBpw%3D%3D,Not specified,2025-11-13 17:10:48.959370,2025-11-13,,de.linkedin.com/jobs/view/abteilungsleiter-m-w-d-business-intelligence-at-michael-page-4340512834
Senior Consultant Data & Analytics - Projektmanagement (all genders),adesso SE,"Hannover, Lower Saxony, Germany",LinkedIn,https://de.linkedin.com/jobs/view/senior-consultant-data-analytics-projektmanagement-all-genders-at-adesso-se-3925558530?position=27&pageNum=0&refId=QVxy94%2FPs5GbuhEZQ07aVA%3D%3D&trackingId=uILGbO18s1WlU5TLT8%2BxLw%3D%3D,Not specified,2025-11-13 17:10:48.959567,2025-11-13,,de.linkedin.com/jobs/view/senior-consultant-data-analytics-projektmanagement-all-genders-at-adesso-se-3925558530
Business Intelligence Analyst (all genders),Zalando,"Berlin, Berlin, Germany",LinkedIn,https://de.linkedin.com/jobs/view/business-intelligence-analyst-all-genders-at-zalando-4335960171?position=2&pageNum=0&refId=%2Bmb6vs7t9lMAp0GGEQxgvw%3D%3D&trackingId=i%2BKl9r4v3LYcPKrCNOYSnw%3D%3D,Not specified,2025-11-13 17:10:54.876949,2025-11-13,,de.linkedin.com/jobs/view/business-intelligence-analyst-all-genders-at-zalando-4335960171
Junior Digital Analyst- Feature Performance (m/w/d),Lidl e-commerce,"Berlin, Berlin, Germany",LinkedIn,https://de.linkedin.com/jobs/view/junior-digital-analyst-feature-performance-m-w-d-at-lidl-e-commerce-4340243338?position=3&pageNum=0&refId=%2Bmb6vs7t9lMAp0GGEQxgvw%3D%3D&trackingId=H73Xw2B48SJ7OACx1O%2BC8Q%3D%3D,Not specified,2025-11-13 17:10:54.877087,2025-11-13,,de.linkedin.com/jobs/view/junior-digital-analyst-feature-performance-m-w-d-at-lidl-e-commerce-4340243338
Consultant Business Intelligence (m/w/d),GRAYOAK,"Berlin, Berlin, Germany",LinkedIn,https://de.linkedin.com/jobs/view/consultant-business-intelligence-m-w-d-at-grayoak-4340233619?position=5&pageNum=0&refId=%2Bmb6vs7t9lMAp0GGEQxgvw%3D%3D&trackingId=5HdXJRbsAjhcwFGMGdpc4w%3D%3D,Not specified,2025-11-13 17:10:54.877370,2025-11-13,,de.linkedin.com/jobs/view/consultant-business-intelligence-m-w-d-at-grayoak-4340233619
Senior Data Analyst - Marketing (f/m/x) - remote,refurbed,"Berlin, Germany",LinkedIn,https://de.linkedin.com/jobs/view/senior-data-analyst-marketing-f-m-x-remote-at-refurbed-4335666733?position=7&pageNum=0&refId=%2Bmb6vs7t9lMAp0GGEQxgvw%3D%3D&trackingId=aENHsW7LUYIkWXDx0brLig%3D%3D,Not specified,2025-11-13 17:10:54.877647,2025-11-12,,de.linkedin.com/jobs/view/senior-data-analyst-marketing-f-m-x-remote-at-refurbed-4335666733
Data Engineer,Freenow,"Berlin, Berlin, Germany",LinkedIn,https://de.linkedin.com/jobs/view/data-engineer-at-freenow-4322099091?position=8&pageNum=0&refId=%2Bmb6vs7t9lMAp0GGEQxgvw%3D%3D&trackingId=6OlDXynf9ngRdoVgBO%2FnQw%3D%3D,Not specified,2025-11-13 17:10:54.877784,2025-11-13,,de.linkedin.com/jobs/view/data-engineer-at-freenow-4322099091
"OSINT-Analyst:innen für Konzern-, Unternehmenssicherheit, Familiensicherheit / Berlin / Vollzeit",complexium GmbH,"Berlin, Germany",LinkedIn,https://de.linkedin.com/jobs/view/osint-analyst-innen-f%C3%BCr-konzern-unternehmenssicherheit-familiensicherheit-berlin-vollzeit-at-complexium-gmbh-4322258808?position=10&pageNum=0&refId=%2Bmb6vs7t9lMAp0GGEQxgvw%3D%3D&trackingId=MXemdMCHxbIu5oV4cOWe0w%3D%3D,Not specified,2025-11-13 17:10:54.878082,2025-11-13,,de.linkedin.com/jobs/view/osint-analyst-innen-f%C3%BCr-konzern-unternehmenssicherheit-familiensicherheit-berlin-vollzeit-at-complexium-gmbh-4322258808
"PostDoc Business Analyst, Clinical Data AI Processing (all genders) limited until 30.06.2028",Sanofi,"Berlin, Berlin, Germany",LinkedIn,https://de.linkedin.com/jobs/view/postdoc-business-analyst-clinical-data-ai-processing-all-genders-limited-until-30-06-2028-at-sanofi-4315978736?position=13&pageNum=0&refId=%2Bmb6vs7t9lMAp0GGEQxgvw%3D%3D&trackingId=tpGxrtiD8cY1rnCkpetqHw%3D%3D,Not specified,2025-11-13 17:10:54.878491,2025-11-13,,de.linkedin.com/jobs/view/postdoc-business-analyst-clinical-data-ai-processing-all-genders-limited-until-30-06-2028-at-sanofi-4315978736
BI Team Lead – Asset Management & Finance (m/f/d),Enpal,"Berlin, Berlin, Germany",LinkedIn,https://de.linkedin.com/jobs/view/bi-team-lead-%E2%80%93-asset-management-finance-m-f-d-at-enpal-4307673601?position=16&pageNum=0&refId=%2Bmb6vs7t9lMAp0GGEQxgvw%3D%3D&trackingId=7Q31bUkFAo5c5iY4yv9L2Q%3D%3D,Not specified,2025-11-13 17:10:54.878901,2025-11-13,,de.linkedin.com/jobs/view/bi-team-lead-%E2%80%93-asset-management-finance-m-f-d-at-enpal-4307673601
Senior Data Engineer (m/f/d),Moonfare,"Berlin, Germany",LinkedIn,https://de.linkedin.com/jobs/view/senior-data-engineer-m-f-d-at-moonfare-4322208217?position=18&pageNum=0&refId=%2Bmb6vs7t9lMAp0GGEQxgvw%3D%3D&trackingId=tDq%2FqK9j%2FCt1oi00fw5%2FrQ%3D%3D,Not specified,2025-11-13 17:10:54.879150,2025-11-13,,de.linkedin.com/jobs/view/senior-data-engineer-m-f-d-at-moonfare-4322208217
"Staff Engineers, Data group",Wolt,"Berlin, Berlin, Germany",LinkedIn,https://de.linkedin.com/jobs/view/staff-engineers-data-group-at-wolt-4279257806?position=20&pageNum=0&refId=%2Bmb6vs7t9lMAp0GGEQxgvw%3D%3D&trackingId=OSOuBj8cDTcMAlY%2FWrYbow%3D%3D,Not specified,2025-11-13 17:10:54.879405,2025-11-13,,de.linkedin.com/jobs/view/staff-engineers-data-group-at-wolt-4279257806
"Senior Analytics Engineer, People",SumUp,"Berlin, Berlin, Germany",LinkedIn,https://de.linkedin.com/jobs/view/senior-analytics-engineer-people-at-sumup-4315929617?position=24&pageNum=0&refId=%2Bmb6vs7t9lMAp0GGEQxgvw%3D%3D&trackingId=lXBT%2BRDgxmLvOUwYFxgZcw%3D%3D,Not specified,2025-11-13 17:10:54.879909,2025-11-13,,de.linkedin.com/jobs/view/senior-analytics-engineer-people-at-sumup-4315929617
Senior CSIRT / SOC Analyst (m/w/d),Atruvia AG,"Berlin, Berlin, Germany",LinkedIn,https://de.linkedin.com/jobs/view/senior-csirt-soc-analyst-m-w-d-at-atruvia-ag-4318791925?position=30&pageNum=0&refId=%2Bmb6vs7t9lMAp0GGEQxgvw%3D%3D&trackingId=eRo5c4zhb5rOxBWLrGosXA%3D%3D,Not specified,2025-11-13 17:10:54.880660,2025-11-13,,de.linkedin.com/jobs/view/senior-csirt-soc-analyst-m-w-d-at-atruvia-ag-4318791925
Senior GenAI Engineer,Jobs via eFinancialCareers,"Berlin, Berlin, Germany",LinkedIn,https://de.linkedin.com/jobs/view/senior-genai-engineer-at-jobs-via-efinancialcareers-4335765168?position=31&pageNum=0&refId=%2Bmb6vs7t9lMAp0GGEQxgvw%3D%3D&trackingId=76e1j%2Bce1hhPCehUIbvvCw%3D%3D,Not specified,2025-11-13 17:10:54.880790,2025-11-12,,de.linkedin.com/jobs/view/senior-genai-engineer-at-jobs-via-efinancialcareers-4335765168
Technical Designer (f/m/d),Klang Games,"Berlin, Germany",LinkedIn,https://de.linkedin.com/jobs/view/technical-designer-f-m-d-at-klang-games-4335794703?position=32&pageNum=0&refId=%2Bmb6vs7t9lMAp0GGEQxgvw%3D%3D&trackingId=aQzYGM2EDXBcyRYsFBAs8A%3D%3D,Not specified,2025-11-13 17:10:54.880918,2025-11-12,,de.linkedin.com/jobs/view/technical-designer-f-m-d-at-klang-games-4335794703
Cloud Infrastructure Engineer,Planet,"Berlin, Berlin, Germany",LinkedIn,https://de.linkedin.com/jobs/view/cloud-infrastructure-engineer-at-planet-4335656016?position=38&pageNum=0&refId=%2Bmb6vs7t9lMAp0GGEQxgvw%3D%3D&trackingId=1%2FRrfP35NG7fKXuHtFp8PQ%3D%3D,Not specified,2025-11-13 17:10:54.881709,2025-11-12,,de.linkedin.com/jobs/view/cloud-infrastructure-engineer-at-planet-4335656016
Tech Lead - Forward Deployed Agentic Engineer (f/m/d) Remote Europe,Otera,"Berlin, Berlin, Germany",LinkedIn,https://de.linkedin.com/jobs/view/tech-lead-forward-deployed-agentic-engineer-f-m-d-remote-europe-at-otera-4335707148?position=40&pageNum=0&refId=%2Bmb6vs7t9lMAp0GGEQxgvw%3D%3D&trackingId=74N2i%2B2wgSmrU3KeEnYuiw%3D%3D,Not specified,2025-11-13 17:10:54.881959,2025-11-12,,de.linkedin.com/jobs/view/tech-lead-forward-deployed-agentic-engineer-f-m-d-remote-europe-at-otera-4335707148
"Business Analyst , AWS Fraud Prevention",myGwork - LGBTQ+ Business Community,"Berlin, Berlin, Germany",LinkedIn,https://de.linkedin.com/jobs/view/business-analyst-aws-fraud-prevention-at-mygwork-lgbtq%2B-business-community-4340463517?position=44&pageNum=0&refId=%2Bmb6vs7t9lMAp0GGEQxgvw%3D%3D&trackingId=VrbMbiqRgF5EXIlGNk0jZA%3D%3D,Not specified,2025-11-13 17:10:54.882459,2025-11-13,,de.linkedin.com/jobs/view/business-analyst-aws-fraud-prevention-at-mygwork-lgbtq%2B-business-community-4340463517
Android Engineer (m/f/x) - Berlin,Patronus Group,"Berlin, Berlin, Germany",LinkedIn,https://de.linkedin.com/jobs/view/android-engineer-m-f-x-berlin-at-patronus-group-4322155964?position=56&pageNum=0&refId=%2Bmb6vs7t9lMAp0GGEQxgvw%3D%3D&trackingId=gc2QGaro%2Bye390OBIzIJ%2FA%3D%3D,Not specified,2025-11-13 17:10:54.883910,2025-11-13,,de.linkedin.com/jobs/view/android-engineer-m-f-x-berlin-at-patronus-group-4322155964
Sr Field Analytics Analyst - DACH,Insulet Corporation,Frankfurt Rhine-Main Metropolitan Area,LinkedIn,https://de.linkedin.com/jobs/view/sr-field-analytics-analyst-dach-at-insulet-corporation-4288024901?position=5&pageNum=0&refId=o1CgLvGaeuYXujAbj210Tw%3D%3D&trackingId=6amLq1D9ZFHa%2Bxqf5VwUoQ%3D%3D,Not specified,2025-11-13 17:10:57.840226,2025-11-13,,de.linkedin.com/jobs/view/sr-field-analytics-analyst-dach-at-insulet-corporation-4288024901
Experte für Datenanalyse im Zahlungsverkehr m/w/d,DZ BANK AG,"Frankfurt am Main, Hesse, Germany",LinkedIn,https://de.linkedin.com/jobs/view/experte-f%C3%BCr-datenanalyse-im-zahlungsverkehr-m-w-d-at-dz-bank-ag-4331159830?position=9&pageNum=0&refId=o1CgLvGaeuYXujAbj210Tw%3D%3D&trackingId=WqgN6nCwAHerKEg822b6%2Bg%3D%3D,Not specified,2025-11-13 17:10:57.840819,2025-11-12,,de.linkedin.com/jobs/view/experte-f%C3%BCr-datenanalyse-im-zahlungsverkehr-m-w-d-at-dz-bank-ag-4331159830
IT Business Analyst*in in den Kernprozessen unser Depotverwaltung,Union Investment,"Frankfurt am Main, Hesse, Germany",LinkedIn,https://de.linkedin.com/jobs/view/it-business-analyst-in-in-den-kernprozessen-unser-depotverwaltung-at-union-investment-4340293821?position=16&pageNum=0&refId=o1CgLvGaeuYXujAbj210Tw%3D%3D&trackingId=dd6vYh4MTsmn24A6XTe%2FZA%3D%3D,Not specified,2025-11-13 17:10:57.841825,2025-11-13,,de.linkedin.com/jobs/view/it-business-analyst-in-in-den-kernprozessen-unser-depotverwaltung-at-union-investment-4340293821
IT Business Analyst*in Beratungslösungen,Union Investment,"Frankfurt am Main, Hesse, Germany",LinkedIn,https://de.linkedin.com/jobs/view/it-business-analyst-in-beratungsl%C3%B6sungen-at-union-investment-4340503633?position=17&pageNum=0&refId=o1CgLvGaeuYXujAbj210Tw%3D%3D&trackingId=%2F3SiosykqkceIJh%2F1lpx4g%3D%3D,Not specified,2025-11-13 17:10:57.841962,2025-11-13,,de.linkedin.com/jobs/view/it-business-analyst-in-beratungsl%C3%B6sungen-at-union-investment-4340503633
IT-Business Analyst*in für digitale Geldanlage,Union Investment,"Frankfurt am Main, Hesse, Germany",LinkedIn,https://de.linkedin.com/jobs/view/it-business-analyst-in-f%C3%BCr-digitale-geldanlage-at-union-investment-4340273902?position=19&pageNum=0&refId=o1CgLvGaeuYXujAbj210Tw%3D%3D&trackingId=f60Tb4%2BiTjORF%2Fjfx1ufjQ%3D%3D,Not specified,2025-11-13 17:10:57.842236,2025-11-13,,de.linkedin.com/jobs/view/it-business-analyst-in-f%C3%BCr-digitale-geldanlage-at-union-investment-4340273902
Cobol Anwendungsentwickler (w/d/m) im z/OS-Umfeld,Baloise DE,"Bad Homburg, Hesse, Germany",LinkedIn,https://de.linkedin.com/jobs/view/cobol-anwendungsentwickler-w-d-m-im-z-os-umfeld-at-baloise-de-4322088169?position=37&pageNum=0&refId=o1CgLvGaeuYXujAbj210Tw%3D%3D&trackingId=saC8tDaOmrMXRYu8UeN6Zg%3D%3D,Not specified,2025-11-13 17:10:57.844570,2025-11-13,,de.linkedin.com/jobs/view/cobol-anwendungsentwickler-w-d-m-im-z-os-umfeld-at-baloise-de-4322088169
Business Analyst Payment Wallet,Finanz Informatik,"Frankfurt, Hesse, Germany",LinkedIn,https://de.linkedin.com/jobs/view/business-analyst-payment-wallet-at-finanz-informatik-4307673187?position=38&pageNum=0&refId=o1CgLvGaeuYXujAbj210Tw%3D%3D&trackingId=bjbqlHEmCxL9AKEjYE9u2A%3D%3D,Not specified,2025-11-13 17:10:57.844695,2025-11-13,,de.linkedin.com/jobs/view/business-analyst-payment-wallet-at-finanz-informatik-4307673187
Business Analyst Backend Frameworks,Finanz Informatik,"Frankfurt, Hesse, Germany",LinkedIn,https://de.linkedin.com/jobs/view/business-analyst-backend-frameworks-at-finanz-informatik-4317767846?position=49&pageNum=0&refId=o1CgLvGaeuYXujAbj210Tw%3D%3D&trackingId=g1zD05nKsD%2BIuw0eDslPPg%3D%3D,Not specified,2025-11-13 17:10:57.846060,2025-11-13,,de.linkedin.com/jobs/view/business-analyst-backend-frameworks-at-finanz-informatik-4317767846
Senior Business Analyst Calypso (all genders),valantic,"Frankfurt am Main, Hesse, Germany",LinkedIn,https://de.linkedin.com/jobs/view/senior-business-analyst-calypso-all-genders-at-valantic-4322148511?position=50&pageNum=0&refId=o1CgLvGaeuYXujAbj210Tw%3D%3D&trackingId=ZHSbnbUWE0PZyo97z5cRaw%3D%3D,Not specified,2025-11-13 17:10:57.846182,2025-11-13,,de.linkedin.com/jobs/view/senior-business-analyst-calypso-all-genders-at-valantic-4322148511
Senior Business Analyst Calypso (all genders),valantic,"Frankfurt am Main, Hesse, Germany",LinkedIn,https://de.linkedin.com/jobs/view/senior-business-analyst-calypso-all-genders-at-valantic-4340445082?position=55&pageNum=0&refId=o1CgLvGaeuYXujAbj210Tw%3D%3D&trackingId=Z%2BCcM48xTjZrI1p9B5MURA%3D%3D,Not specified,2025-11-13 17:10:57.846805,2025-11-13,,de.linkedin.com/jobs/view/senior-business-analyst-calypso-all-genders-at-valantic-4340445082
Business Analyst Paymentprozesse,Finanz Informatik,"Frankfurt, Hesse, Germany",LinkedIn,https://de.linkedin.com/jobs/view/business-analyst-paymentprozesse-at-finanz-informatik-4307657517?position=57&pageNum=0&refId=o1CgLvGaeuYXujAbj210Tw%3D%3D&trackingId=TfuxJji4%2BPlEPDvFJtNkrA%3D%3D,Not specified,2025-11-13 17:10:57.847053,2025-11-13,,de.linkedin.com/jobs/view/business-analyst-paymentprozesse-at-finanz-informatik-4307657517
Cloud-Entwickler,Ratbacher GmbH,"Frankfurt, Hesse, Germany",LinkedIn,https://de.linkedin.com/jobs/view/cloud-entwickler-at-ratbacher-gmbh-4315133541?position=58&pageNum=0&refId=o1CgLvGaeuYXujAbj210Tw%3D%3D&trackingId=F4B8j9M%2BQsB%2BNXkMlfvAtA%3D%3D,Not specified,2025-11-13 17:10:57.847176,2025-11-13,,de.linkedin.com/jobs/view/cloud-entwickler-at-ratbacher-gmbh-4315133541
Data & Business Analyst Pet für Royal Canin (m/w/d),Mars,"Cologne, North Rhine-Westphalia, Germany",LinkedIn,https://de.linkedin.com/jobs/view/data-business-analyst-pet-f%C3%BCr-royal-canin-m-w-d-at-mars-4322148940?position=3&pageNum=0&refId=W%2Fm%2FDjB2z8UkSdd7DhQvdA%3D%3D&trackingId=XguNalx1DfuloHC37YHiZQ%3D%3D,Not specified,2025-11-13 17:11:00.786675,2025-11-13,,de.linkedin.com/jobs/view/data-business-analyst-pet-f%C3%BCr-royal-canin-m-w-d-at-mars-4322148940
Web Analyst Datenanalyse & Business-Insights (m/w/d),Walbusch-Gruppe,"Solingen, North Rhine-Westphalia, Germany",LinkedIn,https://de.linkedin.com/jobs/view/web-analyst-datenanalyse-business-insights-m-w-d-at-walbusch-gruppe-4315993628?position=6&pageNum=0&refId=W%2Fm%2FDjB2z8UkSdd7DhQvdA%3D%3D&trackingId=T%2BoU8kROGnwkgX27Rquo0g%3D%3D,Not specified,2025-11-13 17:11:00.787080,2025-11-13,,de.linkedin.com/jobs/view/web-analyst-datenanalyse-business-insights-m-w-d-at-walbusch-gruppe-4315993628
Business Analyst IT-Nachfrage (m/w/d),ERGO Group AG,"Düsseldorf, North Rhine-Westphalia, Germany",LinkedIn,https://de.linkedin.com/jobs/view/business-analyst-it-nachfrage-m-w-d-at-ergo-group-ag-4335931818?position=13&pageNum=0&refId=W%2Fm%2FDjB2z8UkSdd7DhQvdA%3D%3D&trackingId=RqfzsETF7pZ9MkFiRjneDQ%3D%3D,Not specified,2025-11-13 17:11:00.788037,2025-11-13,,de.linkedin.com/jobs/view/business-analyst-it-nachfrage-m-w-d-at-ergo-group-ag-4335931818
(Senior) BI Engineer (Mensch*),Deutsche Rück Group,"Düsseldorf, North Rhine-Westphalia, Germany",LinkedIn,https://de.linkedin.com/jobs/view/senior-bi-engineer-mensch-at-deutsche-r%C3%BCck-group-4322249056?position=15&pageNum=0&refId=W%2Fm%2FDjB2z8UkSdd7DhQvdA%3D%3D&trackingId=N1WYAJK79SkwmgRGqYcPGw%3D%3D,Not specified,2025-11-13 17:11:00.788304,2025-11-13,,de.linkedin.com/jobs/view/senior-bi-engineer-mensch-at-deutsche-r%C3%BCck-group-4322249056
IT Business Analyst (w/m/d) 1-3 Jahre Berufserfahrung,indivHR - We 💚 IT Recruiting,Cologne Bonn Region,LinkedIn,https://de.linkedin.com/jobs/view/it-business-analyst-w-m-d-1-3-jahre-berufserfahrung-at-indivhr-we-%F0%9F%92%9A-it-recruiting-4340523244?position=17&pageNum=0&refId=W%2Fm%2FDjB2z8UkSdd7DhQvdA%3D%3D&trackingId=YyTX1vR7%2F%2BMZ%2Brr1lGu8Lw%3D%3D,Not specified,2025-11-13 17:11:00.788571,2025-11-13,,de.linkedin.com/jobs/view/it-business-analyst-w-m-d-1-3-jahre-berufserfahrung-at-indivhr-we-%F0%9F%92%9A-it-recruiting-4340523244
Fachinformatiker:in Anwendungsentwicklung (m/w/d),synalis,"Bonn, North Rhine-Westphalia, Germany",LinkedIn,https://de.linkedin.com/jobs/view/fachinformatiker-in-anwendungsentwicklung-m-w-d-at-synalis-4304106723?position=29&pageNum=0&refId=W%2Fm%2FDjB2z8UkSdd7DhQvdA%3D%3D&trackingId=0hBHlza45MYj9dNrtEoXqg%3D%3D,Not specified,2025-11-13 17:11:00.790074,2025-11-13,,de.linkedin.com/jobs/view/fachinformatiker-in-anwendungsentwicklung-m-w-d-at-synalis-4304106723
Business Analyst Expert (m/w/d),PENNY International (REWE Group),"Cologne, North Rhine-Westphalia, Germany",LinkedIn,https://de.linkedin.com/jobs/view/business-analyst-expert-m-w-d-at-penny-international-rewe-group-4335724992?position=31&pageNum=0&refId=W%2Fm%2FDjB2z8UkSdd7DhQvdA%3D%3D&trackingId=G%2FCaNNvnDilZRjImHAy73A%3D%3D,Not specified,2025-11-13 17:11:00.790321,2025-11-12,,de.linkedin.com/jobs/view/business-analyst-expert-m-w-d-at-penny-international-rewe-group-4335724992
Business Analyst für IT Systemlösungen im Einkauf (m/w/d),ERGO Group AG,"Düsseldorf, North Rhine-Westphalia, Germany",LinkedIn,https://de.linkedin.com/jobs/view/business-analyst-f%C3%BCr-it-systeml%C3%B6sungen-im-einkauf-m-w-d-at-ergo-group-ag-4285862555?position=34&pageNum=0&refId=W%2Fm%2FDjB2z8UkSdd7DhQvdA%3D%3D&trackingId=mb8tyXOuV8ti7OhvKKj6Dg%3D%3D,Not specified,2025-11-13 17:11:00.790699,2025-11-13,,de.linkedin.com/jobs/view/business-analyst-f%C3%BCr-it-systeml%C3%B6sungen-im-einkauf-m-w-d-at-ergo-group-ag-4285862555
Cloud Resiliency Engineer with German & English (m/f/d),Concentrix,Greater Dusseldorf Area,LinkedIn,https://de.linkedin.com/jobs/view/cloud-resiliency-engineer-with-german-english-m-f-d-at-concentrix-4316201915?position=58&pageNum=0&refId=W%2Fm%2FDjB2z8UkSdd7DhQvdA%3D%3D&trackingId=bTxs50RU7IphxmRtjrXEtQ%3D%3D,Not specified,2025-11-13 17:11:00.793599,2025-11-13,,de.linkedin.com/jobs/view/cloud-resiliency-engineer-with-german-english-m-f-d-at-concentrix-4316201915
Reference Data Analyst,eClerx,"Zurich, Zurich, Switzerland",LinkedIn,https://ch.linkedin.com/jobs/view/reference-data-analyst-at-eclerx-4309018443?position=2&pageNum=0&refId=s1535elXOT3eBmZhc6xP5Q%3D%3D&trackingId=C7EhD3iJQugCoD0uD7CGDg%3D%3D,Not specified,2025-11-13 17:11:09.211184,2025-11-13,,ch.linkedin.com/jobs/view/reference-data-analyst-at-eclerx-4309018443
Lead BI Analyst,EPAM Systems,"Zurich, Zurich, Switzerland",LinkedIn,https://ch.linkedin.com/jobs/view/lead-bi-analyst-at-epam-systems-4315965097?position=4&pageNum=0&refId=s1535elXOT3eBmZhc6xP5Q%3D%3D&trackingId=1aJNNKsqgkIqh%2B1cz3QPDw%3D%3D,Not specified,2025-11-13 17:11:09.211492,2025-11-13,,ch.linkedin.com/jobs/view/lead-bi-analyst-at-epam-systems-4315965097
Stagiaire Data Analyst - Automatisation & Analyse de données (80-100%),Bouygues Bâtiment International,"Zurich, Zurich, Switzerland",LinkedIn,https://ch.linkedin.com/jobs/view/stagiaire-data-analyst-automatisation-analyse-de-donn%C3%A9es-80-100%25-at-bouygues-b%C3%A2timent-international-4340284719?position=6&pageNum=0&refId=s1535elXOT3eBmZhc6xP5Q%3D%3D&trackingId=EgZh4iz8MtWlkiXnxgfImA%3D%3D,Not specified,2025-11-13 17:11:09.211766,2025-11-13,,ch.linkedin.com/jobs/view/stagiaire-data-analyst-automatisation-analyse-de-donn%C3%A9es-80-100%25-at-bouygues-b%C3%A2timent-international-4340284719
Data Engineer (all genders),adesso Schweiz AG,"Zurich, Zurich, Switzerland",LinkedIn,https://ch.linkedin.com/jobs/view/data-engineer-all-genders-at-adesso-schweiz-ag-4335705028?position=7&pageNum=0&refId=s1535elXOT3eBmZhc6xP5Q%3D%3D&trackingId=ei4QizccPa%2Fwv4Qcb1266g%3D%3D,Not specified,2025-11-13 17:11:09.211902,2025-11-12,,ch.linkedin.com/jobs/view/data-engineer-all-genders-at-adesso-schweiz-ag-4335705028
Crypto Staking & Partnerships Analyst/Associate,Sygnum Bank,"Zurich, Switzerland",LinkedIn,https://ch.linkedin.com/jobs/view/crypto-staking-partnerships-analyst-associate-at-sygnum-bank-4335900723?position=16&pageNum=0&refId=s1535elXOT3eBmZhc6xP5Q%3D%3D&trackingId=TFDpcANJB%2FXPpXcJbeE0wg%3D%3D,Not specified,2025-11-13 17:11:09.213115,2025-11-13,,ch.linkedin.com/jobs/view/crypto-staking-partnerships-analyst-associate-at-sygnum-bank-4335900723
Business Analyst Transparenzregister-Gesetz,Pro Informatik AG,"Zurich, Switzerland",LinkedIn,https://ch.linkedin.com/jobs/view/business-analyst-transparenzregister-gesetz-at-pro-informatik-ag-4335830580?position=26&pageNum=0&refId=s1535elXOT3eBmZhc6xP5Q%3D%3D&trackingId=PZtv32G0OLzAz2xwnsyXqg%3D%3D,Not specified,2025-11-13 17:11:09.214447,2025-11-13,,ch.linkedin.com/jobs/view/business-analyst-transparenzregister-gesetz-at-pro-informatik-ag-4335830580
Business Analyst Tranzparenzregister,IT Di-Visions AG,"Zurich, Switzerland",LinkedIn,https://ch.linkedin.com/jobs/view/business-analyst-tranzparenzregister-at-it-di-visions-ag-4340204683?position=34&pageNum=0&refId=s1535elXOT3eBmZhc6xP5Q%3D%3D&trackingId=ibinmFgWZA%2FwfsuUgSA7Yw%3D%3D,Not specified,2025-11-13 17:11:09.215546,2025-11-13,,ch.linkedin.com/jobs/view/business-analyst-tranzparenzregister-at-it-di-visions-ag-4340204683
Senior Investment Performance Analyst,Vontobel,"Zurich, Zurich, Switzerland",LinkedIn,https://ch.linkedin.com/jobs/view/senior-investment-performance-analyst-at-vontobel-4340404890?position=35&pageNum=0&refId=s1535elXOT3eBmZhc6xP5Q%3D%3D&trackingId=bf52c1NzApJ8AUyy2jOG%2FA%3D%3D,Not specified,2025-11-13 17:11:09.215681,2025-11-13,,ch.linkedin.com/jobs/view/senior-investment-performance-analyst-at-vontobel-4340404890
Digitalisierungsentwickler:in / (m/w/d),Rocken®,"Zurich, Zurich, Switzerland",LinkedIn,https://ch.linkedin.com/jobs/view/digitalisierungsentwickler-in-m-w-d-at-rocken%C2%AE-4322247914?position=44&pageNum=0&refId=s1535elXOT3eBmZhc6xP5Q%3D%3D&trackingId=nFa5E27T1kp%2BA0YZodGcFg%3D%3D,Not specified,2025-11-13 17:11:09.216894,2025-11-13,,ch.linkedin.com/jobs/view/digitalisierungsentwickler-in-m-w-d-at-rocken%C2%AE-4322247914
(Senior) Cloud Data Engineer (w/m/d),Capgemini,"Ratingen, North Rhine-Westphalia, Germany",LinkedIn,https://de.linkedin.com/jobs/view/senior-cloud-data-engineer-w-m-d-at-capgemini-4335629378?position=22&pageNum=0&refId=bDzjI2TmEmTCmflXKvCxQQ%3D%3D&trackingId=9UWEP75Gh%2BdBWIKE%2Bhgaxg%3D%3D,Not specified,2025-11-13 17:11:12.096858,2025-11-13,,de.linkedin.com/jobs/view/senior-cloud-data-engineer-w-m-d-at-capgemini-4335629378
Developer - IT Systemadministrator (w/m/d),KPMG Deutschland,"Essen, North Rhine-Westphalia, Germany",LinkedIn,https://de.linkedin.com/jobs/view/developer-it-systemadministrator-w-m-d-at-kpmg-deutschland-4321558793?position=29&pageNum=0&refId=bDzjI2TmEmTCmflXKvCxQQ%3D%3D&trackingId=GcaoU%2B042aBdeWV0tj5NXQ%3D%3D,Not specified,2025-11-13 17:11:12.097759,2025-11-13,,de.linkedin.com/jobs/view/developer-it-systemadministrator-w-m-d-at-kpmg-deutschland-4321558793
(Senior) Digital Workplace Engineer (w/m/d),Capgemini,"Ratingen, North Rhine-Westphalia, Germany",LinkedIn,https://de.linkedin.com/jobs/view/senior-digital-workplace-engineer-w-m-d-at-capgemini-4335779078?position=37&pageNum=0&refId=bDzjI2TmEmTCmflXKvCxQQ%3D%3D&trackingId=NAncCYC4U5IkKwhdk%2FHRFQ%3D%3D,Not specified,2025-11-13 17:11:12.098770,2025-11-13,,de.linkedin.com/jobs/view/senior-digital-workplace-engineer-w-m-d-at-capgemini-4335779078
Business Analyst (m/w/d),ISO-Gruppe,"Nuremberg, Bavaria, Germany",LinkedIn,https://de.linkedin.com/jobs/view/business-analyst-m-w-d-at-iso-gruppe-4322132451?position=1&pageNum=0&refId=vdZtAVZ%2ByHoBAGsbMU2faQ%3D%3D&trackingId=9GsS51j2Nwib%2FMcZCbsFSQ%3D%3D,Not specified,2025-11-13 17:11:17.387491,2025-11-12,,de.linkedin.com/jobs/view/business-analyst-m-w-d-at-iso-gruppe-4322132451
Business Analyst:in,HDI Group,"Hannover, Lower Saxony, Germany",LinkedIn,https://de.linkedin.com/jobs/view/business-analyst-in-at-hdi-group-4335615817?position=5&pageNum=0&refId=GrOVu3N%2BBENiOkdhiuU2Dw%3D%3D&trackingId=dYqNQJdHrd2ZyI0dThsBAA%3D%3D,Not specified,2025-11-13 17:11:25.613874,2025-11-12,,de.linkedin.com/jobs/view/business-analyst-in-at-hdi-group-4335615817
Business Analyst:in,HDI Group,"Hannover, Lower Saxony, Germany",LinkedIn,https://de.linkedin.com/jobs/view/business-analyst-in-at-hdi-group-4335815593?position=6&pageNum=0&refId=GrOVu3N%2BBENiOkdhiuU2Dw%3D%3D&trackingId=J6nnRojvr9n474bwrxAM5g%3D%3D,Not specified,2025-11-13 17:11:25.613983,2025-11-12,,de.linkedin.com/jobs/view/business-analyst-in-at-hdi-group-4335815593
Senior Analyst / Finanzcontrolling im Krankenhausmanagement (m/w/d),MEDIQON GmbH,"Hannover, Lower Saxony, Germany",LinkedIn,https://de.linkedin.com/jobs/view/senior-analyst-finanzcontrolling-im-krankenhausmanagement-m-w-d-at-mediqon-gmbh-4335861665?position=7&pageNum=0&refId=GrOVu3N%2BBENiOkdhiuU2Dw%3D%3D&trackingId=8OHG%2BBCA%2Bh4fkPJ6sz4k8Q%3D%3D,Not specified,2025-11-13 17:11:25.614190,2025-11-13,,de.linkedin.com/jobs/view/senior-analyst-finanzcontrolling-im-krankenhausmanagement-m-w-d-at-mediqon-gmbh-4335861665
Business Analyst,Finanz Informatik,"Hannover, Lower Saxony, Germany",LinkedIn,https://de.linkedin.com/jobs/view/business-analyst-at-finanz-informatik-4297834813?position=8&pageNum=0&refId=GrOVu3N%2BBENiOkdhiuU2Dw%3D%3D&trackingId=cT0jhAt414KMUdTewU4HTA%3D%3D,Not specified,2025-11-13 17:11:25.614340,2025-11-13,,de.linkedin.com/jobs/view/business-analyst-at-finanz-informatik-4297834813
Business Analyst (w/m/d),WERTGARANTIE Group,"Hannover, Lower Saxony, Germany",LinkedIn,https://de.linkedin.com/jobs/view/business-analyst-w-m-d-at-wertgarantie-group-4301306741?position=10&pageNum=0&refId=GrOVu3N%2BBENiOkdhiuU2Dw%3D%3D&trackingId=cBPInTTXlGlQG1QBFrCgrg%3D%3D,Not specified,2025-11-13 17:11:25.614581,2025-11-13,,de.linkedin.com/jobs/view/business-analyst-w-m-d-at-wertgarantie-group-4301306741
Business Analyst Payment Wallet,Finanz Informatik,"Hannover, Lower Saxony, Germany",LinkedIn,https://de.linkedin.com/jobs/view/business-analyst-payment-wallet-at-finanz-informatik-4307658464?position=13&pageNum=0&refId=GrOVu3N%2BBENiOkdhiuU2Dw%3D%3D&trackingId=23GUXp%2Fav5ow1J0dFpgomw%3D%3D,Not specified,2025-11-13 17:11:25.614885,2025-11-13,,de.linkedin.com/jobs/view/business-analyst-payment-wallet-at-finanz-informatik-4307658464
Business Analyst Backend Frameworks,Finanz Informatik,"Hannover, Lower Saxony, Germany",LinkedIn,https://de.linkedin.com/jobs/view/business-analyst-backend-frameworks-at-finanz-informatik-4317773385?position=17&pageNum=0&refId=GrOVu3N%2BBENiOkdhiuU2Dw%3D%3D&trackingId=nEj00nr9ZPHf6Mt07ATizw%3D%3D,Not specified,2025-11-13 17:11:25.615242,2025-11-13,,de.linkedin.com/jobs/view/business-analyst-backend-frameworks-at-finanz-informatik-4317773385
Business Analyst Paymentprozesse,Finanz Informatik,"Hannover, Lower Saxony, Germany",LinkedIn,https://de.linkedin.com/jobs/view/business-analyst-paymentprozesse-at-finanz-informatik-4307659398?position=20&pageNum=0&refId=GrOVu3N%2BBENiOkdhiuU2Dw%3D%3D&trackingId=I16TKszo1yeXEvOw%2BIn09w%3D%3D,Not specified,2025-11-13 17:11:25.615510,2025-11-13,,de.linkedin.com/jobs/view/business-analyst-paymentprozesse-at-finanz-informatik-4307659398
Sr. Autonomy & Simulation Engineer - UAV,Blue Signal Search,"Berlin, Germany",LinkedIn,https://de.linkedin.com/jobs/view/sr-autonomy-simulation-engineer-uav-at-blue-signal-search-4315418092?position=11&pageNum=0&refId=y%2FHRAT7XlO2pCCe0QOTkzg%3D%3D&trackingId=i04vU36tTppfHYsQCVmliw%3D%3D,Not specified,2025-11-13 17:11:30.901709,2025-11-13,,de.linkedin.com/jobs/view/sr-autonomy-simulation-engineer-uav-at-blue-signal-search-4315418092
Strategic Solution Engineer - Manufacturing,Salesforce,"Berlin, Berlin, Germany",LinkedIn,https://de.linkedin.com/jobs/view/strategic-solution-engineer-manufacturing-at-salesforce-4335804817?position=16&pageNum=0&refId=y%2FHRAT7XlO2pCCe0QOTkzg%3D%3D&trackingId=ZwJwkpH5RzuVt8qiDbjNMA%3D%3D,Not specified,2025-11-13 17:11:30.902590,2025-11-12,,de.linkedin.com/jobs/view/strategic-solution-engineer-manufacturing-at-salesforce-4335804817
Business Lead - Forward Deployed Agentic Engineer (f/m/d) Remote Europe,Otera,"Berlin, Berlin, Germany",LinkedIn,https://de.linkedin.com/jobs/view/business-lead-forward-deployed-agentic-engineer-f-m-d-remote-europe-at-otera-4335637524?position=19&pageNum=0&refId=y%2FHRAT7XlO2pCCe0QOTkzg%3D%3D&trackingId=rAMtsYLe8UqSvtRHpHsdyA%3D%3D,Not specified,2025-11-13 17:11:30.903139,2025-11-12,,de.linkedin.com/jobs/view/business-lead-forward-deployed-agentic-engineer-f-m-d-remote-europe-at-otera-4335637524
"Senior/Staff Machine Learning Engineer - Bidding (Bangkok based, relocation provided)",Agoda,"Berlin, Berlin, Germany",LinkedIn,https://de.linkedin.com/jobs/view/senior-staff-machine-learning-engineer-bidding-bangkok-based-relocation-provided-at-agoda-4308402148?position=22&pageNum=0&refId=y%2FHRAT7XlO2pCCe0QOTkzg%3D%3D&trackingId=ucRurmF7VLXFfdd6cODZqQ%3D%3D,Not specified,2025-11-13 17:11:30.903671,2025-11-12,,de.linkedin.com/jobs/view/senior-staff-machine-learning-engineer-bidding-bangkok-based-relocation-provided-at-agoda-4308402148
Strategic Solution Engineer - Manufacturing,Salesforce,"Frankfurt, Hesse, Germany",LinkedIn,https://de.linkedin.com/jobs/view/strategic-solution-engineer-manufacturing-at-salesforce-4335814757?position=10&pageNum=0&refId=wzY3mmZTxkKc9oDjBvNHgw%3D%3D&trackingId=vDjruRQE4Em8iWSBBM6BFw%3D%3D,Not specified,2025-11-13 17:11:33.560281,2025-11-12,,de.linkedin.com/jobs/view/strategic-solution-engineer-manufacturing-at-salesforce-4335814757
Service Engineer Power,Vertiv,"Frankfurt, Hesse, Germany",LinkedIn,https://de.linkedin.com/jobs/view/service-engineer-power-at-vertiv-4288699902?position=12&pageNum=0&refId=wzY3mmZTxkKc9oDjBvNHgw%3D%3D&trackingId=RfQy0a6m5GjZ9%2BkhQGjWNQ%3D%3D,Not specified,2025-11-13 17:11:33.560644,2025-11-13,,de.linkedin.com/jobs/view/service-engineer-power-at-vertiv-4288699902
Strategic Solution Engineer - Manufacturing,Salesforce,Cologne Bonn Region,LinkedIn,https://de.linkedin.com/jobs/view/strategic-solution-engineer-manufacturing-at-salesforce-4335764692?position=9&pageNum=0&refId=POto7JYrIJ4ueQHx4A%2F5Rg%3D%3D&trackingId=y8Wj%2BWiiIzqGIJG2%2FcUkcA%3D%3D,Not specified,2025-11-13 17:11:36.216409,2025-11-12,,de.linkedin.com/jobs/view/strategic-solution-engineer-manufacturing-at-salesforce-4335764692
