title,company,location,source,url,salary,scraped_at,posted_at,description,job_id
AI-Catalyst (m/w/d),Innovabee GmbH,"Waiblingen, Baden-Württemberg, Germany",LinkedIn,https://de.linkedin.com/jobs/view/ai-catalyst-m-w-d-at-innovabee-gmbh-4308049318?position=3&pageNum=0&refId=ReL4we3CGPZ2EhVjm2mDmA%3D%3D&trackingId=3nm7oX2o%2B6OQBG13Fq7%2BQQ%3D%3D,Not specified,2025-09-30 11:23:11.799530,2025-09-29,,de.linkedin.com/jobs/view/ai-catalyst-m-w-d-at-innovabee-gmbh-4308049318
Data / AI Engineer (m/w/d),Thales,"Ditzingen, Baden-Württemberg, Germany",LinkedIn,https://de.linkedin.com/jobs/view/data-ai-engineer-m-w-d-at-thales-4306041981?position=4&pageNum=0&refId=ReL4we3CGPZ2EhVjm2mDmA%3D%3D&trackingId=fbTDHf116iMgLOkkRtourw%3D%3D,Not specified,2025-09-30 11:23:11.799655,2025-09-27,,de.linkedin.com/jobs/view/data-ai-engineer-m-w-d-at-thales-4306041981
AI Engineer (f/m/d),TRUMPF,"Ditzingen, Baden-Württemberg, Germany",LinkedIn,https://de.linkedin.com/jobs/view/ai-engineer-f-m-d-at-trumpf-4305254280?position=5&pageNum=0&refId=ReL4we3CGPZ2EhVjm2mDmA%3D%3D&trackingId=1SYqr2HAPcgUve1b4vASZA%3D%3D,Not specified,2025-09-30 11:23:11.799774,2025-09-25,,de.linkedin.com/jobs/view/ai-engineer-f-m-d-at-trumpf-4305254280
Entwickler (m/w/d) Prüfstand,Helmut Fischer Global,"Sindelfingen, Baden-Württemberg, Germany",LinkedIn,https://de.linkedin.com/jobs/view/entwickler-m-w-d-pr%C3%BCfstand-at-helmut-fischer-global-4305847443?position=12&pageNum=0&refId=ReL4we3CGPZ2EhVjm2mDmA%3D%3D&trackingId=IXbz258u%2Bdw7naXlmXmwEA%3D%3D,Not specified,2025-09-30 11:23:11.800606,2025-09-30,,de.linkedin.com/jobs/view/entwickler-m-w-d-pr%C3%BCfstand-at-helmut-fischer-global-4305847443
Senior Artificial Intelligence Specialist (all genders),adesso SE,"Stuttgart, Baden-Württemberg, Germany",LinkedIn,https://de.linkedin.com/jobs/view/senior-artificial-intelligence-specialist-all-genders-at-adesso-se-3733041156?position=16&pageNum=0&refId=ReL4we3CGPZ2EhVjm2mDmA%3D%3D&trackingId=jbL8HwGXmpWEOclyuBBx%2Bg%3D%3D,Not specified,2025-09-30 11:23:11.801071,2025-09-26,,de.linkedin.com/jobs/view/senior-artificial-intelligence-specialist-all-genders-at-adesso-se-3733041156
Semantic Developer (all genders),Almato Iberia,"Stuttgart, Baden-Württemberg, Germany",LinkedIn,https://de.linkedin.com/jobs/view/semantic-developer-all-genders-at-almato-iberia-4308091591?position=17&pageNum=0&refId=ReL4we3CGPZ2EhVjm2mDmA%3D%3D&trackingId=QT5zyESWWoNDoMARAtfjTQ%3D%3D,Not specified,2025-09-30 11:23:11.801188,2025-09-29,,de.linkedin.com/jobs/view/semantic-developer-all-genders-at-almato-iberia-4308091591
"Team Lead - Data Science - Stuttgart Area, Germany - Up to €100,000 + Bonus (d / m / w)",Optimus Search,Stuttgart Region,LinkedIn,https://de.linkedin.com/jobs/view/team-lead-data-science-stuttgart-area-germany-up-to-%E2%82%AC100-000-%2B-bonus-d-m-w-at-optimus-search-4250393161?position=18&pageNum=0&refId=ReL4we3CGPZ2EhVjm2mDmA%3D%3D&trackingId=CtfdnrhjYSZUsvapf1jxTQ%3D%3D,Not specified,2025-09-30 11:23:11.801305,2025-09-29,,de.linkedin.com/jobs/view/team-lead-data-science-stuttgart-area-germany-up-to-%E2%82%AC100-000-%2B-bonus-d-m-w-at-optimus-search-4250393161
C++/Python Entwickler (m/w/d) in den Bereichen Frontend und Systemsoftware,PROCITEC GmbH,"Pforzheim, Baden-Württemberg, Germany",LinkedIn,https://de.linkedin.com/jobs/view/c%2B%2B-python-entwickler-m-w-d-in-den-bereichen-frontend-und-systemsoftware-at-procitec-gmbh-4303736265?position=19&pageNum=0&refId=ReL4we3CGPZ2EhVjm2mDmA%3D%3D&trackingId=Ye8bLP9jYcS8XnFly5tZ%2Bg%3D%3D,Not specified,2025-09-30 11:23:11.801422,2025-09-25,,de.linkedin.com/jobs/view/c%2B%2B-python-entwickler-m-w-d-in-den-bereichen-frontend-und-systemsoftware-at-procitec-gmbh-4303736265
Software Development Engineer (m/w/d) – Aerospace,prognum Automotive GmbH,"Stuttgart, Baden-Württemberg, Germany",LinkedIn,https://de.linkedin.com/jobs/view/software-development-engineer-m-w-d-%E2%80%93-aerospace-at-prognum-automotive-gmbh-4308187440?position=27&pageNum=0&refId=ReL4we3CGPZ2EhVjm2mDmA%3D%3D&trackingId=THpRi3wPeowSN9KnJfCJ9g%3D%3D,Not specified,2025-09-30 11:23:11.802355,2025-09-30,,de.linkedin.com/jobs/view/software-development-engineer-m-w-d-%E2%80%93-aerospace-at-prognum-automotive-gmbh-4308187440
Full - Stack - Entwickler (m/w/d),SDV STUDIOS GmbH & Co. KG,"Calw, Baden-Württemberg, Germany",LinkedIn,https://de.linkedin.com/jobs/view/full-stack-entwickler-m-w-d-at-sdv-studios-gmbh-co-kg-4305067846?position=29&pageNum=0&refId=ReL4we3CGPZ2EhVjm2mDmA%3D%3D&trackingId=TVvPGXYhI8jhrkPqNwd%2F1g%3D%3D,Not specified,2025-09-30 11:23:11.802589,2025-09-28,,de.linkedin.com/jobs/view/full-stack-entwickler-m-w-d-at-sdv-studios-gmbh-co-kg-4305067846
Junior Embedded Softwareentwickler C++ (all gender),ALTEN Germany,"Stuttgart, Baden-Württemberg, Germany",LinkedIn,https://de.linkedin.com/jobs/view/junior-embedded-softwareentwickler-c%2B%2B-all-gender-at-alten-germany-4304876279?position=30&pageNum=0&refId=ReL4we3CGPZ2EhVjm2mDmA%3D%3D&trackingId=kskZHjFH2%2BMntYfeGipVlw%3D%3D,Not specified,2025-09-30 11:23:11.802704,2025-09-25,,de.linkedin.com/jobs/view/junior-embedded-softwareentwickler-c%2B%2B-all-gender-at-alten-germany-4304876279
SPS-Programmierer (m/w/d),Progressive,"Stuttgart, Baden-Württemberg, Germany",LinkedIn,https://de.linkedin.com/jobs/view/sps-programmierer-m-w-d-at-progressive-4306212061?position=32&pageNum=0&refId=ReL4we3CGPZ2EhVjm2mDmA%3D%3D&trackingId=ElC%2BWYf8sQsY27rYEzuK8A%3D%3D,Not specified,2025-09-30 11:23:11.802934,2025-09-25,,de.linkedin.com/jobs/view/sps-programmierer-m-w-d-at-progressive-4306212061
Technical Lead (Blockchain),1inch Labs,"Stuttgart, Baden-Württemberg, Germany",LinkedIn,https://de.linkedin.com/jobs/view/technical-lead-blockchain-at-1inch-labs-4304805703?position=33&pageNum=0&refId=ReL4we3CGPZ2EhVjm2mDmA%3D%3D&trackingId=CbDgKi5y5tfkfQsKnCTWdg%3D%3D,Not specified,2025-09-30 11:23:11.803050,2025-09-24,,de.linkedin.com/jobs/view/technical-lead-blockchain-at-1inch-labs-4304805703
Softwareentwickler Automatisierungstechnik (all gender),ALTEN Germany,"Kusterdingen, Baden-Württemberg, Germany",LinkedIn,https://de.linkedin.com/jobs/view/softwareentwickler-automatisierungstechnik-all-gender-at-alten-germany-4304226668?position=35&pageNum=0&refId=ReL4we3CGPZ2EhVjm2mDmA%3D%3D&trackingId=r3bu7wRmjjTa%2BGkOXmbEqQ%3D%3D,Not specified,2025-09-30 11:23:11.803283,2025-09-26,,de.linkedin.com/jobs/view/softwareentwickler-automatisierungstechnik-all-gender-at-alten-germany-4304226668
Google Workspace Engineer (m/f/d),Zoi,"Stuttgart, Baden-Württemberg, Germany",LinkedIn,https://de.linkedin.com/jobs/view/google-workspace-engineer-m-f-d-at-zoi-4305339921?position=36&pageNum=0&refId=ReL4we3CGPZ2EhVjm2mDmA%3D%3D&trackingId=5WBEZSCmDpJxeI91vkg37A%3D%3D,Not specified,2025-09-30 11:23:11.803400,2025-09-29,,de.linkedin.com/jobs/view/google-workspace-engineer-m-f-d-at-zoi-4305339921
Fullstack Developer Backend/Web (all genders),Almato Iberia,"Stuttgart, Baden-Württemberg, Germany",LinkedIn,https://de.linkedin.com/jobs/view/fullstack-developer-backend-web-all-genders-at-almato-iberia-4307824776?position=38&pageNum=0&refId=ReL4we3CGPZ2EhVjm2mDmA%3D%3D&trackingId=yMSZwdc%2F2nWQgOgw%2FTwQrA%3D%3D,Not specified,2025-09-30 11:23:11.803636,2025-09-28,,de.linkedin.com/jobs/view/fullstack-developer-backend-web-all-genders-at-almato-iberia-4307824776
Digitalisierungsingenieur (all gender),ALTEN,Stuttgart Region,LinkedIn,https://de.linkedin.com/jobs/view/digitalisierungsingenieur-all-gender-at-alten-4302637659?position=39&pageNum=0&refId=ReL4we3CGPZ2EhVjm2mDmA%3D%3D&trackingId=6P35z4P8igLsK1zOGMH0jg%3D%3D,Not specified,2025-09-30 11:23:11.803761,2025-09-23,,de.linkedin.com/jobs/view/digitalisierungsingenieur-all-gender-at-alten-4302637659
React Entwickler:in (m/w/d) - Böblingen,Computer Futures,"Böblingen, Baden-Württemberg, Germany",LinkedIn,https://de.linkedin.com/jobs/view/react-entwickler-in-m-w-d-b%C3%B6blingen-at-computer-futures-4304978283?position=41&pageNum=0&refId=ReL4we3CGPZ2EhVjm2mDmA%3D%3D&trackingId=jePbI%2BBxV9DDGypB6VDhNQ%3D%3D,Not specified,2025-09-30 11:23:11.803995,2025-09-23,,de.linkedin.com/jobs/view/react-entwickler-in-m-w-d-b%C3%B6blingen-at-computer-futures-4304978283
Data Analytics Engineer (m/w/d) – Automobilindustrie,prognum Automotive GmbH,"Stuttgart, Baden-Württemberg, Germany",LinkedIn,https://de.linkedin.com/jobs/view/data-analytics-engineer-m-w-d-%E2%80%93-automobilindustrie-at-prognum-automotive-gmbh-4308178527?position=42&pageNum=0&refId=ReL4we3CGPZ2EhVjm2mDmA%3D%3D&trackingId=8MNnrCelKq%2FrkdwETWSVgg%3D%3D,Not specified,2025-09-30 11:23:11.804112,2025-09-30,,de.linkedin.com/jobs/view/data-analytics-engineer-m-w-d-%E2%80%93-automobilindustrie-at-prognum-automotive-gmbh-4308178527
Absolvent Elektrotechnik (all gender),ALTEN Germany,"Stuttgart, Baden-Württemberg, Germany",LinkedIn,https://de.linkedin.com/jobs/view/absolvent-elektrotechnik-all-gender-at-alten-germany-4304882462?position=43&pageNum=0&refId=ReL4we3CGPZ2EhVjm2mDmA%3D%3D&trackingId=X3OrVo0ZDdS3XBa7STx0aQ%3D%3D,Not specified,2025-09-30 11:23:11.804228,2025-09-25,,de.linkedin.com/jobs/view/absolvent-elektrotechnik-all-gender-at-alten-germany-4304882462
Talentpool Ingenieurwesen & Technik (m/w/d)*,Tagueri AG,"Stuttgart, Baden-Württemberg, Germany",LinkedIn,https://de.linkedin.com/jobs/view/talentpool-ingenieurwesen-technik-m-w-d-at-tagueri-ag-4230625567?position=44&pageNum=0&refId=ReL4we3CGPZ2EhVjm2mDmA%3D%3D&trackingId=Nb2mQnsuTZhSMg7TbW5Waw%3D%3D,Not specified,2025-09-30 11:23:11.804341,2025-09-29,,de.linkedin.com/jobs/view/talentpool-ingenieurwesen-technik-m-w-d-at-tagueri-ag-4230625567
SPS-Programmierer (m/w/d),heinz mayer GmbH,"Holzmaden, Baden-Württemberg, Germany",LinkedIn,https://de.linkedin.com/jobs/view/sps-programmierer-m-w-d-at-heinz-mayer-gmbh-4304174133?position=46&pageNum=0&refId=ReL4we3CGPZ2EhVjm2mDmA%3D%3D&trackingId=M0LCQqvcr%2F%2BV8tAyw0SH7g%3D%3D,Not specified,2025-09-30 11:23:11.804569,2025-09-29,,de.linkedin.com/jobs/view/sps-programmierer-m-w-d-at-heinz-mayer-gmbh-4304174133
Senior Consultant Data Science (w/m/d),KPMG Deutschland,"Stuttgart, Baden-Württemberg, Germany",LinkedIn,https://de.linkedin.com/jobs/view/senior-consultant-data-science-w-m-d-at-kpmg-deutschland-4303729182?position=48&pageNum=0&refId=ReL4we3CGPZ2EhVjm2mDmA%3D%3D&trackingId=3x%2BpgmXeWMaH%2FHUtntyoaQ%3D%3D,Not specified,2025-09-30 11:23:11.804800,2025-09-25,,de.linkedin.com/jobs/view/senior-consultant-data-science-w-m-d-at-kpmg-deutschland-4303729182
Release Train Engineer (m/w/d)*,Tagueri AG,"Stuttgart, Baden-Württemberg, Germany",LinkedIn,https://de.linkedin.com/jobs/view/release-train-engineer-m-w-d-at-tagueri-ag-4270753198?position=51&pageNum=0&refId=ReL4we3CGPZ2EhVjm2mDmA%3D%3D&trackingId=KqnSyoAdM3vR5xecEz%2Fhwg%3D%3D,Not specified,2025-09-30 11:23:11.805144,2025-09-25,,de.linkedin.com/jobs/view/release-train-engineer-m-w-d-at-tagueri-ag-4270753198
Embedded Software Developer (m/f/d) Wireless,Belden Inc.,"Neckartenzlingen, Baden-Württemberg, Germany",LinkedIn,https://de.linkedin.com/jobs/view/embedded-software-developer-m-f-d-wireless-at-belden-inc-4305608183?position=55&pageNum=0&refId=ReL4we3CGPZ2EhVjm2mDmA%3D%3D&trackingId=UUxEnNaUXzkQw9gHK6Ru4A%3D%3D,Not specified,2025-09-30 11:23:11.805609,2025-09-24,,de.linkedin.com/jobs/view/embedded-software-developer-m-f-d-wireless-at-belden-inc-4305608183
"Frontend Entwickler - React, Vue.js, Typescript",Instaffo,"Stuttgart, Baden-Württemberg, Germany",LinkedIn,https://de.linkedin.com/jobs/view/frontend-entwickler-react-vue-js-typescript-at-instaffo-4307889093?position=56&pageNum=0&refId=ReL4we3CGPZ2EhVjm2mDmA%3D%3D&trackingId=%2F8RIy5BsxSHEpq%2BTPf7WEA%3D%3D,Not specified,2025-09-30 11:23:11.805719,2025-09-29,,de.linkedin.com/jobs/view/frontend-entwickler-react-vue-js-typescript-at-instaffo-4307889093
Software Developer MES / IIoT (all genders),adesso SE,"Stuttgart, Baden-Württemberg, Germany",LinkedIn,https://de.linkedin.com/jobs/view/software-developer-mes-iiot-all-genders-at-adesso-se-3733037710?position=58&pageNum=0&refId=ReL4we3CGPZ2EhVjm2mDmA%3D%3D&trackingId=RHjMrm9atbih255E4Cm%2FsA%3D%3D,Not specified,2025-09-30 11:23:11.805939,2025-09-29,,de.linkedin.com/jobs/view/software-developer-mes-iiot-all-genders-at-adesso-se-3733037710
Qualitätssicherung Automotive Software (m/w/d),prognum Automotive GmbH,"Stuttgart, Baden-Württemberg, Germany",LinkedIn,https://de.linkedin.com/jobs/view/qualit%C3%A4tssicherung-automotive-software-m-w-d-at-prognum-automotive-gmbh-4308187443?position=59&pageNum=0&refId=ReL4we3CGPZ2EhVjm2mDmA%3D%3D&trackingId=LOsrQZGkO5kEi47juQapUQ%3D%3D,Not specified,2025-09-30 11:23:11.806049,2025-09-30,,de.linkedin.com/jobs/view/qualit%C3%A4tssicherung-automotive-software-m-w-d-at-prognum-automotive-gmbh-4308187443
Data Scientist (m/f/x),Fuchs & Eule,"Berlin, Germany",LinkedIn,https://de.linkedin.com/jobs/view/data-scientist-m-f-x-at-fuchs-eule-4306462722?position=2&pageNum=0&refId=Xt%2F2VA2enkCXRiMhml7naw%3D%3D&trackingId=Yuq3nLkPBInVUJM1DysUoQ%3D%3D,Not specified,2025-09-30 11:23:14.765387,2025-09-26,,de.linkedin.com/jobs/view/data-scientist-m-f-x-at-fuchs-eule-4306462722
"Senior Data Scientist, AI Content - (Consumer Insights & Marketing Tech)",Delivery Hero,"Berlin, Berlin, Germany",LinkedIn,https://de.linkedin.com/jobs/view/senior-data-scientist-ai-content-consumer-insights-marketing-tech-at-delivery-hero-4304014990?position=3&pageNum=0&refId=Xt%2F2VA2enkCXRiMhml7naw%3D%3D&trackingId=1GvgQAGaY7ceOKI%2Fne8RuQ%3D%3D,Not specified,2025-09-30 11:23:14.765539,2025-09-23,,de.linkedin.com/jobs/view/senior-data-scientist-ai-content-consumer-insights-marketing-tech-at-delivery-hero-4304014990
Data Scientist,LYNX Beleggen,"Berlin, Berlin, Germany",LinkedIn,https://de.linkedin.com/jobs/view/data-scientist-at-lynx-beleggen-4267904546?position=4&pageNum=0&refId=Xt%2F2VA2enkCXRiMhml7naw%3D%3D&trackingId=RJkLaH2Xvz7jRvYlHQg2zw%3D%3D,Not specified,2025-09-30 11:23:14.765676,2025-09-25,,de.linkedin.com/jobs/view/data-scientist-at-lynx-beleggen-4267904546
Senior Data Scientist - Quick Commerce,Delivery Hero,"Berlin, Berlin, Germany",LinkedIn,https://de.linkedin.com/jobs/view/senior-data-scientist-quick-commerce-at-delivery-hero-4306618710?position=5&pageNum=0&refId=Xt%2F2VA2enkCXRiMhml7naw%3D%3D&trackingId=kW512VOKB%2B7TdquamgoF0Q%3D%3D,Not specified,2025-09-30 11:23:14.765807,2025-09-29,,de.linkedin.com/jobs/view/senior-data-scientist-quick-commerce-at-delivery-hero-4306618710
Machine Learning Engineer (Computer Vision / Robotics Perception Systems),Stealth Startup,"Berlin, Berlin, Germany",LinkedIn,https://de.linkedin.com/jobs/view/machine-learning-engineer-computer-vision-robotics-perception-systems-at-stealth-startup-4303468307?position=11&pageNum=0&refId=Xt%2F2VA2enkCXRiMhml7naw%3D%3D&trackingId=W5salQRzlAz%2BsXYox5TyUQ%3D%3D,Not specified,2025-09-30 11:23:14.766641,2025-09-25,,de.linkedin.com/jobs/view/machine-learning-engineer-computer-vision-robotics-perception-systems-at-stealth-startup-4303468307
Senior Data Scientist (m/f/d),Prestatech,"Berlin, Berlin, Germany",LinkedIn,https://de.linkedin.com/jobs/view/senior-data-scientist-m-f-d-at-prestatech-4304807961?position=12&pageNum=0&refId=Xt%2F2VA2enkCXRiMhml7naw%3D%3D&trackingId=E710kt5tG1ZVAUExxCIgwQ%3D%3D,Not specified,2025-09-30 11:23:14.766780,2025-09-24,,de.linkedin.com/jobs/view/senior-data-scientist-m-f-d-at-prestatech-4304807961
AI Engineer,CEF.AI,"Berlin, Berlin, Germany",LinkedIn,https://de.linkedin.com/jobs/view/ai-engineer-at-cef-ai-4303745863?position=13&pageNum=0&refId=Xt%2F2VA2enkCXRiMhml7naw%3D%3D&trackingId=pNWAMxDvqrl0NbhHCnJOIQ%3D%3D,Not specified,2025-09-30 11:23:14.766918,2025-09-26,,de.linkedin.com/jobs/view/ai-engineer-at-cef-ai-4303745863
"Senior Data Scientist, Marketing Analytics",Wolt,"Berlin, Berlin, Germany",LinkedIn,https://de.linkedin.com/jobs/view/senior-data-scientist-marketing-analytics-at-wolt-4304576262?position=15&pageNum=0&refId=Xt%2F2VA2enkCXRiMhml7naw%3D%3D&trackingId=fWK0Bq%2BQ0S9HJK72pzGpJw%3D%3D,Not specified,2025-09-30 11:23:14.767182,2025-09-24,,de.linkedin.com/jobs/view/senior-data-scientist-marketing-analytics-at-wolt-4304576262
Python Developer (m/w/d),SIDES,"Berlin, Berlin, Germany",LinkedIn,https://de.linkedin.com/jobs/view/python-developer-m-w-d-at-sides-4304204721?position=16&pageNum=0&refId=Xt%2F2VA2enkCXRiMhml7naw%3D%3D&trackingId=c5UI%2Fp9IrgCG3kg20PtLXA%3D%3D,Not specified,2025-09-30 11:23:14.767325,2025-09-26,,de.linkedin.com/jobs/view/python-developer-m-w-d-at-sides-4304204721
Machine Learning Research Engineer - Search - Berlin,Perplexity,"Berlin, Berlin, Germany",LinkedIn,https://de.linkedin.com/jobs/view/machine-learning-research-engineer-search-berlin-at-perplexity-4284194179?position=17&pageNum=0&refId=Xt%2F2VA2enkCXRiMhml7naw%3D%3D&trackingId=C05szLdy9LfABBP3ENw06A%3D%3D,Not specified,2025-09-30 11:23:14.767465,2025-09-25,,de.linkedin.com/jobs/view/machine-learning-research-engineer-search-berlin-at-perplexity-4284194179
Applied AI Engineer (f/m/d) - Berlin based,HUMANOO,"Berlin, Berlin, Germany",LinkedIn,https://de.linkedin.com/jobs/view/applied-ai-engineer-f-m-d-berlin-based-at-humanoo-4303475736?position=18&pageNum=0&refId=Xt%2F2VA2enkCXRiMhml7naw%3D%3D&trackingId=RXOV1eJVbLuSh4p01mx1cQ%3D%3D,Not specified,2025-09-30 11:23:14.767612,2025-09-25,,de.linkedin.com/jobs/view/applied-ai-engineer-f-m-d-berlin-based-at-humanoo-4303475736
"Principal / Lead Data Scientist (Python, ML, and Big Data)- m/w/d",HERE Technologies,"Berlin, Berlin, Germany",LinkedIn,https://de.linkedin.com/jobs/view/principal-lead-data-scientist-python-ml-and-big-data-m-w-d-at-here-technologies-4275169861?position=19&pageNum=0&refId=Xt%2F2VA2enkCXRiMhml7naw%3D%3D&trackingId=FMghFV%2Fdxot5enhHDfSCNQ%3D%3D,Not specified,2025-09-30 11:23:14.767742,2025-09-26,,de.linkedin.com/jobs/view/principal-lead-data-scientist-python-ml-and-big-data-m-w-d-at-here-technologies-4275169861
Applied Scientist - Search/NLP/IR (All Genders),Zalando,"Berlin, Berlin, Germany",LinkedIn,https://de.linkedin.com/jobs/view/applied-scientist-search-nlp-ir-all-genders-at-zalando-4249047772?position=22&pageNum=0&refId=Xt%2F2VA2enkCXRiMhml7naw%3D%3D&trackingId=oEFIcxmtYGfe1%2BzsKy6knQ%3D%3D,Not specified,2025-09-30 11:23:14.768147,2025-09-27,,de.linkedin.com/jobs/view/applied-scientist-search-nlp-ir-all-genders-at-zalando-4249047772
Senior Data Scientist – Search (m|w|d),idealo internet GmbH,"Berlin, Berlin, Germany",LinkedIn,https://de.linkedin.com/jobs/view/senior-data-scientist-%E2%80%93-search-m-w-d-at-idealo-internet-gmbh-4292172800?position=23&pageNum=0&refId=Xt%2F2VA2enkCXRiMhml7naw%3D%3D&trackingId=zeWXdF94GEEQQUHUcJk04g%3D%3D,Not specified,2025-09-30 11:23:14.768279,2025-09-30,,de.linkedin.com/jobs/view/senior-data-scientist-%E2%80%93-search-m-w-d-at-idealo-internet-gmbh-4292172800
Senior Data Scientist / Senior AI Engineer (mwd),HMS Analytical Software | Consulting & End-to-End Solutions for Data Science & Analytics,"Berlin, Berlin, Germany",LinkedIn,https://de.linkedin.com/jobs/view/senior-data-scientist-senior-ai-engineer-mwd-at-hms-analytical-software-consulting-end-to-end-solutions-for-data-science-analytics-4306099720?position=24&pageNum=0&refId=Xt%2F2VA2enkCXRiMhml7naw%3D%3D&trackingId=3vtWWue1G8uVG73f2muJOg%3D%3D,Not specified,2025-09-30 11:23:14.768416,2025-09-28,,de.linkedin.com/jobs/view/senior-data-scientist-senior-ai-engineer-mwd-at-hms-analytical-software-consulting-end-to-end-solutions-for-data-science-analytics-4306099720
Senior Data Scientist (d/f/m),Kleinanzeigen,"Berlin, Berlin, Germany",LinkedIn,https://de.linkedin.com/jobs/view/senior-data-scientist-d-f-m-at-kleinanzeigen-4306402050?position=25&pageNum=0&refId=Xt%2F2VA2enkCXRiMhml7naw%3D%3D&trackingId=pYASHUPtZTGC57iViYn7vg%3D%3D,Not specified,2025-09-30 11:23:14.768546,2025-09-26,,de.linkedin.com/jobs/view/senior-data-scientist-d-f-m-at-kleinanzeigen-4306402050
Senior Applied Scientist (all genders),Zalando,"Berlin, Berlin, Germany",LinkedIn,https://de.linkedin.com/jobs/view/senior-applied-scientist-all-genders-at-zalando-4306259253?position=26&pageNum=0&refId=Xt%2F2VA2enkCXRiMhml7naw%3D%3D&trackingId=G4AmAsx%2FSRnAgUMMeGlPiA%3D%3D,Not specified,2025-09-30 11:23:14.768676,2025-09-25,,de.linkedin.com/jobs/view/senior-applied-scientist-all-genders-at-zalando-4306259253
Senior AI/ML Engineer (Relocate To Bangkok),Manatal,"Berlin, Germany",LinkedIn,https://de.linkedin.com/jobs/view/senior-ai-ml-engineer-relocate-to-bangkok-at-manatal-4305336061?position=28&pageNum=0&refId=Xt%2F2VA2enkCXRiMhml7naw%3D%3D&trackingId=mi9u0EDCSKDDjZ%2FUG%2Fl0Jw%3D%3D,Not specified,2025-09-30 11:23:14.768921,2025-09-29,,de.linkedin.com/jobs/view/senior-ai-ml-engineer-relocate-to-bangkok-at-manatal-4305336061
Python Developer,Teamflow GmbH,"Berlin, Germany",LinkedIn,https://de.linkedin.com/jobs/view/python-developer-at-teamflow-gmbh-4307158768?position=29&pageNum=0&refId=Xt%2F2VA2enkCXRiMhml7naw%3D%3D&trackingId=MyvtWTvIQ5ZMgScX3s2RZA%3D%3D,Not specified,2025-09-30 11:23:14.769050,2025-09-28,,de.linkedin.com/jobs/view/python-developer-at-teamflow-gmbh-4307158768
MLOPs Platform Engineer (m/w/d),Bundesdruckerei-Gruppe,"Berlin, Berlin, Germany",LinkedIn,https://de.linkedin.com/jobs/view/mlops-platform-engineer-m-w-d-at-bundesdruckerei-gruppe-4069867980?position=31&pageNum=0&refId=Xt%2F2VA2enkCXRiMhml7naw%3D%3D&trackingId=%2Fk3CKwQ29lHciPkurViQEQ%3D%3D,Not specified,2025-09-30 11:23:14.769320,2025-09-24,,de.linkedin.com/jobs/view/mlops-platform-engineer-m-w-d-at-bundesdruckerei-gruppe-4069867980
Senior AI / ML Ops Engineer (f/m/d),Sealenic,"Berlin, Berlin, Germany",LinkedIn,https://de.linkedin.com/jobs/view/senior-ai-ml-ops-engineer-f-m-d-at-sealenic-4305329142?position=32&pageNum=0&refId=Xt%2F2VA2enkCXRiMhml7naw%3D%3D&trackingId=yWp6xS9aNk6EUJTSoQOsjA%3D%3D,Not specified,2025-09-30 11:23:14.769439,2025-09-29,,de.linkedin.com/jobs/view/senior-ai-ml-ops-engineer-f-m-d-at-sealenic-4305329142
AI Engineer (m/w/d),Atruvia AG,"Berlin, Berlin, Germany",LinkedIn,https://de.linkedin.com/jobs/view/ai-engineer-m-w-d-at-atruvia-ag-4306723026?position=34&pageNum=0&refId=Xt%2F2VA2enkCXRiMhml7naw%3D%3D&trackingId=QSQSEZPxwn2qEKtVkqm3pA%3D%3D,Not specified,2025-09-30 11:23:14.769697,2025-09-26,,de.linkedin.com/jobs/view/ai-engineer-m-w-d-at-atruvia-ag-4306723026
Senior Software Developer (Remote or Relocate),Propellerhead,"Berlin, Berlin, Germany",LinkedIn,https://de.linkedin.com/jobs/view/senior-software-developer-remote-or-relocate-at-propellerhead-4280241520?position=36&pageNum=0&refId=Xt%2F2VA2enkCXRiMhml7naw%3D%3D&trackingId=xZjg0SHUp1x%2FBJnoxJKRfQ%3D%3D,Not specified,2025-09-30 11:23:14.769934,2025-09-27,,de.linkedin.com/jobs/view/senior-software-developer-remote-or-relocate-at-propellerhead-4280241520
Backend Engineer – Python,TechTree,"Berlin, Berlin, Germany",LinkedIn,https://de.linkedin.com/jobs/view/backend-engineer-%E2%80%93-python-at-techtree-4296326120?position=39&pageNum=0&refId=Xt%2F2VA2enkCXRiMhml7naw%3D%3D&trackingId=k%2FRg%2FtbcHDT8ymRvj88uwQ%3D%3D,Not specified,2025-09-30 11:23:14.770307,2025-09-27,,de.linkedin.com/jobs/view/backend-engineer-%E2%80%93-python-at-techtree-4296326120
Junior Backend Engineer – Data Marketplace,Taktile,"Berlin, Berlin, Germany",LinkedIn,https://de.linkedin.com/jobs/view/junior-backend-engineer-%E2%80%93-data-marketplace-at-taktile-4308042089?position=41&pageNum=0&refId=Xt%2F2VA2enkCXRiMhml7naw%3D%3D&trackingId=N1QhgwzgJ1S1hLx4CMoIsw%3D%3D,Not specified,2025-09-30 11:23:14.770562,2025-09-29,,de.linkedin.com/jobs/view/junior-backend-engineer-%E2%80%93-data-marketplace-at-taktile-4308042089
Junior Developer (m/w/d),CKM Group,"Berlin, Berlin, Germany",LinkedIn,https://de.linkedin.com/jobs/view/junior-developer-m-w-d-at-ckm-group-4303467221?position=46&pageNum=0&refId=Xt%2F2VA2enkCXRiMhml7naw%3D%3D&trackingId=19%2BwAsxlEOaWkB7y8UIMNg%3D%3D,Not specified,2025-09-30 11:23:14.771165,2025-09-25,,de.linkedin.com/jobs/view/junior-developer-m-w-d-at-ckm-group-4303467221
Senior Applied Scientist,Zalando,"Berlin, Berlin, Germany",LinkedIn,https://de.linkedin.com/jobs/view/senior-applied-scientist-at-zalando-4304679445?position=49&pageNum=0&refId=Xt%2F2VA2enkCXRiMhml7naw%3D%3D&trackingId=Tyf6CJEdaycZmWb6pLGRTA%3D%3D,Not specified,2025-09-30 11:23:14.771543,2025-09-23,,de.linkedin.com/jobs/view/senior-applied-scientist-at-zalando-4304679445
AI Expert - Engineering and Data Science (w/m/d),KPMG Deutschland,"Berlin, Berlin, Germany",LinkedIn,https://de.linkedin.com/jobs/view/ai-expert-engineering-and-data-science-w-m-d-at-kpmg-deutschland-4303721519?position=50&pageNum=0&refId=Xt%2F2VA2enkCXRiMhml7naw%3D%3D&trackingId=u5F4w2%2BzUw08AEGZal%2FrLQ%3D%3D,Not specified,2025-09-30 11:23:14.771675,2025-09-25,,de.linkedin.com/jobs/view/ai-expert-engineering-and-data-science-w-m-d-at-kpmg-deutschland-4303721519
AI Data Engineer,Zendesk,"Berlin, Berlin, Germany",LinkedIn,https://de.linkedin.com/jobs/view/ai-data-engineer-at-zendesk-4304232737?position=53&pageNum=0&refId=Xt%2F2VA2enkCXRiMhml7naw%3D%3D&trackingId=oBAmEuCXxeb4t5g%2F5T6Ixg%3D%3D,Not specified,2025-09-30 11:23:14.772052,2025-09-26,,de.linkedin.com/jobs/view/ai-data-engineer-at-zendesk-4304232737
(Senior) AI Engineer (m/f/d),Simon-Kucher,"Berlin, Berlin, Germany",LinkedIn,https://de.linkedin.com/jobs/view/senior-ai-engineer-m-f-d-at-simon-kucher-4304226885?position=54&pageNum=0&refId=Xt%2F2VA2enkCXRiMhml7naw%3D%3D&trackingId=vwTjn1fyrkCM4z0OrffFDg%3D%3D,Not specified,2025-09-30 11:23:14.772184,2025-09-26,,de.linkedin.com/jobs/view/senior-ai-engineer-m-f-d-at-simon-kucher-4304226885
Senior Search ML Engineer - NLP,RavenPack,"Berlin, Germany",LinkedIn,https://de.linkedin.com/jobs/view/senior-search-ml-engineer-nlp-at-ravenpack-4304778626?position=56&pageNum=0&refId=Xt%2F2VA2enkCXRiMhml7naw%3D%3D&trackingId=ld6NmPjRWn3ODmvexS0U5Q%3D%3D,Not specified,2025-09-30 11:23:14.772440,2025-09-29,,de.linkedin.com/jobs/view/senior-search-ml-engineer-nlp-at-ravenpack-4304778626
Senior Analyst /Scientist (E-Mobility & Charging) (f/m/d),Digital Charging Solutions,"Berlin, Berlin, Germany",LinkedIn,https://de.linkedin.com/jobs/view/senior-analyst-scientist-e-mobility-charging-f-m-d-at-digital-charging-solutions-4305355968?position=58&pageNum=0&refId=Xt%2F2VA2enkCXRiMhml7naw%3D%3D&trackingId=lv%2FHf%2F9xqduaFzMEHUr2Gg%3D%3D,Not specified,2025-09-30 11:23:14.772702,2025-09-29,,de.linkedin.com/jobs/view/senior-analyst-scientist-e-mobility-charging-f-m-d-at-digital-charging-solutions-4305355968
Data Scientist (m/w/d),IBM,"Frankfurt, Hesse, Germany",LinkedIn,https://de.linkedin.com/jobs/view/data-scientist-m-w-d-at-ibm-4304241016?position=1&pageNum=0&refId=DG0vcwiM6OYMEq7G5T52qw%3D%3D&trackingId=hs4QCmpRZ5otRRgfZv4alg%3D%3D,Not specified,2025-09-30 11:23:17.865866,2025-09-26,,de.linkedin.com/jobs/view/data-scientist-m-w-d-at-ibm-4304241016
Data Scientist - Germany,Dataiku,Germany,LinkedIn,https://de.linkedin.com/jobs/view/data-scientist-germany-at-dataiku-4281081001?position=2&pageNum=0&refId=DG0vcwiM6OYMEq7G5T52qw%3D%3D&trackingId=9mHSBJ5H2P7RFDrZQQZdNQ%3D%3D,Not specified,2025-09-30 11:23:17.865984,2025-09-23,,de.linkedin.com/jobs/view/data-scientist-germany-at-dataiku-4281081001
Data Scientist,Booz Allen Hamilton,"Wiesbaden, Hesse, Germany",LinkedIn,https://de.linkedin.com/jobs/view/data-scientist-at-booz-allen-hamilton-4287262676?position=3&pageNum=0&refId=DG0vcwiM6OYMEq7G5T52qw%3D%3D&trackingId=YZqB50cxt8WigFGTdr35Vw%3D%3D,Not specified,2025-09-30 11:23:17.866088,2025-09-27,,de.linkedin.com/jobs/view/data-scientist-at-booz-allen-hamilton-4287262676
AI Engineer (m/f/d) Space,CGI,"Darmstadt, Hesse, Germany",LinkedIn,https://de.linkedin.com/jobs/view/ai-engineer-m-f-d-space-at-cgi-4306804568?position=4&pageNum=0&refId=DG0vcwiM6OYMEq7G5T52qw%3D%3D&trackingId=oCYw9T5roCzZBzChtdyxag%3D%3D,Not specified,2025-09-30 11:23:17.866191,2025-09-27,,de.linkedin.com/jobs/view/ai-engineer-m-f-d-space-at-cgi-4306804568
Machine Learning Engineer,Instaffo,"Mainz, Rhineland-Palatinate, Germany",LinkedIn,https://de.linkedin.com/jobs/view/machine-learning-engineer-at-instaffo-4204756561?position=5&pageNum=0&refId=DG0vcwiM6OYMEq7G5T52qw%3D%3D&trackingId=wY%2FAs%2FFVACj7WYyBacedrQ%3D%3D,Not specified,2025-09-30 11:23:17.866294,2025-09-25,,de.linkedin.com/jobs/view/machine-learning-engineer-at-instaffo-4204756561
Senior AI Engineer,Masentó Group,Frankfurt Rhine-Main Metropolitan Area,LinkedIn,https://de.linkedin.com/jobs/view/senior-ai-engineer-at-masent%C3%B3-group-4302993539?position=7&pageNum=0&refId=DG0vcwiM6OYMEq7G5T52qw%3D%3D&trackingId=I%2BGb%2F6DnWUtodbVG4Zcfzg%3D%3D,Not specified,2025-09-30 11:23:17.866500,2025-09-24,,de.linkedin.com/jobs/view/senior-ai-engineer-at-masent%C3%B3-group-4302993539
Senior AI Engineer (m/w/d),AOE,"Wiesbaden, Hesse, Germany",LinkedIn,https://de.linkedin.com/jobs/view/senior-ai-engineer-m-w-d-at-aoe-4307896102?position=8&pageNum=0&refId=DG0vcwiM6OYMEq7G5T52qw%3D%3D&trackingId=VYvF74vDqe2B1fIC4HZa8w%3D%3D,Not specified,2025-09-30 11:23:17.866597,2025-09-29,,de.linkedin.com/jobs/view/senior-ai-engineer-m-w-d-at-aoe-4307896102
AI Engineer (m/w/d),Atruvia AG,"Frankfurt am Main, Hesse, Germany",LinkedIn,https://de.linkedin.com/jobs/view/ai-engineer-m-w-d-at-atruvia-ag-4306707773?position=9&pageNum=0&refId=DG0vcwiM6OYMEq7G5T52qw%3D%3D&trackingId=8aQd18jqKx6FHl6%2BLfP7Nw%3D%3D,Not specified,2025-09-30 11:23:17.866699,2025-09-26,,de.linkedin.com/jobs/view/ai-engineer-m-w-d-at-atruvia-ag-4306707773
AI Expert - Engineering and Data Science (w/m/d),KPMG Deutschland,"Frankfurt, Hesse, Germany",LinkedIn,https://de.linkedin.com/jobs/view/ai-expert-engineering-and-data-science-w-m-d-at-kpmg-deutschland-4303740024?position=11&pageNum=0&refId=DG0vcwiM6OYMEq7G5T52qw%3D%3D&trackingId=uDDpKZzTYsfXQYfc8k22hw%3D%3D,Not specified,2025-09-30 11:23:17.866903,2025-09-25,,de.linkedin.com/jobs/view/ai-expert-engineering-and-data-science-w-m-d-at-kpmg-deutschland-4303740024
"Data Scientist German Speakers
11/10/2024",Global Market Solutions - Germany,"Frankfurt, Hesse, Germany",LinkedIn,https://de.linkedin.com/jobs/view/data-scientist-german-speakers%0A11-10-2024-at-global-market-solutions-germany-4304670206?position=12&pageNum=0&refId=DG0vcwiM6OYMEq7G5T52qw%3D%3D&trackingId=1wj8oEkrBIpyAjn0peUICA%3D%3D,Not specified,2025-09-30 11:23:17.867005,2025-09-23,,de.linkedin.com/jobs/view/data-scientist-german-speakers%0A11-10-2024-at-global-market-solutions-germany-4304670206
Senior Search ML Engineer - NLP,RavenPack,Frankfurt Rhine-Main Metropolitan Area,LinkedIn,https://de.linkedin.com/jobs/view/senior-search-ml-engineer-nlp-at-ravenpack-4304779778?position=14&pageNum=0&refId=DG0vcwiM6OYMEq7G5T52qw%3D%3D&trackingId=6trrU71q5riIifxS1xehVQ%3D%3D,Not specified,2025-09-30 11:23:17.867208,2025-09-29,,de.linkedin.com/jobs/view/senior-search-ml-engineer-nlp-at-ravenpack-4304779778
Partnerships Specialist Artificial Intelligence / Generative Artificial Intelligence (m/w/d),Finanz Informatik,"Frankfurt am Main, Hesse, Germany",LinkedIn,https://de.linkedin.com/jobs/view/partnerships-specialist-artificial-intelligence-generative-artificial-intelligence-m-w-d-at-finanz-informatik-4308180258?position=16&pageNum=0&refId=DG0vcwiM6OYMEq7G5T52qw%3D%3D&trackingId=v2%2FD84JlWqVEaFHKzDLC2Q%3D%3D,Not specified,2025-09-30 11:23:17.867309,2025-09-30,,de.linkedin.com/jobs/view/partnerships-specialist-artificial-intelligence-generative-artificial-intelligence-m-w-d-at-finanz-informatik-4308180258
Mechanical Design Engineer（Data Center）,Alibaba Cloud,"Frankfurt, Hesse, Germany",LinkedIn,https://de.linkedin.com/jobs/view/mechanical-design-engineer%EF%BC%88data-center%EF%BC%89-at-alibaba-cloud-4293727869?position=18&pageNum=0&refId=DG0vcwiM6OYMEq7G5T52qw%3D%3D&trackingId=Ozm5%2B2k5mc6egAbDi2YMVQ%3D%3D,Not specified,2025-09-30 11:23:17.867512,2025-09-30,,de.linkedin.com/jobs/view/mechanical-design-engineer%EF%BC%88data-center%EF%BC%89-at-alibaba-cloud-4293727869
Junior Software Developer (m/w/d) Backend / Full Stack,SEVEN PRINCIPLES Group,"Frankfurt am Main, Hesse, Germany",LinkedIn,https://de.linkedin.com/jobs/view/junior-software-developer-m-w-d-backend-full-stack-at-seven-principles-group-4304772801?position=19&pageNum=0&refId=DG0vcwiM6OYMEq7G5T52qw%3D%3D&trackingId=TPjfmoSeRiZaBaM0Xsnkxw%3D%3D,Not specified,2025-09-30 11:23:17.867609,2025-09-27,,de.linkedin.com/jobs/view/junior-software-developer-m-w-d-backend-full-stack-at-seven-principles-group-4304772801
Senior Search Engineer - ML,RavenPack,"Frankfurt, Hesse, Germany",LinkedIn,https://de.linkedin.com/jobs/view/senior-search-engineer-ml-at-ravenpack-4294490133?position=20&pageNum=0&refId=DG0vcwiM6OYMEq7G5T52qw%3D%3D&trackingId=u3DGoEeGNEceWYXjknyYLw%3D%3D,Not specified,2025-09-30 11:23:17.867710,2025-09-29,,de.linkedin.com/jobs/view/senior-search-engineer-ml-at-ravenpack-4294490133
Algorithm Developer,Optimus Search,"Darmstadt, Hesse, Germany",LinkedIn,https://de.linkedin.com/jobs/view/algorithm-developer-at-optimus-search-4305352738?position=21&pageNum=0&refId=DG0vcwiM6OYMEq7G5T52qw%3D%3D&trackingId=S687fZIsQfSNPGv6YWUXow%3D%3D,Not specified,2025-09-30 11:23:17.867808,2025-09-29,,de.linkedin.com/jobs/view/algorithm-developer-at-optimus-search-4305352738
Data Science Engineer in Vehicle Motion Fields (m/f/d),COMPREDICT,"Darmstadt, Hesse, Germany",LinkedIn,https://de.linkedin.com/jobs/view/data-science-engineer-in-vehicle-motion-fields-m-f-d-at-compredict-4308169824?position=22&pageNum=0&refId=DG0vcwiM6OYMEq7G5T52qw%3D%3D&trackingId=0wKUE%2FnwSv706PXSP5OKoQ%3D%3D,Not specified,2025-09-30 11:23:17.867905,2025-09-30,,de.linkedin.com/jobs/view/data-science-engineer-in-vehicle-motion-fields-m-f-d-at-compredict-4308169824
N8n Flowgrammer (m/w/d),AOE,"Wiesbaden, Hesse, Germany",LinkedIn,https://de.linkedin.com/jobs/view/n8n-flowgrammer-m-w-d-at-aoe-4302623911?position=23&pageNum=0&refId=DG0vcwiM6OYMEq7G5T52qw%3D%3D&trackingId=bOXp4gY%2FoYMppgqEMRqApQ%3D%3D,Not specified,2025-09-30 11:23:17.867999,2025-09-23,,de.linkedin.com/jobs/view/n8n-flowgrammer-m-w-d-at-aoe-4302623911
Software Developer (all genders welcome),COSMO CONSULT,"Frankfurt am Main, Hesse, Germany",LinkedIn,https://de.linkedin.com/jobs/view/software-developer-all-genders-welcome-at-cosmo-consult-4302903023?position=25&pageNum=0&refId=DG0vcwiM6OYMEq7G5T52qw%3D%3D&trackingId=QL8D7MXBQap3cFmROdvRsw%3D%3D,Not specified,2025-09-30 11:23:17.868195,2025-09-23,,de.linkedin.com/jobs/view/software-developer-all-genders-welcome-at-cosmo-consult-4302903023
Senior Research Scientist Molecular Biology (m/f/d),AB Enzymes,"Darmstadt, Hesse, Germany",LinkedIn,https://de.linkedin.com/jobs/view/senior-research-scientist-molecular-biology-m-f-d-at-ab-enzymes-4305060954?position=27&pageNum=0&refId=DG0vcwiM6OYMEq7G5T52qw%3D%3D&trackingId=mZhQf9VsCkX0bJEt8Wy5LA%3D%3D,Not specified,2025-09-30 11:23:17.868387,2025-09-28,,de.linkedin.com/jobs/view/senior-research-scientist-molecular-biology-m-f-d-at-ab-enzymes-4305060954
Lead Entwickler:in Python (d/m/w) Deutschland remote,The Formula Consulting,"Frankfurt, Hesse, Germany",LinkedIn,https://de.linkedin.com/jobs/view/lead-entwickler-in-python-d-m-w-deutschland-remote-at-the-formula-consulting-4304055796?position=32&pageNum=0&refId=DG0vcwiM6OYMEq7G5T52qw%3D%3D&trackingId=dyofPTc881JYiAMyplSoJw%3D%3D,Not specified,2025-09-30 11:23:17.868866,2025-09-23,,de.linkedin.com/jobs/view/lead-entwickler-in-python-d-m-w-deutschland-remote-at-the-formula-consulting-4304055796
Junior Java Entwickler (Frankfurt),Zero to One Search | Recruitment Agency,"Frankfurt am Main, Hesse, Germany",LinkedIn,https://de.linkedin.com/jobs/view/junior-java-entwickler-frankfurt-at-zero-to-one-search-recruitment-agency-4305386362?position=37&pageNum=0&refId=DG0vcwiM6OYMEq7G5T52qw%3D%3D&trackingId=%2B%2Fkx4g4KdlGFBo96Qvfzng%3D%3D,Not specified,2025-09-30 11:23:17.869360,2025-09-29,,de.linkedin.com/jobs/view/junior-java-entwickler-frankfurt-at-zero-to-one-search-recruitment-agency-4305386362
AI Engineer Copilot Studio (Low Code) (w/m/d),KPMG IT Service GmbH,"Frankfurt, Hesse, Germany",LinkedIn,https://de.linkedin.com/jobs/view/ai-engineer-copilot-studio-low-code-w-m-d-at-kpmg-it-service-gmbh-4303723350?position=38&pageNum=0&refId=DG0vcwiM6OYMEq7G5T52qw%3D%3D&trackingId=xgPjCiBksb2vaMbRHpt%2BEQ%3D%3D,Not specified,2025-09-30 11:23:17.869459,2025-09-25,,de.linkedin.com/jobs/view/ai-engineer-copilot-studio-low-code-w-m-d-at-kpmg-it-service-gmbh-4303723350
"Software Development, Frontend (m/w/d)",compeople AG,"Frankfurt am Main, Hesse, Germany",LinkedIn,https://de.linkedin.com/jobs/view/software-development-frontend-m-w-d-at-compeople-ag-4305617099?position=40&pageNum=0&refId=DG0vcwiM6OYMEq7G5T52qw%3D%3D&trackingId=zAQONNkSaE18BGuvQYKoaA%3D%3D,Not specified,2025-09-30 11:23:17.869655,2025-09-24,,de.linkedin.com/jobs/view/software-development-frontend-m-w-d-at-compeople-ag-4305617099
Partnerships Specialist Artificial Intelligence / Generative Artificial Intelligence,Finanz Informatik,"Frankfurt, Hesse, Germany",LinkedIn,https://de.linkedin.com/jobs/view/partnerships-specialist-artificial-intelligence-generative-artificial-intelligence-at-finanz-informatik-4303496679?position=42&pageNum=0&refId=DG0vcwiM6OYMEq7G5T52qw%3D%3D&trackingId=OvmuNYV7HoPEo1x5Py1rwg%3D%3D,Not specified,2025-09-30 11:23:17.869853,2025-09-25,,de.linkedin.com/jobs/view/partnerships-specialist-artificial-intelligence-generative-artificial-intelligence-at-finanz-informatik-4303496679
Fullstack Softwareentwickler:in – Python & React,CONTACT Software,"Bad Vilbel, Hesse, Germany",LinkedIn,https://de.linkedin.com/jobs/view/fullstack-softwareentwickler-in-%E2%80%93-python-react-at-contact-software-4233698715?position=47&pageNum=0&refId=DG0vcwiM6OYMEq7G5T52qw%3D%3D&trackingId=0mvlVsGphUAOwnDYlzgd4g%3D%3D,Not specified,2025-09-30 11:23:17.870336,2025-09-26,,de.linkedin.com/jobs/view/fullstack-softwareentwickler-in-%E2%80%93-python-react-at-contact-software-4233698715
Senior Software Developer (all genders),Edenred UTA Mobility,"Kleinostheim, Bavaria, Germany",LinkedIn,https://de.linkedin.com/jobs/view/senior-software-developer-all-genders-at-edenred-uta-mobility-4304649372?position=52&pageNum=0&refId=DG0vcwiM6OYMEq7G5T52qw%3D%3D&trackingId=9QF0pBfcI9S3FFz0tAjAsw%3D%3D,Not specified,2025-09-30 11:23:17.870821,2025-09-25,,de.linkedin.com/jobs/view/senior-software-developer-all-genders-at-edenred-uta-mobility-4304649372
Senior Consultant Data Science (w/m/d),KPMG Deutschland,"Frankfurt, Hesse, Germany",LinkedIn,https://de.linkedin.com/jobs/view/senior-consultant-data-science-w-m-d-at-kpmg-deutschland-4303739041?position=53&pageNum=0&refId=DG0vcwiM6OYMEq7G5T52qw%3D%3D&trackingId=evPcMpRqdmMY6UqBrL7tLg%3D%3D,Not specified,2025-09-30 11:23:17.870918,2025-09-25,,de.linkedin.com/jobs/view/senior-consultant-data-science-w-m-d-at-kpmg-deutschland-4303739041
Fullstack-Entwickler für mobile Geräte,Instaffo,"Walldorf, Hesse, Germany",LinkedIn,https://de.linkedin.com/jobs/view/fullstack-entwickler-f%C3%BCr-mobile-ger%C3%A4te-at-instaffo-4244804665?position=54&pageNum=0&refId=DG0vcwiM6OYMEq7G5T52qw%3D%3D&trackingId=SJ52VMZ8CDXlNcCPi7iPlA%3D%3D,Not specified,2025-09-30 11:23:17.871015,2025-09-25,,de.linkedin.com/jobs/view/fullstack-entwickler-f%C3%BCr-mobile-ger%C3%A4te-at-instaffo-4244804665
Software Developer,General Dynamics Information Technology,"Wiesbaden, Hesse, Germany",LinkedIn,https://de.linkedin.com/jobs/view/software-developer-at-general-dynamics-information-technology-4276010551?position=57&pageNum=0&refId=DG0vcwiM6OYMEq7G5T52qw%3D%3D&trackingId=SAZAjpbvquLolr%2BUWE%2BpJg%3D%3D,Not specified,2025-09-30 11:23:17.871307,2025-09-30,,de.linkedin.com/jobs/view/software-developer-at-general-dynamics-information-technology-4276010551
Cloud Engineer - Datenmanagement / Business Intelligence / AWS / SQL (m/w/d),cimt ag,"Frankfurt, Hesse, Germany",LinkedIn,https://de.linkedin.com/jobs/view/cloud-engineer-datenmanagement-business-intelligence-aws-sql-m-w-d-at-cimt-ag-4303464150?position=58&pageNum=0&refId=DG0vcwiM6OYMEq7G5T52qw%3D%3D&trackingId=C%2F5bWy8RsoTpiRhHoCxt6A%3D%3D,Not specified,2025-09-30 11:23:17.871405,2025-09-25,,de.linkedin.com/jobs/view/cloud-engineer-datenmanagement-business-intelligence-aws-sql-m-w-d-at-cimt-ag-4303464150
Testlaboringenieur/in,sepp.med gmbh,"Frankfurt am Main, Hesse, Germany",LinkedIn,https://de.linkedin.com/jobs/view/testlaboringenieur-in-at-sepp-med-gmbh-4308006168?position=59&pageNum=0&refId=DG0vcwiM6OYMEq7G5T52qw%3D%3D&trackingId=YUuwPDHESEzkwgSib3kOjQ%3D%3D,Not specified,2025-09-30 11:23:17.871501,2025-09-29,,de.linkedin.com/jobs/view/testlaboringenieur-in-at-sepp-med-gmbh-4308006168
Softwareentwickler - Fullstack (m/w/d)- R-Biopharm AG,R-Biopharm AG,"Darmstadt, Hesse, Germany",LinkedIn,https://de.linkedin.com/jobs/view/softwareentwickler-fullstack-m-w-d-r-biopharm-ag-at-r-biopharm-ag-4306639974?position=60&pageNum=0&refId=DG0vcwiM6OYMEq7G5T52qw%3D%3D&trackingId=4YHmhEFu6XcfdmfwOX%2BfTg%3D%3D,Not specified,2025-09-30 11:23:17.871600,2025-09-29,,de.linkedin.com/jobs/view/softwareentwickler-fullstack-m-w-d-r-biopharm-ag-at-r-biopharm-ag-4306639974
Machine Learning Spezialist/-in (w/m/d),Statistisches Bundesamt (Destatis),"Bonn, North Rhine-Westphalia, Germany",LinkedIn,https://de.linkedin.com/jobs/view/machine-learning-spezialist-in-w-m-d-at-statistisches-bundesamt-destatis-4305293100?position=1&pageNum=0&refId=z%2B9URL21V2wR9%2BS1%2F0LQ8A%3D%3D&trackingId=8UBBKxDjrNjEBDHQu6K3JA%3D%3D,Not specified,2025-09-30 11:23:21.012039,2025-09-26,,de.linkedin.com/jobs/view/machine-learning-spezialist-in-w-m-d-at-statistisches-bundesamt-destatis-4305293100
Data Scientist (m/w/d),IBM,"Cologne, North Rhine-Westphalia, Germany",LinkedIn,https://de.linkedin.com/jobs/view/data-scientist-m-w-d-at-ibm-4304234642?position=2&pageNum=0&refId=z%2B9URL21V2wR9%2BS1%2F0LQ8A%3D%3D&trackingId=wQx%2BmgnvvM03SgYKF1hs%2Fg%3D%3D,Not specified,2025-09-30 11:23:21.012179,2025-09-26,,de.linkedin.com/jobs/view/data-scientist-m-w-d-at-ibm-4304234642
Senior Data Scientist,AI Futures,"Düsseldorf, North Rhine-Westphalia, Germany",LinkedIn,https://de.linkedin.com/jobs/view/senior-data-scientist-at-ai-futures-4305312800?position=3&pageNum=0&refId=z%2B9URL21V2wR9%2BS1%2F0LQ8A%3D%3D&trackingId=xD8%2BsluUo7eQmohmBGdBiQ%3D%3D,Not specified,2025-09-30 11:23:21.012304,2025-09-29,,de.linkedin.com/jobs/view/senior-data-scientist-at-ai-futures-4305312800
Data Scientist (m/w/d) Vertrieb & Kundenanalytik,Deutsche Telekom,"Bonn, North Rhine-Westphalia, Germany",LinkedIn,https://de.linkedin.com/jobs/view/data-scientist-m-w-d-vertrieb-kundenanalytik-at-deutsche-telekom-4298943725?position=4&pageNum=0&refId=z%2B9URL21V2wR9%2BS1%2F0LQ8A%3D%3D&trackingId=yseoAV%2FNWxLuduhYgFT4jg%3D%3D,Not specified,2025-09-30 11:23:21.012430,2025-09-29,,de.linkedin.com/jobs/view/data-scientist-m-w-d-vertrieb-kundenanalytik-at-deutsche-telekom-4298943725
Research Engineer (m/w/d),infodas,"Cologne, North Rhine-Westphalia, Germany",LinkedIn,https://de.linkedin.com/jobs/view/research-engineer-m-w-d-at-infodas-4303722028?position=5&pageNum=0&refId=z%2B9URL21V2wR9%2BS1%2F0LQ8A%3D%3D&trackingId=J%2BC8FpwaiwsrWViaOhK9yQ%3D%3D,Not specified,2025-09-30 11:23:21.012552,2025-09-25,,de.linkedin.com/jobs/view/research-engineer-m-w-d-at-infodas-4303722028
(Senior) Data Scientist (gn) Internationales Team,"Control€xpert (Thailand) Co., Ltd.","Düsseldorf, North Rhine-Westphalia, Germany",LinkedIn,https://de.linkedin.com/jobs/view/senior-data-scientist-gn-internationales-team-at-control%E2%82%ACxpert-thailand-co-ltd-4304372653?position=8&pageNum=0&refId=z%2B9URL21V2wR9%2BS1%2F0LQ8A%3D%3D&trackingId=jcIMyhaU%2F1sA%2B41taayQig%3D%3D,Not specified,2025-09-30 11:23:21.012928,2025-09-24,,de.linkedin.com/jobs/view/senior-data-scientist-gn-internationales-team-at-control%E2%82%ACxpert-thailand-co-ltd-4304372653
(Senior) Data Scientist (gn) with Spanish language skills,"Control€xpert (Thailand) Co., Ltd.","Düsseldorf, North Rhine-Westphalia, Germany",LinkedIn,https://de.linkedin.com/jobs/view/senior-data-scientist-gn-with-spanish-language-skills-at-control%E2%82%ACxpert-thailand-co-ltd-4304393103?position=10&pageNum=0&refId=z%2B9URL21V2wR9%2BS1%2F0LQ8A%3D%3D&trackingId=yK%2FTe8YrSH4plK4f9bl8VA%3D%3D,Not specified,2025-09-30 11:23:21.013176,2025-09-24,,de.linkedin.com/jobs/view/senior-data-scientist-gn-with-spanish-language-skills-at-control%E2%82%ACxpert-thailand-co-ltd-4304393103
Senior Data Scientist/NLP (m/f/d),LexisNexis,"Bonn, North Rhine-Westphalia, Germany",LinkedIn,https://de.linkedin.com/jobs/view/senior-data-scientist-nlp-m-f-d-at-lexisnexis-4306601700?position=11&pageNum=0&refId=z%2B9URL21V2wR9%2BS1%2F0LQ8A%3D%3D&trackingId=scsmde2JKk39kxd1p%2FjBuA%3D%3D,Not specified,2025-09-30 11:23:21.013302,2025-09-29,,de.linkedin.com/jobs/view/senior-data-scientist-nlp-m-f-d-at-lexisnexis-4306601700
Senior Machine Learning Scientist (w/m/d),Douglas,"Düsseldorf, North Rhine-Westphalia, Germany",LinkedIn,https://de.linkedin.com/jobs/view/senior-machine-learning-scientist-w-m-d-at-douglas-4304263203?position=12&pageNum=0&refId=z%2B9URL21V2wR9%2BS1%2F0LQ8A%3D%3D&trackingId=K4SGI8u6uHE%2FKPYYN3%2BYKw%3D%3D,Not specified,2025-09-30 11:23:21.013428,2025-09-26,,de.linkedin.com/jobs/view/senior-machine-learning-scientist-w-m-d-at-douglas-4304263203
Senior Data Scientist,LexisNexis Intellectual Property Solutions,"Bonn, North Rhine-Westphalia, Germany",LinkedIn,https://de.linkedin.com/jobs/view/senior-data-scientist-at-lexisnexis-intellectual-property-solutions-4305342172?position=15&pageNum=0&refId=z%2B9URL21V2wR9%2BS1%2F0LQ8A%3D%3D&trackingId=JAGD6hyIJx8dwRGGx%2F0ElA%3D%3D,Not specified,2025-09-30 11:23:21.013808,2025-09-29,,de.linkedin.com/jobs/view/senior-data-scientist-at-lexisnexis-intellectual-property-solutions-4305342172
Expert Data Science (m/w/d),Vodafone,"Düsseldorf, North Rhine-Westphalia, Germany",LinkedIn,https://de.linkedin.com/jobs/view/expert-data-science-m-w-d-at-vodafone-4303499539?position=17&pageNum=0&refId=z%2B9URL21V2wR9%2BS1%2F0LQ8A%3D%3D&trackingId=c3F9wPceC7EqY71bxKffsg%3D%3D,Not specified,2025-09-30 11:23:21.014055,2025-09-25,,de.linkedin.com/jobs/view/expert-data-science-m-w-d-at-vodafone-4303499539
Softwareentwickler - Python / SQL / Automatisierung (m/w/d),EINHUNDERT,"Cologne, North Rhine-Westphalia, Germany",LinkedIn,https://de.linkedin.com/jobs/view/softwareentwickler-python-sql-automatisierung-m-w-d-at-einhundert-4303453350?position=18&pageNum=0&refId=z%2B9URL21V2wR9%2BS1%2F0LQ8A%3D%3D&trackingId=8igusPSMoiqydbT3pHDkTA%3D%3D,Not specified,2025-09-30 11:23:21.014177,2025-09-25,,de.linkedin.com/jobs/view/softwareentwickler-python-sql-automatisierung-m-w-d-at-einhundert-4303453350
(Senior) Data Scientist für das Data Innovation Lab (m/w/d),AXA,"Cologne, North Rhine-Westphalia, Germany",LinkedIn,https://de.linkedin.com/jobs/view/senior-data-scientist-f%C3%BCr-das-data-innovation-lab-m-w-d-at-axa-4307894085?position=19&pageNum=0&refId=z%2B9URL21V2wR9%2BS1%2F0LQ8A%3D%3D&trackingId=w%2FQz1xqWWrqoaEJ4oMyXYA%3D%3D,Not specified,2025-09-30 11:23:21.014303,2025-09-29,,de.linkedin.com/jobs/view/senior-data-scientist-f%C3%BCr-das-data-innovation-lab-m-w-d-at-axa-4307894085
Senior Search ML Engineer - NLP,RavenPack,"Cologne, North Rhine-Westphalia, Germany",LinkedIn,https://de.linkedin.com/jobs/view/senior-search-ml-engineer-nlp-at-ravenpack-4304778628?position=20&pageNum=0&refId=z%2B9URL21V2wR9%2BS1%2F0LQ8A%3D%3D&trackingId=XUN914FHQPVDT4lV8KAKSw%3D%3D,Not specified,2025-09-30 11:23:21.014429,2025-09-29,,de.linkedin.com/jobs/view/senior-search-ml-engineer-nlp-at-ravenpack-4304778628
NGS & Spatial Data Analyst (m|f|d),Miltenyi Biotec,"Bergisch Gladbach, North Rhine-Westphalia, Germany",LinkedIn,https://de.linkedin.com/jobs/view/ngs-spatial-data-analyst-m-f-d-at-miltenyi-biotec-4306622355?position=25&pageNum=0&refId=z%2B9URL21V2wR9%2BS1%2F0LQ8A%3D%3D&trackingId=bLKHPgJKFrrgT8KMXln%2B3g%3D%3D,Not specified,2025-09-30 11:23:21.015056,2025-09-29,,de.linkedin.com/jobs/view/ngs-spatial-data-analyst-m-f-d-at-miltenyi-biotec-4306622355
AI Solution Engineer AI Lab (m/w/d),Zurich Insurance,"Cologne, North Rhine-Westphalia, Germany",LinkedIn,https://de.linkedin.com/jobs/view/ai-solution-engineer-ai-lab-m-w-d-at-zurich-insurance-4305490005?position=27&pageNum=0&refId=z%2B9URL21V2wR9%2BS1%2F0LQ8A%3D%3D&trackingId=1ZhCN%2F8EVeLdOCM8P%2B9sQQ%3D%3D,Not specified,2025-09-30 11:23:21.015303,2025-09-26,,de.linkedin.com/jobs/view/ai-solution-engineer-ai-lab-m-w-d-at-zurich-insurance-4305490005
Senior AI Engineer (F/M/*),amber,"Cologne, North Rhine-Westphalia, Germany",LinkedIn,https://de.linkedin.com/jobs/view/senior-ai-engineer-f-m-at-amber-4303434488?position=28&pageNum=0&refId=z%2B9URL21V2wR9%2BS1%2F0LQ8A%3D%3D&trackingId=0NtkVduhjOBB7cXwc5Aryw%3D%3D,Not specified,2025-09-30 11:23:21.015424,2025-09-25,,de.linkedin.com/jobs/view/senior-ai-engineer-f-m-at-amber-4303434488
Senior Search Engineer - ML,RavenPack,"Cologne, North Rhine-Westphalia, Germany",LinkedIn,https://de.linkedin.com/jobs/view/senior-search-engineer-ml-at-ravenpack-4294480230?position=29&pageNum=0&refId=z%2B9URL21V2wR9%2BS1%2F0LQ8A%3D%3D&trackingId=07lgKKEaHndKBwEN0Fb6vQ%3D%3D,Not specified,2025-09-30 11:23:21.015549,2025-09-29,,de.linkedin.com/jobs/view/senior-search-engineer-ml-at-ravenpack-4294480230
Senior Artificial Intelligence Specialist (all genders),adesso SE,"Bonn, North Rhine-Westphalia, Germany",LinkedIn,https://de.linkedin.com/jobs/view/senior-artificial-intelligence-specialist-all-genders-at-adesso-se-3733036953?position=30&pageNum=0&refId=z%2B9URL21V2wR9%2BS1%2F0LQ8A%3D%3D&trackingId=mrHYfHhZ2aqMVlSTP8rrKw%3D%3D,Not specified,2025-09-30 11:23:21.015675,2025-09-29,,de.linkedin.com/jobs/view/senior-artificial-intelligence-specialist-all-genders-at-adesso-se-3733036953
Junior Data Annotator (German Speaker | Remote | Short-Term Project),Intetics,"Düsseldorf, North Rhine-Westphalia, Germany",LinkedIn,https://de.linkedin.com/jobs/view/junior-data-annotator-german-speaker-remote-short-term-project-at-intetics-4305726047?position=33&pageNum=0&refId=z%2B9URL21V2wR9%2BS1%2F0LQ8A%3D%3D&trackingId=dYsM%2BfQxWMWnvPb5MASq0w%3D%3D,Not specified,2025-09-30 11:23:21.015924,2025-09-26,,de.linkedin.com/jobs/view/junior-data-annotator-german-speaker-remote-short-term-project-at-intetics-4305726047
Python Entwickler (m/w/d) Fokus Business Analyse,HSBC,"Düsseldorf, North Rhine-Westphalia, Germany",LinkedIn,https://de.linkedin.com/jobs/view/python-entwickler-m-w-d-fokus-business-analyse-at-hsbc-4304695161?position=35&pageNum=0&refId=z%2B9URL21V2wR9%2BS1%2F0LQ8A%3D%3D&trackingId=Ei8CbwCV1cNd10O8SjB%2FCw%3D%3D,Not specified,2025-09-30 11:23:21.016171,2025-09-23,,de.linkedin.com/jobs/view/python-entwickler-m-w-d-fokus-business-analyse-at-hsbc-4304695161
Software Developer in the AI Services Team (gn),"Control€xpert (Thailand) Co., Ltd.","Düsseldorf, North Rhine-Westphalia, Germany",LinkedIn,https://de.linkedin.com/jobs/view/software-developer-in-the-ai-services-team-gn-at-control%E2%82%ACxpert-thailand-co-ltd-4304379516?position=37&pageNum=0&refId=z%2B9URL21V2wR9%2BS1%2F0LQ8A%3D%3D&trackingId=UM8C4LuJLsCEiY6tlZsFbg%3D%3D,Not specified,2025-09-30 11:23:21.016424,2025-09-24,,de.linkedin.com/jobs/view/software-developer-in-the-ai-services-team-gn-at-control%E2%82%ACxpert-thailand-co-ltd-4304379516
"Sr Software Developer - Full Stack, Data Science, Bioinformatics (gn) - Bonn, Munich",Mycolever,"Rheinbach, North Rhine-Westphalia, Germany",LinkedIn,https://de.linkedin.com/jobs/view/sr-software-developer-full-stack-data-science-bioinformatics-gn-bonn-munich-at-mycolever-4305070767?position=38&pageNum=0&refId=z%2B9URL21V2wR9%2BS1%2F0LQ8A%3D%3D&trackingId=QQsa8YOVeLt2ZDgdD8h5VQ%3D%3D,Not specified,2025-09-30 11:23:21.016546,2025-09-28,,de.linkedin.com/jobs/view/sr-software-developer-full-stack-data-science-bioinformatics-gn-bonn-munich-at-mycolever-4305070767
Sr. Software Development Engineer,AMD,"Cologne, North Rhine-Westphalia, Germany",LinkedIn,https://de.linkedin.com/jobs/view/sr-software-development-engineer-at-amd-4302689017?position=39&pageNum=0&refId=z%2B9URL21V2wR9%2BS1%2F0LQ8A%3D%3D&trackingId=S67W9Kdy0TSy61mqNxnebw%3D%3D,Not specified,2025-09-30 11:23:21.016671,2025-09-23,,de.linkedin.com/jobs/view/sr-software-development-engineer-at-amd-4302689017
Full Stack Engineer,meetergo,"Cologne, North Rhine-Westphalia, Germany",LinkedIn,https://de.linkedin.com/jobs/view/full-stack-engineer-at-meetergo-4305048635?position=45&pageNum=0&refId=z%2B9URL21V2wR9%2BS1%2F0LQ8A%3D%3D&trackingId=vtttq%2F1uBDGH7Ssrtokugw%3D%3D,Not specified,2025-09-30 11:23:21.017406,2025-09-28,,de.linkedin.com/jobs/view/full-stack-engineer-at-meetergo-4305048635
AI Engineer Copilot Studio (Low Code) (w/m/d),KPMG IT Service GmbH,"Cologne, North Rhine-Westphalia, Germany",LinkedIn,https://de.linkedin.com/jobs/view/ai-engineer-copilot-studio-low-code-w-m-d-at-kpmg-it-service-gmbh-4303741039?position=46&pageNum=0&refId=z%2B9URL21V2wR9%2BS1%2F0LQ8A%3D%3D&trackingId=iU4AqbbvlvaqRW8C24%2F1Ow%3D%3D,Not specified,2025-09-30 11:23:21.017532,2025-09-25,,de.linkedin.com/jobs/view/ai-engineer-copilot-studio-low-code-w-m-d-at-kpmg-it-service-gmbh-4303741039
Software Developer (m/w/d),EINHUNDERT,Cologne Bonn Region,LinkedIn,https://de.linkedin.com/jobs/view/software-developer-m-w-d-at-einhundert-4307001521?position=47&pageNum=0&refId=z%2B9URL21V2wR9%2BS1%2F0LQ8A%3D%3D&trackingId=kfIfii8wt1fNJOtjGsIxmg%3D%3D,Not specified,2025-09-30 11:23:21.017657,2025-09-30,,de.linkedin.com/jobs/view/software-developer-m-w-d-at-einhundert-4307001521
Development Lead (w/m/d),YPOG,"Cologne, North Rhine-Westphalia, Germany",LinkedIn,https://de.linkedin.com/jobs/view/development-lead-w-m-d-at-ypog-4306331165?position=50&pageNum=0&refId=z%2B9URL21V2wR9%2BS1%2F0LQ8A%3D%3D&trackingId=LiVMR9pHnXFqbfHlQ5E78w%3D%3D,Not specified,2025-09-30 11:23:21.018027,2025-09-28,,de.linkedin.com/jobs/view/development-lead-w-m-d-at-ypog-4306331165
Cloud Engineer (All Genders),Optimyze Consulting,Cologne Bonn Region,LinkedIn,https://de.linkedin.com/jobs/view/cloud-engineer-all-genders-at-optimyze-consulting-4308180441?position=52&pageNum=0&refId=z%2B9URL21V2wR9%2BS1%2F0LQ8A%3D%3D&trackingId=hiH%2B3vtJ2ZiB2RUO3Yyjdg%3D%3D,Not specified,2025-09-30 11:23:21.018263,2025-09-30,,de.linkedin.com/jobs/view/cloud-engineer-all-genders-at-optimyze-consulting-4308180441
Real World Evidence Expert (Germany),UCB,"Mettmann, North Rhine-Westphalia, Germany",LinkedIn,https://de.linkedin.com/jobs/view/real-world-evidence-expert-germany-at-ucb-4274782869?position=54&pageNum=0&refId=z%2B9URL21V2wR9%2BS1%2F0LQ8A%3D%3D&trackingId=Us2nRp0dwm2ouWPZQgMPlw%3D%3D,Not specified,2025-09-30 11:23:21.018504,2025-09-26,,de.linkedin.com/jobs/view/real-world-evidence-expert-germany-at-ucb-4274782869
Google Workspace Engineer (m/f/d),Zoi,"Cologne, North Rhine-Westphalia, Germany",LinkedIn,https://de.linkedin.com/jobs/view/google-workspace-engineer-m-f-d-at-zoi-4305344344?position=55&pageNum=0&refId=z%2B9URL21V2wR9%2BS1%2F0LQ8A%3D%3D&trackingId=tojMoIX0tA5nRdl%2BD3uvkQ%3D%3D,Not specified,2025-09-30 11:23:21.018623,2025-09-29,,de.linkedin.com/jobs/view/google-workspace-engineer-m-f-d-at-zoi-4305344344
Backend-Entwickler/in (m/w/d),Snabble,"Bonn, North Rhine-Westphalia, Germany",LinkedIn,https://de.linkedin.com/jobs/view/backend-entwickler-in-m-w-d-at-snabble-4304799151?position=59&pageNum=0&refId=z%2B9URL21V2wR9%2BS1%2F0LQ8A%3D%3D&trackingId=tKwM05ra2g5t2Phb9rBkaw%3D%3D,Not specified,2025-09-30 11:23:21.019093,2025-09-27,,de.linkedin.com/jobs/view/backend-entwickler-in-m-w-d-at-snabble-4304799151
Post Doc - Data Science in Drug Discovery,Boehringer Ingelheim,"Biberach an der Riß, Baden-Württemberg, Germany",LinkedIn,https://de.linkedin.com/jobs/view/post-doc-data-science-in-drug-discovery-at-boehringer-ingelheim-4305636944?position=1&pageNum=0&refId=0Xaqivq5rN9YPudy51XBxQ%3D%3D&trackingId=J0fAU0mlgUy%2FkREcqaeanQ%3D%3D,Not specified,2025-09-30 11:23:23.908126,2025-09-24,,de.linkedin.com/jobs/view/post-doc-data-science-in-drug-discovery-at-boehringer-ingelheim-4305636944
Software Entwickler (all gender),ALTEN Germany,"Altenstadt, Bavaria, Germany",LinkedIn,https://de.linkedin.com/jobs/view/software-entwickler-all-gender-at-alten-germany-4293913421?position=2&pageNum=0&refId=0Xaqivq5rN9YPudy51XBxQ%3D%3D&trackingId=qb8590TsUwsbeu1reghjYg%3D%3D,Not specified,2025-09-30 11:23:23.908285,2025-09-26,,de.linkedin.com/jobs/view/software-entwickler-all-gender-at-alten-germany-4293913421
Senior Artificial Intelligence Specialist (all genders),adesso SE,"Ulm, Baden-Württemberg, Germany",LinkedIn,https://de.linkedin.com/jobs/view/senior-artificial-intelligence-specialist-all-genders-at-adesso-se-3733041139?position=3&pageNum=0&refId=0Xaqivq5rN9YPudy51XBxQ%3D%3D&trackingId=L1dFhvwC5wta0Ib0vZGBnw%3D%3D,Not specified,2025-09-30 11:23:23.908420,2025-09-25,,de.linkedin.com/jobs/view/senior-artificial-intelligence-specialist-all-genders-at-adesso-se-3733041139
Software Entwickler für Multi Sensor Daten Fusion (all gender),ALTEN Germany,"Ulm, Baden-Württemberg, Germany",LinkedIn,https://de.linkedin.com/jobs/view/software-entwickler-f%C3%BCr-multi-sensor-daten-fusion-all-gender-at-alten-germany-4304231718?position=6&pageNum=0&refId=0Xaqivq5rN9YPudy51XBxQ%3D%3D&trackingId=YKbxTqIFmJDD4v2hSfNtHA%3D%3D,Not specified,2025-09-30 11:23:23.908804,2025-09-26,,de.linkedin.com/jobs/view/software-entwickler-f%C3%BCr-multi-sensor-daten-fusion-all-gender-at-alten-germany-4304231718
Web Developer ADAS,Hays,"Ulm, Baden-Württemberg, Germany",LinkedIn,https://de.linkedin.com/jobs/view/web-developer-adas-at-hays-4305977576?position=7&pageNum=0&refId=0Xaqivq5rN9YPudy51XBxQ%3D%3D&trackingId=iJx1HFHb%2B5il3tlpYXMrbA%3D%3D,Not specified,2025-09-30 11:23:23.908933,2025-09-25,,de.linkedin.com/jobs/view/web-developer-adas-at-hays-4305977576
Programmierer für SPS/Automatisierungstechnik (m/w/d),Kirschenhofer Maschinen GmbH,"Nersingen, Bavaria, Germany",LinkedIn,https://de.linkedin.com/jobs/view/programmierer-f%C3%BCr-sps-automatisierungstechnik-m-w-d-at-kirschenhofer-maschinen-gmbh-4305445602?position=9&pageNum=0&refId=0Xaqivq5rN9YPudy51XBxQ%3D%3D&trackingId=oVAxipRqV21gzekVvZkbCQ%3D%3D,Not specified,2025-09-30 11:23:23.909193,2025-09-26,,de.linkedin.com/jobs/view/programmierer-f%C3%BCr-sps-automatisierungstechnik-m-w-d-at-kirschenhofer-maschinen-gmbh-4305445602
INITIATIV (M/W/D),Wilken Software Group,"Ulm, Baden-Württemberg, Germany",LinkedIn,https://de.linkedin.com/jobs/view/initiativ-m-w-d-at-wilken-software-group-4285635325?position=10&pageNum=0&refId=0Xaqivq5rN9YPudy51XBxQ%3D%3D&trackingId=DLJKbTV8Eegu9L3tHYR8PQ%3D%3D,Not specified,2025-09-30 11:23:23.909316,2025-09-26,,de.linkedin.com/jobs/view/initiativ-m-w-d-at-wilken-software-group-4285635325
Senior Consultant Data Science (w/m/d),KPMG Deutschland,"Ulm, Baden-Württemberg, Germany",LinkedIn,https://de.linkedin.com/jobs/view/senior-consultant-data-science-w-m-d-at-kpmg-deutschland-4303730160?position=11&pageNum=0&refId=0Xaqivq5rN9YPudy51XBxQ%3D%3D&trackingId=MZL6V85TLyCvbJAMpf1R3Q%3D%3D,Not specified,2025-09-30 11:23:23.909443,2025-09-25,,de.linkedin.com/jobs/view/senior-consultant-data-science-w-m-d-at-kpmg-deutschland-4303730160
Automatisierungs- und Integrationsspezialist - Vollzeit (m/w/d),stefanmueller.ai,"Neu Ulm, Bavaria, Germany",LinkedIn,https://de.linkedin.com/jobs/view/automatisierungs-und-integrationsspezialist-vollzeit-m-w-d-at-stefanmueller-ai-4305591773?position=13&pageNum=0&refId=0Xaqivq5rN9YPudy51XBxQ%3D%3D&trackingId=dbYifd3Gn6yYgKx4%2Fr7uIg%3D%3D,Not specified,2025-09-30 11:23:23.909702,2025-09-24,,de.linkedin.com/jobs/view/automatisierungs-und-integrationsspezialist-vollzeit-m-w-d-at-stefanmueller-ai-4305591773
No-Code / Low-Code Automatisierungsexperte - Vollzeit (m/w/d),stefanmueller.ai,"Neu Ulm, Bavaria, Germany",LinkedIn,https://de.linkedin.com/jobs/view/no-code-low-code-automatisierungsexperte-vollzeit-m-w-d-at-stefanmueller-ai-4305595633?position=14&pageNum=0&refId=0Xaqivq5rN9YPudy51XBxQ%3D%3D&trackingId=jT3YKLhRQnWmnwEZPuDzfA%3D%3D,Not specified,2025-09-30 11:23:23.909830,2025-09-24,,de.linkedin.com/jobs/view/no-code-low-code-automatisierungsexperte-vollzeit-m-w-d-at-stefanmueller-ai-4305595633
Software Developer MES / IIoT (all genders),adesso SE,"Ulm, Baden-Württemberg, Germany",LinkedIn,https://de.linkedin.com/jobs/view/software-developer-mes-iiot-all-genders-at-adesso-se-3733036893?position=15&pageNum=0&refId=0Xaqivq5rN9YPudy51XBxQ%3D%3D&trackingId=HaemgxlyFH8xTGOFn071Rw%3D%3D,Not specified,2025-09-30 11:23:23.909957,2025-09-26,,de.linkedin.com/jobs/view/software-developer-mes-iiot-all-genders-at-adesso-se-3733036893
Software Entwickler Defence (w/m/d),Capgemini Engineering,"Ulm, Baden-Württemberg, Germany",LinkedIn,https://de.linkedin.com/jobs/view/software-entwickler-defence-w-m-d-at-capgemini-engineering-4204912880?position=17&pageNum=0&refId=0Xaqivq5rN9YPudy51XBxQ%3D%3D&trackingId=r8od6k2PSI3%2FZcKAhrFQFw%3D%3D,Not specified,2025-09-30 11:23:23.910216,2025-09-24,,de.linkedin.com/jobs/view/software-entwickler-defence-w-m-d-at-capgemini-engineering-4204912880
"Data Engineer (m,w,d)",Synpulse8 Deutschland GmbH,"Ulm, Baden-Württemberg, Germany",LinkedIn,https://de.linkedin.com/jobs/view/data-engineer-m-w-d-at-synpulse8-deutschland-gmbh-4304235529?position=18&pageNum=0&refId=0Xaqivq5rN9YPudy51XBxQ%3D%3D&trackingId=UqRA80DFbT4kUkmqMfuuUw%3D%3D,Not specified,2025-09-30 11:23:23.910338,2025-09-26,,de.linkedin.com/jobs/view/data-engineer-m-w-d-at-synpulse8-deutschland-gmbh-4304235529
Webentwickler:in,APRIORI - business solutions AG,"Ulm, Baden-Württemberg, Germany",LinkedIn,https://de.linkedin.com/jobs/view/webentwickler-in-at-apriori-business-solutions-ag-4303472093?position=19&pageNum=0&refId=0Xaqivq5rN9YPudy51XBxQ%3D%3D&trackingId=QCI5t1sJNg7d4dOWWwa7WA%3D%3D,Not specified,2025-09-30 11:23:23.910466,2025-09-25,,de.linkedin.com/jobs/view/webentwickler-in-at-apriori-business-solutions-ag-4303472093
Requirements Engineer (all genders),adesso SE,"Ulm, Baden-Württemberg, Germany",LinkedIn,https://de.linkedin.com/jobs/view/requirements-engineer-all-genders-at-adesso-se-3925561156?position=20&pageNum=0&refId=0Xaqivq5rN9YPudy51XBxQ%3D%3D&trackingId=1jBIIsTyuafOiHX7BRm3Jw%3D%3D,Not specified,2025-09-30 11:23:23.910598,2025-09-24,,de.linkedin.com/jobs/view/requirements-engineer-all-genders-at-adesso-se-3925561156
Softwarevalidierer Baumaschinen (m/w/d),Liebherr Group,"Kirchdorf an der Iller, Baden-Württemberg, Germany",LinkedIn,https://de.linkedin.com/jobs/view/softwarevalidierer-baumaschinen-m-w-d-at-liebherr-group-4297168297?position=24&pageNum=0&refId=0Xaqivq5rN9YPudy51XBxQ%3D%3D&trackingId=r8Zvl%2FB4JMTaS08PmeVIdw%3D%3D,Not specified,2025-09-30 11:23:23.911109,2025-09-29,,de.linkedin.com/jobs/view/softwarevalidierer-baumaschinen-m-w-d-at-liebherr-group-4297168297
Full Stack Engineer (all genders),adesso SE,"Ulm, Baden-Württemberg, Germany",LinkedIn,https://de.linkedin.com/jobs/view/full-stack-engineer-all-genders-at-adesso-se-3733045339?position=25&pageNum=0&refId=0Xaqivq5rN9YPudy51XBxQ%3D%3D&trackingId=6n93WAl6Dj0TjjSVbsG2hA%3D%3D,Not specified,2025-09-30 11:23:23.911242,2025-09-24,,de.linkedin.com/jobs/view/full-stack-engineer-all-genders-at-adesso-se-3733045339
Softwareentwickler (m/w/d) für automatische Testsysteme,anteira GmbH,"Ulm, Baden-Württemberg, Germany",LinkedIn,https://de.linkedin.com/jobs/view/softwareentwickler-m-w-d-f%C3%BCr-automatische-testsysteme-at-anteira-gmbh-4306770784?position=27&pageNum=0&refId=0Xaqivq5rN9YPudy51XBxQ%3D%3D&trackingId=YBQHstdzrCBtv7d1KU2rTg%3D%3D,Not specified,2025-09-30 11:23:23.911497,2025-09-26,,de.linkedin.com/jobs/view/softwareentwickler-m-w-d-f%C3%BCr-automatische-testsysteme-at-anteira-gmbh-4306770784
MuleSoft Developer (all genders),adesso SE,"Ulm, Baden-Württemberg, Germany",LinkedIn,https://de.linkedin.com/jobs/view/mulesoft-developer-all-genders-at-adesso-se-3759733985?position=31&pageNum=0&refId=0Xaqivq5rN9YPudy51XBxQ%3D%3D&trackingId=GH8i0ACpXW4BBpZM1jOv1g%3D%3D,Not specified,2025-09-30 11:23:23.912003,2025-09-23,,de.linkedin.com/jobs/view/mulesoft-developer-all-genders-at-adesso-se-3759733985
Linux Engineer (m/w/d),BWI GmbH,"Ulm, Baden-Württemberg, Germany",LinkedIn,https://de.linkedin.com/jobs/view/linux-engineer-m-w-d-at-bwi-gmbh-4280424447?position=32&pageNum=0&refId=0Xaqivq5rN9YPudy51XBxQ%3D%3D&trackingId=EUFbKNoA0uEYevQ6HvvI5Q%3D%3D,Not specified,2025-09-30 11:23:23.912131,2025-09-24,,de.linkedin.com/jobs/view/linux-engineer-m-w-d-at-bwi-gmbh-4280424447
QA Engineer ERP-Systeme (m/w/d),Müller Holding GmbH & Co. KG,"Ulm, Baden-Württemberg, Germany",LinkedIn,https://de.linkedin.com/jobs/view/qa-engineer-erp-systeme-m-w-d-at-m%C3%BCller-holding-gmbh-co-kg-4302653782?position=35&pageNum=0&refId=0Xaqivq5rN9YPudy51XBxQ%3D%3D&trackingId=cpYoxDngEirO7nCzihgO%2Fw%3D%3D,Not specified,2025-09-30 11:23:23.912508,2025-09-23,,de.linkedin.com/jobs/view/qa-engineer-erp-systeme-m-w-d-at-m%C3%BCller-holding-gmbh-co-kg-4302653782
Programmierer | Shopify Developer m/w/d,Labrigart.Design GmbH,"Biberach an der Riß, Baden-Württemberg, Germany",LinkedIn,https://de.linkedin.com/jobs/view/programmierer-shopify-developer-m-w-d-at-labrigart-design-gmbh-2148449857?position=36&pageNum=0&refId=0Xaqivq5rN9YPudy51XBxQ%3D%3D&trackingId=FX8pXldvvtzRu%2Bkv%2FpVTnw%3D%3D,Not specified,2025-09-30 11:23:23.912634,2025-09-27,,de.linkedin.com/jobs/view/programmierer-shopify-developer-m-w-d-at-labrigart-design-gmbh-2148449857
Web-Entwickler ADAS (m/w/d),Bertrandt Group,"Ulm, Baden-Württemberg, Germany",LinkedIn,https://de.linkedin.com/jobs/view/web-entwickler-adas-m-w-d-at-bertrandt-group-4304536905?position=37&pageNum=0&refId=0Xaqivq5rN9YPudy51XBxQ%3D%3D&trackingId=h2XyqavssaVhsMTAf4cynA%3D%3D,Not specified,2025-09-30 11:23:23.912761,2025-09-24,,de.linkedin.com/jobs/view/web-entwickler-adas-m-w-d-at-bertrandt-group-4304536905
Berufsorientierungspraktikum zum Fachinformatiker für Anwendungsentwicklung (m/w/d),Deutsche Telekom,"Ulm, Baden-Württemberg, Germany",LinkedIn,https://de.linkedin.com/jobs/view/berufsorientierungspraktikum-zum-fachinformatiker-f%C3%BCr-anwendungsentwicklung-m-w-d-at-deutsche-telekom-4267563147?position=41&pageNum=0&refId=0Xaqivq5rN9YPudy51XBxQ%3D%3D&trackingId=%2FY691vwYW%2BIoOaH0hGJiZg%3D%3D,Not specified,2025-09-30 11:23:23.913269,2025-09-29,,de.linkedin.com/jobs/view/berufsorientierungspraktikum-zum-fachinformatiker-f%C3%BCr-anwendungsentwicklung-m-w-d-at-deutsche-telekom-4267563147
Senior Software Architect Conversational AI (all genders),adesso SE,"Ulm, Baden-Württemberg, Germany",LinkedIn,https://de.linkedin.com/jobs/view/senior-software-architect-conversational-ai-all-genders-at-adesso-se-4078614616?position=42&pageNum=0&refId=0Xaqivq5rN9YPudy51XBxQ%3D%3D&trackingId=Gwlm5owVj4XiJS7kh6z%2FYQ%3D%3D,Not specified,2025-09-30 11:23:23.913397,2025-09-23,,de.linkedin.com/jobs/view/senior-software-architect-conversational-ai-all-genders-at-adesso-se-4078614616
Full-Stack .NET Senior Entwickler m/w/d,artiso solutions GmbH,"Blaustein, Baden-Württemberg, Germany",LinkedIn,https://de.linkedin.com/jobs/view/full-stack-net-senior-entwickler-m-w-d-at-artiso-solutions-gmbh-4305028811?position=46&pageNum=0&refId=0Xaqivq5rN9YPudy51XBxQ%3D%3D&trackingId=ZmrYzGPd68iJxt5cefib1A%3D%3D,Not specified,2025-09-30 11:23:23.913896,2025-09-28,,de.linkedin.com/jobs/view/full-stack-net-senior-entwickler-m-w-d-at-artiso-solutions-gmbh-4305028811
SecOps Engineer - Full Managed Cloud Stack (m/w/d),BWI GmbH,"Ulm, Baden-Württemberg, Germany",LinkedIn,https://de.linkedin.com/jobs/view/secops-engineer-full-managed-cloud-stack-m-w-d-at-bwi-gmbh-4306233469?position=47&pageNum=0&refId=0Xaqivq5rN9YPudy51XBxQ%3D%3D&trackingId=vdLtmEIyZNHYWPY2dBh5UA%3D%3D,Not specified,2025-09-30 11:23:23.914022,2025-09-25,,de.linkedin.com/jobs/view/secops-engineer-full-managed-cloud-stack-m-w-d-at-bwi-gmbh-4306233469
Business Analytics Specialist Tableau (all genders),adesso SE,"Ulm, Baden-Württemberg, Germany",LinkedIn,https://de.linkedin.com/jobs/view/business-analytics-specialist-tableau-all-genders-at-adesso-se-4203243434?position=52&pageNum=0&refId=0Xaqivq5rN9YPudy51XBxQ%3D%3D&trackingId=duPNQyuQhClmh0WkGJezJw%3D%3D,Not specified,2025-09-30 11:23:23.914650,2025-09-25,,de.linkedin.com/jobs/view/business-analytics-specialist-tableau-all-genders-at-adesso-se-4203243434
Software Architect Java (all genders),adesso SE,"Ulm, Baden-Württemberg, Germany",LinkedIn,https://de.linkedin.com/jobs/view/software-architect-java-all-genders-at-adesso-se-4295730721?position=57&pageNum=0&refId=0Xaqivq5rN9YPudy51XBxQ%3D%3D&trackingId=9MZEE%2FdHoUQ1CpbSBN4eRg%3D%3D,Not specified,2025-09-30 11:23:23.915237,2025-09-26,,de.linkedin.com/jobs/view/software-architect-java-all-genders-at-adesso-se-4295730721
IT-Architekt (all gender) – Enterprise Architecture Management 504001,ALTEN Germany,"Ulm, Baden-Württemberg, Germany",LinkedIn,https://de.linkedin.com/jobs/view/it-architekt-all-gender-%E2%80%93-enterprise-architecture-management-504001-at-alten-germany-4266400490?position=59&pageNum=0&refId=0Xaqivq5rN9YPudy51XBxQ%3D%3D&trackingId=1OLMWZOFHG0gHbf11aeQLg%3D%3D,Not specified,2025-09-30 11:23:23.915474,2025-09-25,,de.linkedin.com/jobs/view/it-architekt-all-gender-%E2%80%93-enterprise-architecture-management-504001-at-alten-germany-4266400490
Softwaretestingenieur Sensor Simulation (all gender),ALTEN Germany,"Immenstaad am Bodensee, Baden-Württemberg, Germany",LinkedIn,https://de.linkedin.com/jobs/view/softwaretestingenieur-sensor-simulation-all-gender-at-alten-germany-4289814991?position=2&pageNum=0&refId=dqX%2F6TH4Aoznx1lBbNCo1w%3D%3D&trackingId=2OP34mIflk1dZ28flYIjQg%3D%3D,Not specified,2025-09-30 11:23:26.770532,2025-09-23,,de.linkedin.com/jobs/view/softwaretestingenieur-sensor-simulation-all-gender-at-alten-germany-4289814991
Python Developer - Automatisierungssysteme (m/w/d),Rocken®,"St Gallen, St Gallen, Switzerland",LinkedIn,https://ch.linkedin.com/jobs/view/python-developer-automatisierungssysteme-m-w-d-at-rocken%C2%AE-4305098021?position=4&pageNum=0&refId=dqX%2F6TH4Aoznx1lBbNCo1w%3D%3D&trackingId=5ntbDW1DlvlJ7pzgxZAeUw%3D%3D,Not specified,2025-09-30 11:23:26.770803,2025-09-29,,ch.linkedin.com/jobs/view/python-developer-automatisierungssysteme-m-w-d-at-rocken%C2%AE-4305098021
Entwickler:in,teamative,DACH,LinkedIn,https://www.linkedin.com/jobs/view/entwickler-in-at-teamative-4305983371?position=5&pageNum=0&refId=dqX%2F6TH4Aoznx1lBbNCo1w%3D%3D&trackingId=QH8QvpqknW7sFvEXeZ5ceA%3D%3D,Not specified,2025-09-30 11:23:26.770925,2025-09-25,,www.linkedin.com/jobs/view/entwickler-in-at-teamative-4305983371
Software Entwickler (m/w/d) im Bereich Missionsplanung,IQ Intelligentes Ingenieur Management GmbH,"Immenstaad am Bodensee, Baden-Württemberg, Germany",LinkedIn,https://de.linkedin.com/jobs/view/software-entwickler-m-w-d-im-bereich-missionsplanung-at-iq-intelligentes-ingenieur-management-gmbh-4305354376?position=10&pageNum=0&refId=dqX%2F6TH4Aoznx1lBbNCo1w%3D%3D&trackingId=UCATqPm4MtMdMtoYHNvOag%3D%3D,Not specified,2025-09-30 11:23:26.771550,2025-09-29,,de.linkedin.com/jobs/view/software-entwickler-m-w-d-im-bereich-missionsplanung-at-iq-intelligentes-ingenieur-management-gmbh-4305354376
Softwareentwickler Missionsplanung (all gender),ALTEN Germany,"Immenstaad am Bodensee, Baden-Württemberg, Germany",LinkedIn,https://de.linkedin.com/jobs/view/softwareentwickler-missionsplanung-all-gender-at-alten-germany-4305313591?position=12&pageNum=0&refId=dqX%2F6TH4Aoznx1lBbNCo1w%3D%3D&trackingId=fv3UH%2FuYLstfcCizNnKXzg%3D%3D,Not specified,2025-09-30 11:23:26.771804,2025-09-29,,de.linkedin.com/jobs/view/softwareentwickler-missionsplanung-all-gender-at-alten-germany-4305313591
Fullstack Entwickler:in,AXA,"Winterthur, Zurich, Switzerland",LinkedIn,https://ch.linkedin.com/jobs/view/fullstack-entwickler-in-at-axa-4304557273?position=13&pageNum=0&refId=dqX%2F6TH4Aoznx1lBbNCo1w%3D%3D&trackingId=T2TQeZRBxPprH1xjCbivWw%3D%3D,Not specified,2025-09-30 11:23:26.771931,2025-09-24,,ch.linkedin.com/jobs/view/fullstack-entwickler-in-at-axa-4304557273
SPS-Programmierer / Softwareentwickler (m/w/d) - Vollzeit,Obducat Group,"Radolfzell, Baden-Württemberg, Germany",LinkedIn,https://de.linkedin.com/jobs/view/sps-programmierer-softwareentwickler-m-w-d-vollzeit-at-obducat-group-4302991103?position=18&pageNum=0&refId=dqX%2F6TH4Aoznx1lBbNCo1w%3D%3D&trackingId=T04cCYdGd%2BH%2Blkkwf7%2FzUA%3D%3D,Not specified,2025-09-30 11:23:26.772667,2025-09-24,,de.linkedin.com/jobs/view/sps-programmierer-softwareentwickler-m-w-d-vollzeit-at-obducat-group-4302991103
Software Entwickler Defence (w/m/d),Capgemini Engineering,"Friedrichshafen, Baden-Württemberg, Germany",LinkedIn,https://de.linkedin.com/jobs/view/software-entwickler-defence-w-m-d-at-capgemini-engineering-4284168301?position=20&pageNum=0&refId=dqX%2F6TH4Aoznx1lBbNCo1w%3D%3D&trackingId=5FWcT4xI7FMkwQcgKtl4RQ%3D%3D,Not specified,2025-09-30 11:23:26.772917,2025-09-25,,de.linkedin.com/jobs/view/software-entwickler-defence-w-m-d-at-capgemini-engineering-4284168301
Technischer Trainer / SPS-Programmierer (m/w/d),Körber Supply Chain,"Markdorf, Baden-Württemberg, Germany",LinkedIn,https://de.linkedin.com/jobs/view/technischer-trainer-sps-programmierer-m-w-d-at-k%C3%B6rber-supply-chain-4294634352?position=22&pageNum=0&refId=dqX%2F6TH4Aoznx1lBbNCo1w%3D%3D&trackingId=ZW2il9SNhVjtaqx%2BzSwarA%3D%3D,Not specified,2025-09-30 11:23:26.773167,2025-09-24,,de.linkedin.com/jobs/view/technischer-trainer-sps-programmierer-m-w-d-at-k%C3%B6rber-supply-chain-4294634352
(Senior) Embedded Systems Engineer(m/w/d) im Bereich Kraftsteuerungstechnik,Amoria Bond,"Constance, Baden-Württemberg, Germany",LinkedIn,https://de.linkedin.com/jobs/view/senior-embedded-systems-engineer-m-w-d-im-bereich-kraftsteuerungstechnik-at-amoria-bond-4305335425?position=23&pageNum=0&refId=dqX%2F6TH4Aoznx1lBbNCo1w%3D%3D&trackingId=%2FRuIIE6h1aRVF6lvIx1SCQ%3D%3D,Not specified,2025-09-30 11:23:26.773292,2025-09-29,,de.linkedin.com/jobs/view/senior-embedded-systems-engineer-m-w-d-im-bereich-kraftsteuerungstechnik-at-amoria-bond-4305335425
Software Developer (m/w/d),Rocken®,"Steinach, St Gallen, Switzerland",LinkedIn,https://ch.linkedin.com/jobs/view/software-developer-m-w-d-at-rocken%C2%AE-4305370667?position=25&pageNum=0&refId=dqX%2F6TH4Aoznx1lBbNCo1w%3D%3D&trackingId=I1Ag1R0lR8KhB8X2gr0Z3g%3D%3D,Not specified,2025-09-30 11:23:26.773544,2025-09-29,,ch.linkedin.com/jobs/view/software-developer-m-w-d-at-rocken%C2%AE-4305370667
Full Stack Entwickler C++ und C#,BESTMINDS GmbH Executive Search EN,"Ravensburg, Baden-Württemberg, Germany",LinkedIn,https://de.linkedin.com/jobs/view/full-stack-entwickler-c%2B%2B-und-c%23-at-bestminds-gmbh-executive-search-en-4214783924?position=26&pageNum=0&refId=dqX%2F6TH4Aoznx1lBbNCo1w%3D%3D&trackingId=VQ5MFiTHEoe1A3HGgeHrKA%3D%3D,Not specified,2025-09-30 11:23:26.773670,2025-09-25,,de.linkedin.com/jobs/view/full-stack-entwickler-c%2B%2B-und-c%23-at-bestminds-gmbh-executive-search-en-4214783924
Prozess- und Methodenentwickler (m/w/d) im Systems Engineering,Diehl Defence,"Überlingen, Baden-Württemberg, Germany",LinkedIn,https://de.linkedin.com/jobs/view/prozess-und-methodenentwickler-m-w-d-im-systems-engineering-at-diehl-defence-4303477675?position=27&pageNum=0&refId=dqX%2F6TH4Aoznx1lBbNCo1w%3D%3D&trackingId=%2B%2FoLVuj%2Bz5dUNlbwvbiORQ%3D%3D,Not specified,2025-09-30 11:23:26.773794,2025-09-25,,de.linkedin.com/jobs/view/prozess-und-methodenentwickler-m-w-d-im-systems-engineering-at-diehl-defence-4303477675
SPS-Programmierer Automation (m/w/d),Rocken®,"St Gallen, St Gallen, Switzerland",LinkedIn,https://ch.linkedin.com/jobs/view/sps-programmierer-automation-m-w-d-at-rocken%C2%AE-4305832309?position=28&pageNum=0&refId=dqX%2F6TH4Aoznx1lBbNCo1w%3D%3D&trackingId=1%2FX5o%2FqM%2BSl1p5Yu2%2F0lWw%3D%3D,Not specified,2025-09-30 11:23:26.773918,2025-09-30,,ch.linkedin.com/jobs/view/sps-programmierer-automation-m-w-d-at-rocken%C2%AE-4305832309
Klavierlehrer*in Jobs und Stellenangebote in Teufen,Matchspace Music,"Teufen, Appenzell Outer-Rhoden, Switzerland",LinkedIn,https://ch.linkedin.com/jobs/view/klavierlehrer-in-jobs-und-stellenangebote-in-teufen-at-matchspace-music-4306448233?position=33&pageNum=0&refId=dqX%2F6TH4Aoznx1lBbNCo1w%3D%3D&trackingId=peI4eW20iP%2BDI1T0lmA16Q%3D%3D,Not specified,2025-09-30 11:23:26.774533,2025-09-26,,ch.linkedin.com/jobs/view/klavierlehrer-in-jobs-und-stellenangebote-in-teufen-at-matchspace-music-4306448233
Supportability Engineer / Logistic Data Engineer (d/f/m),Airbus Defence and Space,"Immenstaad am Bodensee, Baden-Württemberg, Germany",LinkedIn,https://de.linkedin.com/jobs/view/supportability-engineer-logistic-data-engineer-d-f-m-at-airbus-defence-and-space-4270386158?position=34&pageNum=0&refId=dqX%2F6TH4Aoznx1lBbNCo1w%3D%3D&trackingId=hqW2Vdbo5iP9sJp1vx5bzg%3D%3D,Not specified,2025-09-30 11:23:26.774659,2025-09-28,,de.linkedin.com/jobs/view/supportability-engineer-logistic-data-engineer-d-f-m-at-airbus-defence-and-space-4270386158
Intelligence Analyst (m/f/d),Crisis24,"Constance, Baden-Württemberg, Germany",LinkedIn,https://de.linkedin.com/jobs/view/intelligence-analyst-m-f-d-at-crisis24-4305688816?position=36&pageNum=0&refId=dqX%2F6TH4Aoznx1lBbNCo1w%3D%3D&trackingId=NZu3jyniUVufSqujum6rgQ%3D%3D,Not specified,2025-09-30 11:23:26.774912,2025-09-24,,de.linkedin.com/jobs/view/intelligence-analyst-m-f-d-at-crisis24-4305688816
Cloud & Infrastructure Engineer,Experis Switzerland,"St Gallen, St Gallen, Switzerland",LinkedIn,https://ch.linkedin.com/jobs/view/cloud-infrastructure-engineer-at-experis-switzerland-4305321020?position=37&pageNum=0&refId=dqX%2F6TH4Aoznx1lBbNCo1w%3D%3D&trackingId=4rGkbCNAa8bFKPf5YKC%2FeQ%3D%3D,Not specified,2025-09-30 11:23:26.775038,2025-09-29,,ch.linkedin.com/jobs/view/cloud-infrastructure-engineer-at-experis-switzerland-4305321020
Softwareentwickler (m/w/d) - Schwerpunkt Embedded -,KNDS Deutschland,"Constance, Baden-Württemberg, Germany",LinkedIn,https://de.linkedin.com/jobs/view/softwareentwickler-m-w-d-schwerpunkt-embedded-at-knds-deutschland-4301775055?position=38&pageNum=0&refId=dqX%2F6TH4Aoznx1lBbNCo1w%3D%3D&trackingId=xiSCO4l%2FiM%2FHcO%2BlyA2wEA%3D%3D,Not specified,2025-09-30 11:23:26.775166,2025-09-26,,de.linkedin.com/jobs/view/softwareentwickler-m-w-d-schwerpunkt-embedded-at-knds-deutschland-4301775055
Softwareentwickler (m/w/d) - Schwerpunkt Anwendungsentwicklung -,KNDS Deutschland,"Constance, Baden-Württemberg, Germany",LinkedIn,https://de.linkedin.com/jobs/view/softwareentwickler-m-w-d-schwerpunkt-anwendungsentwicklung-at-knds-deutschland-4301764663?position=39&pageNum=0&refId=dqX%2F6TH4Aoznx1lBbNCo1w%3D%3D&trackingId=HbMWj5oLoh%2BXQ5VK%2FxnLCg%3D%3D,Not specified,2025-09-30 11:23:26.775292,2025-09-26,,de.linkedin.com/jobs/view/softwareentwickler-m-w-d-schwerpunkt-anwendungsentwicklung-at-knds-deutschland-4301764663
SW Engineer Embedded (m/w/d),Rocken®,"Gachnang, Thurgau, Switzerland",LinkedIn,https://ch.linkedin.com/jobs/view/sw-engineer-embedded-m-w-d-at-rocken%C2%AE-4305059290?position=46&pageNum=0&refId=dqX%2F6TH4Aoznx1lBbNCo1w%3D%3D&trackingId=j4ArfEueP44H6kBg87Oxig%3D%3D,Not specified,2025-09-30 11:23:26.776116,2025-09-28,,ch.linkedin.com/jobs/view/sw-engineer-embedded-m-w-d-at-rocken%C2%AE-4305059290
Systems Engineer *,Tri.Merge GmbH,"Friedrichshafen, Baden-Württemberg, Germany",LinkedIn,https://de.linkedin.com/jobs/view/systems-engineer-at-tri-merge-gmbh-4303449271?position=47&pageNum=0&refId=dqX%2F6TH4Aoznx1lBbNCo1w%3D%3D&trackingId=gwX7VJfhSD3BLxzfwlwnrQ%3D%3D,Not specified,2025-09-30 11:23:26.776232,2025-09-25,,de.linkedin.com/jobs/view/systems-engineer-at-tri-merge-gmbh-4303449271
Auszubildender (m/w/d) zum Fachinformatiker Anwendungsentwicklung ab 01.09.2026,Sybit GmbH,"Radolfzell, Baden-Württemberg, Germany",LinkedIn,https://de.linkedin.com/jobs/view/auszubildender-m-w-d-zum-fachinformatiker-anwendungsentwicklung-ab-01-09-2026-at-sybit-gmbh-4305979359?position=51&pageNum=0&refId=dqX%2F6TH4Aoznx1lBbNCo1w%3D%3D&trackingId=g9clt2DA5KmbtMybkPGCWA%3D%3D,Not specified,2025-09-30 11:23:26.776695,2025-09-25,,de.linkedin.com/jobs/view/auszubildender-m-w-d-zum-fachinformatiker-anwendungsentwicklung-ab-01-09-2026-at-sybit-gmbh-4305979359
Systems Engineer – Satellitenkommunikation & Bodensysteme (all gender),ALTEN Germany,"Friedrichshafen, Baden-Württemberg, Germany",LinkedIn,https://de.linkedin.com/jobs/view/systems-engineer-%E2%80%93-satellitenkommunikation-bodensysteme-all-gender-at-alten-germany-4304887119?position=54&pageNum=0&refId=dqX%2F6TH4Aoznx1lBbNCo1w%3D%3D&trackingId=0NWM7boivZwoN0H63tHMLg%3D%3D,Not specified,2025-09-30 11:23:26.777044,2025-09-25,,de.linkedin.com/jobs/view/systems-engineer-%E2%80%93-satellitenkommunikation-bodensysteme-all-gender-at-alten-germany-4304887119
IT Engineer - Linux / HA Systems / Networking (m/f/d),Indra Avitech,"Friedrichshafen, Baden-Württemberg, Germany",LinkedIn,https://de.linkedin.com/jobs/view/it-engineer-linux-ha-systems-networking-m-f-d-at-indra-avitech-4303459202?position=56&pageNum=0&refId=dqX%2F6TH4Aoznx1lBbNCo1w%3D%3D&trackingId=fgmF%2BZHyY3p42iQx%2Bdrr9w%3D%3D,Not specified,2025-09-30 11:23:26.777272,2025-09-25,,de.linkedin.com/jobs/view/it-engineer-linux-ha-systems-networking-m-f-d-at-indra-avitech-4303459202
"Senior Embedded Linux Developer (d / m / f) - Friedrichschafen area, Germany - Up to €85,000",Optimus Search,"Friedrichshafen, Baden-Württemberg, Germany",LinkedIn,https://de.linkedin.com/jobs/view/senior-embedded-linux-developer-d-m-f-friedrichschafen-area-germany-up-to-%E2%82%AC85-000-at-optimus-search-4150291434?position=58&pageNum=0&refId=dqX%2F6TH4Aoznx1lBbNCo1w%3D%3D&trackingId=529qbJUpaExPu0Sx0TmwRg%3D%3D,Not specified,2025-09-30 11:23:26.777504,2025-09-29,,de.linkedin.com/jobs/view/senior-embedded-linux-developer-d-m-f-friedrichschafen-area-germany-up-to-%E2%82%AC85-000-at-optimus-search-4150291434
SPS-Programmierer / Automatisierungstechniker (m/w/d),Rocken®,"Herisau, Appenzell Outer-Rhoden, Switzerland",LinkedIn,https://ch.linkedin.com/jobs/view/sps-programmierer-automatisierungstechniker-m-w-d-at-rocken%C2%AE-4303745061?position=59&pageNum=0&refId=dqX%2F6TH4Aoznx1lBbNCo1w%3D%3D&trackingId=in9HgeFlCcWoDWZOlU9E4g%3D%3D,Not specified,2025-09-30 11:23:26.777621,2025-09-26,,ch.linkedin.com/jobs/view/sps-programmierer-automatisierungstechniker-m-w-d-at-rocken%C2%AE-4303745061
Softwareentwickler Embedded Microcontroller (m/w/d),ifm,"Tettnang, Baden-Württemberg, Germany",LinkedIn,https://de.linkedin.com/jobs/view/softwareentwickler-embedded-microcontroller-m-w-d-at-ifm-4294471246?position=60&pageNum=0&refId=dqX%2F6TH4Aoznx1lBbNCo1w%3D%3D&trackingId=%2BikOS6t1JYmA4HUQxKnZVw%3D%3D,Not specified,2025-09-30 11:23:26.777739,2025-09-27,,de.linkedin.com/jobs/view/softwareentwickler-embedded-microcontroller-m-w-d-at-ifm-4294471246
Data Scientist,Lyceum,"Zurich, Zurich, Switzerland",LinkedIn,https://ch.linkedin.com/jobs/view/data-scientist-at-lyceum-4303704633?position=1&pageNum=0&refId=oGeCneEvnLGsSW7QcQtsTA%3D%3D&trackingId=ptnNIU8M2sLr5U%2BPstUTuA%3D%3D,Not specified,2025-09-30 11:23:29.709972,2025-09-25,,ch.linkedin.com/jobs/view/data-scientist-at-lyceum-4303704633
Data Scientist,Lyceum,"Zurich, Switzerland",LinkedIn,https://ch.linkedin.com/jobs/view/data-scientist-at-lyceum-4304889681?position=2&pageNum=0&refId=oGeCneEvnLGsSW7QcQtsTA%3D%3D&trackingId=TqytcgfhOsFDFB1K45Z0Jg%3D%3D,Not specified,2025-09-30 11:23:29.710119,2025-09-28,,ch.linkedin.com/jobs/view/data-scientist-at-lyceum-4304889681
Data Scientist / Datenmanager (befrsitet) Stellendetails | Schweizerische Nationalbank,Swiss National Bank,"Zurich, Zurich, Switzerland",LinkedIn,https://ch.linkedin.com/jobs/view/data-scientist-datenmanager-befrsitet-stellendetails-schweizerische-nationalbank-at-swiss-national-bank-4306776331?position=3&pageNum=0&refId=oGeCneEvnLGsSW7QcQtsTA%3D%3D&trackingId=dyjp9ozUTWgD8RkJHdynMQ%3D%3D,Not specified,2025-09-30 11:23:29.710255,2025-09-26,,ch.linkedin.com/jobs/view/data-scientist-datenmanager-befrsitet-stellendetails-schweizerische-nationalbank-at-swiss-national-bank-4306776331
AI Engineer,Pixel Plus AG,"Zurich, Zurich, Switzerland",LinkedIn,https://ch.linkedin.com/jobs/view/ai-engineer-at-pixel-plus-ag-4303471174?position=4&pageNum=0&refId=oGeCneEvnLGsSW7QcQtsTA%3D%3D&trackingId=ihDgy5Tb77yrzmwtMtmIhQ%3D%3D,Not specified,2025-09-30 11:23:29.710392,2025-09-25,,ch.linkedin.com/jobs/view/ai-engineer-at-pixel-plus-ag-4303471174
Data Scientist (Expert) – GenAI Plattform & Use Cases,PROSTAFF,"Zurich, Switzerland",LinkedIn,https://ch.linkedin.com/jobs/view/data-scientist-expert-%E2%80%93-genai-plattform-use-cases-at-prostaff-4305605827?position=5&pageNum=0&refId=oGeCneEvnLGsSW7QcQtsTA%3D%3D&trackingId=JVNjU3G%2F9J3sIT4g2llo1Q%3D%3D,Not specified,2025-09-30 11:23:29.710531,2025-09-24,,ch.linkedin.com/jobs/view/data-scientist-expert-%E2%80%93-genai-plattform-use-cases-at-prostaff-4305605827
"Research Scientist, Paradigms of Intelligence",Google,"Zurich, Zurich, Switzerland",LinkedIn,https://ch.linkedin.com/jobs/view/research-scientist-paradigms-of-intelligence-at-google-4304806083?position=7&pageNum=0&refId=oGeCneEvnLGsSW7QcQtsTA%3D%3D&trackingId=wdLuAZD%2BROsWoxu9sEan3w%3D%3D,Not specified,2025-09-30 11:23:29.710805,2025-09-24,,ch.linkedin.com/jobs/view/research-scientist-paradigms-of-intelligence-at-google-4304806083
AI-Engineer (GenAI / ML / GCP),PROSTAFF,"Zurich, Switzerland",LinkedIn,https://ch.linkedin.com/jobs/view/ai-engineer-genai-ml-gcp-at-prostaff-4305609548?position=9&pageNum=0&refId=oGeCneEvnLGsSW7QcQtsTA%3D%3D&trackingId=d7Zx4dg2NFwVCeJlwWjA7w%3D%3D,Not specified,2025-09-30 11:23:29.711074,2025-09-24,,ch.linkedin.com/jobs/view/ai-engineer-genai-ml-gcp-at-prostaff-4305609548
Software Developer (Off-Car Systems) Graduate,Audi F1 Project,"Hinwil, Zurich, Switzerland",LinkedIn,https://ch.linkedin.com/jobs/view/software-developer-off-car-systems-graduate-at-audi-f1-project-4296677344?position=11&pageNum=0&refId=oGeCneEvnLGsSW7QcQtsTA%3D%3D&trackingId=ZJ2lPDqUnCk769cPPaK%2BEg%3D%3D,Not specified,2025-09-30 11:23:29.711347,2025-09-27,,ch.linkedin.com/jobs/view/software-developer-off-car-systems-graduate-at-audi-f1-project-4296677344
Data Science & AI / GenAI Consultant,b.telligent,"Zurich, Zurich, Switzerland",LinkedIn,https://ch.linkedin.com/jobs/view/data-science-ai-genai-consultant-at-b-telligent-4304554007?position=13&pageNum=0&refId=oGeCneEvnLGsSW7QcQtsTA%3D%3D&trackingId=BcNo9PkH%2Fc%2FysAnEFAFjXQ%3D%3D,Not specified,2025-09-30 11:23:29.711614,2025-09-24,,ch.linkedin.com/jobs/view/data-science-ai-genai-consultant-at-b-telligent-4304554007
Scientist in Generative AI and Large Language Models (f/m/d),Hitachi Energy,"Baden, Aargau, Switzerland",LinkedIn,https://ch.linkedin.com/jobs/view/scientist-in-generative-ai-and-large-language-models-f-m-d-at-hitachi-energy-4283924585?position=14&pageNum=0&refId=oGeCneEvnLGsSW7QcQtsTA%3D%3D&trackingId=Th%2FJY23Qap1ZFKQAUpnY4Q%3D%3D,Not specified,2025-09-30 11:23:29.711749,2025-09-25,,ch.linkedin.com/jobs/view/scientist-in-generative-ai-and-large-language-models-f-m-d-at-hitachi-energy-4283924585
Computer Vision Research Engineer,ALPINA+SANA,"Zurich, Switzerland",LinkedIn,https://ch.linkedin.com/jobs/view/computer-vision-research-engineer-at-alpina%2Bsana-4305311577?position=15&pageNum=0&refId=oGeCneEvnLGsSW7QcQtsTA%3D%3D&trackingId=injRac58b%2BJ0332CXOPLdg%3D%3D,Not specified,2025-09-30 11:23:29.711879,2025-09-29,,ch.linkedin.com/jobs/view/computer-vision-research-engineer-at-alpina%2Bsana-4305311577
"Member of Technical Staff - Machine Learning, AI Safety",Microsoft,"Zurich, Zurich, Switzerland",LinkedIn,https://ch.linkedin.com/jobs/view/member-of-technical-staff-machine-learning-ai-safety-at-microsoft-4306230230?position=16&pageNum=0&refId=oGeCneEvnLGsSW7QcQtsTA%3D%3D&trackingId=4iKqIam7L6MuBpWPqpDQRA%3D%3D,Not specified,2025-09-30 11:23:29.712015,2025-09-26,,ch.linkedin.com/jobs/view/member-of-technical-staff-machine-learning-ai-safety-at-microsoft-4306230230
Lead Applied Scientist – Research Products,Thomson Reuters,"Zug, Zug, Switzerland",LinkedIn,https://ch.linkedin.com/jobs/view/lead-applied-scientist-%E2%80%93-research-products-at-thomson-reuters-4139651775?position=21&pageNum=0&refId=oGeCneEvnLGsSW7QcQtsTA%3D%3D&trackingId=%2Bk30YZRIBukJ%2FkaRnaoo9A%3D%3D,Not specified,2025-09-30 11:23:29.712700,2025-09-27,,ch.linkedin.com/jobs/view/lead-applied-scientist-%E2%80%93-research-products-at-thomson-reuters-4139651775
Staff ML Engineer (Zürich),Lakera,"Zurich, Zurich, Switzerland",LinkedIn,https://ch.linkedin.com/jobs/view/staff-ml-engineer-z%C3%BCrich-at-lakera-4230290556?position=23&pageNum=0&refId=oGeCneEvnLGsSW7QcQtsTA%3D%3D&trackingId=fqK3V1qYMuB8xFb4HpU9jQ%3D%3D,Not specified,2025-09-30 11:23:29.712970,2025-09-27,,ch.linkedin.com/jobs/view/staff-ml-engineer-z%C3%BCrich-at-lakera-4230290556
Senior Data Scientist - GenAI Plattform,Swisslinx,"Zurich, Zurich, Switzerland",LinkedIn,https://ch.linkedin.com/jobs/view/senior-data-scientist-genai-plattform-at-swisslinx-4304012888?position=25&pageNum=0&refId=oGeCneEvnLGsSW7QcQtsTA%3D%3D&trackingId=JL7C8s0GP2VRjrzyg4%2F%2FpA%3D%3D,Not specified,2025-09-30 11:23:29.713238,2025-09-23,,ch.linkedin.com/jobs/view/senior-data-scientist-genai-plattform-at-swisslinx-4304012888
AI Principal Engineer,NatWest Group,"Zurich, Zurich, Switzerland",LinkedIn,https://ch.linkedin.com/jobs/view/ai-principal-engineer-at-natwest-group-4308078617?position=26&pageNum=0&refId=oGeCneEvnLGsSW7QcQtsTA%3D%3D&trackingId=uHDulpR1My%2FGgNDhROmXBQ%3D%3D,Not specified,2025-09-30 11:23:29.713374,2025-09-29,,ch.linkedin.com/jobs/view/ai-principal-engineer-at-natwest-group-4308078617
Senior Data Scientist,ELCA Group,"Zurich, Zurich, Switzerland",LinkedIn,https://ch.linkedin.com/jobs/view/senior-data-scientist-at-elca-group-4305301799?position=28&pageNum=0&refId=oGeCneEvnLGsSW7QcQtsTA%3D%3D&trackingId=D8IKboyDuiJjG7%2FmSldYnQ%3D%3D,Not specified,2025-09-30 11:23:29.713645,2025-09-29,,ch.linkedin.com/jobs/view/senior-data-scientist-at-elca-group-4305301799
Rust Engineer (80%-100%) – Zurich,Code Compass 🧭,Zürich Metropolitan Area,LinkedIn,https://ch.linkedin.com/jobs/view/rust-engineer-80%25-100%25-%E2%80%93-zurich-at-code-compass-%F0%9F%A7%AD-4306487226?position=30&pageNum=0&refId=oGeCneEvnLGsSW7QcQtsTA%3D%3D&trackingId=hRm1J4dizCnPKElWOs%2BLMw%3D%3D,Not specified,2025-09-30 11:23:29.713912,2025-09-26,,ch.linkedin.com/jobs/view/rust-engineer-80%25-100%25-%E2%80%93-zurich-at-code-compass-%F0%9F%A7%AD-4306487226
Frontend React Engineer (f/m/d) | 80-100% | Hybrid working model | Zurich Switzerland,SMG Swiss Marketplace Group,"Zurich, Switzerland",LinkedIn,https://ch.linkedin.com/jobs/view/frontend-react-engineer-f-m-d-80-100%25-hybrid-working-model-zurich-switzerland-at-smg-swiss-marketplace-group-4294575012?position=37&pageNum=0&refId=oGeCneEvnLGsSW7QcQtsTA%3D%3D&trackingId=lD38hMB38XbVd7MPzL1oPg%3D%3D,Not specified,2025-09-30 11:23:29.714796,2025-09-24,,ch.linkedin.com/jobs/view/frontend-react-engineer-f-m-d-80-100%25-hybrid-working-model-zurich-switzerland-at-smg-swiss-marketplace-group-4294575012
Lead Applied Scientist - Legal Tech,Thomson Reuters,"Zug, Zug, Switzerland",LinkedIn,https://ch.linkedin.com/jobs/view/lead-applied-scientist-legal-tech-at-thomson-reuters-4293943704?position=41&pageNum=0&refId=oGeCneEvnLGsSW7QcQtsTA%3D%3D&trackingId=owXGzVEDc44y1bVPTjxVig%3D%3D,Not specified,2025-09-30 11:23:29.715306,2025-09-26,,ch.linkedin.com/jobs/view/lead-applied-scientist-legal-tech-at-thomson-reuters-4293943704
"Research Scientist, 3D/4D Generative AI for World Generation",Meta,"Zurich, Zurich, Switzerland",LinkedIn,https://ch.linkedin.com/jobs/view/research-scientist-3d-4d-generative-ai-for-world-generation-at-meta-4258816128?position=43&pageNum=0&refId=oGeCneEvnLGsSW7QcQtsTA%3D%3D&trackingId=lR6sGZJhcsYfm1t0zv9u5w%3D%3D,Not specified,2025-09-30 11:23:29.715553,2025-09-29,,ch.linkedin.com/jobs/view/research-scientist-3d-4d-generative-ai-for-world-generation-at-meta-4258816128
Platform Engineer – Observability 100% (f/m/d),Julius Baer,"Zurich, Zurich, Switzerland",LinkedIn,https://ch.linkedin.com/jobs/view/platform-engineer-%E2%80%93-observability-100%25-f-m-d-at-julius-baer-4306217928?position=45&pageNum=0&refId=oGeCneEvnLGsSW7QcQtsTA%3D%3D&trackingId=ULRLJomCpylIO53ffoPseg%3D%3D,Not specified,2025-09-30 11:23:29.715796,2025-09-25,,ch.linkedin.com/jobs/view/platform-engineer-%E2%80%93-observability-100%25-f-m-d-at-julius-baer-4306217928
Digital Transformation Specialist - Generative AI Projects,albedis,"Risch-Rotkreuz, Zug, Switzerland",LinkedIn,https://ch.linkedin.com/jobs/view/digital-transformation-specialist-generative-ai-projects-at-albedis-4304917210?position=46&pageNum=0&refId=oGeCneEvnLGsSW7QcQtsTA%3D%3D&trackingId=IEVlGozQcfvhiVbqiZ4LQw%3D%3D,Not specified,2025-09-30 11:23:29.715921,2025-09-23,,ch.linkedin.com/jobs/view/digital-transformation-specialist-generative-ai-projects-at-albedis-4304917210
Fullstack Entwickler,Proclinical Staffing,"Zurich, Zurich, Switzerland",LinkedIn,https://ch.linkedin.com/jobs/view/fullstack-entwickler-at-proclinical-staffing-4304959603?position=51&pageNum=0&refId=oGeCneEvnLGsSW7QcQtsTA%3D%3D&trackingId=QrRf17qtPBg%2FUXHNiJLZKA%3D%3D,Not specified,2025-09-30 11:23:29.716542,2025-09-23,,ch.linkedin.com/jobs/view/fullstack-entwickler-at-proclinical-staffing-4304959603
CFD Methodology Engineer,Audi F1 Project,"Hinwil, Zurich, Switzerland",LinkedIn,https://ch.linkedin.com/jobs/view/cfd-methodology-engineer-at-audi-f1-project-4277209435?position=52&pageNum=0&refId=oGeCneEvnLGsSW7QcQtsTA%3D%3D&trackingId=p1nI0l%2Bfhwsoop0NdGtERw%3D%3D,Not specified,2025-09-30 11:23:29.716665,2025-09-29,,ch.linkedin.com/jobs/view/cfd-methodology-engineer-at-audi-f1-project-4277209435
Spontanbewerbung als Ruby Backend Entwickler (m/f/d) 80-100%,atpoint.,"Zurich, Zurich, Switzerland",LinkedIn,https://ch.linkedin.com/jobs/view/spontanbewerbung-als-ruby-backend-entwickler-m-f-d-80-100%25-at-atpoint-4305053454?position=54&pageNum=0&refId=oGeCneEvnLGsSW7QcQtsTA%3D%3D&trackingId=tLuTEUvVmB9rn28lAxdILQ%3D%3D,Not specified,2025-09-30 11:23:29.716910,2025-09-28,,ch.linkedin.com/jobs/view/spontanbewerbung-als-ruby-backend-entwickler-m-f-d-80-100%25-at-atpoint-4305053454
(Senior) Fullstack Engineer – GenAI & Cloud-native (all genders),Wavestone,"Zurich, Switzerland",LinkedIn,https://ch.linkedin.com/jobs/view/senior-fullstack-engineer-%E2%80%93-genai-cloud-native-all-genders-at-wavestone-4302966722?position=59&pageNum=0&refId=oGeCneEvnLGsSW7QcQtsTA%3D%3D&trackingId=jBLbqQRiGeJp7KPK4XUYsw%3D%3D,Not specified,2025-09-30 11:23:29.717542,2025-09-24,,ch.linkedin.com/jobs/view/senior-fullstack-engineer-%E2%80%93-genai-cloud-native-all-genders-at-wavestone-4302966722
"AI Architect / Machine Learning Engineer (m,f,d)",Medirion,"Duisburg, North Rhine-Westphalia, Germany",LinkedIn,https://de.linkedin.com/jobs/view/ai-architect-machine-learning-engineer-m-f-d-at-medirion-4303712418?position=4&pageNum=0&refId=bBfFfzC%2B6iiZ6XGHUZAHOQ%3D%3D&trackingId=IAWHWpG73Me6E%2BQVOUiIuw%3D%3D,Not specified,2025-09-30 11:23:32.688014,2025-09-25,,de.linkedin.com/jobs/view/ai-architect-machine-learning-engineer-m-f-d-at-medirion-4303712418
Software Developer (m/w/d) Healthcare,März Internetwork Services AG,"Essen, North Rhine-Westphalia, Germany",LinkedIn,https://de.linkedin.com/jobs/view/software-developer-m-w-d-healthcare-at-m%C3%A4rz-internetwork-services-ag-4197315851?position=24&pageNum=0&refId=bBfFfzC%2B6iiZ6XGHUZAHOQ%3D%3D&trackingId=2ilnx68tZgU1LrVtNR3Jlg%3D%3D,Not specified,2025-09-30 11:23:32.690367,2025-09-23,,de.linkedin.com/jobs/view/software-developer-m-w-d-healthcare-at-m%C3%A4rz-internetwork-services-ag-4197315851
Solution Engineer,Ingenico,"Ratingen, North Rhine-Westphalia, Germany",LinkedIn,https://de.linkedin.com/jobs/view/solution-engineer-at-ingenico-4304543486?position=43&pageNum=0&refId=bBfFfzC%2B6iiZ6XGHUZAHOQ%3D%3D&trackingId=2lFZPP2XDcF5iDQNS6UL8A%3D%3D,Not specified,2025-09-30 11:23:32.692652,2025-09-24,,de.linkedin.com/jobs/view/solution-engineer-at-ingenico-4304543486
DevOp (m/w/d),KEOZ GmbH,"Mönchengladbach, North Rhine-Westphalia, Germany",LinkedIn,https://de.linkedin.com/jobs/view/devop-m-w-d-at-keoz-gmbh-4305868397?position=46&pageNum=0&refId=bBfFfzC%2B6iiZ6XGHUZAHOQ%3D%3D&trackingId=5NU%2Fa9rH3%2FQDNWd4jK0o9g%3D%3D,Not specified,2025-09-30 11:23:32.692996,2025-09-30,,de.linkedin.com/jobs/view/devop-m-w-d-at-keoz-gmbh-4305868397
(Junior) Softwareentwickler,Instaffo,"Düsseldorf, North Rhine-Westphalia, Germany",LinkedIn,https://de.linkedin.com/jobs/view/junior-softwareentwickler-at-instaffo-4294392842?position=50&pageNum=0&refId=bBfFfzC%2B6iiZ6XGHUZAHOQ%3D%3D&trackingId=YQ1IR8Bmliumx5YcGe8tYg%3D%3D,Not specified,2025-09-30 11:23:32.693452,2025-09-24,,de.linkedin.com/jobs/view/junior-softwareentwickler-at-instaffo-4294392842
Senior Expert Data and Feature Engineering Machine Learning (m/w/d),Vodafone,"Düsseldorf, North Rhine-Westphalia, Germany",LinkedIn,https://de.linkedin.com/jobs/view/senior-expert-data-and-feature-engineering-machine-learning-m-w-d-at-vodafone-4303702483?position=56&pageNum=0&refId=bBfFfzC%2B6iiZ6XGHUZAHOQ%3D%3D&trackingId=c%2FI3jwADwzmPK4Cp4DdhqA%3D%3D,Not specified,2025-09-30 11:23:32.694139,2025-09-25,,de.linkedin.com/jobs/view/senior-expert-data-and-feature-engineering-machine-learning-m-w-d-at-vodafone-4303702483
Software Developer MES / IIoT (all genders),adesso SE,"Essen, North Rhine-Westphalia, Germany",LinkedIn,https://de.linkedin.com/jobs/view/software-developer-mes-iiot-all-genders-at-adesso-se-3733037719?position=57&pageNum=0&refId=bBfFfzC%2B6iiZ6XGHUZAHOQ%3D%3D&trackingId=Cla%2BGAPGstpoFnqNws7liA%3D%3D,Not specified,2025-09-30 11:23:32.694256,2025-09-25,,de.linkedin.com/jobs/view/software-developer-mes-iiot-all-genders-at-adesso-se-3733037719
"Automatisierungs-Developer - Vollzeit, vor Ort - (n8n / Zapier / Make) (m/w/d)",GoldmanTax,"Düsseldorf, North Rhine-Westphalia, Germany",LinkedIn,https://de.linkedin.com/jobs/view/automatisierungs-developer-vollzeit-vor-ort-n8n-zapier-make-m-w-d-at-goldmantax-4306368051?position=60&pageNum=0&refId=bBfFfzC%2B6iiZ6XGHUZAHOQ%3D%3D&trackingId=BfYLpuhe7JHRo%2FwcAYJAOw%3D%3D,Not specified,2025-09-30 11:23:32.694611,2025-09-29,,de.linkedin.com/jobs/view/automatisierungs-developer-vollzeit-vor-ort-n8n-zapier-make-m-w-d-at-goldmantax-4306368051
Full Stack Entwickler:in (React/Spring) - Warenwirtschaft (d/m/w),Lexware,"Freiburg, Baden-Württemberg, Germany",LinkedIn,https://de.linkedin.com/jobs/view/full-stack-entwickler-in-react-spring-warenwirtschaft-d-m-w-at-lexware-4297632327?position=1&pageNum=0&refId=f5bjVU56L8DIk3IUqTmfYg%3D%3D&trackingId=xT2Zq6qNBuRAyKcWE5VFqQ%3D%3D,Not specified,2025-09-30 11:23:35.747536,2025-09-30,,de.linkedin.com/jobs/view/full-stack-entwickler-in-react-spring-warenwirtschaft-d-m-w-at-lexware-4297632327
OT Engineer,SimplyVision GmbH,"Freiburg, Baden-Württemberg, Germany",LinkedIn,https://de.linkedin.com/jobs/view/ot-engineer-at-simplyvision-gmbh-4302632915?position=2&pageNum=0&refId=f5bjVU56L8DIk3IUqTmfYg%3D%3D&trackingId=NoQneHFBcxH7C8zSxT8IOw%3D%3D,Not specified,2025-09-30 11:23:35.747715,2025-09-23,,de.linkedin.com/jobs/view/ot-engineer-at-simplyvision-gmbh-4302632915
Software-Entwickler (w/m/d),Reservix GmbH,"Freiburg, Baden-Württemberg, Germany",LinkedIn,https://de.linkedin.com/jobs/view/software-entwickler-w-m-d-at-reservix-gmbh-4305603822?position=3&pageNum=0&refId=f5bjVU56L8DIk3IUqTmfYg%3D%3D&trackingId=KdOlq9XjfJ94fEanGxIrwQ%3D%3D,Not specified,2025-09-30 11:23:35.747873,2025-09-24,,de.linkedin.com/jobs/view/software-entwickler-w-m-d-at-reservix-gmbh-4305603822
Full-Stack-Entwickler:in (Bescheinigungswesen) (d/m/w),Lexware,"Freiburg, Baden-Württemberg, Germany",LinkedIn,https://de.linkedin.com/jobs/view/full-stack-entwickler-in-bescheinigungswesen-d-m-w-at-lexware-4295074311?position=4&pageNum=0&refId=f5bjVU56L8DIk3IUqTmfYg%3D%3D&trackingId=dZJ7kWt2cXAdVgYnAOa2%2BQ%3D%3D,Not specified,2025-09-30 11:23:35.748020,2025-09-25,,de.linkedin.com/jobs/view/full-stack-entwickler-in-bescheinigungswesen-d-m-w-at-lexware-4295074311
Fullstack Entwickler:in - Digital Banking (d/m/w),Lexware,"Freiburg, Baden-Württemberg, Germany",LinkedIn,https://de.linkedin.com/jobs/view/fullstack-entwickler-in-digital-banking-d-m-w-at-lexware-4294624021?position=5&pageNum=0&refId=f5bjVU56L8DIk3IUqTmfYg%3D%3D&trackingId=2IwRVdPNRUmLuzJAVLu1iA%3D%3D,Not specified,2025-09-30 11:23:35.748154,2025-09-24,,de.linkedin.com/jobs/view/fullstack-entwickler-in-digital-banking-d-m-w-at-lexware-4294624021
"Java Developer – Full Remote! – €90,000",Optimus Search,"Freiburg, Baden-Württemberg, Germany",LinkedIn,https://de.linkedin.com/jobs/view/java-developer-%E2%80%93-full-remote%21-%E2%80%93-%E2%82%AC90-000-at-optimus-search-4304234241?position=6&pageNum=0&refId=f5bjVU56L8DIk3IUqTmfYg%3D%3D&trackingId=WQarWlmscBQXlGPjZ5NdUg%3D%3D,Not specified,2025-09-30 11:23:35.748298,2025-09-26,,de.linkedin.com/jobs/view/java-developer-%E2%80%93-full-remote%21-%E2%80%93-%E2%82%AC90-000-at-optimus-search-4304234241
Full Stack Entwickler:in - Multibanking (d/m/w) - Remote,Lexware,"Freiburg, Baden-Württemberg, Germany",LinkedIn,https://de.linkedin.com/jobs/view/full-stack-entwickler-in-multibanking-d-m-w-remote-at-lexware-4305589024?position=7&pageNum=0&refId=f5bjVU56L8DIk3IUqTmfYg%3D%3D&trackingId=9iwmPto9W9%2BSy5oJHYMEbg%3D%3D,Not specified,2025-09-30 11:23:35.748437,2025-09-24,,de.linkedin.com/jobs/view/full-stack-entwickler-in-multibanking-d-m-w-remote-at-lexware-4305589024
Full-Stack mit Startup-Erfahrung 80-100%,finanzsoft gmbh,"Freiburg, Baden-Württemberg, Germany",LinkedIn,https://de.linkedin.com/jobs/view/full-stack-mit-startup-erfahrung-80-100%25-at-finanzsoft-gmbh-4305606001?position=8&pageNum=0&refId=f5bjVU56L8DIk3IUqTmfYg%3D%3D&trackingId=8N8T9Q8mJgnT%2BaZ%2FNDfGDA%3D%3D,Not specified,2025-09-30 11:23:35.748571,2025-09-24,,de.linkedin.com/jobs/view/full-stack-mit-startup-erfahrung-80-100%25-at-finanzsoft-gmbh-4305606001
Senior Clinical Data Engineer,Boehringer Ingelheim,"Biberach, Baden-Württemberg, Germany",LinkedIn,https://de.linkedin.com/jobs/view/senior-clinical-data-engineer-at-boehringer-ingelheim-4305639761?position=10&pageNum=0&refId=f5bjVU56L8DIk3IUqTmfYg%3D%3D&trackingId=dHc3VlRKFN4uGt6CULmQ7w%3D%3D,Not specified,2025-09-30 11:23:35.748846,2025-09-24,,de.linkedin.com/jobs/view/senior-clinical-data-engineer-at-boehringer-ingelheim-4305639761
"Full-stack Java Developer – Freiburg – €90,000 - Once a month in the office",Optimus Search,"Freiburg, Baden-Württemberg, Germany",LinkedIn,https://de.linkedin.com/jobs/view/full-stack-java-developer-%E2%80%93-freiburg-%E2%80%93-%E2%82%AC90-000-once-a-month-in-the-office-at-optimus-search-4305873437?position=12&pageNum=0&refId=f5bjVU56L8DIk3IUqTmfYg%3D%3D&trackingId=aQM2Pj1D4vaCrIH6%2FFsm%2FA%3D%3D,Not specified,2025-09-30 11:23:35.749121,2025-09-30,,de.linkedin.com/jobs/view/full-stack-java-developer-%E2%80%93-freiburg-%E2%80%93-%E2%82%AC90-000-once-a-month-in-the-office-at-optimus-search-4305873437
Softwareentwickler (m/w/d) I Steuerungstechnik,Exentis Group AG,"Malterdingen, Baden-Württemberg, Germany",LinkedIn,https://de.linkedin.com/jobs/view/softwareentwickler-m-w-d-i-steuerungstechnik-at-exentis-group-ag-4304014411?position=13&pageNum=0&refId=f5bjVU56L8DIk3IUqTmfYg%3D%3D&trackingId=pO%2BeTse00uX67pH133ukKw%3D%3D,Not specified,2025-09-30 11:23:35.749255,2025-09-23,,de.linkedin.com/jobs/view/softwareentwickler-m-w-d-i-steuerungstechnik-at-exentis-group-ag-4304014411
Software Developer Core Development Team,Instaffo,"Freiburg, Baden-Württemberg, Germany",LinkedIn,https://de.linkedin.com/jobs/view/software-developer-core-development-team-at-instaffo-4284444546?position=15&pageNum=0&refId=f5bjVU56L8DIk3IUqTmfYg%3D%3D&trackingId=4h7b4DmQti4H%2BFLZhM%2F8vA%3D%3D,Not specified,2025-09-30 11:23:35.749528,2025-09-26,,de.linkedin.com/jobs/view/software-developer-core-development-team-at-instaffo-4284444546
SPS Programmierer (m/w/d),endigo GmbH,"Lahr, Baden-Württemberg, Germany",LinkedIn,https://de.linkedin.com/jobs/view/sps-programmierer-m-w-d-at-endigo-gmbh-4305486324?position=17&pageNum=0&refId=f5bjVU56L8DIk3IUqTmfYg%3D%3D&trackingId=nUUXgSXMRVSFWV0aoEQQPw%3D%3D,Not specified,2025-09-30 11:23:35.749804,2025-09-26,,de.linkedin.com/jobs/view/sps-programmierer-m-w-d-at-endigo-gmbh-4305486324
"Senior Full Stack Entwickler:in Java, React, Spring Boot (d/m/w) - Remote",Lexware,"Freiburg, Baden-Württemberg, Germany",LinkedIn,https://de.linkedin.com/jobs/view/senior-full-stack-entwickler-in-java-react-spring-boot-d-m-w-remote-at-lexware-4294608985?position=18&pageNum=0&refId=f5bjVU56L8DIk3IUqTmfYg%3D%3D&trackingId=K3MiLn5oPX2tytvSXQZSzQ%3D%3D,Not specified,2025-09-30 11:23:35.749941,2025-09-24,,de.linkedin.com/jobs/view/senior-full-stack-entwickler-in-java-react-spring-boot-d-m-w-remote-at-lexware-4294608985
SPS Programmierer (m/w/d),FERCHAU,"Freiburg, Baden-Württemberg, Germany",LinkedIn,https://de.linkedin.com/jobs/view/sps-programmierer-m-w-d-at-ferchau-4181197481?position=19&pageNum=0&refId=f5bjVU56L8DIk3IUqTmfYg%3D%3D&trackingId=yBRwpcSiy0PLU2JDGhJTdA%3D%3D,Not specified,2025-09-30 11:23:35.750078,2025-09-29,,de.linkedin.com/jobs/view/sps-programmierer-m-w-d-at-ferchau-4181197481
(Senior) FullStack Software Developer:in (d/m/w) - TypeScript & React,Haufe,"Freiburg, Baden-Württemberg, Germany",LinkedIn,https://de.linkedin.com/jobs/view/senior-fullstack-software-developer-in-d-m-w-typescript-react-at-haufe-4295695755?position=20&pageNum=0&refId=f5bjVU56L8DIk3IUqTmfYg%3D%3D&trackingId=kAyxzRq3wPBKcduZEGX79w%3D%3D,Not specified,2025-09-30 11:23:35.750212,2025-09-26,,de.linkedin.com/jobs/view/senior-fullstack-software-developer-in-d-m-w-typescript-react-at-haufe-4295695755
TypeScript Developer:in (d/m/w) – werde Teil unserer KI- & Cloud-Revolution,Haufe Akademie,"Freiburg, Baden-Württemberg, Germany",LinkedIn,https://de.linkedin.com/jobs/view/typescript-developer-in-d-m-w-%E2%80%93-werde-teil-unserer-ki-cloud-revolution-at-haufe-akademie-4295981060?position=21&pageNum=0&refId=f5bjVU56L8DIk3IUqTmfYg%3D%3D&trackingId=M5A1%2Bm0Rbpt0qds9CRWakw%3D%3D,Not specified,2025-09-30 11:23:35.750350,2025-09-26,,de.linkedin.com/jobs/view/typescript-developer-in-d-m-w-%E2%80%93-werde-teil-unserer-ki-cloud-revolution-at-haufe-akademie-4295981060
Softwareentwickler,GRÜN Software Group,"Endingen, Baden-Württemberg, Germany",LinkedIn,https://de.linkedin.com/jobs/view/softwareentwickler-at-gr%C3%BCn-software-group-4304325102?position=23&pageNum=0&refId=f5bjVU56L8DIk3IUqTmfYg%3D%3D&trackingId=HVsKgrl6%2B%2FeFquhztvxGdQ%3D%3D,Not specified,2025-09-30 11:23:35.750624,2025-09-23,,de.linkedin.com/jobs/view/softwareentwickler-at-gr%C3%BCn-software-group-4304325102
Développeur Ibexa (H-F),Actimage,"Colmar, Grand Est, France",LinkedIn,https://fr.linkedin.com/jobs/view/d%C3%A9veloppeur-ibexa-h-f-at-actimage-4304059820?position=24&pageNum=0&refId=f5bjVU56L8DIk3IUqTmfYg%3D%3D&trackingId=g7pcel1iz0BW4idcepDktQ%3D%3D,Not specified,2025-09-30 11:23:35.750761,2025-09-23,,fr.linkedin.com/jobs/view/d%C3%A9veloppeur-ibexa-h-f-at-actimage-4304059820
Softwareentwickler (m/w/d) in RPG,CarGarantie,"Freiburg, Baden-Württemberg, Germany",LinkedIn,https://de.linkedin.com/jobs/view/softwareentwickler-m-w-d-in-rpg-at-cargarantie-4304650916?position=27&pageNum=0&refId=f5bjVU56L8DIk3IUqTmfYg%3D%3D&trackingId=BXFCOjqFqR4FFFBuT6RHMw%3D%3D,Not specified,2025-09-30 11:23:35.751171,2025-09-23,,de.linkedin.com/jobs/view/softwareentwickler-m-w-d-in-rpg-at-cargarantie-4304650916
Senior Full Stack Entwickler:in Lohn & Gehalt (d/m/w) - Onboarding & Stammdaten,Lexware,"Freiburg, Baden-Württemberg, Germany",LinkedIn,https://de.linkedin.com/jobs/view/senior-full-stack-entwickler-in-lohn-gehalt-d-m-w-onboarding-stammdaten-at-lexware-4294995904?position=28&pageNum=0&refId=f5bjVU56L8DIk3IUqTmfYg%3D%3D&trackingId=Dk%2FF8cTF2xsoS3MDan8ATQ%3D%3D,Not specified,2025-09-30 11:23:35.751308,2025-09-25,,de.linkedin.com/jobs/view/senior-full-stack-entwickler-in-lohn-gehalt-d-m-w-onboarding-stammdaten-at-lexware-4294995904
Enterprise Architect (d/m/w),Haufe Group,"Freiburg, Baden-Württemberg, Germany",LinkedIn,https://de.linkedin.com/jobs/view/enterprise-architect-d-m-w-at-haufe-group-4294613823?position=29&pageNum=0&refId=f5bjVU56L8DIk3IUqTmfYg%3D%3D&trackingId=ndTALzsu9aP%2BJNjkfcwCiQ%3D%3D,Not specified,2025-09-30 11:23:35.751443,2025-09-24,,de.linkedin.com/jobs/view/enterprise-architect-d-m-w-at-haufe-group-4294613823
Développeur Drupal (H-F),Actimage,"Colmar, Grand Est, France",LinkedIn,https://fr.linkedin.com/jobs/view/d%C3%A9veloppeur-drupal-h-f-at-actimage-4304053903?position=34&pageNum=0&refId=f5bjVU56L8DIk3IUqTmfYg%3D%3D&trackingId=2QH8Yj7OVFY85aaolDoGYA%3D%3D,Not specified,2025-09-30 11:23:35.752125,2025-09-23,,fr.linkedin.com/jobs/view/d%C3%A9veloppeur-drupal-h-f-at-actimage-4304053903
Lead Développeur Drupal (H-F),Actimage,"Colmar, Grand Est, France",LinkedIn,https://fr.linkedin.com/jobs/view/lead-d%C3%A9veloppeur-drupal-h-f-at-actimage-4304071694?position=35&pageNum=0&refId=f5bjVU56L8DIk3IUqTmfYg%3D%3D&trackingId=OrTHJ7sY4yhAY4B7Cxcy3A%3D%3D,Not specified,2025-09-30 11:23:35.752264,2025-09-23,,fr.linkedin.com/jobs/view/lead-d%C3%A9veloppeur-drupal-h-f-at-actimage-4304071694
Senior Machine Learning / AI Engineer (all genders),adesso SE,"Nuremberg, Bavaria, Germany",LinkedIn,https://de.linkedin.com/jobs/view/senior-machine-learning-ai-engineer-all-genders-at-adesso-se-3961464673?position=1&pageNum=0&refId=2Ae3OBajH46B6MD9Fw7tiA%3D%3D&trackingId=m7M9Ee3AsHTj9YOQOjmrbA%3D%3D,Not specified,2025-09-30 11:23:38.629133,2025-09-25,,de.linkedin.com/jobs/view/senior-machine-learning-ai-engineer-all-genders-at-adesso-se-3961464673
Solution Engineer (w/m/d),duagon,"Nuremberg, Bavaria, Germany",LinkedIn,https://de.linkedin.com/jobs/view/solution-engineer-w-m-d-at-duagon-4306223283?position=5&pageNum=0&refId=2Ae3OBajH46B6MD9Fw7tiA%3D%3D&trackingId=NoXwkIZU4DlKs38%2FZE8Sqw%3D%3D,Not specified,2025-09-30 11:23:38.629692,2025-09-25,,de.linkedin.com/jobs/view/solution-engineer-w-m-d-at-duagon-4306223283
Softwareentwickler für R&D-Prototypen (m/w/d),ISO-Gruppe,"Forchheim, Bavaria, Germany",LinkedIn,https://de.linkedin.com/jobs/view/softwareentwickler-f%C3%BCr-r-d-prototypen-m-w-d-at-iso-gruppe-4305548976?position=6&pageNum=0&refId=2Ae3OBajH46B6MD9Fw7tiA%3D%3D&trackingId=d474vjo9cw6Lm%2BxY8dsyKw%3D%3D,Not specified,2025-09-30 11:23:38.629826,2025-09-24,,de.linkedin.com/jobs/view/softwareentwickler-f%C3%BCr-r-d-prototypen-m-w-d-at-iso-gruppe-4305548976
Requirements Engineer (m/f/d) für Luftverteidigungssysteme,Da Vinci Engineering GmbH,"Nuremberg, Bavaria, Germany",LinkedIn,https://de.linkedin.com/jobs/view/requirements-engineer-m-f-d-f%C3%BCr-luftverteidigungssysteme-at-da-vinci-engineering-gmbh-4304385414?position=7&pageNum=0&refId=2Ae3OBajH46B6MD9Fw7tiA%3D%3D&trackingId=GI6eJPRatU8r5jvy%2BHTsQg%3D%3D,Not specified,2025-09-30 11:23:38.629953,2025-09-24,,de.linkedin.com/jobs/view/requirements-engineer-m-f-d-f%C3%BCr-luftverteidigungssysteme-at-da-vinci-engineering-gmbh-4304385414
Java Backend Engineer (all gender),ALTEN Germany,"Nuremberg, Bavaria, Germany",LinkedIn,https://de.linkedin.com/jobs/view/java-backend-engineer-all-gender-at-alten-germany-4304864937?position=8&pageNum=0&refId=2Ae3OBajH46B6MD9Fw7tiA%3D%3D&trackingId=wroW7aY014i72EAc8tVcGw%3D%3D,Not specified,2025-09-30 11:23:38.630080,2025-09-25,,de.linkedin.com/jobs/view/java-backend-engineer-all-gender-at-alten-germany-4304864937
Front-End-Entwickler:in,OrgaCard Siemantel & Alt GmbH,Greater Nuremberg Metropolitan Area,LinkedIn,https://de.linkedin.com/jobs/view/front-end-entwickler-in-at-orgacard-siemantel-alt-gmbh-4304652513?position=11&pageNum=0&refId=2Ae3OBajH46B6MD9Fw7tiA%3D%3D&trackingId=k5U3YLXscE3OOer2s%2FVc7Q%3D%3D,Not specified,2025-09-30 11:23:38.630462,2025-09-23,,de.linkedin.com/jobs/view/front-end-entwickler-in-at-orgacard-siemantel-alt-gmbh-4304652513
(Junior) Statistician / Statistical Consultant (m/f/d) - German speaker,NielsenIQ,"Nuremberg, Bavaria, Germany",LinkedIn,https://de.linkedin.com/jobs/view/junior-statistician-statistical-consultant-m-f-d-german-speaker-at-nielseniq-4295319978?position=12&pageNum=0&refId=2Ae3OBajH46B6MD9Fw7tiA%3D%3D&trackingId=q%2Fl0swchXu%2BRArcIiuechQ%3D%3D,Not specified,2025-09-30 11:23:38.630588,2025-09-25,,de.linkedin.com/jobs/view/junior-statistician-statistical-consultant-m-f-d-german-speaker-at-nielseniq-4295319978
Solution Engineer (m/w/d),Körber Supply Chain,"Nuremberg, Bavaria, Germany",LinkedIn,https://de.linkedin.com/jobs/view/solution-engineer-m-w-d-at-k%C3%B6rber-supply-chain-4296434350?position=15&pageNum=0&refId=2Ae3OBajH46B6MD9Fw7tiA%3D%3D&trackingId=rhoaxIBmAOo8NO7SAaIdJg%3D%3D,Not specified,2025-09-30 11:23:38.630964,2025-09-27,,de.linkedin.com/jobs/view/solution-engineer-m-w-d-at-k%C3%B6rber-supply-chain-4296434350
C++ Developer - Exciting Company,Optimus Search,"Nuremberg, Bavaria, Germany",LinkedIn,https://de.linkedin.com/jobs/view/c%2B%2B-developer-exciting-company-at-optimus-search-4305379120?position=16&pageNum=0&refId=2Ae3OBajH46B6MD9Fw7tiA%3D%3D&trackingId=7zXEWTRqUStiCuWZxdqCYg%3D%3D,Not specified,2025-09-30 11:23:38.631091,2025-09-29,,de.linkedin.com/jobs/view/c%2B%2B-developer-exciting-company-at-optimus-search-4305379120
Senior Developer (m/w/d) - Big Data Platform,Conrad Electronic Group,"Hirschau, Bavaria, Germany",LinkedIn,https://de.linkedin.com/jobs/view/senior-developer-m-w-d-big-data-platform-at-conrad-electronic-group-4222485381?position=17&pageNum=0&refId=2Ae3OBajH46B6MD9Fw7tiA%3D%3D&trackingId=11wy5SEfpn4G%2B2sN6k9q6Q%3D%3D,Not specified,2025-09-30 11:23:38.631217,2025-09-26,,de.linkedin.com/jobs/view/senior-developer-m-w-d-big-data-platform-at-conrad-electronic-group-4222485381
Softwareentwickler (m/w/d) Automation,DEPRAG SCHULZ GMBH u. CO. KG,"Amberg, Bavaria, Germany",LinkedIn,https://de.linkedin.com/jobs/view/softwareentwickler-m-w-d-automation-at-deprag-schulz-gmbh-u-co-kg-4307161391?position=18&pageNum=0&refId=2Ae3OBajH46B6MD9Fw7tiA%3D%3D&trackingId=bPh%2FoR39lCdX%2FrcRl4x4CA%3D%3D,Not specified,2025-09-30 11:23:38.631343,2025-09-28,,de.linkedin.com/jobs/view/softwareentwickler-m-w-d-automation-at-deprag-schulz-gmbh-u-co-kg-4307161391
(Senior) Frontend Entwickler (all gender),ALTEN Germany,"Nuremberg, Bavaria, Germany",LinkedIn,https://de.linkedin.com/jobs/view/senior-frontend-entwickler-all-gender-at-alten-germany-4304864390?position=19&pageNum=0&refId=2Ae3OBajH46B6MD9Fw7tiA%3D%3D&trackingId=Gd%2FSd11qfGHH7bOc7k1fvw%3D%3D,Not specified,2025-09-30 11:23:38.631469,2025-09-25,,de.linkedin.com/jobs/view/senior-frontend-entwickler-all-gender-at-alten-germany-4304864390
Software Developer Datenmigration (all genders),adesso SE,"Nuremberg, Bavaria, Germany",LinkedIn,https://de.linkedin.com/jobs/view/software-developer-datenmigration-all-genders-at-adesso-se-4294592658?position=20&pageNum=0&refId=2Ae3OBajH46B6MD9Fw7tiA%3D%3D&trackingId=1xNa3nV8MtTiVCMEqeRjsA%3D%3D,Not specified,2025-09-30 11:23:38.631595,2025-09-25,,de.linkedin.com/jobs/view/software-developer-datenmigration-all-genders-at-adesso-se-4294592658
Software Developer Datenmigration (all genders),adesso insurance solutions GmbH,"Nuremberg, Bavaria, Germany",LinkedIn,https://de.linkedin.com/jobs/view/software-developer-datenmigration-all-genders-at-adesso-insurance-solutions-gmbh-4294590996?position=21&pageNum=0&refId=2Ae3OBajH46B6MD9Fw7tiA%3D%3D&trackingId=PidUwxTiBUZkeaUggiPrAg%3D%3D,Not specified,2025-09-30 11:23:38.631720,2025-09-25,,de.linkedin.com/jobs/view/software-developer-datenmigration-all-genders-at-adesso-insurance-solutions-gmbh-4294590996
LabView Programmierer (m/w/d),Landis+Gyr,"Nuremberg, Bavaria, Germany",LinkedIn,https://de.linkedin.com/jobs/view/labview-programmierer-m-w-d-at-landis%2Bgyr-4260919535?position=22&pageNum=0&refId=2Ae3OBajH46B6MD9Fw7tiA%3D%3D&trackingId=kE3RU31wcA78Xg9JEAoh3A%3D%3D,Not specified,2025-09-30 11:23:38.631847,2025-09-29,,de.linkedin.com/jobs/view/labview-programmierer-m-w-d-at-landis%2Bgyr-4260919535
Spezialist CSV (m/w/d),SymBio.,Greater Nuremberg Metropolitan Area,LinkedIn,https://de.linkedin.com/jobs/view/spezialist-csv-m-w-d-at-symbio-4259507656?position=23&pageNum=0&refId=2Ae3OBajH46B6MD9Fw7tiA%3D%3D&trackingId=%2BCKZ%2B0kzMBsobnjAXlRmgQ%3D%3D,Not specified,2025-09-30 11:23:38.631973,2025-09-26,,de.linkedin.com/jobs/view/spezialist-csv-m-w-d-at-symbio-4259507656
Software Entwickler C# - Frontend / Backend / .NET / Industrie 4.0 (m/w/d),WAGNER Informatik GmbH,"Nuremberg, Bavaria, Germany",LinkedIn,https://de.linkedin.com/jobs/view/software-entwickler-c%23-frontend-backend-net-industrie-4-0-m-w-d-at-wagner-informatik-gmbh-4303461218?position=24&pageNum=0&refId=2Ae3OBajH46B6MD9Fw7tiA%3D%3D&trackingId=c619L%2FqFn47kl02eOCk3Eg%3D%3D,Not specified,2025-09-30 11:23:38.632100,2025-09-25,,de.linkedin.com/jobs/view/software-entwickler-c%23-frontend-backend-net-industrie-4-0-m-w-d-at-wagner-informatik-gmbh-4303461218
"Fullstack-Entwickler(m/w/d)* C#, .NET, Vue.js",Bissantz,"Nuremberg, Bavaria, Germany",LinkedIn,https://de.linkedin.com/jobs/view/fullstack-entwickler-m-w-d-c%23-net-vue-js-at-bissantz-4306630438?position=25&pageNum=0&refId=2Ae3OBajH46B6MD9Fw7tiA%3D%3D&trackingId=aDA1QhtzRRXvlwc81vSX%2Fg%3D%3D,Not specified,2025-09-30 11:23:38.632228,2025-09-29,,de.linkedin.com/jobs/view/fullstack-entwickler-m-w-d-c%23-net-vue-js-at-bissantz-4306630438
(Senior) Backend Engineer | Full Time (m/w/d),CONROO,"Nuremberg, Bavaria, Germany",LinkedIn,https://de.linkedin.com/jobs/view/senior-backend-engineer-full-time-m-w-d-at-conroo-4305309590?position=28&pageNum=0&refId=2Ae3OBajH46B6MD9Fw7tiA%3D%3D&trackingId=xwT7dbqtn984CFcKvaPmHQ%3D%3D,Not specified,2025-09-30 11:23:38.632608,2025-09-29,,de.linkedin.com/jobs/view/senior-backend-engineer-full-time-m-w-d-at-conroo-4305309590
Angular Frontend Engineer (all gender),ALTEN Germany,"Nuremberg, Bavaria, Germany",LinkedIn,https://de.linkedin.com/jobs/view/angular-frontend-engineer-all-gender-at-alten-germany-4304870764?position=31&pageNum=0&refId=2Ae3OBajH46B6MD9Fw7tiA%3D%3D&trackingId=E5Yh0aaFNdvAnYb6w%2FeifA%3D%3D,Not specified,2025-09-30 11:23:38.632987,2025-09-25,,de.linkedin.com/jobs/view/angular-frontend-engineer-all-gender-at-alten-germany-4304870764
Lead Platform Engineer (/nb),Instaffo,"Hirschau, Bavaria, Germany",LinkedIn,https://de.linkedin.com/jobs/view/lead-platform-engineer-nb-at-instaffo-4305555906?position=32&pageNum=0&refId=2Ae3OBajH46B6MD9Fw7tiA%3D%3D&trackingId=K3eQhWrfv36NAR7SpRT2JA%3D%3D,Not specified,2025-09-30 11:23:38.633113,2025-09-24,,de.linkedin.com/jobs/view/lead-platform-engineer-nb-at-instaffo-4305555906
MuleSoft Developer (all genders),adesso SE,"Nuremberg, Bavaria, Germany",LinkedIn,https://de.linkedin.com/jobs/view/mulesoft-developer-all-genders-at-adesso-se-3961464617?position=33&pageNum=0&refId=2Ae3OBajH46B6MD9Fw7tiA%3D%3D&trackingId=jrfbhnPOqiuZP9Jl1L5z1w%3D%3D,Not specified,2025-09-30 11:23:38.633238,2025-09-23,,de.linkedin.com/jobs/view/mulesoft-developer-all-genders-at-adesso-se-3961464617
Linux Engineer (m/w/d),BWI GmbH,"Nuremberg, Bavaria, Germany",LinkedIn,https://de.linkedin.com/jobs/view/linux-engineer-m-w-d-at-bwi-gmbh-4280426292?position=40&pageNum=0&refId=2Ae3OBajH46B6MD9Fw7tiA%3D%3D&trackingId=du4ICiKnNbXByoKn1rbxAA%3D%3D,Not specified,2025-09-30 11:23:38.634119,2025-09-24,,de.linkedin.com/jobs/view/linux-engineer-m-w-d-at-bwi-gmbh-4280426292
Entwickler für embedded Linux (w/m/div.),KEENFINITY Group,"Nuremberg, Bavaria, Germany",LinkedIn,https://de.linkedin.com/jobs/view/entwickler-f%C3%BCr-embedded-linux-w-m-div-at-keenfinity-group-4306777126?position=42&pageNum=0&refId=2Ae3OBajH46B6MD9Fw7tiA%3D%3D&trackingId=IYc4C0b2BkWtQII%2Fp%2F%2BysQ%3D%3D,Not specified,2025-09-30 11:23:38.634370,2025-09-26,,de.linkedin.com/jobs/view/entwickler-f%C3%BCr-embedded-linux-w-m-div-at-keenfinity-group-4306777126
IT Developer DACH (m/w/d),Movianto Deutschland GmbH,"Neunkirchen, Bavaria, Germany",LinkedIn,https://de.linkedin.com/jobs/view/it-developer-dach-m-w-d-at-movianto-deutschland-gmbh-4305446507?position=45&pageNum=0&refId=2Ae3OBajH46B6MD9Fw7tiA%3D%3D&trackingId=QaCFtttZI4zqgvnafHA6Jg%3D%3D,Not specified,2025-09-30 11:23:38.634746,2025-09-26,,de.linkedin.com/jobs/view/it-developer-dach-m-w-d-at-movianto-deutschland-gmbh-4305446507
Software Architect (m/w/d),ISO-Gruppe,"Nuremberg, Bavaria, Germany",LinkedIn,https://de.linkedin.com/jobs/view/software-architect-m-w-d-at-iso-gruppe-4304877079?position=48&pageNum=0&refId=2Ae3OBajH46B6MD9Fw7tiA%3D%3D&trackingId=%2FxWiFKeUo2zx5zybqU5orQ%3D%3D,Not specified,2025-09-30 11:23:38.635122,2025-09-25,,de.linkedin.com/jobs/view/software-architect-m-w-d-at-iso-gruppe-4304877079
Software Architekt:in (m/w/d),QualityMinds GmbH,"Nuremberg, Bavaria, Germany",LinkedIn,https://de.linkedin.com/jobs/view/software-architekt-in-m-w-d-at-qualityminds-gmbh-4305336120?position=50&pageNum=0&refId=2Ae3OBajH46B6MD9Fw7tiA%3D%3D&trackingId=C%2BF3XZjTTMasOzSPqhDMIw%3D%3D,Not specified,2025-09-30 11:23:38.635384,2025-09-29,,de.linkedin.com/jobs/view/software-architekt-in-m-w-d-at-qualityminds-gmbh-4305336120
Systems Engineer – Business Applications (m/w/d),BWI GmbH,"Nuremberg, Bavaria, Germany",LinkedIn,https://de.linkedin.com/jobs/view/systems-engineer-%E2%80%93-business-applications-m-w-d-at-bwi-gmbh-4295958890?position=51&pageNum=0&refId=2Ae3OBajH46B6MD9Fw7tiA%3D%3D&trackingId=476XQpqUmFl3D9C6OX%2BHDg%3D%3D,Not specified,2025-09-30 11:23:38.635500,2025-09-26,,de.linkedin.com/jobs/view/systems-engineer-%E2%80%93-business-applications-m-w-d-at-bwi-gmbh-4295958890
Cloud Data Engineer - Databricks (all genders),adesso SE,"Nuremberg, Bavaria, Germany",LinkedIn,https://de.linkedin.com/jobs/view/cloud-data-engineer-databricks-all-genders-at-adesso-se-4139516932?position=56&pageNum=0&refId=2Ae3OBajH46B6MD9Fw7tiA%3D%3D&trackingId=jVmrTrRgY6ptLBA3EZ%2Bomg%3D%3D,Not specified,2025-09-30 11:23:38.636090,2025-09-25,,de.linkedin.com/jobs/view/cloud-data-engineer-databricks-all-genders-at-adesso-se-4139516932
(Junior) Data Scientist (m/w/d) – Fokus auf Large Language Models (LLMs) und GenAI Mietwagen,CHECK24 Vergleichsportal GmbH,"Augsburg, Bavaria, Germany",LinkedIn,https://de.linkedin.com/jobs/view/junior-data-scientist-m-w-d-%E2%80%93-fokus-auf-large-language-models-llms-und-genai-mietwagen-at-check24-vergleichsportal-gmbh-4305256100?position=1&pageNum=0&refId=FSnx0HKmg7g%2Bi0LFTjIrcA%3D%3D&trackingId=I6l9Kid88ZZPgc3CY5553Q%3D%3D,Not specified,2025-09-30 11:23:41.517584,2025-09-25,,de.linkedin.com/jobs/view/junior-data-scientist-m-w-d-%E2%80%93-fokus-auf-large-language-models-llms-und-genai-mietwagen-at-check24-vergleichsportal-gmbh-4305256100
AI Solution Engineer (m/w/d),Güntner,"Fürstenfeldbruck, Bavaria, Germany",LinkedIn,https://de.linkedin.com/jobs/view/ai-solution-engineer-m-w-d-at-g%C3%BCntner-4308101570?position=2&pageNum=0&refId=FSnx0HKmg7g%2Bi0LFTjIrcA%3D%3D&trackingId=tzAV6LpEh5fnKJivN08%2Bag%3D%3D,Not specified,2025-09-30 11:23:41.517735,2025-09-29,,de.linkedin.com/jobs/view/ai-solution-engineer-m-w-d-at-g%C3%BCntner-4308101570
Principal AI Engineer (m/w/d),Güntner,"Fürstenfeldbruck, Bavaria, Germany",LinkedIn,https://de.linkedin.com/jobs/view/principal-ai-engineer-m-w-d-at-g%C3%BCntner-4305494060?position=3&pageNum=0&refId=FSnx0HKmg7g%2Bi0LFTjIrcA%3D%3D&trackingId=oBPLTKceB3dS%2F0DjFQFuvg%3D%3D,Not specified,2025-09-30 11:23:41.517877,2025-09-26,,de.linkedin.com/jobs/view/principal-ai-engineer-m-w-d-at-g%C3%BCntner-4305494060
Abschlussarbeit,MBDA Deutschland,"Schrobenhausen, Bavaria, Germany",LinkedIn,https://de.linkedin.com/jobs/view/abschlussarbeit-at-mbda-deutschland-4306246270?position=4&pageNum=0&refId=FSnx0HKmg7g%2Bi0LFTjIrcA%3D%3D&trackingId=fLruKeSh5Khj0MGsZQyNAw%3D%3D,Not specified,2025-09-30 11:23:41.518020,2025-09-25,,de.linkedin.com/jobs/view/abschlussarbeit-at-mbda-deutschland-4306246270
Junior Full Stack Entwickler (Augsburg),Zero to One Search | Recruitment Agency,"Augsburg, Bavaria, Germany",LinkedIn,https://de.linkedin.com/jobs/view/junior-full-stack-entwickler-augsburg-at-zero-to-one-search-recruitment-agency-4305383351?position=5&pageNum=0&refId=FSnx0HKmg7g%2Bi0LFTjIrcA%3D%3D&trackingId=RU1iE7%2BEDzt5%2Bmctjvskpg%3D%3D,Not specified,2025-09-30 11:23:41.518158,2025-09-29,,de.linkedin.com/jobs/view/junior-full-stack-entwickler-augsburg-at-zero-to-one-search-recruitment-agency-4305383351
(Junior) Software Entwickler (m/w/d) Camper,CHECK24 Vergleichsportal GmbH,"Augsburg, Bavaria, Germany",LinkedIn,https://de.linkedin.com/jobs/view/junior-software-entwickler-m-w-d-camper-at-check24-vergleichsportal-gmbh-4305732586?position=6&pageNum=0&refId=FSnx0HKmg7g%2Bi0LFTjIrcA%3D%3D&trackingId=EDDbr2DK76vFxp9ETmnPZQ%3D%3D,Not specified,2025-09-30 11:23:41.518297,2025-09-26,,de.linkedin.com/jobs/view/junior-software-entwickler-m-w-d-camper-at-check24-vergleichsportal-gmbh-4305732586
German-Speaking Data Annotator (Long-Term Project),GODA AI,"Augsburg, Bavaria, Germany",LinkedIn,https://de.linkedin.com/jobs/view/german-speaking-data-annotator-long-term-project-at-goda-ai-4308177294?position=9&pageNum=0&refId=FSnx0HKmg7g%2Bi0LFTjIrcA%3D%3D&trackingId=H4ovMjP%2F7THbmM8g4WfYbw%3D%3D,Not specified,2025-09-30 11:23:41.518716,2025-09-30,,de.linkedin.com/jobs/view/german-speaking-data-annotator-long-term-project-at-goda-ai-4308177294
Embedded Software Developer (m/w/d),Güntner,"Fürstenfeldbruck, Bavaria, Germany",LinkedIn,https://de.linkedin.com/jobs/view/embedded-software-developer-m-w-d-at-g%C3%BCntner-4306895450?position=11&pageNum=0&refId=FSnx0HKmg7g%2Bi0LFTjIrcA%3D%3D&trackingId=UAyIEgKtD9%2BBFfznweY9bg%3D%3D,Not specified,2025-09-30 11:23:41.518980,2025-09-27,,de.linkedin.com/jobs/view/embedded-software-developer-m-w-d-at-g%C3%BCntner-4306895450
Data Analyst Sensorik und Motorentechnik (all gender),ALTEN Germany,"Augsburg, Bavaria, Germany",LinkedIn,https://de.linkedin.com/jobs/view/data-analyst-sensorik-und-motorentechnik-all-gender-at-alten-germany-4302601667?position=13&pageNum=0&refId=FSnx0HKmg7g%2Bi0LFTjIrcA%3D%3D&trackingId=NVoqCDQ5p%2F8VfZmBxWoWvQ%3D%3D,Not specified,2025-09-30 11:23:41.519236,2025-09-26,,de.linkedin.com/jobs/view/data-analyst-sensorik-und-motorentechnik-all-gender-at-alten-germany-4302601667
Senior React Developer*in (m/w/d),swa Netze GmbH,"Augsburg, Bavaria, Germany",LinkedIn,https://de.linkedin.com/jobs/view/senior-react-developer-in-m-w-d-at-swa-netze-gmbh-4305865481?position=14&pageNum=0&refId=FSnx0HKmg7g%2Bi0LFTjIrcA%3D%3D&trackingId=akdWmkZb5K8ZYtMt%2BXgGaQ%3D%3D,Not specified,2025-09-30 11:23:41.519364,2025-09-30,,de.linkedin.com/jobs/view/senior-react-developer-in-m-w-d-at-swa-netze-gmbh-4305865481
Associate Systems Engineer,Ambu A/S,"Augsburg, Bavaria, Germany",LinkedIn,https://de.linkedin.com/jobs/view/associate-systems-engineer-at-ambu-a-s-4259978597?position=17&pageNum=0&refId=FSnx0HKmg7g%2Bi0LFTjIrcA%3D%3D&trackingId=4c1y3mJ9fFLlQ%2FfPqcRWog%3D%3D,Not specified,2025-09-30 11:23:41.519741,2025-09-26,,de.linkedin.com/jobs/view/associate-systems-engineer-at-ambu-a-s-4259978597
(Junior) Softwareentwickler (m/w/d) in der Reise CTO Taskforce Mietwagen,CHECK24 Vergleichsportal GmbH,"Augsburg, Bavaria, Germany",LinkedIn,https://de.linkedin.com/jobs/view/junior-softwareentwickler-m-w-d-in-der-reise-cto-taskforce-mietwagen-at-check24-vergleichsportal-gmbh-4305725699?position=20&pageNum=0&refId=FSnx0HKmg7g%2Bi0LFTjIrcA%3D%3D&trackingId=X9cN1P%2FqxdGcz9IWJTK3cA%3D%3D,Not specified,2025-09-30 11:23:41.520108,2025-09-26,,de.linkedin.com/jobs/view/junior-softwareentwickler-m-w-d-in-der-reise-cto-taskforce-mietwagen-at-check24-vergleichsportal-gmbh-4305725699
Systems Engineer,Ambu A/S,"Augsburg, Bavaria, Germany",LinkedIn,https://de.linkedin.com/jobs/view/systems-engineer-at-ambu-a-s-4259980330?position=22&pageNum=0&refId=FSnx0HKmg7g%2Bi0LFTjIrcA%3D%3D&trackingId=w%2F%2FnQiJ9sooO4rIyEhwFTw%3D%3D,Not specified,2025-09-30 11:23:41.520362,2025-09-26,,de.linkedin.com/jobs/view/systems-engineer-at-ambu-a-s-4259980330
Senior Software Architect Conversational AI (all genders),adesso SE,"Augsburg, Bavaria, Germany",LinkedIn,https://de.linkedin.com/jobs/view/senior-software-architect-conversational-ai-all-genders-at-adesso-se-4079467134?position=24&pageNum=0&refId=FSnx0HKmg7g%2Bi0LFTjIrcA%3D%3D&trackingId=sN0l5ivAdm5jnN1wUFPaKg%3D%3D,Not specified,2025-09-30 11:23:41.520606,2025-09-29,,de.linkedin.com/jobs/view/senior-software-architect-conversational-ai-all-genders-at-adesso-se-4079467134
Senior Engineer Embedded Software & Firmware (f/m/div),Infineon Technologies,"Augsburg, Bavaria, Germany",LinkedIn,https://de.linkedin.com/jobs/view/senior-engineer-embedded-software-firmware-f-m-div-at-infineon-technologies-4305277278?position=27&pageNum=0&refId=FSnx0HKmg7g%2Bi0LFTjIrcA%3D%3D&trackingId=fe0ngChu7JKrZZpRGtBx6g%3D%3D,Not specified,2025-09-30 11:23:41.520980,2025-09-26,,de.linkedin.com/jobs/view/senior-engineer-embedded-software-firmware-f-m-div-at-infineon-technologies-4305277278
Senior Full-Stack Developer (Java/Angular) (m/f/d) - Augsburg or Bucharest,IGEL Technology,"Augsburg, Bavaria, Germany",LinkedIn,https://de.linkedin.com/jobs/view/senior-full-stack-developer-java-angular-m-f-d-augsburg-or-bucharest-at-igel-technology-4304890147?position=29&pageNum=0&refId=FSnx0HKmg7g%2Bi0LFTjIrcA%3D%3D&trackingId=mHMXVvFfchAmAv8w5Wn2yw%3D%3D,Not specified,2025-09-30 11:23:41.521231,2025-09-25,,de.linkedin.com/jobs/view/senior-full-stack-developer-java-angular-m-f-d-augsburg-or-bucharest-at-igel-technology-4304890147
Cloud Data Engineer - Databricks (all genders),adesso SE,"Augsburg, Bavaria, Germany",LinkedIn,https://de.linkedin.com/jobs/view/cloud-data-engineer-databricks-all-genders-at-adesso-se-4139516930?position=30&pageNum=0&refId=FSnx0HKmg7g%2Bi0LFTjIrcA%3D%3D&trackingId=Qh0UKW%2B8AWeWuV5na%2FvCHg%3D%3D,Not specified,2025-09-30 11:23:41.521356,2025-09-25,,de.linkedin.com/jobs/view/cloud-data-engineer-databricks-all-genders-at-adesso-se-4139516930
Senior Software Architect (Java) (m/f/d) –  Assistant to Lead Software Architect Endpoint Management (m/f/d),IGEL Technology,"Augsburg, Bavaria, Germany",LinkedIn,https://de.linkedin.com/jobs/view/senior-software-architect-java-m-f-d-%E2%80%93-assistant-to-lead-software-architect-endpoint-management-m-f-d-at-igel-technology-4306611681?position=32&pageNum=0&refId=FSnx0HKmg7g%2Bi0LFTjIrcA%3D%3D&trackingId=ohVSEyNq83MI6oW7qfUaDQ%3D%3D,Not specified,2025-09-30 11:23:41.521606,2025-09-29,,de.linkedin.com/jobs/view/senior-software-architect-java-m-f-d-%E2%80%93-assistant-to-lead-software-architect-endpoint-management-m-f-d-at-igel-technology-4306611681
Business Analytics Specialist Tableau (all genders),adesso SE,"Augsburg, Bavaria, Germany",LinkedIn,https://de.linkedin.com/jobs/view/business-analytics-specialist-tableau-all-genders-at-adesso-se-4203244352?position=34&pageNum=0&refId=FSnx0HKmg7g%2Bi0LFTjIrcA%3D%3D&trackingId=UtEN84pg%2Fq1ndaT%2BixRBBQ%3D%3D,Not specified,2025-09-30 11:23:41.521858,2025-09-26,,de.linkedin.com/jobs/view/business-analytics-specialist-tableau-all-genders-at-adesso-se-4203244352
Senior Full-Stack Softwareentwickler .NET (w/m/d),inovoo GmbH,"Augsburg, Bavaria, Germany",LinkedIn,https://de.linkedin.com/jobs/view/senior-full-stack-softwareentwickler-net-w-m-d-at-inovoo-gmbh-4304218005?position=35&pageNum=0&refId=FSnx0HKmg7g%2Bi0LFTjIrcA%3D%3D&trackingId=sOnTsjCWeVADjsu5Vdh9zg%3D%3D,Not specified,2025-09-30 11:23:41.521982,2025-09-26,,de.linkedin.com/jobs/view/senior-full-stack-softwareentwickler-net-w-m-d-at-inovoo-gmbh-4304218005
Software Developer Dynamics Finance & Supply Chain Management (all genders),adesso SE,"Augsburg, Bavaria, Germany",LinkedIn,https://de.linkedin.com/jobs/view/software-developer-dynamics-finance-supply-chain-management-all-genders-at-adesso-se-4044827675?position=39&pageNum=0&refId=FSnx0HKmg7g%2Bi0LFTjIrcA%3D%3D&trackingId=zh2rRGSWHzTrQ%2FpIonmd1A%3D%3D,Not specified,2025-09-30 11:23:41.522477,2025-09-24,,de.linkedin.com/jobs/view/software-developer-dynamics-finance-supply-chain-management-all-genders-at-adesso-se-4044827675
Software Architect Java (all genders),adesso SE,"Augsburg, Bavaria, Germany",LinkedIn,https://de.linkedin.com/jobs/view/software-architect-java-all-genders-at-adesso-se-4295729837?position=40&pageNum=0&refId=FSnx0HKmg7g%2Bi0LFTjIrcA%3D%3D&trackingId=urbL2Rh3KQfJR9jfmJCE9A%3D%3D,Not specified,2025-09-30 11:23:41.522601,2025-09-26,,de.linkedin.com/jobs/view/software-architect-java-all-genders-at-adesso-se-4295729837
Snowflake Data Engineer (all genders),adesso SE,"Augsburg, Bavaria, Germany",LinkedIn,https://de.linkedin.com/jobs/view/snowflake-data-engineer-all-genders-at-adesso-se-4247159086?position=42&pageNum=0&refId=FSnx0HKmg7g%2Bi0LFTjIrcA%3D%3D&trackingId=YA6mIE0dE1dPbTrm8rIu9A%3D%3D,Not specified,2025-09-30 11:23:41.522850,2025-09-28,,de.linkedin.com/jobs/view/snowflake-data-engineer-all-genders-at-adesso-se-4247159086
Senior Software Architect Java (all genders),adesso SE,"Augsburg, Bavaria, Germany",LinkedIn,https://de.linkedin.com/jobs/view/senior-software-architect-java-all-genders-at-adesso-se-3733755041?position=46&pageNum=0&refId=FSnx0HKmg7g%2Bi0LFTjIrcA%3D%3D&trackingId=5iaVtY5qKTrPqXsD4kcVdw%3D%3D,Not specified,2025-09-30 11:23:41.523348,2025-09-23,,de.linkedin.com/jobs/view/senior-software-architect-java-all-genders-at-adesso-se-3733755041
Sachbearbeiter Energiedatenmanagement (m/w/d),Stadtwerke Fürstenfeldbruck GmbH,"Fürstenfeldbruck, Bavaria, Germany",LinkedIn,https://de.linkedin.com/jobs/view/sachbearbeiter-energiedatenmanagement-m-w-d-at-stadtwerke-f%C3%BCrstenfeldbruck-gmbh-4306484098?position=47&pageNum=0&refId=FSnx0HKmg7g%2Bi0LFTjIrcA%3D%3D&trackingId=QDxWYc%2F%2FlCFhPjCu3enfjQ%3D%3D,Not specified,2025-09-30 11:23:41.523473,2025-09-26,,de.linkedin.com/jobs/view/sachbearbeiter-energiedatenmanagement-m-w-d-at-stadtwerke-f%C3%BCrstenfeldbruck-gmbh-4306484098
Senior Data Analyst (all genders),adesso SE,"Augsburg, Bavaria, Germany",LinkedIn,https://de.linkedin.com/jobs/view/senior-data-analyst-all-genders-at-adesso-se-4203243384?position=49&pageNum=0&refId=FSnx0HKmg7g%2Bi0LFTjIrcA%3D%3D&trackingId=iw%2B5fDWdOABFJVqGHo%2BckA%3D%3D,Not specified,2025-09-30 11:23:41.523723,2025-09-26,,de.linkedin.com/jobs/view/senior-data-analyst-all-genders-at-adesso-se-4203243384
"Senior Consultant Business Intelligence, Data & Analytics (all genders)",adesso SE,"Augsburg, Bavaria, Germany",LinkedIn,https://de.linkedin.com/jobs/view/senior-consultant-business-intelligence-data-analytics-all-genders-at-adesso-se-4203241474?position=50&pageNum=0&refId=FSnx0HKmg7g%2Bi0LFTjIrcA%3D%3D&trackingId=DmSF5948Yt16wf7FDrdjbw%3D%3D,Not specified,2025-09-30 11:23:41.523846,2025-09-25,,de.linkedin.com/jobs/view/senior-consultant-business-intelligence-data-analytics-all-genders-at-adesso-se-4203241474
Computational Engineer – Workflow Applications (m/w/d),FAU Erlangen-Nürnberg,"Erlangen, Bavaria, Germany",LinkedIn,https://de.linkedin.com/jobs/view/computational-engineer-%E2%80%93-workflow-applications-m-w-d-at-fau-erlangen-n%C3%BCrnberg-4308031675?position=6&pageNum=0&refId=PyIzp3cuQDKGJftgCHTPgg%3D%3D&trackingId=mB3QKHP3Z1nPzO%2BQjbLz%2Fg%3D%3D,Not specified,2025-09-30 11:23:44.467716,2025-09-29,,de.linkedin.com/jobs/view/computational-engineer-%E2%80%93-workflow-applications-m-w-d-at-fau-erlangen-n%C3%BCrnberg-4308031675
Cloud-Entwickler (all gender),ALTEN Germany,"Erlangen, Bavaria, Germany",LinkedIn,https://de.linkedin.com/jobs/view/cloud-entwickler-all-gender-at-alten-germany-4289617168?position=8&pageNum=0&refId=PyIzp3cuQDKGJftgCHTPgg%3D%3D&trackingId=vPkgJzRiD8XpaDED9YFmSg%3D%3D,Not specified,2025-09-30 11:23:44.467994,2025-09-26,,de.linkedin.com/jobs/view/cloud-entwickler-all-gender-at-alten-germany-4289617168
KI-Softwareentwickler (m/w/d) - ID: 263,SINTEC Informatik GmbH,"Fürth, Bavaria, Germany",LinkedIn,https://de.linkedin.com/jobs/view/ki-softwareentwickler-m-w-d-id-263-at-sintec-informatik-gmbh-4305866858?position=16&pageNum=0&refId=PyIzp3cuQDKGJftgCHTPgg%3D%3D&trackingId=4KDCNxY22aWbnc8W5VVWjQ%3D%3D,Not specified,2025-09-30 11:23:44.469000,2025-09-30,,de.linkedin.com/jobs/view/ki-softwareentwickler-m-w-d-id-263-at-sintec-informatik-gmbh-4305866858
Informatiker als Workflow Automation Developer (m/w/d),FAU Erlangen-Nürnberg,"Erlangen, Bavaria, Germany",LinkedIn,https://de.linkedin.com/jobs/view/informatiker-als-workflow-automation-developer-m-w-d-at-fau-erlangen-n%C3%BCrnberg-4308043502?position=18&pageNum=0&refId=PyIzp3cuQDKGJftgCHTPgg%3D%3D&trackingId=28G6WtPY4%2FLD6MX3EVsx%2Fg%3D%3D,Not specified,2025-09-30 11:23:44.469247,2025-09-29,,de.linkedin.com/jobs/view/informatiker-als-workflow-automation-developer-m-w-d-at-fau-erlangen-n%C3%BCrnberg-4308043502
Software Entwickler – API & Database Integration (m/w/d),FAU Erlangen-Nürnberg,"Erlangen, Bavaria, Germany",LinkedIn,https://de.linkedin.com/jobs/view/software-entwickler-%E2%80%93-api-database-integration-m-w-d-at-fau-erlangen-n%C3%BCrnberg-4308038545?position=21&pageNum=0&refId=PyIzp3cuQDKGJftgCHTPgg%3D%3D&trackingId=PEagm6Fy1FbmxGTQk2G8XA%3D%3D,Not specified,2025-09-30 11:23:44.469623,2025-09-29,,de.linkedin.com/jobs/view/software-entwickler-%E2%80%93-api-database-integration-m-w-d-at-fau-erlangen-n%C3%BCrnberg-4308038545
ClearCase Software Developer (m/f/d),ISO-Gruppe,"Erlangen, Bavaria, Germany",LinkedIn,https://de.linkedin.com/jobs/view/clearcase-software-developer-m-f-d-at-iso-gruppe-4306650432?position=22&pageNum=0&refId=PyIzp3cuQDKGJftgCHTPgg%3D%3D&trackingId=IICukQO7qsxwO6PjSrLnVA%3D%3D,Not specified,2025-09-30 11:23:44.469747,2025-09-29,,de.linkedin.com/jobs/view/clearcase-software-developer-m-f-d-at-iso-gruppe-4306650432
Cloud Engineer (m/w/d),ORDIX AG,"Nuremberg, Bavaria, Germany",LinkedIn,https://de.linkedin.com/jobs/view/cloud-engineer-m-w-d-at-ordix-ag-4306093342?position=24&pageNum=0&refId=PyIzp3cuQDKGJftgCHTPgg%3D%3D&trackingId=M17tNnzJGMfUbKnCX%2BwHCw%3D%3D,Not specified,2025-09-30 11:23:44.469996,2025-09-28,,de.linkedin.com/jobs/view/cloud-engineer-m-w-d-at-ordix-ag-4306093342
Software Developer JavaScript / TypeScript (m/w/d),FAU Erlangen-Nürnberg,"Erlangen, Bavaria, Germany",LinkedIn,https://de.linkedin.com/jobs/view/software-developer-javascript-typescript-m-w-d-at-fau-erlangen-n%C3%BCrnberg-4308038561?position=27&pageNum=0&refId=PyIzp3cuQDKGJftgCHTPgg%3D%3D&trackingId=G3%2FNNXbDkVTFfQWYrdrPNQ%3D%3D,Not specified,2025-09-30 11:23:44.470373,2025-09-29,,de.linkedin.com/jobs/view/software-developer-javascript-typescript-m-w-d-at-fau-erlangen-n%C3%BCrnberg-4308038561
SPS-PROGRAMMIERER (M/W/D) IM BEREICH PHARMAINDUSTRIE,SPS & CAD AUTOMATION P.O.G. GmbH,"Fürth, Bavaria, Germany",LinkedIn,https://de.linkedin.com/jobs/view/sps-programmierer-m-w-d-im-bereich-pharmaindustrie-at-sps-cad-automation-p-o-g-gmbh-4302949842?position=29&pageNum=0&refId=PyIzp3cuQDKGJftgCHTPgg%3D%3D&trackingId=T2hxYhuX3tqI9I86yZpCEg%3D%3D,Not specified,2025-09-30 11:23:44.470623,2025-09-24,,de.linkedin.com/jobs/view/sps-programmierer-m-w-d-im-bereich-pharmaindustrie-at-sps-cad-automation-p-o-g-gmbh-4302949842
C/C++ Softwareentwickler Linux Connectivity (all gender),ALTEN Germany,"Erlangen, Bavaria, Germany",LinkedIn,https://de.linkedin.com/jobs/view/c-c%2B%2B-softwareentwickler-linux-connectivity-all-gender-at-alten-germany-4289608753?position=35&pageNum=0&refId=PyIzp3cuQDKGJftgCHTPgg%3D%3D&trackingId=%2B5cbdMAGh3yVh0p1lSmtlg%3D%3D,Not specified,2025-09-30 11:23:44.471379,2025-09-26,,de.linkedin.com/jobs/view/c-c%2B%2B-softwareentwickler-linux-connectivity-all-gender-at-alten-germany-4289608753
Applikationsentwickler (w/m/d) Magnetresonanztomographie,Siemens Healthineers,"Erlangen, Bavaria, Germany",LinkedIn,https://de.linkedin.com/jobs/view/applikationsentwickler-w-m-d-magnetresonanztomographie-at-siemens-healthineers-4290716141?position=37&pageNum=0&refId=PyIzp3cuQDKGJftgCHTPgg%3D%3D&trackingId=051W3vABP4vC79hqDMsRgA%3D%3D,Not specified,2025-09-30 11:23:44.471629,2025-09-24,,de.linkedin.com/jobs/view/applikationsentwickler-w-m-d-magnetresonanztomographie-at-siemens-healthineers-4290716141
Senior Data Processing & Reporting Architect (w/m/d),ORDIX AG,"Nuremberg, Bavaria, Germany",LinkedIn,https://de.linkedin.com/jobs/view/senior-data-processing-reporting-architect-w-m-d-at-ordix-ag-4308186223?position=44&pageNum=0&refId=PyIzp3cuQDKGJftgCHTPgg%3D%3D&trackingId=wy2truNZxdHnqW095nSh3w%3D%3D,Not specified,2025-09-30 11:23:44.472500,2025-09-30,,de.linkedin.com/jobs/view/senior-data-processing-reporting-architect-w-m-d-at-ordix-ag-4308186223
Fullstack Softwarearchitekt (m/w/d),Rocken®,"Fürth, Bavaria, Germany",LinkedIn,https://de.linkedin.com/jobs/view/fullstack-softwarearchitekt-m-w-d-at-rocken%C2%AE-4305389217?position=46&pageNum=0&refId=PyIzp3cuQDKGJftgCHTPgg%3D%3D&trackingId=juZAF%2BF4iPqYDYgugtNT1g%3D%3D,Not specified,2025-09-30 11:23:44.472753,2025-09-29,,de.linkedin.com/jobs/view/fullstack-softwarearchitekt-m-w-d-at-rocken%C2%AE-4305389217
Geospatial Data Scientist | Early Stage AgTech Startup,Soyle,"Hannover, Lower Saxony, Germany",LinkedIn,https://de.linkedin.com/jobs/view/geospatial-data-scientist-early-stage-agtech-startup-at-soyle-4304792156?position=1&pageNum=0&refId=72DiuILlGUrgA%2BqzDKr9XA%3D%3D&trackingId=n97xavlYqYCYiKIpvBIsdw%3D%3D,Not specified,2025-09-30 11:23:47.535058,2025-09-27,,de.linkedin.com/jobs/view/geospatial-data-scientist-early-stage-agtech-startup-at-soyle-4304792156
Senior Data Scientist (m/w/d),Dirk Rossmann GmbH,"Burgwedel, Lower Saxony, Germany",LinkedIn,https://de.linkedin.com/jobs/view/senior-data-scientist-m-w-d-at-dirk-rossmann-gmbh-4271013940?position=3&pageNum=0&refId=72DiuILlGUrgA%2BqzDKr9XA%3D%3D&trackingId=TaSmZSLBYz5uZvMCGPTzDQ%3D%3D,Not specified,2025-09-30 11:23:47.535435,2025-09-23,,de.linkedin.com/jobs/view/senior-data-scientist-m-w-d-at-dirk-rossmann-gmbh-4271013940
Entwicklerin/ Entwickler (w/m/d) für Testautomation,Land Niedersachsen,Hannover-Braunschweig-Göttingen-Wolfsburg Region,LinkedIn,https://de.linkedin.com/jobs/view/entwicklerin-entwickler-w-m-d-f%C3%BCr-testautomation-at-land-niedersachsen-4305714339?position=5&pageNum=0&refId=72DiuILlGUrgA%2BqzDKr9XA%3D%3D&trackingId=%2FMf2JnvjGObwIwMLOBG%2FZA%3D%3D,Not specified,2025-09-30 11:23:47.535690,2025-09-26,,de.linkedin.com/jobs/view/entwicklerin-entwickler-w-m-d-f%C3%BCr-testautomation-at-land-niedersachsen-4305714339
Informatiker - AI Solution Builder (m/w/d)- enercity AG,enercity,"Hannover, Lower Saxony, Germany",LinkedIn,https://de.linkedin.com/jobs/view/informatiker-ai-solution-builder-m-w-d-enercity-ag-at-enercity-4305761773?position=6&pageNum=0&refId=72DiuILlGUrgA%2BqzDKr9XA%3D%3D&trackingId=DfuB3urOvWBRsW5wtivM4w%3D%3D,Not specified,2025-09-30 11:23:47.535815,2025-09-26,,de.linkedin.com/jobs/view/informatiker-ai-solution-builder-m-w-d-enercity-ag-at-enercity-4305761773
Senior Machine Learning / AI Engineer (all genders),adesso SE,"Hannover, Lower Saxony, Germany",LinkedIn,https://de.linkedin.com/jobs/view/senior-machine-learning-ai-engineer-all-genders-at-adesso-se-3733039491?position=7&pageNum=0&refId=72DiuILlGUrgA%2BqzDKr9XA%3D%3D&trackingId=g%2BxnXHzJCW3FGnDvOPZ3Ug%3D%3D,Not specified,2025-09-30 11:23:47.535940,2025-09-23,,de.linkedin.com/jobs/view/senior-machine-learning-ai-engineer-all-genders-at-adesso-se-3733039491
Senior Artificial Intelligence Specialist (all genders),adesso SE,"Hannover, Lower Saxony, Germany",LinkedIn,https://de.linkedin.com/jobs/view/senior-artificial-intelligence-specialist-all-genders-at-adesso-se-3733043032?position=8&pageNum=0&refId=72DiuILlGUrgA%2BqzDKr9XA%3D%3D&trackingId=RHlzP0o6U8ft2K%2BcVPV2YQ%3D%3D,Not specified,2025-09-30 11:23:47.536065,2025-09-23,,de.linkedin.com/jobs/view/senior-artificial-intelligence-specialist-all-genders-at-adesso-se-3733043032
Data Engineer / Softwareentwickler:in,enercity,"Hannover, Lower Saxony, Germany",LinkedIn,https://de.linkedin.com/jobs/view/data-engineer-softwareentwickler-in-at-enercity-4306676003?position=10&pageNum=0&refId=72DiuILlGUrgA%2BqzDKr9XA%3D%3D&trackingId=PFyUoDmXOj2SVuVIf20NRQ%3D%3D,Not specified,2025-09-30 11:23:47.536316,2025-09-29,,de.linkedin.com/jobs/view/data-engineer-softwareentwickler-in-at-enercity-4306676003
Senior Backend Software Developer (d/f/m),Siemens,"Hannover, Lower Saxony, Germany",LinkedIn,https://de.linkedin.com/jobs/view/senior-backend-software-developer-d-f-m-at-siemens-4190536348?position=11&pageNum=0&refId=72DiuILlGUrgA%2BqzDKr9XA%3D%3D&trackingId=Nn5Ms6nAsgxEqk8wn6SElg%3D%3D,Not specified,2025-09-30 11:23:47.536442,2025-09-24,,de.linkedin.com/jobs/view/senior-backend-software-developer-d-f-m-at-siemens-4190536348
Partnerships Specialist Artificial Intelligence / Generative Artificial Intelligence,Finanz Informatik,"Hannover, Lower Saxony, Germany",LinkedIn,https://de.linkedin.com/jobs/view/partnerships-specialist-artificial-intelligence-generative-artificial-intelligence-at-finanz-informatik-4303701018?position=13&pageNum=0&refId=72DiuILlGUrgA%2BqzDKr9XA%3D%3D&trackingId=%2FvcPj5YdiMUCaR2iB1i4kA%3D%3D,Not specified,2025-09-30 11:23:47.536691,2025-09-25,,de.linkedin.com/jobs/view/partnerships-specialist-artificial-intelligence-generative-artificial-intelligence-at-finanz-informatik-4303701018
SPS-Programmierer / Automatisierungstechnik (m/w/d),Röhrig Industrie Consulting GmbH,Hannover-Braunschweig-Göttingen-Wolfsburg Region,LinkedIn,https://de.linkedin.com/jobs/view/sps-programmierer-automatisierungstechnik-m-w-d-at-r%C3%B6hrig-industrie-consulting-gmbh-4304230765?position=15&pageNum=0&refId=72DiuILlGUrgA%2BqzDKr9XA%3D%3D&trackingId=CMQIgoJLM%2F4VMS6%2BwXZRww%3D%3D,Not specified,2025-09-30 11:23:47.536941,2025-09-26,,de.linkedin.com/jobs/view/sps-programmierer-automatisierungstechnik-m-w-d-at-r%C3%B6hrig-industrie-consulting-gmbh-4304230765
(Junior-) Fullstack Entwickler:in / Anwendungsbetreuer:in Specialty-Systeme,HDI Group,"Hannover, Lower Saxony, Germany",LinkedIn,https://de.linkedin.com/jobs/view/junior-fullstack-entwickler-in-anwendungsbetreuer-in-specialty-systeme-at-hdi-group-4270677546?position=16&pageNum=0&refId=72DiuILlGUrgA%2BqzDKr9XA%3D%3D&trackingId=xTghhcmdCGt3TlWCGEizdA%3D%3D,Not specified,2025-09-30 11:23:47.537066,2025-09-24,,de.linkedin.com/jobs/view/junior-fullstack-entwickler-in-anwendungsbetreuer-in-specialty-systeme-at-hdi-group-4270677546
Wirtschaftsinformatiker - Platform Engineer (m/w/d)- enercity AG,enercity,"Hannover, Lower Saxony, Germany",LinkedIn,https://de.linkedin.com/jobs/view/wirtschaftsinformatiker-platform-engineer-m-w-d-enercity-ag-at-enercity-4305668557?position=17&pageNum=0&refId=72DiuILlGUrgA%2BqzDKr9XA%3D%3D&trackingId=6XcdHw0%2BHhjwEp3juxmE%2Fg%3D%3D,Not specified,2025-09-30 11:23:47.537191,2025-09-24,,de.linkedin.com/jobs/view/wirtschaftsinformatiker-platform-engineer-m-w-d-enercity-ag-at-enercity-4305668557
SENIOR SOFTWARE DEVELOPER (M/W/D),KI Reply,"Hannover, Lower Saxony, Germany",LinkedIn,https://de.linkedin.com/jobs/view/senior-software-developer-m-w-d-at-ki-reply-4305310813?position=20&pageNum=0&refId=72DiuILlGUrgA%2BqzDKr9XA%3D%3D&trackingId=rrwfzscqzt48M4%2FqEYrc2A%3D%3D,Not specified,2025-09-30 11:23:47.537566,2025-09-29,,de.linkedin.com/jobs/view/senior-software-developer-m-w-d-at-ki-reply-4305310813
IT-Anwendungsentwicklung (m/w/d),Johanniter-Unfall-Hilfe e.V.,"Hannover, Lower Saxony, Germany",LinkedIn,https://de.linkedin.com/jobs/view/it-anwendungsentwicklung-m-w-d-at-johanniter-unfall-hilfe-e-v-4305293099?position=21&pageNum=0&refId=72DiuILlGUrgA%2BqzDKr9XA%3D%3D&trackingId=4%2Bd4d%2Bn1ZFgWBMpMo%2Bgy0Q%3D%3D,Not specified,2025-09-30 11:23:47.537691,2025-09-26,,de.linkedin.com/jobs/view/it-anwendungsentwicklung-m-w-d-at-johanniter-unfall-hilfe-e-v-4305293099
Java-Entwickler:in,FindYou Consulting GmbH,"Hannover, Lower Saxony, Germany",LinkedIn,https://de.linkedin.com/jobs/view/java-entwickler-in-at-findyou-consulting-gmbh-4304205614?position=26&pageNum=0&refId=72DiuILlGUrgA%2BqzDKr9XA%3D%3D&trackingId=%2BTm6v437NVj%2BHcvkHZrLCw%3D%3D,Not specified,2025-09-30 11:23:47.538312,2025-09-26,,de.linkedin.com/jobs/view/java-entwickler-in-at-findyou-consulting-gmbh-4304205614
Fullstack Cloud Developer:in,HDI Group,"Hannover, Lower Saxony, Germany",LinkedIn,https://de.linkedin.com/jobs/view/fullstack-cloud-developer-in-at-hdi-group-3577826964?position=28&pageNum=0&refId=72DiuILlGUrgA%2BqzDKr9XA%3D%3D&trackingId=CrdhcAEbQ0ujK7Trhij1tw%3D%3D,Not specified,2025-09-30 11:23:47.538561,2025-09-26,,de.linkedin.com/jobs/view/fullstack-cloud-developer-in-at-hdi-group-3577826964
C++ Developer,Optimus Search,"Hannover, Lower Saxony, Germany",LinkedIn,https://de.linkedin.com/jobs/view/c%2B%2B-developer-at-optimus-search-4305365590?position=29&pageNum=0&refId=72DiuILlGUrgA%2BqzDKr9XA%3D%3D&trackingId=fLnIgNCNGxwbJcItOjaH9Q%3D%3D,Not specified,2025-09-30 11:23:47.538686,2025-09-29,,de.linkedin.com/jobs/view/c%2B%2B-developer-at-optimus-search-4305365590
Datenanalyst (m/w/d),Dirk Rossmann GmbH,"Burgwedel, Lower Saxony, Germany",LinkedIn,https://de.linkedin.com/jobs/view/datenanalyst-m-w-d-at-dirk-rossmann-gmbh-4306227241?position=31&pageNum=0&refId=72DiuILlGUrgA%2BqzDKr9XA%3D%3D&trackingId=PsPdZZtQBH%2FSTmlvCB9HeQ%3D%3D,Not specified,2025-09-30 11:23:47.538938,2025-09-25,,de.linkedin.com/jobs/view/datenanalyst-m-w-d-at-dirk-rossmann-gmbh-4306227241
Junior Java-Entwickler für unsere Lebensversicherung (w/m/d),VHV Gruppe,"Hannover, Lower Saxony, Germany",LinkedIn,https://de.linkedin.com/jobs/view/junior-java-entwickler-f%C3%BCr-unsere-lebensversicherung-w-m-d-at-vhv-gruppe-4294220888?position=32&pageNum=0&refId=72DiuILlGUrgA%2BqzDKr9XA%3D%3D&trackingId=n2pjNZc%2FwJaPMxK7gL0tOA%3D%3D,Not specified,2025-09-30 11:23:47.539060,2025-09-24,,de.linkedin.com/jobs/view/junior-java-entwickler-f%C3%BCr-unsere-lebensversicherung-w-m-d-at-vhv-gruppe-4294220888
Platform Development Engineer R&D PLT (m/f/d) - REF84090M,Continental,"Hannover, Lower Saxony, Germany",LinkedIn,https://de.linkedin.com/jobs/view/platform-development-engineer-r-d-plt-m-f-d-ref84090m-at-continental-4308023409?position=34&pageNum=0&refId=72DiuILlGUrgA%2BqzDKr9XA%3D%3D&trackingId=ebBeQbolzEzfxd5vaPmm3g%3D%3D,Not specified,2025-09-30 11:23:47.539308,2025-09-29,,de.linkedin.com/jobs/view/platform-development-engineer-r-d-plt-m-f-d-ref84090m-at-continental-4308023409
SPS-Programmierer (m/w/d),FERCHAU,Hannover-Braunschweig-Göttingen-Wolfsburg Region,LinkedIn,https://de.linkedin.com/jobs/view/sps-programmierer-m-w-d-at-ferchau-4181195587?position=35&pageNum=0&refId=72DiuILlGUrgA%2BqzDKr9XA%3D%3D&trackingId=wqYVh3lDjUT13%2BCiHqL6tA%3D%3D,Not specified,2025-09-30 11:23:47.539435,2025-09-23,,de.linkedin.com/jobs/view/sps-programmierer-m-w-d-at-ferchau-4181195587
Entwickler Protokollsoftware (m/w/d) für Funkübertragungsverfahren,Rohde & Schwarz,"Hannover, Lower Saxony, Germany",LinkedIn,https://de.linkedin.com/jobs/view/entwickler-protokollsoftware-m-w-d-f%C3%BCr-funk%C3%BCbertragungsverfahren-at-rohde-schwarz-4302723913?position=37&pageNum=0&refId=72DiuILlGUrgA%2BqzDKr9XA%3D%3D&trackingId=rQGruoz6HWZ8x2fpi0libg%3D%3D,Not specified,2025-09-30 11:23:47.539685,2025-09-30,,de.linkedin.com/jobs/view/entwickler-protokollsoftware-m-w-d-f%C3%BCr-funk%C3%BCbertragungsverfahren-at-rohde-schwarz-4302723913
Software Integration Specialist (m/w/d),CSE Healthcare GmbH,"Hannover, Lower Saxony, Germany",LinkedIn,https://de.linkedin.com/jobs/view/software-integration-specialist-m-w-d-at-cse-healthcare-gmbh-4305427946?position=38&pageNum=0&refId=72DiuILlGUrgA%2BqzDKr9XA%3D%3D&trackingId=L%2F2%2FI3CeFw%2BQvYmQHw%2BqRg%3D%3D,Not specified,2025-09-30 11:23:47.539801,2025-09-26,,de.linkedin.com/jobs/view/software-integration-specialist-m-w-d-at-cse-healthcare-gmbh-4305427946
Software-Entwickler Backend Firmenkunden (m/w/d),Finanz Informatik,"Hannover, Lower Saxony, Germany",LinkedIn,https://de.linkedin.com/jobs/view/software-entwickler-backend-firmenkunden-m-w-d-at-finanz-informatik-4308185235?position=40&pageNum=0&refId=72DiuILlGUrgA%2BqzDKr9XA%3D%3D&trackingId=qJ%2B0t6CDiF0h%2F8XFec3BkA%3D%3D,Not specified,2025-09-30 11:23:47.540035,2025-09-30,,de.linkedin.com/jobs/view/software-entwickler-backend-firmenkunden-m-w-d-at-finanz-informatik-4308185235
Software Developer Spring Boot oder REACT für die Automobilbranche (m/f/d),CGI,Hannover-Braunschweig-Göttingen-Wolfsburg Region,LinkedIn,https://de.linkedin.com/jobs/view/software-developer-spring-boot-oder-react-f%C3%BCr-die-automobilbranche-m-f-d-at-cgi-4057833824?position=41&pageNum=0&refId=72DiuILlGUrgA%2BqzDKr9XA%3D%3D&trackingId=rEdCLTJ12T9rkf8PpkDkQg%3D%3D,Not specified,2025-09-30 11:23:47.540152,2025-09-26,,de.linkedin.com/jobs/view/software-developer-spring-boot-oder-react-f%C3%BCr-die-automobilbranche-m-f-d-at-cgi-4057833824
DevSecOps-Engineer:in,HDI Group,"Hannover, Lower Saxony, Germany",LinkedIn,https://de.linkedin.com/jobs/view/devsecops-engineer-in-at-hdi-group-4305995129?position=44&pageNum=0&refId=72DiuILlGUrgA%2BqzDKr9XA%3D%3D&trackingId=LXZgjQ6vtIo%2Bazv7t2eHNg%3D%3D,Not specified,2025-09-30 11:23:47.540502,2025-09-25,,de.linkedin.com/jobs/view/devsecops-engineer-in-at-hdi-group-4305995129
Fullstack Softwareentwickler:in - Inputmanagement,HDI Group,"Hannover, Lower Saxony, Germany",LinkedIn,https://de.linkedin.com/jobs/view/fullstack-softwareentwickler-in-inputmanagement-at-hdi-group-4160172499?position=46&pageNum=0&refId=72DiuILlGUrgA%2BqzDKr9XA%3D%3D&trackingId=az8nRJgu85EBJzeg%2FvBqGg%3D%3D,Not specified,2025-09-30 11:23:47.540735,2025-09-23,,de.linkedin.com/jobs/view/fullstack-softwareentwickler-in-inputmanagement-at-hdi-group-4160172499
ServiceNow Entwickler (m/w/d),Dirk Rossmann GmbH,"Burgwedel, Lower Saxony, Germany",LinkedIn,https://de.linkedin.com/jobs/view/servicenow-entwickler-m-w-d-at-dirk-rossmann-gmbh-4205018916?position=48&pageNum=0&refId=72DiuILlGUrgA%2BqzDKr9XA%3D%3D&trackingId=WVleSK2rRzUbDnH5RLfoKg%3D%3D,Not specified,2025-09-30 11:23:47.540970,2025-09-28,,de.linkedin.com/jobs/view/servicenow-entwickler-m-w-d-at-dirk-rossmann-gmbh-4205018916
Senior Mobile / Flutter Developer (m/w/d),MEDIFOX DAN,"Hildesheim, Lower Saxony, Germany",LinkedIn,https://de.linkedin.com/jobs/view/senior-mobile-flutter-developer-m-w-d-at-medifox-dan-4307868965?position=49&pageNum=0&refId=72DiuILlGUrgA%2BqzDKr9XA%3D%3D&trackingId=jb3fIHmDxpuPBuORzuWW7g%3D%3D,Not specified,2025-09-30 11:23:47.541082,2025-09-29,,de.linkedin.com/jobs/view/senior-mobile-flutter-developer-m-w-d-at-medifox-dan-4307868965
Wirtschaftsinformatiker/-in - Vollzeit (m/w/d),Bahmann Coaching GmbH,"Hannover, Lower Saxony, Germany",LinkedIn,https://de.linkedin.com/jobs/view/wirtschaftsinformatiker-in-vollzeit-m-w-d-at-bahmann-coaching-gmbh-4304753815?position=51&pageNum=0&refId=72DiuILlGUrgA%2BqzDKr9XA%3D%3D&trackingId=O270IZ1BOdpY1WE%2BG3f%2B9A%3D%3D,Not specified,2025-09-30 11:23:47.541314,2025-09-27,,de.linkedin.com/jobs/view/wirtschaftsinformatiker-in-vollzeit-m-w-d-at-bahmann-coaching-gmbh-4304753815
Fullstack Softwareentwickler:in - smart FLOW/Inputmanagement,HDI Group,"Hannover, Lower Saxony, Germany",LinkedIn,https://de.linkedin.com/jobs/view/fullstack-softwareentwickler-in-smart-flow-inputmanagement-at-hdi-group-4248682187?position=52&pageNum=0&refId=72DiuILlGUrgA%2BqzDKr9XA%3D%3D&trackingId=%2B7sKdgA1KleuQP0slj%2FfpA%3D%3D,Not specified,2025-09-30 11:23:47.541430,2025-09-27,,de.linkedin.com/jobs/view/fullstack-softwareentwickler-in-smart-flow-inputmanagement-at-hdi-group-4248682187
Platform Engineer VM Platform,HDI Group,"Hannover, Lower Saxony, Germany",LinkedIn,https://de.linkedin.com/jobs/view/platform-engineer-vm-platform-at-hdi-group-4249054031?position=56&pageNum=0&refId=72DiuILlGUrgA%2BqzDKr9XA%3D%3D&trackingId=Ckcm3%2FeLgCL4%2BMv%2B0AiANg%3D%3D,Not specified,2025-09-30 11:23:47.541894,2025-09-27,,de.linkedin.com/jobs/view/platform-engineer-vm-platform-at-hdi-group-4249054031
Software Architect (m/w/d),M&M Software GmbH,"Hannover, Lower Saxony, Germany",LinkedIn,https://de.linkedin.com/jobs/view/software-architect-m-w-d-at-m-m-software-gmbh-4306631403?position=57&pageNum=0&refId=72DiuILlGUrgA%2BqzDKr9XA%3D%3D&trackingId=s8WhWS2wRBqaV24tZsFjZw%3D%3D,Not specified,2025-09-30 11:23:47.542010,2025-09-29,,de.linkedin.com/jobs/view/software-architect-m-w-d-at-m-m-software-gmbh-4306631403
Java-Softwareentwickler Wertpapierprozesse (m/w/d),Finanz Informatik,"Hannover, Lower Saxony, Germany",LinkedIn,https://de.linkedin.com/jobs/view/java-softwareentwickler-wertpapierprozesse-m-w-d-at-finanz-informatik-4308174417?position=58&pageNum=0&refId=72DiuILlGUrgA%2BqzDKr9XA%3D%3D&trackingId=dvtRQRyUZ8UHOdgGwWi5tw%3D%3D,Not specified,2025-09-30 11:23:47.542127,2025-09-30,,de.linkedin.com/jobs/view/java-softwareentwickler-wertpapierprozesse-m-w-d-at-finanz-informatik-4308174417
